decision_id,decision_time,horizon,status,entry_price,future_time,future_price,future_price_source,return_pct,trigger,rsi_14,fear_greed,funding_rate,claude_action,claude_conf,claude_score,claude_good,strategy_version,candidate_action,candidate_source,candidate_confidence,candidate_reason,pre_risk_tq_score,post_risk_tq_score,final_action,blocked_by,block_reason,risk_blocked_candidate,risk_blocker,blocked_candidate_entry_price,blocked_candidate_tq_score,final_score,final_good,trade_executed,tq_score,tq_primary_reason,shadow_action,shadow_score,shadow_reason,shadow_stop_price,shadow_take_profit_price,smart_money_score,smart_money_bias,smart_money_reason,structure_state,liquidity_state,order_block_state,fvg_state,premium_discount_state,timeframe_alignment,shadow_smart_money_action,shadow_smart_money_score,shadow_smart_money_bias,shadow_smart_money_reason,shadow_ta_action,shadow_ta_score,shadow_ta_bias,shadow_ta_reason,shadow_ai_ta_action,shadow_ai_ta_score,shadow_ai_ta_bias,shadow_ai_ta_reason,condition_tags,claude_reason
1,2026-05-05T03:43:48+00:00,15m,SCORED,80911.49,2026-05-05T03:59:38+00:00,80867.21,decisions,-0.0547,scheduled,68.4,50,-0.002486,HOLD,35,OK_HOLD,,,,,,,,,HOLD,,Historical win rate of 40% is below 55% threshold; RSI/Stoch overbought (68.4/87.7) with negative funding rate and today's -$137.6M ETF outflow signal weakening momentum despite bullish MACD; no Twitter context to confirm conviction,0,,,,OK_HOLD,,0,,,,,,,,,,,,,,,,,,,,,,,,,,,,,rsi_gte_65|fg_neutral|funding_neutral|trigger_scheduled|final_HOLD|claude_HOLD|candidate_UNKNOWN|candidate_source_unknown,Historical win rate of 40% is below 55% threshold; RSI/Stoch overbought (68.4/87.7) with negative funding rate and today's -$137.6M ETF outflow signal weakening momentum despite bullish MACD; no Twitter context to confirm conviction
1,2026-05-05T03:43:48+00:00,1h,SCORED,80911.49,2026-05-05T05:00:22+00:00,80885.0,decisions,-0.0327,scheduled,68.4,50,-0.002486,HOLD,35,OK_HOLD,,,,,,,,,HOLD,,Historical win rate of 40% is below 55% threshold; RSI/Stoch overbought (68.4/87.7) with negative funding rate and today's -$137.6M ETF outflow signal weakening momentum despite bullish MACD; no Twitter context to confirm conviction,0,,,,OK_HOLD,,0,,,,,,,,,,,,,,,,,,,,,,,,,,,,,rsi_gte_65|fg_neutral|funding_neutral|trigger_scheduled|final_HOLD|claude_HOLD|candidate_UNKNOWN|candidate_source_unknown,Historical win rate of 40% is below 55% threshold; RSI/Stoch overbought (68.4/87.7) with negative funding rate and today's -$137.6M ETF outflow signal weakening momentum despite bullish MACD; no Twitter context to confirm conviction
1,2026-05-05T03:43:48+00:00,4h,SCORED,80911.49,2026-05-05T10:05:02+00:00,80600.24,decisions,-0.3847,scheduled,68.4,50,-0.002486,HOLD,35,OK_HOLD,,,,,,,,,HOLD,,Historical win rate of 40% is below 55% threshold; RSI/Stoch overbought (68.4/87.7) with negative funding rate and today's -$137.6M ETF outflow signal weakening momentum despite bullish MACD; no Twitter context to confirm conviction,0,,,,OK_HOLD,,0,,,,,,,,,,,,,,,,,,,,,,,,,,,,,rsi_gte_65|fg_neutral|funding_neutral|trigger_scheduled|final_HOLD|claude_HOLD|candidate_UNKNOWN|candidate_source_unknown,Historical win rate of 40% is below 55% threshold; RSI/Stoch overbought (68.4/87.7) with negative funding rate and today's -$137.6M ETF outflow signal weakening momentum despite bullish MACD; no Twitter context to confirm conviction
1,2026-05-05T03:43:48+00:00,24h,SCORED,80911.49,2026-05-06T05:56:49+00:00,81251.5,decisions,0.4202,scheduled,68.4,50,-0.002486,HOLD,35,OK_HOLD,,,,,,,,,HOLD,,Historical win rate of 40% is below 55% threshold; RSI/Stoch overbought (68.4/87.7) with negative funding rate and today's -$137.6M ETF outflow signal weakening momentum despite bullish MACD; no Twitter context to confirm conviction,0,,,,OK_HOLD,,0,,,,,,,,,,,,,,,,,,,,,,,,,,,,,rsi_gte_65|fg_neutral|funding_neutral|trigger_scheduled|final_HOLD|claude_HOLD|candidate_UNKNOWN|candidate_source_unknown,Historical win rate of 40% is below 55% threshold; RSI/Stoch overbought (68.4/87.7) with negative funding rate and today's -$137.6M ETF outflow signal weakening momentum despite bullish MACD; no Twitter context to confirm conviction
2,2026-05-05T03:59:38+00:00,15m,NO_PRICE_AT_HORIZON,80867.21,,,,,scheduled,66.4,50,-0.002486,HOLD,0,NO_PRICE,,,,,,,,,HOLD,,Malformed AI response — holding to be safe,0,,,,NO_PRICE,,0,,,,,,,,,,,,,,,,,,,,,,,,,,,,,rsi_gte_65|fg_neutral|funding_neutral|trigger_scheduled|final_HOLD|claude_HOLD|candidate_UNKNOWN|candidate_source_unknown,Malformed AI response — holding to be safe
2,2026-05-05T03:59:38+00:00,1h,SCORED,80867.21,2026-05-05T05:00:22+00:00,80885.0,decisions,0.022,scheduled,66.4,50,-0.002486,HOLD,0,OK_HOLD,,,,,,,,,HOLD,,Malformed AI response — holding to be safe,0,,,,OK_HOLD,,0,,,,,,,,,,,,,,,,,,,,,,,,,,,,,rsi_gte_65|fg_neutral|funding_neutral|trigger_scheduled|final_HOLD|claude_HOLD|candidate_UNKNOWN|candidate_source_unknown,Malformed AI response — holding to be safe
2,2026-05-05T03:59:38+00:00,4h,SCORED,80867.21,2026-05-05T10:05:02+00:00,80600.24,decisions,-0.3301,scheduled,66.4,50,-0.002486,HOLD,0,OK_HOLD,,,,,,,,,HOLD,,Malformed AI response — holding to be safe,0,,,,OK_HOLD,,0,,,,,,,,,,,,,,,,,,,,,,,,,,,,,rsi_gte_65|fg_neutral|funding_neutral|trigger_scheduled|final_HOLD|claude_HOLD|candidate_UNKNOWN|candidate_source_unknown,Malformed AI response — holding to be safe
2,2026-05-05T03:59:38+00:00,24h,SCORED,80867.21,2026-05-06T05:56:49+00:00,81251.5,decisions,0.4752,scheduled,66.4,50,-0.002486,HOLD,0,OK_HOLD,,,,,,,,,HOLD,,Malformed AI response — holding to be safe,0,,,,OK_HOLD,,0,,,,,,,,,,,,,,,,,,,,,,,,,,,,,rsi_gte_65|fg_neutral|funding_neutral|trigger_scheduled|final_HOLD|claude_HOLD|candidate_UNKNOWN|candidate_source_unknown,Malformed AI response — holding to be safe
3,2026-05-05T03:59:57+00:00,15m,NO_PRICE_AT_HORIZON,80888.0,,,,,manual,67.2,50,-0.002486,HOLD,0,NO_PRICE,,,,,,,,,HOLD,,Malformed AI response — holding to be safe,0,,,,NO_PRICE,,0,,,,,,,,,,,,,,,,,,,,,,,,,,,,,rsi_gte_65|fg_neutral|funding_neutral|trigger_manual|final_HOLD|claude_HOLD|candidate_UNKNOWN|candidate_source_unknown,Malformed AI response — holding to be safe
3,2026-05-05T03:59:57+00:00,1h,SCORED,80888.0,2026-05-05T05:00:22+00:00,80885.0,decisions,-0.0037,manual,67.2,50,-0.002486,HOLD,0,OK_HOLD,,,,,,,,,HOLD,,Malformed AI response — holding to be safe,0,,,,OK_HOLD,,0,,,,,,,,,,,,,,,,,,,,,,,,,,,,,rsi_gte_65|fg_neutral|funding_neutral|trigger_manual|final_HOLD|claude_HOLD|candidate_UNKNOWN|candidate_source_unknown,Malformed AI response — holding to be safe
3,2026-05-05T03:59:57+00:00,4h,SCORED,80888.0,2026-05-05T10:05:02+00:00,80600.24,decisions,-0.3558,manual,67.2,50,-0.002486,HOLD,0,OK_HOLD,,,,,,,,,HOLD,,Malformed AI response — holding to be safe,0,,,,OK_HOLD,,0,,,,,,,,,,,,,,,,,,,,,,,,,,,,,rsi_gte_65|fg_neutral|funding_neutral|trigger_manual|final_HOLD|claude_HOLD|candidate_UNKNOWN|candidate_source_unknown,Malformed AI response — holding to be safe
3,2026-05-05T03:59:57+00:00,24h,SCORED,80888.0,2026-05-06T05:56:49+00:00,81251.5,decisions,0.4494,manual,67.2,50,-0.002486,HOLD,0,OK_HOLD,,,,,,,,,HOLD,,Malformed AI response — holding to be safe,0,,,,OK_HOLD,,0,,,,,,,,,,,,,,,,,,,,,,,,,,,,,rsi_gte_65|fg_neutral|funding_neutral|trigger_manual|final_HOLD|claude_HOLD|candidate_UNKNOWN|candidate_source_unknown,Malformed AI response — holding to be safe
4,2026-05-05T04:01:55+00:00,15m,NO_PRICE_AT_HORIZON,80819.36,,,,,scheduled,64.3,50,-0.002486,HOLD,35,NO_PRICE,,,,,,,,,HOLD,,"Historical win rate at 40% in similar conditions is a hard override — rules require win rate >= 55% to deviate from HOLD. Additionally, volume ratio is effectively 0 (no meaningful volume confirmation), ETF flows are negative (-$137.6M), negative funding rate suggests bearish derivatives positioning, and the BB squeeze could break in either direction.",0,,,,NO_PRICE,,0,,,,,,,,,,,,,,,,,,,,,,,,,,,,,rsi_55_65|fg_neutral|funding_neutral|trigger_scheduled|final_HOLD|claude_HOLD|candidate_UNKNOWN|candidate_source_unknown,"Historical win rate at 40% in similar conditions is a hard override — rules require win rate >= 55% to deviate from HOLD. Additionally, volume ratio is effectively 0 (no meaningful volume confirmation), ETF flows are negative (-$137.6M), negative funding rate suggests bearish derivatives positioning, and the BB squeeze could break in either direction."
4,2026-05-05T04:01:55+00:00,1h,SCORED,80819.36,2026-05-05T05:09:50+00:00,80885.0,decisions,0.0812,scheduled,64.3,50,-0.002486,HOLD,35,OK_HOLD,,,,,,,,,HOLD,,"Historical win rate at 40% in similar conditions is a hard override — rules require win rate >= 55% to deviate from HOLD. Additionally, volume ratio is effectively 0 (no meaningful volume confirmation), ETF flows are negative (-$137.6M), negative funding rate suggests bearish derivatives positioning, and the BB squeeze could break in either direction.",0,,,,OK_HOLD,,0,,,,,,,,,,,,,,,,,,,,,,,,,,,,,rsi_55_65|fg_neutral|funding_neutral|trigger_scheduled|final_HOLD|claude_HOLD|candidate_UNKNOWN|candidate_source_unknown,"Historical win rate at 40% in similar conditions is a hard override — rules require win rate >= 55% to deviate from HOLD. Additionally, volume ratio is effectively 0 (no meaningful volume confirmation), ETF flows are negative (-$137.6M), negative funding rate suggests bearish derivatives positioning, and the BB squeeze could break in either direction."
4,2026-05-05T04:01:55+00:00,4h,SCORED,80819.36,2026-05-05T10:05:02+00:00,80600.24,decisions,-0.2711,scheduled,64.3,50,-0.002486,HOLD,35,OK_HOLD,,,,,,,,,HOLD,,"Historical win rate at 40% in similar conditions is a hard override — rules require win rate >= 55% to deviate from HOLD. Additionally, volume ratio is effectively 0 (no meaningful volume confirmation), ETF flows are negative (-$137.6M), negative funding rate suggests bearish derivatives positioning, and the BB squeeze could break in either direction.",0,,,,OK_HOLD,,0,,,,,,,,,,,,,,,,,,,,,,,,,,,,,rsi_55_65|fg_neutral|funding_neutral|trigger_scheduled|final_HOLD|claude_HOLD|candidate_UNKNOWN|candidate_source_unknown,"Historical win rate at 40% in similar conditions is a hard override — rules require win rate >= 55% to deviate from HOLD. Additionally, volume ratio is effectively 0 (no meaningful volume confirmation), ETF flows are negative (-$137.6M), negative funding rate suggests bearish derivatives positioning, and the BB squeeze could break in either direction."
4,2026-05-05T04:01:55+00:00,24h,SCORED,80819.36,2026-05-06T05:56:49+00:00,81251.5,decisions,0.5347,scheduled,64.3,50,-0.002486,HOLD,35,OK_HOLD,,,,,,,,,HOLD,,"Historical win rate at 40% in similar conditions is a hard override — rules require win rate >= 55% to deviate from HOLD. Additionally, volume ratio is effectively 0 (no meaningful volume confirmation), ETF flows are negative (-$137.6M), negative funding rate suggests bearish derivatives positioning, and the BB squeeze could break in either direction.",0,,,,OK_HOLD,,0,,,,,,,,,,,,,,,,,,,,,,,,,,,,,rsi_55_65|fg_neutral|funding_neutral|trigger_scheduled|final_HOLD|claude_HOLD|candidate_UNKNOWN|candidate_source_unknown,"Historical win rate at 40% in similar conditions is a hard override — rules require win rate >= 55% to deviate from HOLD. Additionally, volume ratio is effectively 0 (no meaningful volume confirmation), ETF flows are negative (-$137.6M), negative funding rate suggests bearish derivatives positioning, and the BB squeeze could break in either direction."
5,2026-05-05T04:02:10+00:00,15m,NO_PRICE_AT_HORIZON,80855.95,,,,,manual,65.7,50,-0.002486,HOLD,55,NO_PRICE,,,,,,,,,HOLD,,"Historical win rate of 40% at similar moments explicitly disqualifies a BUY per rules. Volume ratio of 0.0 indicates near-zero conviction behind any price move. Bollinger Band squeeze (0.0192) signals coiling but direction is unconfirmed. Negative funding rate suggests bearish positioning, and ETF outflows of -$137.6M add selling pressure. While technicals (MACD bullish, price above all EMAs) are constructive, they are insufficient against a sub-55% historical win rate.",0,,,,NO_PRICE,,0,,,,,,,,,,,,,,,,,,,,,,,,,,,,,rsi_gte_65|fg_neutral|funding_neutral|trigger_manual|final_HOLD|claude_HOLD|candidate_UNKNOWN|candidate_source_unknown,"Historical win rate of 40% at similar moments explicitly disqualifies a BUY per rules. Volume ratio of 0.0 indicates near-zero conviction behind any price move. Bollinger Band squeeze (0.0192) signals coiling but direction is unconfirmed. Negative funding rate suggests bearish positioning, and ETF outflows of -$137.6M add selling pressure. While technicals (MACD bullish, price above all EMAs) are constructive, they are insufficient against a sub-55% historical win rate."
5,2026-05-05T04:02:10+00:00,1h,SCORED,80855.95,2026-05-05T05:09:50+00:00,80885.0,decisions,0.0359,manual,65.7,50,-0.002486,HOLD,55,OK_HOLD,,,,,,,,,HOLD,,"Historical win rate of 40% at similar moments explicitly disqualifies a BUY per rules. Volume ratio of 0.0 indicates near-zero conviction behind any price move. Bollinger Band squeeze (0.0192) signals coiling but direction is unconfirmed. Negative funding rate suggests bearish positioning, and ETF outflows of -$137.6M add selling pressure. While technicals (MACD bullish, price above all EMAs) are constructive, they are insufficient against a sub-55% historical win rate.",0,,,,OK_HOLD,,0,,,,,,,,,,,,,,,,,,,,,,,,,,,,,rsi_gte_65|fg_neutral|funding_neutral|trigger_manual|final_HOLD|claude_HOLD|candidate_UNKNOWN|candidate_source_unknown,"Historical win rate of 40% at similar moments explicitly disqualifies a BUY per rules. Volume ratio of 0.0 indicates near-zero conviction behind any price move. Bollinger Band squeeze (0.0192) signals coiling but direction is unconfirmed. Negative funding rate suggests bearish positioning, and ETF outflows of -$137.6M add selling pressure. While technicals (MACD bullish, price above all EMAs) are constructive, they are insufficient against a sub-55% historical win rate."
5,2026-05-05T04:02:10+00:00,4h,SCORED,80855.95,2026-05-05T10:05:02+00:00,80600.24,decisions,-0.3163,manual,65.7,50,-0.002486,HOLD,55,OK_HOLD,,,,,,,,,HOLD,,"Historical win rate of 40% at similar moments explicitly disqualifies a BUY per rules. Volume ratio of 0.0 indicates near-zero conviction behind any price move. Bollinger Band squeeze (0.0192) signals coiling but direction is unconfirmed. Negative funding rate suggests bearish positioning, and ETF outflows of -$137.6M add selling pressure. While technicals (MACD bullish, price above all EMAs) are constructive, they are insufficient against a sub-55% historical win rate.",0,,,,OK_HOLD,,0,,,,,,,,,,,,,,,,,,,,,,,,,,,,,rsi_gte_65|fg_neutral|funding_neutral|trigger_manual|final_HOLD|claude_HOLD|candidate_UNKNOWN|candidate_source_unknown,"Historical win rate of 40% at similar moments explicitly disqualifies a BUY per rules. Volume ratio of 0.0 indicates near-zero conviction behind any price move. Bollinger Band squeeze (0.0192) signals coiling but direction is unconfirmed. Negative funding rate suggests bearish positioning, and ETF outflows of -$137.6M add selling pressure. While technicals (MACD bullish, price above all EMAs) are constructive, they are insufficient against a sub-55% historical win rate."
5,2026-05-05T04:02:10+00:00,24h,SCORED,80855.95,2026-05-06T05:56:49+00:00,81251.5,decisions,0.4892,manual,65.7,50,-0.002486,HOLD,55,OK_HOLD,,,,,,,,,HOLD,,"Historical win rate of 40% at similar moments explicitly disqualifies a BUY per rules. Volume ratio of 0.0 indicates near-zero conviction behind any price move. Bollinger Band squeeze (0.0192) signals coiling but direction is unconfirmed. Negative funding rate suggests bearish positioning, and ETF outflows of -$137.6M add selling pressure. While technicals (MACD bullish, price above all EMAs) are constructive, they are insufficient against a sub-55% historical win rate.",0,,,,OK_HOLD,,0,,,,,,,,,,,,,,,,,,,,,,,,,,,,,rsi_gte_65|fg_neutral|funding_neutral|trigger_manual|final_HOLD|claude_HOLD|candidate_UNKNOWN|candidate_source_unknown,"Historical win rate of 40% at similar moments explicitly disqualifies a BUY per rules. Volume ratio of 0.0 indicates near-zero conviction behind any price move. Bollinger Band squeeze (0.0192) signals coiling but direction is unconfirmed. Negative funding rate suggests bearish positioning, and ETF outflows of -$137.6M add selling pressure. While technicals (MACD bullish, price above all EMAs) are constructive, they are insufficient against a sub-55% historical win rate."
6,2026-05-05T04:09:27+00:00,15m,NO_PRICE_AT_HORIZON,80885.0,,,,,scheduled,66.6,50,-0.002486,HOLD,72,NO_PRICE,,,,,,,,,HOLD,,"Historical win rate at 40% in similar setups strictly mandates HOLD — this alone disqualifies any BUY signal regardless of bullish technicals. Volume ratio of 0.0 confirms no conviction behind current price action, and negative ETF flows (-$137.6M) signal institutional selling pressure. Bollinger Band squeeze may precede a move but direction is unconfirmed.",0,,,,NO_PRICE,,0,,,,,,,,,,,,,,,,,,,,,,,,,,,,,rsi_gte_65|fg_neutral|funding_neutral|trigger_scheduled|final_HOLD|claude_HOLD|candidate_UNKNOWN|candidate_source_unknown,"Historical win rate at 40% in similar setups strictly mandates HOLD — this alone disqualifies any BUY signal regardless of bullish technicals. Volume ratio of 0.0 confirms no conviction behind current price action, and negative ETF flows (-$137.6M) signal institutional selling pressure. Bollinger Band squeeze may precede a move but direction is unconfirmed."
6,2026-05-05T04:09:27+00:00,1h,SCORED,80885.0,2026-05-05T05:09:50+00:00,80885.0,decisions,0.0,scheduled,66.6,50,-0.002486,HOLD,72,OK_HOLD,,,,,,,,,HOLD,,"Historical win rate at 40% in similar setups strictly mandates HOLD — this alone disqualifies any BUY signal regardless of bullish technicals. Volume ratio of 0.0 confirms no conviction behind current price action, and negative ETF flows (-$137.6M) signal institutional selling pressure. Bollinger Band squeeze may precede a move but direction is unconfirmed.",0,,,,OK_HOLD,,0,,,,,,,,,,,,,,,,,,,,,,,,,,,,,rsi_gte_65|fg_neutral|funding_neutral|trigger_scheduled|final_HOLD|claude_HOLD|candidate_UNKNOWN|candidate_source_unknown,"Historical win rate at 40% in similar setups strictly mandates HOLD — this alone disqualifies any BUY signal regardless of bullish technicals. Volume ratio of 0.0 confirms no conviction behind current price action, and negative ETF flows (-$137.6M) signal institutional selling pressure. Bollinger Band squeeze may precede a move but direction is unconfirmed."
6,2026-05-05T04:09:27+00:00,4h,SCORED,80885.0,2026-05-05T10:05:02+00:00,80600.24,decisions,-0.3521,scheduled,66.6,50,-0.002486,HOLD,72,OK_HOLD,,,,,,,,,HOLD,,"Historical win rate at 40% in similar setups strictly mandates HOLD — this alone disqualifies any BUY signal regardless of bullish technicals. Volume ratio of 0.0 confirms no conviction behind current price action, and negative ETF flows (-$137.6M) signal institutional selling pressure. Bollinger Band squeeze may precede a move but direction is unconfirmed.",0,,,,OK_HOLD,,0,,,,,,,,,,,,,,,,,,,,,,,,,,,,,rsi_gte_65|fg_neutral|funding_neutral|trigger_scheduled|final_HOLD|claude_HOLD|candidate_UNKNOWN|candidate_source_unknown,"Historical win rate at 40% in similar setups strictly mandates HOLD — this alone disqualifies any BUY signal regardless of bullish technicals. Volume ratio of 0.0 confirms no conviction behind current price action, and negative ETF flows (-$137.6M) signal institutional selling pressure. Bollinger Band squeeze may precede a move but direction is unconfirmed."
6,2026-05-05T04:09:27+00:00,24h,SCORED,80885.0,2026-05-06T05:56:49+00:00,81251.5,decisions,0.4531,scheduled,66.6,50,-0.002486,HOLD,72,OK_HOLD,,,,,,,,,HOLD,,"Historical win rate at 40% in similar setups strictly mandates HOLD — this alone disqualifies any BUY signal regardless of bullish technicals. Volume ratio of 0.0 confirms no conviction behind current price action, and negative ETF flows (-$137.6M) signal institutional selling pressure. Bollinger Band squeeze may precede a move but direction is unconfirmed.",0,,,,OK_HOLD,,0,,,,,,,,,,,,,,,,,,,,,,,,,,,,,rsi_gte_65|fg_neutral|funding_neutral|trigger_scheduled|final_HOLD|claude_HOLD|candidate_UNKNOWN|candidate_source_unknown,"Historical win rate at 40% in similar setups strictly mandates HOLD — this alone disqualifies any BUY signal regardless of bullish technicals. Volume ratio of 0.0 confirms no conviction behind current price action, and negative ETF flows (-$137.6M) signal institutional selling pressure. Bollinger Band squeeze may precede a move but direction is unconfirmed."
7,2026-05-05T05:00:22+00:00,15m,SCORED,80885.0,2026-05-05T05:28:10+00:00,81148.71,decisions,0.326,scheduled,64.6,50,-0.002486,HOLD,45,OK_HOLD,,,,,,,,,HOLD,,"Despite bullish technicals (MACD, EMAs aligned, high volume ratio, BB squeeze suggesting imminent move), the 24h historical return of -10.75% in similar setups is severely concerning, and all 20 historical analogs resulted in HOLD signals. The negative funding rate suggests bearish derivatives sentiment, ETF outflows of -$137.6M indicate institutional selling, and the BB squeeze could break either direction.",0,,,,OK_HOLD,,0,,,,,,,,,,,,,,,,,,,,,,,,,,,,,rsi_55_65|fg_neutral|funding_neutral|trigger_scheduled|final_HOLD|claude_HOLD|candidate_UNKNOWN|candidate_source_unknown,"Despite bullish technicals (MACD, EMAs aligned, high volume ratio, BB squeeze suggesting imminent move), the 24h historical return of -10.75% in similar setups is severely concerning, and all 20 historical analogs resulted in HOLD signals. The negative funding rate suggests bearish derivatives sentiment, ETF outflows of -$137.6M indicate institutional selling, and the BB squeeze could break either direction."
7,2026-05-05T05:00:22+00:00,1h,SCORED,80885.0,2026-05-05T06:03:59+00:00,80979.06,decisions,0.1163,scheduled,64.6,50,-0.002486,HOLD,45,OK_HOLD,,,,,,,,,HOLD,,"Despite bullish technicals (MACD, EMAs aligned, high volume ratio, BB squeeze suggesting imminent move), the 24h historical return of -10.75% in similar setups is severely concerning, and all 20 historical analogs resulted in HOLD signals. The negative funding rate suggests bearish derivatives sentiment, ETF outflows of -$137.6M indicate institutional selling, and the BB squeeze could break either direction.",0,,,,OK_HOLD,,0,,,,,,,,,,,,,,,,,,,,,,,,,,,,,rsi_55_65|fg_neutral|funding_neutral|trigger_scheduled|final_HOLD|claude_HOLD|candidate_UNKNOWN|candidate_source_unknown,"Despite bullish technicals (MACD, EMAs aligned, high volume ratio, BB squeeze suggesting imminent move), the 24h historical return of -10.75% in similar setups is severely concerning, and all 20 historical analogs resulted in HOLD signals. The negative funding rate suggests bearish derivatives sentiment, ETF outflows of -$137.6M indicate institutional selling, and the BB squeeze could break either direction."
7,2026-05-05T05:00:22+00:00,4h,SCORED,80885.0,2026-05-05T10:05:02+00:00,80600.24,decisions,-0.3521,scheduled,64.6,50,-0.002486,HOLD,45,OK_HOLD,,,,,,,,,HOLD,,"Despite bullish technicals (MACD, EMAs aligned, high volume ratio, BB squeeze suggesting imminent move), the 24h historical return of -10.75% in similar setups is severely concerning, and all 20 historical analogs resulted in HOLD signals. The negative funding rate suggests bearish derivatives sentiment, ETF outflows of -$137.6M indicate institutional selling, and the BB squeeze could break either direction.",0,,,,OK_HOLD,,0,,,,,,,,,,,,,,,,,,,,,,,,,,,,,rsi_55_65|fg_neutral|funding_neutral|trigger_scheduled|final_HOLD|claude_HOLD|candidate_UNKNOWN|candidate_source_unknown,"Despite bullish technicals (MACD, EMAs aligned, high volume ratio, BB squeeze suggesting imminent move), the 24h historical return of -10.75% in similar setups is severely concerning, and all 20 historical analogs resulted in HOLD signals. The negative funding rate suggests bearish derivatives sentiment, ETF outflows of -$137.6M indicate institutional selling, and the BB squeeze could break either direction."
7,2026-05-05T05:00:22+00:00,24h,SCORED,80885.0,2026-05-06T05:56:49+00:00,81251.5,decisions,0.4531,scheduled,64.6,50,-0.002486,HOLD,45,OK_HOLD,,,,,,,,,HOLD,,"Despite bullish technicals (MACD, EMAs aligned, high volume ratio, BB squeeze suggesting imminent move), the 24h historical return of -10.75% in similar setups is severely concerning, and all 20 historical analogs resulted in HOLD signals. The negative funding rate suggests bearish derivatives sentiment, ETF outflows of -$137.6M indicate institutional selling, and the BB squeeze could break either direction.",0,,,,OK_HOLD,,0,,,,,,,,,,,,,,,,,,,,,,,,,,,,,rsi_55_65|fg_neutral|funding_neutral|trigger_scheduled|final_HOLD|claude_HOLD|candidate_UNKNOWN|candidate_source_unknown,"Despite bullish technicals (MACD, EMAs aligned, high volume ratio, BB squeeze suggesting imminent move), the 24h historical return of -10.75% in similar setups is severely concerning, and all 20 historical analogs resulted in HOLD signals. The negative funding rate suggests bearish derivatives sentiment, ETF outflows of -$137.6M indicate institutional selling, and the BB squeeze could break either direction."
8,2026-05-05T05:09:50+00:00,15m,SCORED,80885.0,2026-05-05T05:28:10+00:00,81148.71,decisions,0.326,scheduled,64.4,50,-0.002486,HOLD,72,OK_HOLD,,,,,,,,,HOLD,,"Historical win rate of 40% in 20 similar past moments is well below the 55% threshold required to deviate from HOLD. Despite bullish technicals (price above all EMAs, bullish MACD, neutral Fear & Greed), the evidence base is clear: similar setups have lost more than they've won, and 24h average return is -5.19%.",0,,,,OK_HOLD,,0,,,,,,,,,,,,,,,,,,,,,,,,,,,,,rsi_55_65|fg_neutral|funding_neutral|trigger_scheduled|final_HOLD|claude_HOLD|candidate_UNKNOWN|candidate_source_unknown,"Historical win rate of 40% in 20 similar past moments is well below the 55% threshold required to deviate from HOLD. Despite bullish technicals (price above all EMAs, bullish MACD, neutral Fear & Greed), the evidence base is clear: similar setups have lost more than they've won, and 24h average return is -5.19%."
8,2026-05-05T05:09:50+00:00,1h,NO_PRICE_AT_HORIZON,80885.0,,,,,scheduled,64.4,50,-0.002486,HOLD,72,NO_PRICE,,,,,,,,,HOLD,,"Historical win rate of 40% in 20 similar past moments is well below the 55% threshold required to deviate from HOLD. Despite bullish technicals (price above all EMAs, bullish MACD, neutral Fear & Greed), the evidence base is clear: similar setups have lost more than they've won, and 24h average return is -5.19%.",0,,,,NO_PRICE,,0,,,,,,,,,,,,,,,,,,,,,,,,,,,,,rsi_55_65|fg_neutral|funding_neutral|trigger_scheduled|final_HOLD|claude_HOLD|candidate_UNKNOWN|candidate_source_unknown,"Historical win rate of 40% in 20 similar past moments is well below the 55% threshold required to deviate from HOLD. Despite bullish technicals (price above all EMAs, bullish MACD, neutral Fear & Greed), the evidence base is clear: similar setups have lost more than they've won, and 24h average return is -5.19%."
8,2026-05-05T05:09:50+00:00,4h,SCORED,80885.0,2026-05-05T10:05:02+00:00,80600.24,decisions,-0.3521,scheduled,64.4,50,-0.002486,HOLD,72,OK_HOLD,,,,,,,,,HOLD,,"Historical win rate of 40% in 20 similar past moments is well below the 55% threshold required to deviate from HOLD. Despite bullish technicals (price above all EMAs, bullish MACD, neutral Fear & Greed), the evidence base is clear: similar setups have lost more than they've won, and 24h average return is -5.19%.",0,,,,OK_HOLD,,0,,,,,,,,,,,,,,,,,,,,,,,,,,,,,rsi_55_65|fg_neutral|funding_neutral|trigger_scheduled|final_HOLD|claude_HOLD|candidate_UNKNOWN|candidate_source_unknown,"Historical win rate of 40% in 20 similar past moments is well below the 55% threshold required to deviate from HOLD. Despite bullish technicals (price above all EMAs, bullish MACD, neutral Fear & Greed), the evidence base is clear: similar setups have lost more than they've won, and 24h average return is -5.19%."
8,2026-05-05T05:09:50+00:00,24h,SCORED,80885.0,2026-05-06T05:56:49+00:00,81251.5,decisions,0.4531,scheduled,64.4,50,-0.002486,HOLD,72,OK_HOLD,,,,,,,,,HOLD,,"Historical win rate of 40% in 20 similar past moments is well below the 55% threshold required to deviate from HOLD. Despite bullish technicals (price above all EMAs, bullish MACD, neutral Fear & Greed), the evidence base is clear: similar setups have lost more than they've won, and 24h average return is -5.19%.",0,,,,OK_HOLD,,0,,,,,,,,,,,,,,,,,,,,,,,,,,,,,rsi_55_65|fg_neutral|funding_neutral|trigger_scheduled|final_HOLD|claude_HOLD|candidate_UNKNOWN|candidate_source_unknown,"Historical win rate of 40% in 20 similar past moments is well below the 55% threshold required to deviate from HOLD. Despite bullish technicals (price above all EMAs, bullish MACD, neutral Fear & Greed), the evidence base is clear: similar setups have lost more than they've won, and 24h average return is -5.19%."
9,2026-05-05T05:13:16+00:00,15m,SCORED,80945.05,2026-05-05T05:29:07+00:00,81100.01,decisions,0.1914,scheduled,66.4,50,-0.002486,HOLD,35,OK_HOLD,,,,,,,,,HOLD,,"Historical win rate of 40% in 20 similar past moments is below the required 55% threshold, and all 20 prior signals at similar conditions resulted in HOLD. Additionally, volume ratio is extremely low at 0.02 (well below 1.5 threshold), ETF flows are negative at -$137.6M, funding rate is slightly negative suggesting bearish derivatives sentiment, and the 24h average return in similar scenarios is -5.19% despite positive 4h averages.",0,,,,OK_HOLD,,0,,,,,,,,,,,,,,,,,,,,,,,,,,,,,rsi_gte_65|fg_neutral|funding_neutral|trigger_scheduled|final_HOLD|claude_HOLD|candidate_UNKNOWN|candidate_source_unknown,"Historical win rate of 40% in 20 similar past moments is below the required 55% threshold, and all 20 prior signals at similar conditions resulted in HOLD. Additionally, volume ratio is extremely low at 0.02 (well below 1.5 threshold), ETF flows are negative at -$137.6M, funding rate is slightly negative suggesting bearish derivatives sentiment, and the 24h average return in similar scenarios is -5.19% despite positive 4h averages."
9,2026-05-05T05:13:16+00:00,1h,NO_PRICE_AT_HORIZON,80945.05,,,,,scheduled,66.4,50,-0.002486,HOLD,35,NO_PRICE,,,,,,,,,HOLD,,"Historical win rate of 40% in 20 similar past moments is below the required 55% threshold, and all 20 prior signals at similar conditions resulted in HOLD. Additionally, volume ratio is extremely low at 0.02 (well below 1.5 threshold), ETF flows are negative at -$137.6M, funding rate is slightly negative suggesting bearish derivatives sentiment, and the 24h average return in similar scenarios is -5.19% despite positive 4h averages.",0,,,,NO_PRICE,,0,,,,,,,,,,,,,,,,,,,,,,,,,,,,,rsi_gte_65|fg_neutral|funding_neutral|trigger_scheduled|final_HOLD|claude_HOLD|candidate_UNKNOWN|candidate_source_unknown,"Historical win rate of 40% in 20 similar past moments is below the required 55% threshold, and all 20 prior signals at similar conditions resulted in HOLD. Additionally, volume ratio is extremely low at 0.02 (well below 1.5 threshold), ETF flows are negative at -$137.6M, funding rate is slightly negative suggesting bearish derivatives sentiment, and the 24h average return in similar scenarios is -5.19% despite positive 4h averages."
9,2026-05-05T05:13:16+00:00,4h,SCORED,80945.05,2026-05-05T10:05:02+00:00,80600.24,decisions,-0.426,scheduled,66.4,50,-0.002486,HOLD,35,OK_HOLD,,,,,,,,,HOLD,,"Historical win rate of 40% in 20 similar past moments is below the required 55% threshold, and all 20 prior signals at similar conditions resulted in HOLD. Additionally, volume ratio is extremely low at 0.02 (well below 1.5 threshold), ETF flows are negative at -$137.6M, funding rate is slightly negative suggesting bearish derivatives sentiment, and the 24h average return in similar scenarios is -5.19% despite positive 4h averages.",0,,,,OK_HOLD,,0,,,,,,,,,,,,,,,,,,,,,,,,,,,,,rsi_gte_65|fg_neutral|funding_neutral|trigger_scheduled|final_HOLD|claude_HOLD|candidate_UNKNOWN|candidate_source_unknown,"Historical win rate of 40% in 20 similar past moments is below the required 55% threshold, and all 20 prior signals at similar conditions resulted in HOLD. Additionally, volume ratio is extremely low at 0.02 (well below 1.5 threshold), ETF flows are negative at -$137.6M, funding rate is slightly negative suggesting bearish derivatives sentiment, and the 24h average return in similar scenarios is -5.19% despite positive 4h averages."
9,2026-05-05T05:13:16+00:00,24h,SCORED,80945.05,2026-05-06T05:56:49+00:00,81251.5,decisions,0.3786,scheduled,66.4,50,-0.002486,HOLD,35,OK_HOLD,,,,,,,,,HOLD,,"Historical win rate of 40% in 20 similar past moments is below the required 55% threshold, and all 20 prior signals at similar conditions resulted in HOLD. Additionally, volume ratio is extremely low at 0.02 (well below 1.5 threshold), ETF flows are negative at -$137.6M, funding rate is slightly negative suggesting bearish derivatives sentiment, and the 24h average return in similar scenarios is -5.19% despite positive 4h averages.",0,,,,OK_HOLD,,0,,,,,,,,,,,,,,,,,,,,,,,,,,,,,rsi_gte_65|fg_neutral|funding_neutral|trigger_scheduled|final_HOLD|claude_HOLD|candidate_UNKNOWN|candidate_source_unknown,"Historical win rate of 40% in 20 similar past moments is below the required 55% threshold, and all 20 prior signals at similar conditions resulted in HOLD. Additionally, volume ratio is extremely low at 0.02 (well below 1.5 threshold), ETF flows are negative at -$137.6M, funding rate is slightly negative suggesting bearish derivatives sentiment, and the 24h average return in similar scenarios is -5.19% despite positive 4h averages."
10,2026-05-05T05:28:10+00:00,15m,SCORED,81148.71,2026-05-05T06:03:59+00:00,80979.06,decisions,-0.2091,scheduled,70.4,50,-0.002486,HOLD,85,OK_HOLD,,,,,,,,,HOLD,,"Historical win rate of 40% at similar moments is well below the 55% threshold required to deviate from HOLD. RSI at 70.4 and Stoch K at 87.2 indicate overbought conditions, volume ratio is 0.0 indicating no volume confirmation, ETF flows are negative (-$137.6M), funding rate is negative suggesting bearish derivatives positioning, and 24h average return in similar setups is -7.01%.",0,,,,OK_HOLD,,0,,,,,,,,,,,,,,,,,,,,,,,,,,,,,rsi_gte_65|fg_neutral|funding_neutral|trigger_scheduled|final_HOLD|claude_HOLD|candidate_UNKNOWN|candidate_source_unknown,"Historical win rate of 40% at similar moments is well below the 55% threshold required to deviate from HOLD. RSI at 70.4 and Stoch K at 87.2 indicate overbought conditions, volume ratio is 0.0 indicating no volume confirmation, ETF flows are negative (-$137.6M), funding rate is negative suggesting bearish derivatives positioning, and 24h average return in similar setups is -7.01%."
10,2026-05-05T05:28:10+00:00,1h,NO_PRICE_AT_HORIZON,81148.71,,,,,scheduled,70.4,50,-0.002486,HOLD,85,NO_PRICE,,,,,,,,,HOLD,,"Historical win rate of 40% at similar moments is well below the 55% threshold required to deviate from HOLD. RSI at 70.4 and Stoch K at 87.2 indicate overbought conditions, volume ratio is 0.0 indicating no volume confirmation, ETF flows are negative (-$137.6M), funding rate is negative suggesting bearish derivatives positioning, and 24h average return in similar setups is -7.01%.",0,,,,NO_PRICE,,0,,,,,,,,,,,,,,,,,,,,,,,,,,,,,rsi_gte_65|fg_neutral|funding_neutral|trigger_scheduled|final_HOLD|claude_HOLD|candidate_UNKNOWN|candidate_source_unknown,"Historical win rate of 40% at similar moments is well below the 55% threshold required to deviate from HOLD. RSI at 70.4 and Stoch K at 87.2 indicate overbought conditions, volume ratio is 0.0 indicating no volume confirmation, ETF flows are negative (-$137.6M), funding rate is negative suggesting bearish derivatives positioning, and 24h average return in similar setups is -7.01%."
10,2026-05-05T05:28:10+00:00,4h,SCORED,81148.71,2026-05-05T10:05:02+00:00,80600.24,decisions,-0.6759,scheduled,70.4,50,-0.002486,HOLD,85,OK_HOLD,,,,,,,,,HOLD,,"Historical win rate of 40% at similar moments is well below the 55% threshold required to deviate from HOLD. RSI at 70.4 and Stoch K at 87.2 indicate overbought conditions, volume ratio is 0.0 indicating no volume confirmation, ETF flows are negative (-$137.6M), funding rate is negative suggesting bearish derivatives positioning, and 24h average return in similar setups is -7.01%.",0,,,,OK_HOLD,,0,,,,,,,,,,,,,,,,,,,,,,,,,,,,,rsi_gte_65|fg_neutral|funding_neutral|trigger_scheduled|final_HOLD|claude_HOLD|candidate_UNKNOWN|candidate_source_unknown,"Historical win rate of 40% at similar moments is well below the 55% threshold required to deviate from HOLD. RSI at 70.4 and Stoch K at 87.2 indicate overbought conditions, volume ratio is 0.0 indicating no volume confirmation, ETF flows are negative (-$137.6M), funding rate is negative suggesting bearish derivatives positioning, and 24h average return in similar setups is -7.01%."
10,2026-05-05T05:28:10+00:00,24h,SCORED,81148.71,2026-05-06T05:56:49+00:00,81251.5,decisions,0.1267,scheduled,70.4,50,-0.002486,HOLD,85,OK_HOLD,,,,,,,,,HOLD,,"Historical win rate of 40% at similar moments is well below the 55% threshold required to deviate from HOLD. RSI at 70.4 and Stoch K at 87.2 indicate overbought conditions, volume ratio is 0.0 indicating no volume confirmation, ETF flows are negative (-$137.6M), funding rate is negative suggesting bearish derivatives positioning, and 24h average return in similar setups is -7.01%.",0,,,,OK_HOLD,,0,,,,,,,,,,,,,,,,,,,,,,,,,,,,,rsi_gte_65|fg_neutral|funding_neutral|trigger_scheduled|final_HOLD|claude_HOLD|candidate_UNKNOWN|candidate_source_unknown,"Historical win rate of 40% at similar moments is well below the 55% threshold required to deviate from HOLD. RSI at 70.4 and Stoch K at 87.2 indicate overbought conditions, volume ratio is 0.0 indicating no volume confirmation, ETF flows are negative (-$137.6M), funding rate is negative suggesting bearish derivatives positioning, and 24h average return in similar setups is -7.01%."
11,2026-05-05T05:29:07+00:00,15m,SCORED,81100.01,2026-05-05T06:03:59+00:00,80979.06,decisions,-0.1491,scheduled,68.1,50,-0.002486,HOLD,20,OK_HOLD,,,,,,,,,HOLD,,"Historical win rate of 40% at similar moments is well below the 55% threshold required to deviate from HOLD. All 20 historical analogues resulted in HOLD signals, and the 24h average return of -7.01% suggests significant downside risk beyond the 4h window. Volume ratio of 0.0 confirms zero conviction in the current move.",0,,,,OK_HOLD,,0,,,,,,,,,,,,,,,,,,,,,,,,,,,,,rsi_gte_65|fg_neutral|funding_neutral|trigger_scheduled|final_HOLD|claude_HOLD|candidate_UNKNOWN|candidate_source_unknown,"Historical win rate of 40% at similar moments is well below the 55% threshold required to deviate from HOLD. All 20 historical analogues resulted in HOLD signals, and the 24h average return of -7.01% suggests significant downside risk beyond the 4h window. Volume ratio of 0.0 confirms zero conviction in the current move."
11,2026-05-05T05:29:07+00:00,1h,NO_PRICE_AT_HORIZON,81100.01,,,,,scheduled,68.1,50,-0.002486,HOLD,20,NO_PRICE,,,,,,,,,HOLD,,"Historical win rate of 40% at similar moments is well below the 55% threshold required to deviate from HOLD. All 20 historical analogues resulted in HOLD signals, and the 24h average return of -7.01% suggests significant downside risk beyond the 4h window. Volume ratio of 0.0 confirms zero conviction in the current move.",0,,,,NO_PRICE,,0,,,,,,,,,,,,,,,,,,,,,,,,,,,,,rsi_gte_65|fg_neutral|funding_neutral|trigger_scheduled|final_HOLD|claude_HOLD|candidate_UNKNOWN|candidate_source_unknown,"Historical win rate of 40% at similar moments is well below the 55% threshold required to deviate from HOLD. All 20 historical analogues resulted in HOLD signals, and the 24h average return of -7.01% suggests significant downside risk beyond the 4h window. Volume ratio of 0.0 confirms zero conviction in the current move."
11,2026-05-05T05:29:07+00:00,4h,SCORED,81100.01,2026-05-05T10:05:02+00:00,80600.24,decisions,-0.6162,scheduled,68.1,50,-0.002486,HOLD,20,OK_HOLD,,,,,,,,,HOLD,,"Historical win rate of 40% at similar moments is well below the 55% threshold required to deviate from HOLD. All 20 historical analogues resulted in HOLD signals, and the 24h average return of -7.01% suggests significant downside risk beyond the 4h window. Volume ratio of 0.0 confirms zero conviction in the current move.",0,,,,OK_HOLD,,0,,,,,,,,,,,,,,,,,,,,,,,,,,,,,rsi_gte_65|fg_neutral|funding_neutral|trigger_scheduled|final_HOLD|claude_HOLD|candidate_UNKNOWN|candidate_source_unknown,"Historical win rate of 40% at similar moments is well below the 55% threshold required to deviate from HOLD. All 20 historical analogues resulted in HOLD signals, and the 24h average return of -7.01% suggests significant downside risk beyond the 4h window. Volume ratio of 0.0 confirms zero conviction in the current move."
11,2026-05-05T05:29:07+00:00,24h,SCORED,81100.01,2026-05-06T05:56:49+00:00,81251.5,decisions,0.1868,scheduled,68.1,50,-0.002486,HOLD,20,OK_HOLD,,,,,,,,,HOLD,,"Historical win rate of 40% at similar moments is well below the 55% threshold required to deviate from HOLD. All 20 historical analogues resulted in HOLD signals, and the 24h average return of -7.01% suggests significant downside risk beyond the 4h window. Volume ratio of 0.0 confirms zero conviction in the current move.",0,,,,OK_HOLD,,0,,,,,,,,,,,,,,,,,,,,,,,,,,,,,rsi_gte_65|fg_neutral|funding_neutral|trigger_scheduled|final_HOLD|claude_HOLD|candidate_UNKNOWN|candidate_source_unknown,"Historical win rate of 40% at similar moments is well below the 55% threshold required to deviate from HOLD. All 20 historical analogues resulted in HOLD signals, and the 24h average return of -7.01% suggests significant downside risk beyond the 4h window. Volume ratio of 0.0 confirms zero conviction in the current move."
12,2026-05-05T05:30:56+00:00,15m,SCORED,81029.78,2026-05-05T06:03:59+00:00,80979.06,decisions,-0.0626,scheduled,67.2,50,-0.002486,HOLD,35,OK_HOLD,,,,,,,,,HOLD,,"Historical win rate of 40% at similar market conditions is below the 55% threshold required to deviate from HOLD. Despite bullish technicals (MACD bullish, price above all EMAs, neutral Fear & Greed), the evidence base of 20 similar past moments shows 0 BUY signals and a 24h average return of -5.19%, indicating these setups historically reverse. Volume ratio of 0.0 signals no conviction behind the current move.",0,,,,OK_HOLD,,0,,,,,,,,,,,,,,,,,,,,,,,,,,,,,rsi_gte_65|fg_neutral|funding_neutral|trigger_scheduled|final_HOLD|claude_HOLD|candidate_UNKNOWN|candidate_source_unknown,"Historical win rate of 40% at similar market conditions is below the 55% threshold required to deviate from HOLD. Despite bullish technicals (MACD bullish, price above all EMAs, neutral Fear & Greed), the evidence base of 20 similar past moments shows 0 BUY signals and a 24h average return of -5.19%, indicating these setups historically reverse. Volume ratio of 0.0 signals no conviction behind the current move."
12,2026-05-05T05:30:56+00:00,1h,NO_PRICE_AT_HORIZON,81029.78,,,,,scheduled,67.2,50,-0.002486,HOLD,35,NO_PRICE,,,,,,,,,HOLD,,"Historical win rate of 40% at similar market conditions is below the 55% threshold required to deviate from HOLD. Despite bullish technicals (MACD bullish, price above all EMAs, neutral Fear & Greed), the evidence base of 20 similar past moments shows 0 BUY signals and a 24h average return of -5.19%, indicating these setups historically reverse. Volume ratio of 0.0 signals no conviction behind the current move.",0,,,,NO_PRICE,,0,,,,,,,,,,,,,,,,,,,,,,,,,,,,,rsi_gte_65|fg_neutral|funding_neutral|trigger_scheduled|final_HOLD|claude_HOLD|candidate_UNKNOWN|candidate_source_unknown,"Historical win rate of 40% at similar market conditions is below the 55% threshold required to deviate from HOLD. Despite bullish technicals (MACD bullish, price above all EMAs, neutral Fear & Greed), the evidence base of 20 similar past moments shows 0 BUY signals and a 24h average return of -5.19%, indicating these setups historically reverse. Volume ratio of 0.0 signals no conviction behind the current move."
12,2026-05-05T05:30:56+00:00,4h,SCORED,81029.78,2026-05-05T10:05:02+00:00,80600.24,decisions,-0.5301,scheduled,67.2,50,-0.002486,HOLD,35,OK_HOLD,,,,,,,,,HOLD,,"Historical win rate of 40% at similar market conditions is below the 55% threshold required to deviate from HOLD. Despite bullish technicals (MACD bullish, price above all EMAs, neutral Fear & Greed), the evidence base of 20 similar past moments shows 0 BUY signals and a 24h average return of -5.19%, indicating these setups historically reverse. Volume ratio of 0.0 signals no conviction behind the current move.",0,,,,OK_HOLD,,0,,,,,,,,,,,,,,,,,,,,,,,,,,,,,rsi_gte_65|fg_neutral|funding_neutral|trigger_scheduled|final_HOLD|claude_HOLD|candidate_UNKNOWN|candidate_source_unknown,"Historical win rate of 40% at similar market conditions is below the 55% threshold required to deviate from HOLD. Despite bullish technicals (MACD bullish, price above all EMAs, neutral Fear & Greed), the evidence base of 20 similar past moments shows 0 BUY signals and a 24h average return of -5.19%, indicating these setups historically reverse. Volume ratio of 0.0 signals no conviction behind the current move."
12,2026-05-05T05:30:56+00:00,24h,SCORED,81029.78,2026-05-06T05:56:49+00:00,81251.5,decisions,0.2736,scheduled,67.2,50,-0.002486,HOLD,35,OK_HOLD,,,,,,,,,HOLD,,"Historical win rate of 40% at similar market conditions is below the 55% threshold required to deviate from HOLD. Despite bullish technicals (MACD bullish, price above all EMAs, neutral Fear & Greed), the evidence base of 20 similar past moments shows 0 BUY signals and a 24h average return of -5.19%, indicating these setups historically reverse. Volume ratio of 0.0 signals no conviction behind the current move.",0,,,,OK_HOLD,,0,,,,,,,,,,,,,,,,,,,,,,,,,,,,,rsi_gte_65|fg_neutral|funding_neutral|trigger_scheduled|final_HOLD|claude_HOLD|candidate_UNKNOWN|candidate_source_unknown,"Historical win rate of 40% at similar market conditions is below the 55% threshold required to deviate from HOLD. Despite bullish technicals (MACD bullish, price above all EMAs, neutral Fear & Greed), the evidence base of 20 similar past moments shows 0 BUY signals and a 24h average return of -5.19%, indicating these setups historically reverse. Volume ratio of 0.0 signals no conviction behind the current move."
13,2026-05-05T06:03:59+00:00,15m,NO_PRICE_AT_HORIZON,80979.06,,,,,scheduled,64.4,50,-0.002486,HOLD,72,NO_PRICE,,,,,,,,,HOLD,,"Historical win rate at 45% in similar conditions is below the 55% threshold required to deviate from HOLD. Volume ratio is 0.0 indicating no buying pressure, ETF flows are negative (-$137.6M), and negative funding rate suggests bearish derivatives positioning. Despite bullish technicals (EMAs stacked, MACD positive, BB squeeze building), the 24h historical average return of -6.77% and win rate disqualify a BUY signal.",0,,,,NO_PRICE,,0,,,,,,,,,,,,,,,,,,,,,,,,,,,,,rsi_55_65|fg_neutral|funding_neutral|trigger_scheduled|final_HOLD|claude_HOLD|candidate_UNKNOWN|candidate_source_unknown,"Historical win rate at 45% in similar conditions is below the 55% threshold required to deviate from HOLD. Volume ratio is 0.0 indicating no buying pressure, ETF flows are negative (-$137.6M), and negative funding rate suggests bearish derivatives positioning. Despite bullish technicals (EMAs stacked, MACD positive, BB squeeze building), the 24h historical average return of -6.77% and win rate disqualify a BUY signal."
13,2026-05-05T06:03:59+00:00,1h,NO_PRICE_AT_HORIZON,80979.06,,,,,scheduled,64.4,50,-0.002486,HOLD,72,NO_PRICE,,,,,,,,,HOLD,,"Historical win rate at 45% in similar conditions is below the 55% threshold required to deviate from HOLD. Volume ratio is 0.0 indicating no buying pressure, ETF flows are negative (-$137.6M), and negative funding rate suggests bearish derivatives positioning. Despite bullish technicals (EMAs stacked, MACD positive, BB squeeze building), the 24h historical average return of -6.77% and win rate disqualify a BUY signal.",0,,,,NO_PRICE,,0,,,,,,,,,,,,,,,,,,,,,,,,,,,,,rsi_55_65|fg_neutral|funding_neutral|trigger_scheduled|final_HOLD|claude_HOLD|candidate_UNKNOWN|candidate_source_unknown,"Historical win rate at 45% in similar conditions is below the 55% threshold required to deviate from HOLD. Volume ratio is 0.0 indicating no buying pressure, ETF flows are negative (-$137.6M), and negative funding rate suggests bearish derivatives positioning. Despite bullish technicals (EMAs stacked, MACD positive, BB squeeze building), the 24h historical average return of -6.77% and win rate disqualify a BUY signal."
13,2026-05-05T06:03:59+00:00,4h,SCORED,80979.06,2026-05-05T10:05:02+00:00,80600.24,decisions,-0.4678,scheduled,64.4,50,-0.002486,HOLD,72,OK_HOLD,,,,,,,,,HOLD,,"Historical win rate at 45% in similar conditions is below the 55% threshold required to deviate from HOLD. Volume ratio is 0.0 indicating no buying pressure, ETF flows are negative (-$137.6M), and negative funding rate suggests bearish derivatives positioning. Despite bullish technicals (EMAs stacked, MACD positive, BB squeeze building), the 24h historical average return of -6.77% and win rate disqualify a BUY signal.",0,,,,OK_HOLD,,0,,,,,,,,,,,,,,,,,,,,,,,,,,,,,rsi_55_65|fg_neutral|funding_neutral|trigger_scheduled|final_HOLD|claude_HOLD|candidate_UNKNOWN|candidate_source_unknown,"Historical win rate at 45% in similar conditions is below the 55% threshold required to deviate from HOLD. Volume ratio is 0.0 indicating no buying pressure, ETF flows are negative (-$137.6M), and negative funding rate suggests bearish derivatives positioning. Despite bullish technicals (EMAs stacked, MACD positive, BB squeeze building), the 24h historical average return of -6.77% and win rate disqualify a BUY signal."
13,2026-05-05T06:03:59+00:00,24h,SCORED,80979.06,2026-05-06T09:57:02+00:00,81975.9,decisions,1.231,scheduled,64.4,50,-0.002486,HOLD,72,OK_HOLD,,,,,,,,,HOLD,,"Historical win rate at 45% in similar conditions is below the 55% threshold required to deviate from HOLD. Volume ratio is 0.0 indicating no buying pressure, ETF flows are negative (-$137.6M), and negative funding rate suggests bearish derivatives positioning. Despite bullish technicals (EMAs stacked, MACD positive, BB squeeze building), the 24h historical average return of -6.77% and win rate disqualify a BUY signal.",0,,,,OK_HOLD,,0,,,,,,,,,,,,,,,,,,,,,,,,,,,,,rsi_55_65|fg_neutral|funding_neutral|trigger_scheduled|final_HOLD|claude_HOLD|candidate_UNKNOWN|candidate_source_unknown,"Historical win rate at 45% in similar conditions is below the 55% threshold required to deviate from HOLD. Volume ratio is 0.0 indicating no buying pressure, ETF flows are negative (-$137.6M), and negative funding rate suggests bearish derivatives positioning. Despite bullish technicals (EMAs stacked, MACD positive, BB squeeze building), the 24h historical average return of -6.77% and win rate disqualify a BUY signal."
14,2026-05-05T06:04:56+00:00,15m,NO_PRICE_AT_HORIZON,80944.5,,,,,scheduled,62.9,50,-0.002486,HOLD,72,NO_PRICE,,,,,,,,,HOLD,,"Historical win rate of 35% in similar setups is far below the 55% threshold required to act. Combined with negative ETF outflows (-$137.6M), bearish MACD crossover, near-zero volume ratio (0.0), and average 24h return of -3.79% in comparable conditions, there is no credible edge for a long entry.",0,,,,NO_PRICE,,0,,,,,,,,,,,,,,,,,,,,,,,,,,,,,rsi_55_65|fg_neutral|funding_neutral|trigger_scheduled|final_HOLD|claude_HOLD|candidate_UNKNOWN|candidate_source_unknown,"Historical win rate of 35% in similar setups is far below the 55% threshold required to act. Combined with negative ETF outflows (-$137.6M), bearish MACD crossover, near-zero volume ratio (0.0), and average 24h return of -3.79% in comparable conditions, there is no credible edge for a long entry."
14,2026-05-05T06:04:56+00:00,1h,NO_PRICE_AT_HORIZON,80944.5,,,,,scheduled,62.9,50,-0.002486,HOLD,72,NO_PRICE,,,,,,,,,HOLD,,"Historical win rate of 35% in similar setups is far below the 55% threshold required to act. Combined with negative ETF outflows (-$137.6M), bearish MACD crossover, near-zero volume ratio (0.0), and average 24h return of -3.79% in comparable conditions, there is no credible edge for a long entry.",0,,,,NO_PRICE,,0,,,,,,,,,,,,,,,,,,,,,,,,,,,,,rsi_55_65|fg_neutral|funding_neutral|trigger_scheduled|final_HOLD|claude_HOLD|candidate_UNKNOWN|candidate_source_unknown,"Historical win rate of 35% in similar setups is far below the 55% threshold required to act. Combined with negative ETF outflows (-$137.6M), bearish MACD crossover, near-zero volume ratio (0.0), and average 24h return of -3.79% in comparable conditions, there is no credible edge for a long entry."
14,2026-05-05T06:04:56+00:00,4h,SCORED,80944.5,2026-05-05T10:05:02+00:00,80600.24,decisions,-0.4253,scheduled,62.9,50,-0.002486,HOLD,72,OK_HOLD,,,,,,,,,HOLD,,"Historical win rate of 35% in similar setups is far below the 55% threshold required to act. Combined with negative ETF outflows (-$137.6M), bearish MACD crossover, near-zero volume ratio (0.0), and average 24h return of -3.79% in comparable conditions, there is no credible edge for a long entry.",0,,,,OK_HOLD,,0,,,,,,,,,,,,,,,,,,,,,,,,,,,,,rsi_55_65|fg_neutral|funding_neutral|trigger_scheduled|final_HOLD|claude_HOLD|candidate_UNKNOWN|candidate_source_unknown,"Historical win rate of 35% in similar setups is far below the 55% threshold required to act. Combined with negative ETF outflows (-$137.6M), bearish MACD crossover, near-zero volume ratio (0.0), and average 24h return of -3.79% in comparable conditions, there is no credible edge for a long entry."
14,2026-05-05T06:04:56+00:00,24h,SCORED,80944.5,2026-05-06T09:57:02+00:00,81975.9,decisions,1.2742,scheduled,62.9,50,-0.002486,HOLD,72,OK_HOLD,,,,,,,,,HOLD,,"Historical win rate of 35% in similar setups is far below the 55% threshold required to act. Combined with negative ETF outflows (-$137.6M), bearish MACD crossover, near-zero volume ratio (0.0), and average 24h return of -3.79% in comparable conditions, there is no credible edge for a long entry.",0,,,,OK_HOLD,,0,,,,,,,,,,,,,,,,,,,,,,,,,,,,,rsi_55_65|fg_neutral|funding_neutral|trigger_scheduled|final_HOLD|claude_HOLD|candidate_UNKNOWN|candidate_source_unknown,"Historical win rate of 35% in similar setups is far below the 55% threshold required to act. Combined with negative ETF outflows (-$137.6M), bearish MACD crossover, near-zero volume ratio (0.0), and average 24h return of -3.79% in comparable conditions, there is no credible edge for a long entry."
15,2026-05-05T10:05:02+00:00,15m,NO_PRICE_AT_HORIZON,80600.24,,,,,scheduled,43.4,50,-0.002486,HOLD,72,NO_PRICE,,,,,,,,,HOLD,,"Historical win rate of 40% at similar moments is well below the 55% threshold required to trade. Combined with bearish MACD, near-zero volume ratio (0.0), negative ETF flows (-$137.6M), negative funding rate suggesting short bias, and 24h average return of -3.00% in analogous setups, there is no credible edge to enter a long position.",0,,,,NO_PRICE,,0,,,,,,,,,,,,,,,,,,,,,,,,,,,,,rsi_35_45|fg_neutral|funding_neutral|trigger_scheduled|final_HOLD|claude_HOLD|candidate_UNKNOWN|candidate_source_unknown,"Historical win rate of 40% at similar moments is well below the 55% threshold required to trade. Combined with bearish MACD, near-zero volume ratio (0.0), negative ETF flows (-$137.6M), negative funding rate suggesting short bias, and 24h average return of -3.00% in analogous setups, there is no credible edge to enter a long position."
15,2026-05-05T10:05:02+00:00,1h,NO_PRICE_AT_HORIZON,80600.24,,,,,scheduled,43.4,50,-0.002486,HOLD,72,NO_PRICE,,,,,,,,,HOLD,,"Historical win rate of 40% at similar moments is well below the 55% threshold required to trade. Combined with bearish MACD, near-zero volume ratio (0.0), negative ETF flows (-$137.6M), negative funding rate suggesting short bias, and 24h average return of -3.00% in analogous setups, there is no credible edge to enter a long position.",0,,,,NO_PRICE,,0,,,,,,,,,,,,,,,,,,,,,,,,,,,,,rsi_35_45|fg_neutral|funding_neutral|trigger_scheduled|final_HOLD|claude_HOLD|candidate_UNKNOWN|candidate_source_unknown,"Historical win rate of 40% at similar moments is well below the 55% threshold required to trade. Combined with bearish MACD, near-zero volume ratio (0.0), negative ETF flows (-$137.6M), negative funding rate suggesting short bias, and 24h average return of -3.00% in analogous setups, there is no credible edge to enter a long position."
15,2026-05-05T10:05:02+00:00,4h,SCORED,80600.24,2026-05-05T14:05:08+00:00,81431.24,decisions,1.031,scheduled,43.4,50,-0.002486,HOLD,72,OK_HOLD,,,,,,,,,HOLD,,"Historical win rate of 40% at similar moments is well below the 55% threshold required to trade. Combined with bearish MACD, near-zero volume ratio (0.0), negative ETF flows (-$137.6M), negative funding rate suggesting short bias, and 24h average return of -3.00% in analogous setups, there is no credible edge to enter a long position.",0,,,,OK_HOLD,,0,,,,,,,,,,,,,,,,,,,,,,,,,,,,,rsi_35_45|fg_neutral|funding_neutral|trigger_scheduled|final_HOLD|claude_HOLD|candidate_UNKNOWN|candidate_source_unknown,"Historical win rate of 40% at similar moments is well below the 55% threshold required to trade. Combined with bearish MACD, near-zero volume ratio (0.0), negative ETF flows (-$137.6M), negative funding rate suggesting short bias, and 24h average return of -3.00% in analogous setups, there is no credible edge to enter a long position."
15,2026-05-05T10:05:02+00:00,24h,SCORED,80600.24,2026-05-06T13:57:16+00:00,81686.9,decisions,1.3482,scheduled,43.4,50,-0.002486,HOLD,72,OK_HOLD,,,,,,,,,HOLD,,"Historical win rate of 40% at similar moments is well below the 55% threshold required to trade. Combined with bearish MACD, near-zero volume ratio (0.0), negative ETF flows (-$137.6M), negative funding rate suggesting short bias, and 24h average return of -3.00% in analogous setups, there is no credible edge to enter a long position.",0,,,,OK_HOLD,,0,,,,,,,,,,,,,,,,,,,,,,,,,,,,,rsi_35_45|fg_neutral|funding_neutral|trigger_scheduled|final_HOLD|claude_HOLD|candidate_UNKNOWN|candidate_source_unknown,"Historical win rate of 40% at similar moments is well below the 55% threshold required to trade. Combined with bearish MACD, near-zero volume ratio (0.0), negative ETF flows (-$137.6M), negative funding rate suggesting short bias, and 24h average return of -3.00% in analogous setups, there is no credible edge to enter a long position."
16,2026-05-05T14:05:08+00:00,15m,NO_PRICE_AT_HORIZON,81431.24,,,,,scheduled,64.5,50,-0.002486,HOLD,35,NO_PRICE,,,,,,,,,HOLD,,"Historical win rate of 40% in 20 similar past moments is well below the 55% threshold required to act, and all 20 prior similar signals resulted in HOLD. Additionally, volume ratio is effectively 0, indicating no conviction behind current price action, and ETF outflows of -$137.6M signal institutional caution.",0,,,,NO_PRICE,,0,,,,,,,,,,,,,,,,,,,,,,,,,,,,,rsi_55_65|fg_neutral|funding_neutral|trigger_scheduled|final_HOLD|claude_HOLD|candidate_UNKNOWN|candidate_source_unknown,"Historical win rate of 40% in 20 similar past moments is well below the 55% threshold required to act, and all 20 prior similar signals resulted in HOLD. Additionally, volume ratio is effectively 0, indicating no conviction behind current price action, and ETF outflows of -$137.6M signal institutional caution."
16,2026-05-05T14:05:08+00:00,1h,SCORED,81431.24,2026-05-05T15:08:16+00:00,81404.14,decisions,-0.0333,scheduled,64.5,50,-0.002486,HOLD,35,OK_HOLD,,,,,,,,,HOLD,,"Historical win rate of 40% in 20 similar past moments is well below the 55% threshold required to act, and all 20 prior similar signals resulted in HOLD. Additionally, volume ratio is effectively 0, indicating no conviction behind current price action, and ETF outflows of -$137.6M signal institutional caution.",0,,,,OK_HOLD,,0,,,,,,,,,,,,,,,,,,,,,,,,,,,,,rsi_55_65|fg_neutral|funding_neutral|trigger_scheduled|final_HOLD|claude_HOLD|candidate_UNKNOWN|candidate_source_unknown,"Historical win rate of 40% in 20 similar past moments is well below the 55% threshold required to act, and all 20 prior similar signals resulted in HOLD. Additionally, volume ratio is effectively 0, indicating no conviction behind current price action, and ETF outflows of -$137.6M signal institutional caution."
16,2026-05-05T14:05:08+00:00,4h,SCORED,81431.24,2026-05-05T19:42:32+00:00,81588.25,decisions,0.1928,scheduled,64.5,50,-0.002486,HOLD,35,OK_HOLD,,,,,,,,,HOLD,,"Historical win rate of 40% in 20 similar past moments is well below the 55% threshold required to act, and all 20 prior similar signals resulted in HOLD. Additionally, volume ratio is effectively 0, indicating no conviction behind current price action, and ETF outflows of -$137.6M signal institutional caution.",0,,,,OK_HOLD,,0,,,,,,,,,,,,,,,,,,,,,,,,,,,,,rsi_55_65|fg_neutral|funding_neutral|trigger_scheduled|final_HOLD|claude_HOLD|candidate_UNKNOWN|candidate_source_unknown,"Historical win rate of 40% in 20 similar past moments is well below the 55% threshold required to act, and all 20 prior similar signals resulted in HOLD. Additionally, volume ratio is effectively 0, indicating no conviction behind current price action, and ETF outflows of -$137.6M signal institutional caution."
16,2026-05-05T14:05:08+00:00,24h,SCORED,81431.24,2026-05-06T17:57:32+00:00,81459.9,decisions,0.0352,scheduled,64.5,50,-0.002486,HOLD,35,OK_HOLD,,,,,,,,,HOLD,,"Historical win rate of 40% in 20 similar past moments is well below the 55% threshold required to act, and all 20 prior similar signals resulted in HOLD. Additionally, volume ratio is effectively 0, indicating no conviction behind current price action, and ETF outflows of -$137.6M signal institutional caution.",0,,,,OK_HOLD,,0,,,,,,,,,,,,,,,,,,,,,,,,,,,,,rsi_55_65|fg_neutral|funding_neutral|trigger_scheduled|final_HOLD|claude_HOLD|candidate_UNKNOWN|candidate_source_unknown,"Historical win rate of 40% in 20 similar past moments is well below the 55% threshold required to act, and all 20 prior similar signals resulted in HOLD. Additionally, volume ratio is effectively 0, indicating no conviction behind current price action, and ETF outflows of -$137.6M signal institutional caution."
17,2026-05-05T14:12:07+00:00,15m,SCORED,81231.26,2026-05-05T14:50:59+00:00,81167.65,decisions,-0.0783,scheduled,56.5,50,-0.002486,HOLD,35,OK_HOLD,,,,,,,,,HOLD,,"Historical win rate of 45% in 20 similar past moments is below the 55% threshold required to deviate from HOLD. Additionally, volume ratio is 0.0 indicating no meaningful volume confirmation, ETF flows are negative (-$137.6M), and the 24h average return in similar conditions is -6.88%, suggesting downside risk over the medium term despite short-term bullish technicals.",0,,,,OK_HOLD,,0,,,,,,,,,,,,,,,,,,,,,,,,,,,,,rsi_55_65|fg_neutral|funding_neutral|trigger_scheduled|final_HOLD|claude_HOLD|candidate_UNKNOWN|candidate_source_unknown,"Historical win rate of 45% in 20 similar past moments is below the 55% threshold required to deviate from HOLD. Additionally, volume ratio is 0.0 indicating no meaningful volume confirmation, ETF flows are negative (-$137.6M), and the 24h average return in similar conditions is -6.88%, suggesting downside risk over the medium term despite short-term bullish technicals."
17,2026-05-05T14:12:07+00:00,1h,SCORED,81231.26,2026-05-05T15:27:14+00:00,81603.96,decisions,0.4588,scheduled,56.5,50,-0.002486,HOLD,35,OK_HOLD,,,,,,,,,HOLD,,"Historical win rate of 45% in 20 similar past moments is below the 55% threshold required to deviate from HOLD. Additionally, volume ratio is 0.0 indicating no meaningful volume confirmation, ETF flows are negative (-$137.6M), and the 24h average return in similar conditions is -6.88%, suggesting downside risk over the medium term despite short-term bullish technicals.",0,,,,OK_HOLD,,0,,,,,,,,,,,,,,,,,,,,,,,,,,,,,rsi_55_65|fg_neutral|funding_neutral|trigger_scheduled|final_HOLD|claude_HOLD|candidate_UNKNOWN|candidate_source_unknown,"Historical win rate of 45% in 20 similar past moments is below the 55% threshold required to deviate from HOLD. Additionally, volume ratio is 0.0 indicating no meaningful volume confirmation, ETF flows are negative (-$137.6M), and the 24h average return in similar conditions is -6.88%, suggesting downside risk over the medium term despite short-term bullish technicals."
17,2026-05-05T14:12:07+00:00,4h,SCORED,81231.26,2026-05-05T19:42:32+00:00,81588.25,decisions,0.4395,scheduled,56.5,50,-0.002486,HOLD,35,OK_HOLD,,,,,,,,,HOLD,,"Historical win rate of 45% in 20 similar past moments is below the 55% threshold required to deviate from HOLD. Additionally, volume ratio is 0.0 indicating no meaningful volume confirmation, ETF flows are negative (-$137.6M), and the 24h average return in similar conditions is -6.88%, suggesting downside risk over the medium term despite short-term bullish technicals.",0,,,,OK_HOLD,,0,,,,,,,,,,,,,,,,,,,,,,,,,,,,,rsi_55_65|fg_neutral|funding_neutral|trigger_scheduled|final_HOLD|claude_HOLD|candidate_UNKNOWN|candidate_source_unknown,"Historical win rate of 45% in 20 similar past moments is below the 55% threshold required to deviate from HOLD. Additionally, volume ratio is 0.0 indicating no meaningful volume confirmation, ETF flows are negative (-$137.6M), and the 24h average return in similar conditions is -6.88%, suggesting downside risk over the medium term despite short-term bullish technicals."
17,2026-05-05T14:12:07+00:00,24h,SCORED,81231.26,2026-05-06T17:57:32+00:00,81459.9,decisions,0.2815,scheduled,56.5,50,-0.002486,HOLD,35,OK_HOLD,,,,,,,,,HOLD,,"Historical win rate of 45% in 20 similar past moments is below the 55% threshold required to deviate from HOLD. Additionally, volume ratio is 0.0 indicating no meaningful volume confirmation, ETF flows are negative (-$137.6M), and the 24h average return in similar conditions is -6.88%, suggesting downside risk over the medium term despite short-term bullish technicals.",0,,,,OK_HOLD,,0,,,,,,,,,,,,,,,,,,,,,,,,,,,,,rsi_55_65|fg_neutral|funding_neutral|trigger_scheduled|final_HOLD|claude_HOLD|candidate_UNKNOWN|candidate_source_unknown,"Historical win rate of 45% in 20 similar past moments is below the 55% threshold required to deviate from HOLD. Additionally, volume ratio is 0.0 indicating no meaningful volume confirmation, ETF flows are negative (-$137.6M), and the 24h average return in similar conditions is -6.88%, suggesting downside risk over the medium term despite short-term bullish technicals."
18,2026-05-05T14:50:59+00:00,15m,SCORED,81167.65,2026-05-05T15:08:16+00:00,81404.14,decisions,0.2914,scheduled,52.1,50,-0.002486,HOLD,85,OK_HOLD,,,,,,,,,HOLD,,"Historical evidence is strongly against entering: 35% win rate in 20 similar past moments (well below the 55% threshold), negative average returns at 1h, 4h, and 24h horizons (-4.58% avg 24h), with past signals showing 0 BUY calls and 18 HOLDs. Additionally, MACD is bearish, volume ratio is effectively zero (no conviction), ETF flows are negative (-$137.6M), funding rate is negative (shorts dominant), and the BB squeeze has not yet resolved directionally.",0,,,,OK_HOLD,,0,,,,,,,,,,,,,,,,,,,,,,,,,,,,,rsi_45_55|fg_neutral|funding_neutral|trigger_scheduled|final_HOLD|claude_HOLD|candidate_UNKNOWN|candidate_source_unknown,"Historical evidence is strongly against entering: 35% win rate in 20 similar past moments (well below the 55% threshold), negative average returns at 1h, 4h, and 24h horizons (-4.58% avg 24h), with past signals showing 0 BUY calls and 18 HOLDs. Additionally, MACD is bearish, volume ratio is effectively zero (no conviction), ETF flows are negative (-$137.6M), funding rate is negative (shorts dominant), and the BB squeeze has not yet resolved directionally."
18,2026-05-05T14:50:59+00:00,1h,SCORED,81167.65,2026-05-05T16:08:24+00:00,81577.17,decisions,0.5045,scheduled,52.1,50,-0.002486,HOLD,85,OK_HOLD,,,,,,,,,HOLD,,"Historical evidence is strongly against entering: 35% win rate in 20 similar past moments (well below the 55% threshold), negative average returns at 1h, 4h, and 24h horizons (-4.58% avg 24h), with past signals showing 0 BUY calls and 18 HOLDs. Additionally, MACD is bearish, volume ratio is effectively zero (no conviction), ETF flows are negative (-$137.6M), funding rate is negative (shorts dominant), and the BB squeeze has not yet resolved directionally.",0,,,,OK_HOLD,,0,,,,,,,,,,,,,,,,,,,,,,,,,,,,,rsi_45_55|fg_neutral|funding_neutral|trigger_scheduled|final_HOLD|claude_HOLD|candidate_UNKNOWN|candidate_source_unknown,"Historical evidence is strongly against entering: 35% win rate in 20 similar past moments (well below the 55% threshold), negative average returns at 1h, 4h, and 24h horizons (-4.58% avg 24h), with past signals showing 0 BUY calls and 18 HOLDs. Additionally, MACD is bearish, volume ratio is effectively zero (no conviction), ETF flows are negative (-$137.6M), funding rate is negative (shorts dominant), and the BB squeeze has not yet resolved directionally."
18,2026-05-05T14:50:59+00:00,4h,SCORED,81167.65,2026-05-05T19:42:32+00:00,81588.25,decisions,0.5182,scheduled,52.1,50,-0.002486,HOLD,85,OK_HOLD,,,,,,,,,HOLD,,"Historical evidence is strongly against entering: 35% win rate in 20 similar past moments (well below the 55% threshold), negative average returns at 1h, 4h, and 24h horizons (-4.58% avg 24h), with past signals showing 0 BUY calls and 18 HOLDs. Additionally, MACD is bearish, volume ratio is effectively zero (no conviction), ETF flows are negative (-$137.6M), funding rate is negative (shorts dominant), and the BB squeeze has not yet resolved directionally.",0,,,,OK_HOLD,,0,,,,,,,,,,,,,,,,,,,,,,,,,,,,,rsi_45_55|fg_neutral|funding_neutral|trigger_scheduled|final_HOLD|claude_HOLD|candidate_UNKNOWN|candidate_source_unknown,"Historical evidence is strongly against entering: 35% win rate in 20 similar past moments (well below the 55% threshold), negative average returns at 1h, 4h, and 24h horizons (-4.58% avg 24h), with past signals showing 0 BUY calls and 18 HOLDs. Additionally, MACD is bearish, volume ratio is effectively zero (no conviction), ETF flows are negative (-$137.6M), funding rate is negative (shorts dominant), and the BB squeeze has not yet resolved directionally."
18,2026-05-05T14:50:59+00:00,24h,SCORED,81167.65,2026-05-06T17:57:32+00:00,81459.9,decisions,0.3601,scheduled,52.1,50,-0.002486,HOLD,85,OK_HOLD,,,,,,,,,HOLD,,"Historical evidence is strongly against entering: 35% win rate in 20 similar past moments (well below the 55% threshold), negative average returns at 1h, 4h, and 24h horizons (-4.58% avg 24h), with past signals showing 0 BUY calls and 18 HOLDs. Additionally, MACD is bearish, volume ratio is effectively zero (no conviction), ETF flows are negative (-$137.6M), funding rate is negative (shorts dominant), and the BB squeeze has not yet resolved directionally.",0,,,,OK_HOLD,,0,,,,,,,,,,,,,,,,,,,,,,,,,,,,,rsi_45_55|fg_neutral|funding_neutral|trigger_scheduled|final_HOLD|claude_HOLD|candidate_UNKNOWN|candidate_source_unknown,"Historical evidence is strongly against entering: 35% win rate in 20 similar past moments (well below the 55% threshold), negative average returns at 1h, 4h, and 24h horizons (-4.58% avg 24h), with past signals showing 0 BUY calls and 18 HOLDs. Additionally, MACD is bearish, volume ratio is effectively zero (no conviction), ETF flows are negative (-$137.6M), funding rate is negative (shorts dominant), and the BB squeeze has not yet resolved directionally."
19,2026-05-05T14:53:29+00:00,15m,SCORED,81276.0,2026-05-05T15:09:29+00:00,81447.18,decisions,0.2106,scheduled,55.6,50,-0.002486,HOLD,72,OK_HOLD,,,,,,,,,HOLD,,"Historical evidence is strongly negative: 35% win rate (well below the 55% threshold), average 24h return of -4.37%, and 18 of 20 similar past moments resulted in HOLD recommendations. MACD is bearish (signal above histogram), volume ratio is essentially zero indicating no conviction, and ETF outflows of -$137.6M signal institutional selling pressure. Negative funding rate suggests bearish positioning in derivatives.",0,,,,OK_HOLD,,0,,,,,,,,,,,,,,,,,,,,,,,,,,,,,rsi_55_65|fg_neutral|funding_neutral|trigger_scheduled|final_HOLD|claude_HOLD|candidate_UNKNOWN|candidate_source_unknown,"Historical evidence is strongly negative: 35% win rate (well below the 55% threshold), average 24h return of -4.37%, and 18 of 20 similar past moments resulted in HOLD recommendations. MACD is bearish (signal above histogram), volume ratio is essentially zero indicating no conviction, and ETF outflows of -$137.6M signal institutional selling pressure. Negative funding rate suggests bearish positioning in derivatives."
19,2026-05-05T14:53:29+00:00,1h,SCORED,81276.0,2026-05-05T16:08:24+00:00,81577.17,decisions,0.3706,scheduled,55.6,50,-0.002486,HOLD,72,OK_HOLD,,,,,,,,,HOLD,,"Historical evidence is strongly negative: 35% win rate (well below the 55% threshold), average 24h return of -4.37%, and 18 of 20 similar past moments resulted in HOLD recommendations. MACD is bearish (signal above histogram), volume ratio is essentially zero indicating no conviction, and ETF outflows of -$137.6M signal institutional selling pressure. Negative funding rate suggests bearish positioning in derivatives.",0,,,,OK_HOLD,,0,,,,,,,,,,,,,,,,,,,,,,,,,,,,,rsi_55_65|fg_neutral|funding_neutral|trigger_scheduled|final_HOLD|claude_HOLD|candidate_UNKNOWN|candidate_source_unknown,"Historical evidence is strongly negative: 35% win rate (well below the 55% threshold), average 24h return of -4.37%, and 18 of 20 similar past moments resulted in HOLD recommendations. MACD is bearish (signal above histogram), volume ratio is essentially zero indicating no conviction, and ETF outflows of -$137.6M signal institutional selling pressure. Negative funding rate suggests bearish positioning in derivatives."
19,2026-05-05T14:53:29+00:00,4h,SCORED,81276.0,2026-05-05T19:42:32+00:00,81588.25,decisions,0.3842,scheduled,55.6,50,-0.002486,HOLD,72,OK_HOLD,,,,,,,,,HOLD,,"Historical evidence is strongly negative: 35% win rate (well below the 55% threshold), average 24h return of -4.37%, and 18 of 20 similar past moments resulted in HOLD recommendations. MACD is bearish (signal above histogram), volume ratio is essentially zero indicating no conviction, and ETF outflows of -$137.6M signal institutional selling pressure. Negative funding rate suggests bearish positioning in derivatives.",0,,,,OK_HOLD,,0,,,,,,,,,,,,,,,,,,,,,,,,,,,,,rsi_55_65|fg_neutral|funding_neutral|trigger_scheduled|final_HOLD|claude_HOLD|candidate_UNKNOWN|candidate_source_unknown,"Historical evidence is strongly negative: 35% win rate (well below the 55% threshold), average 24h return of -4.37%, and 18 of 20 similar past moments resulted in HOLD recommendations. MACD is bearish (signal above histogram), volume ratio is essentially zero indicating no conviction, and ETF outflows of -$137.6M signal institutional selling pressure. Negative funding rate suggests bearish positioning in derivatives."
19,2026-05-05T14:53:29+00:00,24h,SCORED,81276.0,2026-05-06T17:57:32+00:00,81459.9,decisions,0.2263,scheduled,55.6,50,-0.002486,HOLD,72,OK_HOLD,,,,,,,,,HOLD,,"Historical evidence is strongly negative: 35% win rate (well below the 55% threshold), average 24h return of -4.37%, and 18 of 20 similar past moments resulted in HOLD recommendations. MACD is bearish (signal above histogram), volume ratio is essentially zero indicating no conviction, and ETF outflows of -$137.6M signal institutional selling pressure. Negative funding rate suggests bearish positioning in derivatives.",0,,,,OK_HOLD,,0,,,,,,,,,,,,,,,,,,,,,,,,,,,,,rsi_55_65|fg_neutral|funding_neutral|trigger_scheduled|final_HOLD|claude_HOLD|candidate_UNKNOWN|candidate_source_unknown,"Historical evidence is strongly negative: 35% win rate (well below the 55% threshold), average 24h return of -4.37%, and 18 of 20 similar past moments resulted in HOLD recommendations. MACD is bearish (signal above histogram), volume ratio is essentially zero indicating no conviction, and ETF outflows of -$137.6M signal institutional selling pressure. Negative funding rate suggests bearish positioning in derivatives."
20,2026-05-05T15:08:16+00:00,15m,SCORED,81404.14,2026-05-05T15:27:14+00:00,81603.96,decisions,0.2455,scheduled,59.0,50,-0.002486,HOLD,72,OK_HOLD,,,,,,,,,HOLD,,"Historical win rate of 35% at similar market moments is well below the 55% threshold required to consider a trade. MACD is bearish (signal line above MACD), volume ratio is effectively zero indicating no conviction, ETF outflows of -$137.6M signal institutional selling, and the 24h average return in similar historical contexts is -3.48%. No sufficient edge exists to deviate from default HOLD.",0,,,,OK_HOLD,,0,,,,,,,,,,,,,,,,,,,,,,,,,,,,,rsi_55_65|fg_neutral|funding_neutral|trigger_scheduled|final_HOLD|claude_HOLD|candidate_UNKNOWN|candidate_source_unknown,"Historical win rate of 35% at similar market moments is well below the 55% threshold required to consider a trade. MACD is bearish (signal line above MACD), volume ratio is effectively zero indicating no conviction, ETF outflows of -$137.6M signal institutional selling, and the 24h average return in similar historical contexts is -3.48%. No sufficient edge exists to deviate from default HOLD."
20,2026-05-05T15:08:16+00:00,1h,SCORED,81404.14,2026-05-05T16:08:24+00:00,81577.17,decisions,0.2126,scheduled,59.0,50,-0.002486,HOLD,72,OK_HOLD,,,,,,,,,HOLD,,"Historical win rate of 35% at similar market moments is well below the 55% threshold required to consider a trade. MACD is bearish (signal line above MACD), volume ratio is effectively zero indicating no conviction, ETF outflows of -$137.6M signal institutional selling, and the 24h average return in similar historical contexts is -3.48%. No sufficient edge exists to deviate from default HOLD.",0,,,,OK_HOLD,,0,,,,,,,,,,,,,,,,,,,,,,,,,,,,,rsi_55_65|fg_neutral|funding_neutral|trigger_scheduled|final_HOLD|claude_HOLD|candidate_UNKNOWN|candidate_source_unknown,"Historical win rate of 35% at similar market moments is well below the 55% threshold required to consider a trade. MACD is bearish (signal line above MACD), volume ratio is effectively zero indicating no conviction, ETF outflows of -$137.6M signal institutional selling, and the 24h average return in similar historical contexts is -3.48%. No sufficient edge exists to deviate from default HOLD."
20,2026-05-05T15:08:16+00:00,4h,SCORED,81404.14,2026-05-05T19:42:32+00:00,81588.25,decisions,0.2262,scheduled,59.0,50,-0.002486,HOLD,72,OK_HOLD,,,,,,,,,HOLD,,"Historical win rate of 35% at similar market moments is well below the 55% threshold required to consider a trade. MACD is bearish (signal line above MACD), volume ratio is effectively zero indicating no conviction, ETF outflows of -$137.6M signal institutional selling, and the 24h average return in similar historical contexts is -3.48%. No sufficient edge exists to deviate from default HOLD.",0,,,,OK_HOLD,,0,,,,,,,,,,,,,,,,,,,,,,,,,,,,,rsi_55_65|fg_neutral|funding_neutral|trigger_scheduled|final_HOLD|claude_HOLD|candidate_UNKNOWN|candidate_source_unknown,"Historical win rate of 35% at similar market moments is well below the 55% threshold required to consider a trade. MACD is bearish (signal line above MACD), volume ratio is effectively zero indicating no conviction, ETF outflows of -$137.6M signal institutional selling, and the 24h average return in similar historical contexts is -3.48%. No sufficient edge exists to deviate from default HOLD."
20,2026-05-05T15:08:16+00:00,24h,SCORED,81404.14,2026-05-06T17:57:32+00:00,81459.9,decisions,0.0685,scheduled,59.0,50,-0.002486,HOLD,72,OK_HOLD,,,,,,,,,HOLD,,"Historical win rate of 35% at similar market moments is well below the 55% threshold required to consider a trade. MACD is bearish (signal line above MACD), volume ratio is effectively zero indicating no conviction, ETF outflows of -$137.6M signal institutional selling, and the 24h average return in similar historical contexts is -3.48%. No sufficient edge exists to deviate from default HOLD.",0,,,,OK_HOLD,,0,,,,,,,,,,,,,,,,,,,,,,,,,,,,,rsi_55_65|fg_neutral|funding_neutral|trigger_scheduled|final_HOLD|claude_HOLD|candidate_UNKNOWN|candidate_source_unknown,"Historical win rate of 35% at similar market moments is well below the 55% threshold required to consider a trade. MACD is bearish (signal line above MACD), volume ratio is effectively zero indicating no conviction, ETF outflows of -$137.6M signal institutional selling, and the 24h average return in similar historical contexts is -3.48%. No sufficient edge exists to deviate from default HOLD."
21,2026-05-05T15:09:29+00:00,15m,SCORED,81447.18,2026-05-05T15:27:14+00:00,81603.96,decisions,0.1925,scheduled,60.3,50,-0.002486,HOLD,55,OK_HOLD,,,,,,,,,HOLD,,"Historical win rate of 45% is below the 55% threshold required to deviate from HOLD, and all 20 similar past moments resulted in HOLD signals. Despite bullish short-term technicals (price above all EMAs, bullish MACD, neutral sentiment), the 24h average return of -6.77% and worst-case 4h of -10.27% signal significant downside risk. Volume ratio of 0.0 indicates no conviction behind the move, ETF outflows of -$137.6M are bearish, and funding rate is slightly negative suggesting short bias in deri",0,,,,OK_HOLD,,0,,,,,,,,,,,,,,,,,,,,,,,,,,,,,rsi_55_65|fg_neutral|funding_neutral|trigger_scheduled|final_HOLD|claude_HOLD|candidate_UNKNOWN|candidate_source_unknown,"Historical win rate of 45% is below the 55% threshold required to deviate from HOLD, and all 20 similar past moments resulted in HOLD signals. Despite bullish short-term technicals (price above all EMAs, bullish MACD, neutral sentiment), the 24h average return of -6.77% and worst-case 4h of -10.27% signal significant downside risk. Volume ratio of 0.0 indicates no conviction behind the move, ETF outflows of -$137.6M are bearish, and funding rate is slightly negative suggesting short bias in deri"
21,2026-05-05T15:09:29+00:00,1h,NO_PRICE_AT_HORIZON,81447.18,,,,,scheduled,60.3,50,-0.002486,HOLD,55,NO_PRICE,,,,,,,,,HOLD,,"Historical win rate of 45% is below the 55% threshold required to deviate from HOLD, and all 20 similar past moments resulted in HOLD signals. Despite bullish short-term technicals (price above all EMAs, bullish MACD, neutral sentiment), the 24h average return of -6.77% and worst-case 4h of -10.27% signal significant downside risk. Volume ratio of 0.0 indicates no conviction behind the move, ETF outflows of -$137.6M are bearish, and funding rate is slightly negative suggesting short bias in deri",0,,,,NO_PRICE,,0,,,,,,,,,,,,,,,,,,,,,,,,,,,,,rsi_55_65|fg_neutral|funding_neutral|trigger_scheduled|final_HOLD|claude_HOLD|candidate_UNKNOWN|candidate_source_unknown,"Historical win rate of 45% is below the 55% threshold required to deviate from HOLD, and all 20 similar past moments resulted in HOLD signals. Despite bullish short-term technicals (price above all EMAs, bullish MACD, neutral sentiment), the 24h average return of -6.77% and worst-case 4h of -10.27% signal significant downside risk. Volume ratio of 0.0 indicates no conviction behind the move, ETF outflows of -$137.6M are bearish, and funding rate is slightly negative suggesting short bias in deri"
21,2026-05-05T15:09:29+00:00,4h,SCORED,81447.18,2026-05-05T19:42:32+00:00,81588.25,decisions,0.1732,scheduled,60.3,50,-0.002486,HOLD,55,OK_HOLD,,,,,,,,,HOLD,,"Historical win rate of 45% is below the 55% threshold required to deviate from HOLD, and all 20 similar past moments resulted in HOLD signals. Despite bullish short-term technicals (price above all EMAs, bullish MACD, neutral sentiment), the 24h average return of -6.77% and worst-case 4h of -10.27% signal significant downside risk. Volume ratio of 0.0 indicates no conviction behind the move, ETF outflows of -$137.6M are bearish, and funding rate is slightly negative suggesting short bias in deri",0,,,,OK_HOLD,,0,,,,,,,,,,,,,,,,,,,,,,,,,,,,,rsi_55_65|fg_neutral|funding_neutral|trigger_scheduled|final_HOLD|claude_HOLD|candidate_UNKNOWN|candidate_source_unknown,"Historical win rate of 45% is below the 55% threshold required to deviate from HOLD, and all 20 similar past moments resulted in HOLD signals. Despite bullish short-term technicals (price above all EMAs, bullish MACD, neutral sentiment), the 24h average return of -6.77% and worst-case 4h of -10.27% signal significant downside risk. Volume ratio of 0.0 indicates no conviction behind the move, ETF outflows of -$137.6M are bearish, and funding rate is slightly negative suggesting short bias in deri"
21,2026-05-05T15:09:29+00:00,24h,SCORED,81447.18,2026-05-06T17:57:32+00:00,81459.9,decisions,0.0156,scheduled,60.3,50,-0.002486,HOLD,55,OK_HOLD,,,,,,,,,HOLD,,"Historical win rate of 45% is below the 55% threshold required to deviate from HOLD, and all 20 similar past moments resulted in HOLD signals. Despite bullish short-term technicals (price above all EMAs, bullish MACD, neutral sentiment), the 24h average return of -6.77% and worst-case 4h of -10.27% signal significant downside risk. Volume ratio of 0.0 indicates no conviction behind the move, ETF outflows of -$137.6M are bearish, and funding rate is slightly negative suggesting short bias in deri",0,,,,OK_HOLD,,0,,,,,,,,,,,,,,,,,,,,,,,,,,,,,rsi_55_65|fg_neutral|funding_neutral|trigger_scheduled|final_HOLD|claude_HOLD|candidate_UNKNOWN|candidate_source_unknown,"Historical win rate of 45% is below the 55% threshold required to deviate from HOLD, and all 20 similar past moments resulted in HOLD signals. Despite bullish short-term technicals (price above all EMAs, bullish MACD, neutral sentiment), the 24h average return of -6.77% and worst-case 4h of -10.27% signal significant downside risk. Volume ratio of 0.0 indicates no conviction behind the move, ETF outflows of -$137.6M are bearish, and funding rate is slightly negative suggesting short bias in deri"
22,2026-05-05T15:10:52+00:00,15m,SCORED,81444.81,2026-05-05T15:27:14+00:00,81603.96,decisions,0.1954,scheduled,60.3,50,-0.002486,HOLD,72,OK_HOLD,,,,,,,,,HOLD,,"Historical win rate of 35% at similar market conditions is well below the 55% threshold required to act. Average 24h return of -3.69% in comparable setups is strongly negative. MACD is bearish (signal crossing), volume ratio is effectively zero indicating no conviction, negative funding rate suggests bearish bias, and ETF outflows of -$137.6M add pressure. Despite EMAs being bullish-stacked and RSI neutral, the evidence base strongly disfavors entry.",0,,,,OK_HOLD,,0,,,,,,,,,,,,,,,,,,,,,,,,,,,,,rsi_55_65|fg_neutral|funding_neutral|trigger_scheduled|final_HOLD|claude_HOLD|candidate_UNKNOWN|candidate_source_unknown,"Historical win rate of 35% at similar market conditions is well below the 55% threshold required to act. Average 24h return of -3.69% in comparable setups is strongly negative. MACD is bearish (signal crossing), volume ratio is effectively zero indicating no conviction, negative funding rate suggests bearish bias, and ETF outflows of -$137.6M add pressure. Despite EMAs being bullish-stacked and RSI neutral, the evidence base strongly disfavors entry."
22,2026-05-05T15:10:52+00:00,1h,NO_PRICE_AT_HORIZON,81444.81,,,,,scheduled,60.3,50,-0.002486,HOLD,72,NO_PRICE,,,,,,,,,HOLD,,"Historical win rate of 35% at similar market conditions is well below the 55% threshold required to act. Average 24h return of -3.69% in comparable setups is strongly negative. MACD is bearish (signal crossing), volume ratio is effectively zero indicating no conviction, negative funding rate suggests bearish bias, and ETF outflows of -$137.6M add pressure. Despite EMAs being bullish-stacked and RSI neutral, the evidence base strongly disfavors entry.",0,,,,NO_PRICE,,0,,,,,,,,,,,,,,,,,,,,,,,,,,,,,rsi_55_65|fg_neutral|funding_neutral|trigger_scheduled|final_HOLD|claude_HOLD|candidate_UNKNOWN|candidate_source_unknown,"Historical win rate of 35% at similar market conditions is well below the 55% threshold required to act. Average 24h return of -3.69% in comparable setups is strongly negative. MACD is bearish (signal crossing), volume ratio is effectively zero indicating no conviction, negative funding rate suggests bearish bias, and ETF outflows of -$137.6M add pressure. Despite EMAs being bullish-stacked and RSI neutral, the evidence base strongly disfavors entry."
22,2026-05-05T15:10:52+00:00,4h,SCORED,81444.81,2026-05-05T19:42:32+00:00,81588.25,decisions,0.1761,scheduled,60.3,50,-0.002486,HOLD,72,OK_HOLD,,,,,,,,,HOLD,,"Historical win rate of 35% at similar market conditions is well below the 55% threshold required to act. Average 24h return of -3.69% in comparable setups is strongly negative. MACD is bearish (signal crossing), volume ratio is effectively zero indicating no conviction, negative funding rate suggests bearish bias, and ETF outflows of -$137.6M add pressure. Despite EMAs being bullish-stacked and RSI neutral, the evidence base strongly disfavors entry.",0,,,,OK_HOLD,,0,,,,,,,,,,,,,,,,,,,,,,,,,,,,,rsi_55_65|fg_neutral|funding_neutral|trigger_scheduled|final_HOLD|claude_HOLD|candidate_UNKNOWN|candidate_source_unknown,"Historical win rate of 35% at similar market conditions is well below the 55% threshold required to act. Average 24h return of -3.69% in comparable setups is strongly negative. MACD is bearish (signal crossing), volume ratio is effectively zero indicating no conviction, negative funding rate suggests bearish bias, and ETF outflows of -$137.6M add pressure. Despite EMAs being bullish-stacked and RSI neutral, the evidence base strongly disfavors entry."
22,2026-05-05T15:10:52+00:00,24h,SCORED,81444.81,2026-05-06T17:57:32+00:00,81459.9,decisions,0.0185,scheduled,60.3,50,-0.002486,HOLD,72,OK_HOLD,,,,,,,,,HOLD,,"Historical win rate of 35% at similar market conditions is well below the 55% threshold required to act. Average 24h return of -3.69% in comparable setups is strongly negative. MACD is bearish (signal crossing), volume ratio is effectively zero indicating no conviction, negative funding rate suggests bearish bias, and ETF outflows of -$137.6M add pressure. Despite EMAs being bullish-stacked and RSI neutral, the evidence base strongly disfavors entry.",0,,,,OK_HOLD,,0,,,,,,,,,,,,,,,,,,,,,,,,,,,,,rsi_55_65|fg_neutral|funding_neutral|trigger_scheduled|final_HOLD|claude_HOLD|candidate_UNKNOWN|candidate_source_unknown,"Historical win rate of 35% at similar market conditions is well below the 55% threshold required to act. Average 24h return of -3.69% in comparable setups is strongly negative. MACD is bearish (signal crossing), volume ratio is effectively zero indicating no conviction, negative funding rate suggests bearish bias, and ETF outflows of -$137.6M add pressure. Despite EMAs being bullish-stacked and RSI neutral, the evidence base strongly disfavors entry."
23,2026-05-05T15:27:14+00:00,15m,SCORED,81603.96,2026-05-05T16:08:24+00:00,81577.17,decisions,-0.0328,scheduled,63.4,50,-0.002486,HOLD,35,OK_HOLD,,,,,,,,,HOLD,,"Historical win rate of 40% in 20 similar past moments is well below the 55% threshold required to deviate from HOLD. Additionally, volume ratio is 0.0 indicating no conviction, Stochastic K at 86 suggests overbought conditions, ETF flows are negative (-$137.6M), funding rate is negative suggesting bearish derivatives sentiment, and 24h average return in similar setups is -5.19%.",0,,,,OK_HOLD,,0,,,,,,,,,,,,,,,,,,,,,,,,,,,,,rsi_55_65|fg_neutral|funding_neutral|trigger_scheduled|final_HOLD|claude_HOLD|candidate_UNKNOWN|candidate_source_unknown,"Historical win rate of 40% in 20 similar past moments is well below the 55% threshold required to deviate from HOLD. Additionally, volume ratio is 0.0 indicating no conviction, Stochastic K at 86 suggests overbought conditions, ETF flows are negative (-$137.6M), funding rate is negative suggesting bearish derivatives sentiment, and 24h average return in similar setups is -5.19%."
23,2026-05-05T15:27:14+00:00,1h,NO_PRICE_AT_HORIZON,81603.96,,,,,scheduled,63.4,50,-0.002486,HOLD,35,NO_PRICE,,,,,,,,,HOLD,,"Historical win rate of 40% in 20 similar past moments is well below the 55% threshold required to deviate from HOLD. Additionally, volume ratio is 0.0 indicating no conviction, Stochastic K at 86 suggests overbought conditions, ETF flows are negative (-$137.6M), funding rate is negative suggesting bearish derivatives sentiment, and 24h average return in similar setups is -5.19%.",0,,,,NO_PRICE,,0,,,,,,,,,,,,,,,,,,,,,,,,,,,,,rsi_55_65|fg_neutral|funding_neutral|trigger_scheduled|final_HOLD|claude_HOLD|candidate_UNKNOWN|candidate_source_unknown,"Historical win rate of 40% in 20 similar past moments is well below the 55% threshold required to deviate from HOLD. Additionally, volume ratio is 0.0 indicating no conviction, Stochastic K at 86 suggests overbought conditions, ETF flows are negative (-$137.6M), funding rate is negative suggesting bearish derivatives sentiment, and 24h average return in similar setups is -5.19%."
23,2026-05-05T15:27:14+00:00,4h,SCORED,81603.96,2026-05-05T19:42:32+00:00,81588.25,decisions,-0.0193,scheduled,63.4,50,-0.002486,HOLD,35,OK_HOLD,,,,,,,,,HOLD,,"Historical win rate of 40% in 20 similar past moments is well below the 55% threshold required to deviate from HOLD. Additionally, volume ratio is 0.0 indicating no conviction, Stochastic K at 86 suggests overbought conditions, ETF flows are negative (-$137.6M), funding rate is negative suggesting bearish derivatives sentiment, and 24h average return in similar setups is -5.19%.",0,,,,OK_HOLD,,0,,,,,,,,,,,,,,,,,,,,,,,,,,,,,rsi_55_65|fg_neutral|funding_neutral|trigger_scheduled|final_HOLD|claude_HOLD|candidate_UNKNOWN|candidate_source_unknown,"Historical win rate of 40% in 20 similar past moments is well below the 55% threshold required to deviate from HOLD. Additionally, volume ratio is 0.0 indicating no conviction, Stochastic K at 86 suggests overbought conditions, ETF flows are negative (-$137.6M), funding rate is negative suggesting bearish derivatives sentiment, and 24h average return in similar setups is -5.19%."
23,2026-05-05T15:27:14+00:00,24h,SCORED,81603.96,2026-05-06T17:57:32+00:00,81459.9,decisions,-0.1765,scheduled,63.4,50,-0.002486,HOLD,35,OK_HOLD,,,,,,,,,HOLD,,"Historical win rate of 40% in 20 similar past moments is well below the 55% threshold required to deviate from HOLD. Additionally, volume ratio is 0.0 indicating no conviction, Stochastic K at 86 suggests overbought conditions, ETF flows are negative (-$137.6M), funding rate is negative suggesting bearish derivatives sentiment, and 24h average return in similar setups is -5.19%.",0,,,,OK_HOLD,,0,,,,,,,,,,,,,,,,,,,,,,,,,,,,,rsi_55_65|fg_neutral|funding_neutral|trigger_scheduled|final_HOLD|claude_HOLD|candidate_UNKNOWN|candidate_source_unknown,"Historical win rate of 40% in 20 similar past moments is well below the 55% threshold required to deviate from HOLD. Additionally, volume ratio is 0.0 indicating no conviction, Stochastic K at 86 suggests overbought conditions, ETF flows are negative (-$137.6M), funding rate is negative suggesting bearish derivatives sentiment, and 24h average return in similar setups is -5.19%."
24,2026-05-05T15:30:32+00:00,15m,SCORED,81658.56,2026-05-05T16:08:24+00:00,81577.17,decisions,-0.0997,scheduled,65.1,50,-0.002486,HOLD,35,OK_HOLD,,,,,,,,,HOLD,,"Historical win rate of 40% in 20 similar past moments is well below the 55% threshold required to act, making any trade entry unjustifiable regardless of short-term technical signals.",0,,,,OK_HOLD,,0,,,,,,,,,,,,,,,,,,,,,,,,,,,,,rsi_gte_65|fg_neutral|funding_neutral|trigger_scheduled|final_HOLD|claude_HOLD|candidate_UNKNOWN|candidate_source_unknown,"Historical win rate of 40% in 20 similar past moments is well below the 55% threshold required to act, making any trade entry unjustifiable regardless of short-term technical signals."
24,2026-05-05T15:30:32+00:00,1h,NO_PRICE_AT_HORIZON,81658.56,,,,,scheduled,65.1,50,-0.002486,HOLD,35,NO_PRICE,,,,,,,,,HOLD,,"Historical win rate of 40% in 20 similar past moments is well below the 55% threshold required to act, making any trade entry unjustifiable regardless of short-term technical signals.",0,,,,NO_PRICE,,0,,,,,,,,,,,,,,,,,,,,,,,,,,,,,rsi_gte_65|fg_neutral|funding_neutral|trigger_scheduled|final_HOLD|claude_HOLD|candidate_UNKNOWN|candidate_source_unknown,"Historical win rate of 40% in 20 similar past moments is well below the 55% threshold required to act, making any trade entry unjustifiable regardless of short-term technical signals."
24,2026-05-05T15:30:32+00:00,4h,SCORED,81658.56,2026-05-05T19:42:32+00:00,81588.25,decisions,-0.0861,scheduled,65.1,50,-0.002486,HOLD,35,OK_HOLD,,,,,,,,,HOLD,,"Historical win rate of 40% in 20 similar past moments is well below the 55% threshold required to act, making any trade entry unjustifiable regardless of short-term technical signals.",0,,,,OK_HOLD,,0,,,,,,,,,,,,,,,,,,,,,,,,,,,,,rsi_gte_65|fg_neutral|funding_neutral|trigger_scheduled|final_HOLD|claude_HOLD|candidate_UNKNOWN|candidate_source_unknown,"Historical win rate of 40% in 20 similar past moments is well below the 55% threshold required to act, making any trade entry unjustifiable regardless of short-term technical signals."
24,2026-05-05T15:30:32+00:00,24h,SCORED,81658.56,2026-05-06T17:57:32+00:00,81459.9,decisions,-0.2433,scheduled,65.1,50,-0.002486,HOLD,35,OK_HOLD,,,,,,,,,HOLD,,"Historical win rate of 40% in 20 similar past moments is well below the 55% threshold required to act, making any trade entry unjustifiable regardless of short-term technical signals.",0,,,,OK_HOLD,,0,,,,,,,,,,,,,,,,,,,,,,,,,,,,,rsi_gte_65|fg_neutral|funding_neutral|trigger_scheduled|final_HOLD|claude_HOLD|candidate_UNKNOWN|candidate_source_unknown,"Historical win rate of 40% in 20 similar past moments is well below the 55% threshold required to act, making any trade entry unjustifiable regardless of short-term technical signals."
25,2026-05-05T16:08:24+00:00,15m,NO_PRICE_AT_HORIZON,81577.17,,,,,scheduled,61.5,50,-0.002486,HOLD,45,NO_PRICE,,tq65_shadow60_risk_v1,HOLD,none,45,"Mixed signals dominate: short-term technicals are mildly bullish (price above all EMAs, MACD bullish, RSI 61.5) but 24h historical return is deeply negative (-8.68%) at similar setups, ETF outflows of $137.6M signal institutional selling, negative funding rate suggests bearish derivatives sentiment, and Bollinger Band squeeze warns of high volatility ahead with uncertain direction. Historical signals at similar moments: 0 BUY, 0 SELL, 20 HOLD.",74.5,74.5,HOLD,,"Mixed signals dominate: short-term technicals are mildly bullish (price above all EMAs, MACD bullish, RSI 61.5) but 24h historical return is deeply negative (-8.68%) at similar setups, ETF outflows of $137.6M signal institutional selling, negative funding rate suggests bearish derivatives sentiment, and Bollinger Band squeeze warns of high volatility ahead with uncertain direction. Historical signals at similar moments: 0 BUY, 0 SELL, 20 HOLD.",0,,,,NO_PRICE,,0,74.5,volume_unreliable_not_bearish,BUY,74.5,volume_unreliable_not_bearish,,84024.49,,,,,,,,,,,,,,,,,,,,,,rsi_55_65|fg_neutral|funding_neutral|trigger_scheduled|final_HOLD|claude_HOLD|candidate_HOLD|candidate_source_none,"Mixed signals dominate: short-term technicals are mildly bullish (price above all EMAs, MACD bullish, RSI 61.5) but 24h historical return is deeply negative (-8.68%) at similar setups, ETF outflows of $137.6M signal institutional selling, negative funding rate suggests bearish derivatives sentiment, and Bollinger Band squeeze warns of high volatility ahead with uncertain direction. Historical signals at similar moments: 0 BUY, 0 SELL, 20 HOLD."
25,2026-05-05T16:08:24+00:00,1h,NO_PRICE_AT_HORIZON,81577.17,,,,,scheduled,61.5,50,-0.002486,HOLD,45,NO_PRICE,,tq65_shadow60_risk_v1,HOLD,none,45,"Mixed signals dominate: short-term technicals are mildly bullish (price above all EMAs, MACD bullish, RSI 61.5) but 24h historical return is deeply negative (-8.68%) at similar setups, ETF outflows of $137.6M signal institutional selling, negative funding rate suggests bearish derivatives sentiment, and Bollinger Band squeeze warns of high volatility ahead with uncertain direction. Historical signals at similar moments: 0 BUY, 0 SELL, 20 HOLD.",74.5,74.5,HOLD,,"Mixed signals dominate: short-term technicals are mildly bullish (price above all EMAs, MACD bullish, RSI 61.5) but 24h historical return is deeply negative (-8.68%) at similar setups, ETF outflows of $137.6M signal institutional selling, negative funding rate suggests bearish derivatives sentiment, and Bollinger Band squeeze warns of high volatility ahead with uncertain direction. Historical signals at similar moments: 0 BUY, 0 SELL, 20 HOLD.",0,,,,NO_PRICE,,0,74.5,volume_unreliable_not_bearish,BUY,74.5,volume_unreliable_not_bearish,,84024.49,,,,,,,,,,,,,,,,,,,,,,rsi_55_65|fg_neutral|funding_neutral|trigger_scheduled|final_HOLD|claude_HOLD|candidate_HOLD|candidate_source_none,"Mixed signals dominate: short-term technicals are mildly bullish (price above all EMAs, MACD bullish, RSI 61.5) but 24h historical return is deeply negative (-8.68%) at similar setups, ETF outflows of $137.6M signal institutional selling, negative funding rate suggests bearish derivatives sentiment, and Bollinger Band squeeze warns of high volatility ahead with uncertain direction. Historical signals at similar moments: 0 BUY, 0 SELL, 20 HOLD."
25,2026-05-05T16:08:24+00:00,4h,SCORED,81577.17,2026-05-05T20:57:26+00:00,81644.24,decisions,0.0822,scheduled,61.5,50,-0.002486,HOLD,45,OK_HOLD,,tq65_shadow60_risk_v1,HOLD,none,45,"Mixed signals dominate: short-term technicals are mildly bullish (price above all EMAs, MACD bullish, RSI 61.5) but 24h historical return is deeply negative (-8.68%) at similar setups, ETF outflows of $137.6M signal institutional selling, negative funding rate suggests bearish derivatives sentiment, and Bollinger Band squeeze warns of high volatility ahead with uncertain direction. Historical signals at similar moments: 0 BUY, 0 SELL, 20 HOLD.",74.5,74.5,HOLD,,"Mixed signals dominate: short-term technicals are mildly bullish (price above all EMAs, MACD bullish, RSI 61.5) but 24h historical return is deeply negative (-8.68%) at similar setups, ETF outflows of $137.6M signal institutional selling, negative funding rate suggests bearish derivatives sentiment, and Bollinger Band squeeze warns of high volatility ahead with uncertain direction. Historical signals at similar moments: 0 BUY, 0 SELL, 20 HOLD.",0,,,,OK_HOLD,,0,74.5,volume_unreliable_not_bearish,BUY,74.5,volume_unreliable_not_bearish,,84024.49,,,,,,,,,,,,,,,,,,,,,,rsi_55_65|fg_neutral|funding_neutral|trigger_scheduled|final_HOLD|claude_HOLD|candidate_HOLD|candidate_source_none,"Mixed signals dominate: short-term technicals are mildly bullish (price above all EMAs, MACD bullish, RSI 61.5) but 24h historical return is deeply negative (-8.68%) at similar setups, ETF outflows of $137.6M signal institutional selling, negative funding rate suggests bearish derivatives sentiment, and Bollinger Band squeeze warns of high volatility ahead with uncertain direction. Historical signals at similar moments: 0 BUY, 0 SELL, 20 HOLD."
25,2026-05-05T16:08:24+00:00,24h,SCORED,81577.17,2026-05-06T17:57:32+00:00,81459.9,decisions,-0.1438,scheduled,61.5,50,-0.002486,HOLD,45,OK_HOLD,,tq65_shadow60_risk_v1,HOLD,none,45,"Mixed signals dominate: short-term technicals are mildly bullish (price above all EMAs, MACD bullish, RSI 61.5) but 24h historical return is deeply negative (-8.68%) at similar setups, ETF outflows of $137.6M signal institutional selling, negative funding rate suggests bearish derivatives sentiment, and Bollinger Band squeeze warns of high volatility ahead with uncertain direction. Historical signals at similar moments: 0 BUY, 0 SELL, 20 HOLD.",74.5,74.5,HOLD,,"Mixed signals dominate: short-term technicals are mildly bullish (price above all EMAs, MACD bullish, RSI 61.5) but 24h historical return is deeply negative (-8.68%) at similar setups, ETF outflows of $137.6M signal institutional selling, negative funding rate suggests bearish derivatives sentiment, and Bollinger Band squeeze warns of high volatility ahead with uncertain direction. Historical signals at similar moments: 0 BUY, 0 SELL, 20 HOLD.",0,,,,OK_HOLD,,0,74.5,volume_unreliable_not_bearish,BUY,74.5,volume_unreliable_not_bearish,,84024.49,,,,,,,,,,,,,,,,,,,,,,rsi_55_65|fg_neutral|funding_neutral|trigger_scheduled|final_HOLD|claude_HOLD|candidate_HOLD|candidate_source_none,"Mixed signals dominate: short-term technicals are mildly bullish (price above all EMAs, MACD bullish, RSI 61.5) but 24h historical return is deeply negative (-8.68%) at similar setups, ETF outflows of $137.6M signal institutional selling, negative funding rate suggests bearish derivatives sentiment, and Bollinger Band squeeze warns of high volatility ahead with uncertain direction. Historical signals at similar moments: 0 BUY, 0 SELL, 20 HOLD."
26,2026-05-05T19:42:32+00:00,15m,NO_PRICE_AT_HORIZON,81588.25,,,,,scheduled,57.7,50,-0.002486,HOLD,45,NO_PRICE,,tq65_shadow60_risk_v1,HOLD,none,45,"Mixed signals prevent conviction: technicals are modestly bullish (price above all EMAs, bullish MACD, BB squeeze suggesting potential breakout) but Stoch K at 89.6 is overbought, 24h historical return is deeply negative (-6.89%), ETF outflows of $137.6M signal institutional selling, and negative funding rate suggests bearish derivatives sentiment. The 4h return looks strong historically (+4.93%) but the 24h mean-reversion to -6.89% on 50% win rate does not justify entry.",75.0,75.0,HOLD,,"Mixed signals prevent conviction: technicals are modestly bullish (price above all EMAs, bullish MACD, BB squeeze suggesting potential breakout) but Stoch K at 89.6 is overbought, 24h historical return is deeply negative (-6.89%), ETF outflows of $137.6M signal institutional selling, and negative funding rate suggests bearish derivatives sentiment. The 4h return looks strong historically (+4.93%) but the 24h mean-reversion to -6.89% on 50% win rate does not justify entry.",0,,,,NO_PRICE,,0,75.0,volume_unreliable_not_bearish,BUY,75.0,volume_unreliable_not_bearish,81314.9,84035.9,,,,,,,,,,,,,,,,,,,,,,rsi_55_65|fg_neutral|funding_neutral|trigger_scheduled|final_HOLD|claude_HOLD|candidate_HOLD|candidate_source_none,"Mixed signals prevent conviction: technicals are modestly bullish (price above all EMAs, bullish MACD, BB squeeze suggesting potential breakout) but Stoch K at 89.6 is overbought, 24h historical return is deeply negative (-6.89%), ETF outflows of $137.6M signal institutional selling, and negative funding rate suggests bearish derivatives sentiment. The 4h return looks strong historically (+4.93%) but the 24h mean-reversion to -6.89% on 50% win rate does not justify entry."
26,2026-05-05T19:42:32+00:00,1h,SCORED,81588.25,2026-05-05T20:57:26+00:00,81644.24,decisions,0.0686,scheduled,57.7,50,-0.002486,HOLD,45,OK_HOLD,,tq65_shadow60_risk_v1,HOLD,none,45,"Mixed signals prevent conviction: technicals are modestly bullish (price above all EMAs, bullish MACD, BB squeeze suggesting potential breakout) but Stoch K at 89.6 is overbought, 24h historical return is deeply negative (-6.89%), ETF outflows of $137.6M signal institutional selling, and negative funding rate suggests bearish derivatives sentiment. The 4h return looks strong historically (+4.93%) but the 24h mean-reversion to -6.89% on 50% win rate does not justify entry.",75.0,75.0,HOLD,,"Mixed signals prevent conviction: technicals are modestly bullish (price above all EMAs, bullish MACD, BB squeeze suggesting potential breakout) but Stoch K at 89.6 is overbought, 24h historical return is deeply negative (-6.89%), ETF outflows of $137.6M signal institutional selling, and negative funding rate suggests bearish derivatives sentiment. The 4h return looks strong historically (+4.93%) but the 24h mean-reversion to -6.89% on 50% win rate does not justify entry.",0,,,,OK_HOLD,,0,75.0,volume_unreliable_not_bearish,BUY,75.0,volume_unreliable_not_bearish,81314.9,84035.9,,,,,,,,,,,,,,,,,,,,,,rsi_55_65|fg_neutral|funding_neutral|trigger_scheduled|final_HOLD|claude_HOLD|candidate_HOLD|candidate_source_none,"Mixed signals prevent conviction: technicals are modestly bullish (price above all EMAs, bullish MACD, BB squeeze suggesting potential breakout) but Stoch K at 89.6 is overbought, 24h historical return is deeply negative (-6.89%), ETF outflows of $137.6M signal institutional selling, and negative funding rate suggests bearish derivatives sentiment. The 4h return looks strong historically (+4.93%) but the 24h mean-reversion to -6.89% on 50% win rate does not justify entry."
26,2026-05-05T19:42:32+00:00,4h,SCORED,81588.25,2026-05-06T00:00:00+00:00,81427.53,daily_csv,-0.197,scheduled,57.7,50,-0.002486,HOLD,45,OK_HOLD,,tq65_shadow60_risk_v1,HOLD,none,45,"Mixed signals prevent conviction: technicals are modestly bullish (price above all EMAs, bullish MACD, BB squeeze suggesting potential breakout) but Stoch K at 89.6 is overbought, 24h historical return is deeply negative (-6.89%), ETF outflows of $137.6M signal institutional selling, and negative funding rate suggests bearish derivatives sentiment. The 4h return looks strong historically (+4.93%) but the 24h mean-reversion to -6.89% on 50% win rate does not justify entry.",75.0,75.0,HOLD,,"Mixed signals prevent conviction: technicals are modestly bullish (price above all EMAs, bullish MACD, BB squeeze suggesting potential breakout) but Stoch K at 89.6 is overbought, 24h historical return is deeply negative (-6.89%), ETF outflows of $137.6M signal institutional selling, and negative funding rate suggests bearish derivatives sentiment. The 4h return looks strong historically (+4.93%) but the 24h mean-reversion to -6.89% on 50% win rate does not justify entry.",0,,,,OK_HOLD,,0,75.0,volume_unreliable_not_bearish,BUY,75.0,volume_unreliable_not_bearish,81314.9,84035.9,,,,,,,,,,,,,,,,,,,,,,rsi_55_65|fg_neutral|funding_neutral|trigger_scheduled|final_HOLD|claude_HOLD|candidate_HOLD|candidate_source_none,"Mixed signals prevent conviction: technicals are modestly bullish (price above all EMAs, bullish MACD, BB squeeze suggesting potential breakout) but Stoch K at 89.6 is overbought, 24h historical return is deeply negative (-6.89%), ETF outflows of $137.6M signal institutional selling, and negative funding rate suggests bearish derivatives sentiment. The 4h return looks strong historically (+4.93%) but the 24h mean-reversion to -6.89% on 50% win rate does not justify entry."
26,2026-05-05T19:42:32+00:00,24h,SCORED,81588.25,2026-05-06T20:59:44+00:00,81420.0,decisions,-0.2062,scheduled,57.7,50,-0.002486,HOLD,45,OK_HOLD,,tq65_shadow60_risk_v1,HOLD,none,45,"Mixed signals prevent conviction: technicals are modestly bullish (price above all EMAs, bullish MACD, BB squeeze suggesting potential breakout) but Stoch K at 89.6 is overbought, 24h historical return is deeply negative (-6.89%), ETF outflows of $137.6M signal institutional selling, and negative funding rate suggests bearish derivatives sentiment. The 4h return looks strong historically (+4.93%) but the 24h mean-reversion to -6.89% on 50% win rate does not justify entry.",75.0,75.0,HOLD,,"Mixed signals prevent conviction: technicals are modestly bullish (price above all EMAs, bullish MACD, BB squeeze suggesting potential breakout) but Stoch K at 89.6 is overbought, 24h historical return is deeply negative (-6.89%), ETF outflows of $137.6M signal institutional selling, and negative funding rate suggests bearish derivatives sentiment. The 4h return looks strong historically (+4.93%) but the 24h mean-reversion to -6.89% on 50% win rate does not justify entry.",0,,,,OK_HOLD,,0,75.0,volume_unreliable_not_bearish,BUY,75.0,volume_unreliable_not_bearish,81314.9,84035.9,,,,,,,,,,,,,,,,,,,,,,rsi_55_65|fg_neutral|funding_neutral|trigger_scheduled|final_HOLD|claude_HOLD|candidate_HOLD|candidate_source_none,"Mixed signals prevent conviction: technicals are modestly bullish (price above all EMAs, bullish MACD, BB squeeze suggesting potential breakout) but Stoch K at 89.6 is overbought, 24h historical return is deeply negative (-6.89%), ETF outflows of $137.6M signal institutional selling, and negative funding rate suggests bearish derivatives sentiment. The 4h return looks strong historically (+4.93%) but the 24h mean-reversion to -6.89% on 50% win rate does not justify entry."
27,2026-05-05T20:57:26+00:00,15m,NO_PRICE_AT_HORIZON,81644.24,,,,,scheduled,57.1,50,-0.002486,BUY,65,NO_PRICE,,tq65_shadow60_risk_v1,BUY,trade_quality,65,"Trade Quality Score 76.0/100 is above BUY threshold 65.0. Primary reason: volume_unreliable_not_bearish. Original Claude HOLD reason: Mixed signals dominate: technicals are mildly bullish (price above all EMAs, bullish MACD, neutral RSI at 57) but historical evidence shows average 24h return of -8.51% across 20 similar setups, with all 20 prior signals resulting in HOLDs. Negative ETF flows (-$137.6M), negative funding rate suggesting bearish derivatives sentiment, and a Bollinger Band squeeze (",66.0,66.0,HOLD,bb_squeeze,Bollinger Band squeeze (width=0.0080). No directional trend — skipping.,1,bb_squeeze,81644.24,66.0,NO_PRICE,,0,66.0,volume_unreliable_not_bearish,BUY,66.0,volume_unreliable_not_bearish,81384.5,84093.57,,,,,,,,,,,,,,,,,,,,,,rsi_55_65|fg_neutral|funding_neutral|trigger_scheduled|final_HOLD|claude_BUY|candidate_BUY|candidate_source_trade_quality,"Trade Quality Score 76.0/100 is above BUY threshold 65.0. Primary reason: volume_unreliable_not_bearish. Original Claude HOLD reason: Mixed signals dominate: technicals are mildly bullish (price above all EMAs, bullish MACD, neutral RSI at 57) but historical evidence shows average 24h return of -8.51% across 20 similar setups, with all 20 prior signals resulting in HOLDs. Negative ETF flows (-$137.6M), negative funding rate suggesting bearish derivatives sentiment, and a Bollinger Band squeeze ("
27,2026-05-05T20:57:26+00:00,1h,SCORED,81644.24,2026-05-05T22:21:03+00:00,81365.63,decisions,-0.3412,scheduled,57.1,50,-0.002486,BUY,65,BAD_BUY,False,tq65_shadow60_risk_v1,BUY,trade_quality,65,"Trade Quality Score 76.0/100 is above BUY threshold 65.0. Primary reason: volume_unreliable_not_bearish. Original Claude HOLD reason: Mixed signals dominate: technicals are mildly bullish (price above all EMAs, bullish MACD, neutral RSI at 57) but historical evidence shows average 24h return of -8.51% across 20 similar setups, with all 20 prior signals resulting in HOLDs. Negative ETF flows (-$137.6M), negative funding rate suggesting bearish derivatives sentiment, and a Bollinger Band squeeze (",66.0,66.0,HOLD,bb_squeeze,Bollinger Band squeeze (width=0.0080). No directional trend — skipping.,1,bb_squeeze,81644.24,66.0,OK_HOLD,,0,66.0,volume_unreliable_not_bearish,BUY,66.0,volume_unreliable_not_bearish,81384.5,84093.57,,,,,,,,,,,,,,,,,,,,,,rsi_55_65|fg_neutral|funding_neutral|trigger_scheduled|final_HOLD|claude_BUY|candidate_BUY|candidate_source_trade_quality,"Trade Quality Score 76.0/100 is above BUY threshold 65.0. Primary reason: volume_unreliable_not_bearish. Original Claude HOLD reason: Mixed signals dominate: technicals are mildly bullish (price above all EMAs, bullish MACD, neutral RSI at 57) but historical evidence shows average 24h return of -8.51% across 20 similar setups, with all 20 prior signals resulting in HOLDs. Negative ETF flows (-$137.6M), negative funding rate suggesting bearish derivatives sentiment, and a Bollinger Band squeeze ("
27,2026-05-05T20:57:26+00:00,4h,SCORED,81644.24,2026-05-06T01:56:34+00:00,81418.1,decisions,-0.277,scheduled,57.1,50,-0.002486,BUY,65,BAD_BUY,False,tq65_shadow60_risk_v1,BUY,trade_quality,65,"Trade Quality Score 76.0/100 is above BUY threshold 65.0. Primary reason: volume_unreliable_not_bearish. Original Claude HOLD reason: Mixed signals dominate: technicals are mildly bullish (price above all EMAs, bullish MACD, neutral RSI at 57) but historical evidence shows average 24h return of -8.51% across 20 similar setups, with all 20 prior signals resulting in HOLDs. Negative ETF flows (-$137.6M), negative funding rate suggesting bearish derivatives sentiment, and a Bollinger Band squeeze (",66.0,66.0,HOLD,bb_squeeze,Bollinger Band squeeze (width=0.0080). No directional trend — skipping.,1,bb_squeeze,81644.24,66.0,OK_HOLD,,0,66.0,volume_unreliable_not_bearish,BUY,66.0,volume_unreliable_not_bearish,81384.5,84093.57,,,,,,,,,,,,,,,,,,,,,,rsi_55_65|fg_neutral|funding_neutral|trigger_scheduled|final_HOLD|claude_BUY|candidate_BUY|candidate_source_trade_quality,"Trade Quality Score 76.0/100 is above BUY threshold 65.0. Primary reason: volume_unreliable_not_bearish. Original Claude HOLD reason: Mixed signals dominate: technicals are mildly bullish (price above all EMAs, bullish MACD, neutral RSI at 57) but historical evidence shows average 24h return of -8.51% across 20 similar setups, with all 20 prior signals resulting in HOLDs. Negative ETF flows (-$137.6M), negative funding rate suggesting bearish derivatives sentiment, and a Bollinger Band squeeze ("
27,2026-05-05T20:57:26+00:00,24h,SCORED,81644.24,2026-05-06T20:59:44+00:00,81420.0,decisions,-0.2747,scheduled,57.1,50,-0.002486,BUY,65,BAD_BUY,False,tq65_shadow60_risk_v1,BUY,trade_quality,65,"Trade Quality Score 76.0/100 is above BUY threshold 65.0. Primary reason: volume_unreliable_not_bearish. Original Claude HOLD reason: Mixed signals dominate: technicals are mildly bullish (price above all EMAs, bullish MACD, neutral RSI at 57) but historical evidence shows average 24h return of -8.51% across 20 similar setups, with all 20 prior signals resulting in HOLDs. Negative ETF flows (-$137.6M), negative funding rate suggesting bearish derivatives sentiment, and a Bollinger Band squeeze (",66.0,66.0,HOLD,bb_squeeze,Bollinger Band squeeze (width=0.0080). No directional trend — skipping.,1,bb_squeeze,81644.24,66.0,OK_HOLD,,0,66.0,volume_unreliable_not_bearish,BUY,66.0,volume_unreliable_not_bearish,81384.5,84093.57,,,,,,,,,,,,,,,,,,,,,,rsi_55_65|fg_neutral|funding_neutral|trigger_scheduled|final_HOLD|claude_BUY|candidate_BUY|candidate_source_trade_quality,"Trade Quality Score 76.0/100 is above BUY threshold 65.0. Primary reason: volume_unreliable_not_bearish. Original Claude HOLD reason: Mixed signals dominate: technicals are mildly bullish (price above all EMAs, bullish MACD, neutral RSI at 57) but historical evidence shows average 24h return of -8.51% across 20 similar setups, with all 20 prior signals resulting in HOLDs. Negative ETF flows (-$137.6M), negative funding rate suggesting bearish derivatives sentiment, and a Bollinger Band squeeze ("
28,2026-05-05T22:21:03+00:00,15m,NO_PRICE_AT_HORIZON,81365.63,,,,,scheduled,46.1,50,-0.002486,HOLD,62,NO_PRICE,,tq65_shadow60_risk_v1,BUY,trade_quality,65,"Trade Quality Score 80.0/100 is above BUY threshold 65.0. Primary reason: volume_unreliable_not_bearish. Original Claude HOLD reason: Historical evidence shows 40% win rate with avg 24h return of -5.59% in similar setups, strongly warning against entry. MACD is bearish, RSI at 46 is weak, ETF outflows of -$137.6M signal institutional selling, negative funding rate suggests market leans bearish, and Bollinger Band squeeze provides no directional clarity. While price is above EMA 200/50 and Fear & Greed is neutral, the combination of poor 24h historical returns and bearish derivatives outweighs any bullish case.",80.0,70.0,HOLD,bb_squeeze,Bollinger Band squeeze (width=0.0059). No directional trend — skipping.,1,bb_squeeze,81365.63,80.0,NO_PRICE,,0,70.0,volume_unreliable_not_bearish,BUY,80.0,volume_unreliable_not_bearish,81113.99,83806.6,,,,,,,,,,,,,,,,,,,,,,rsi_45_55|fg_neutral|funding_neutral|trigger_scheduled|final_HOLD|claude_HOLD|candidate_BUY|candidate_source_trade_quality,"Historical evidence shows 40% win rate with avg 24h return of -5.59% in similar setups, strongly warning against entry. MACD is bearish, RSI at 46 is weak, ETF outflows of -$137.6M signal institutional selling, negative funding rate suggests market leans bearish, and Bollinger Band squeeze provides no directional clarity. While price is above EMA 200/50 and Fear & Greed is neutral, the combination of poor 24h historical returns and bearish derivatives outweighs any bullish case."
28,2026-05-05T22:21:03+00:00,1h,SCORED,81365.63,2026-05-06T00:00:00+00:00,81427.53,daily_csv,0.0761,scheduled,46.1,50,-0.002486,HOLD,62,OK_HOLD,,tq65_shadow60_risk_v1,BUY,trade_quality,65,"Trade Quality Score 80.0/100 is above BUY threshold 65.0. Primary reason: volume_unreliable_not_bearish. Original Claude HOLD reason: Historical evidence shows 40% win rate with avg 24h return of -5.59% in similar setups, strongly warning against entry. MACD is bearish, RSI at 46 is weak, ETF outflows of -$137.6M signal institutional selling, negative funding rate suggests market leans bearish, and Bollinger Band squeeze provides no directional clarity. While price is above EMA 200/50 and Fear & Greed is neutral, the combination of poor 24h historical returns and bearish derivatives outweighs any bullish case.",80.0,70.0,HOLD,bb_squeeze,Bollinger Band squeeze (width=0.0059). No directional trend — skipping.,1,bb_squeeze,81365.63,80.0,OK_HOLD,,0,70.0,volume_unreliable_not_bearish,BUY,80.0,volume_unreliable_not_bearish,81113.99,83806.6,,,,,,,,,,,,,,,,,,,,,,rsi_45_55|fg_neutral|funding_neutral|trigger_scheduled|final_HOLD|claude_HOLD|candidate_BUY|candidate_source_trade_quality,"Historical evidence shows 40% win rate with avg 24h return of -5.59% in similar setups, strongly warning against entry. MACD is bearish, RSI at 46 is weak, ETF outflows of -$137.6M signal institutional selling, negative funding rate suggests market leans bearish, and Bollinger Band squeeze provides no directional clarity. While price is above EMA 200/50 and Fear & Greed is neutral, the combination of poor 24h historical returns and bearish derivatives outweighs any bullish case."
28,2026-05-05T22:21:03+00:00,4h,SCORED,81365.63,2026-05-06T05:56:49+00:00,81251.5,decisions,-0.1403,scheduled,46.1,50,-0.002486,HOLD,62,OK_HOLD,,tq65_shadow60_risk_v1,BUY,trade_quality,65,"Trade Quality Score 80.0/100 is above BUY threshold 65.0. Primary reason: volume_unreliable_not_bearish. Original Claude HOLD reason: Historical evidence shows 40% win rate with avg 24h return of -5.59% in similar setups, strongly warning against entry. MACD is bearish, RSI at 46 is weak, ETF outflows of -$137.6M signal institutional selling, negative funding rate suggests market leans bearish, and Bollinger Band squeeze provides no directional clarity. While price is above EMA 200/50 and Fear & Greed is neutral, the combination of poor 24h historical returns and bearish derivatives outweighs any bullish case.",80.0,70.0,HOLD,bb_squeeze,Bollinger Band squeeze (width=0.0059). No directional trend — skipping.,1,bb_squeeze,81365.63,80.0,OK_HOLD,,0,70.0,volume_unreliable_not_bearish,BUY,80.0,volume_unreliable_not_bearish,81113.99,83806.6,,,,,,,,,,,,,,,,,,,,,,rsi_45_55|fg_neutral|funding_neutral|trigger_scheduled|final_HOLD|claude_HOLD|candidate_BUY|candidate_source_trade_quality,"Historical evidence shows 40% win rate with avg 24h return of -5.59% in similar setups, strongly warning against entry. MACD is bearish, RSI at 46 is weak, ETF outflows of -$137.6M signal institutional selling, negative funding rate suggests market leans bearish, and Bollinger Band squeeze provides no directional clarity. While price is above EMA 200/50 and Fear & Greed is neutral, the combination of poor 24h historical returns and bearish derivatives outweighs any bullish case."
28,2026-05-05T22:21:03+00:00,24h,SCORED,81365.63,2026-05-07T00:00:00+00:00,80009.99,daily_csv,-1.6661,scheduled,46.1,50,-0.002486,HOLD,62,AVOIDED_DOWNSIDE,True,tq65_shadow60_risk_v1,BUY,trade_quality,65,"Trade Quality Score 80.0/100 is above BUY threshold 65.0. Primary reason: volume_unreliable_not_bearish. Original Claude HOLD reason: Historical evidence shows 40% win rate with avg 24h return of -5.59% in similar setups, strongly warning against entry. MACD is bearish, RSI at 46 is weak, ETF outflows of -$137.6M signal institutional selling, negative funding rate suggests market leans bearish, and Bollinger Band squeeze provides no directional clarity. While price is above EMA 200/50 and Fear & Greed is neutral, the combination of poor 24h historical returns and bearish derivatives outweighs any bullish case.",80.0,70.0,HOLD,bb_squeeze,Bollinger Band squeeze (width=0.0059). No directional trend — skipping.,1,bb_squeeze,81365.63,80.0,AVOIDED_DOWNSIDE,True,0,70.0,volume_unreliable_not_bearish,BUY,80.0,volume_unreliable_not_bearish,81113.99,83806.6,,,,,,,,,,,,,,,,,,,,,,rsi_45_55|fg_neutral|funding_neutral|trigger_scheduled|final_HOLD|claude_HOLD|candidate_BUY|candidate_source_trade_quality,"Historical evidence shows 40% win rate with avg 24h return of -5.59% in similar setups, strongly warning against entry. MACD is bearish, RSI at 46 is weak, ETF outflows of -$137.6M signal institutional selling, negative funding rate suggests market leans bearish, and Bollinger Band squeeze provides no directional clarity. While price is above EMA 200/50 and Fear & Greed is neutral, the combination of poor 24h historical returns and bearish derivatives outweighs any bullish case."
29,2026-05-06T01:56:34+00:00,15m,NO_PRICE_AT_HORIZON,81418.1,,,,,scheduled,56.0,46,-0.002486,HOLD,45,NO_PRICE,,tq65_shadow60_risk_v1,BUY,trade_quality,65,"Trade Quality Score 73.5/100 is above BUY threshold 65.0. Primary reason: quality_high. Original Claude HOLD reason: Mixed signals dominate: bullish MACD crossover and price above all EMAs are offset by very low volume ratio (0.32), negative ETF flows (-$137.6M), negative funding rate suggesting bearish derivatives positioning, and historically poor 24h returns (-8.94% avg) at similar setups. The BB squeeze could precede a move in either direction but conviction is absent.",73.5,63.5,HOLD,bb_squeeze,Bollinger Band squeeze (width=0.0113). No directional trend — skipping.,1,bb_squeeze,81418.1,73.5,NO_PRICE,,0,63.5,risk_block_bb_squeeze,BUY,73.5,quality_high,81106.15,83860.64,,,,,,,,,,,,,,,,,,,,,,rsi_55_65|fg_neutral|funding_neutral|trigger_scheduled|final_HOLD|claude_HOLD|candidate_BUY|candidate_source_trade_quality,"Mixed signals dominate: bullish MACD crossover and price above all EMAs are offset by very low volume ratio (0.32), negative ETF flows (-$137.6M), negative funding rate suggesting bearish derivatives positioning, and historically poor 24h returns (-8.94% avg) at similar setups. The BB squeeze could precede a move in either direction but conviction is absent."
29,2026-05-06T01:56:34+00:00,1h,NO_PRICE_AT_HORIZON,81418.1,,,,,scheduled,56.0,46,-0.002486,HOLD,45,NO_PRICE,,tq65_shadow60_risk_v1,BUY,trade_quality,65,"Trade Quality Score 73.5/100 is above BUY threshold 65.0. Primary reason: quality_high. Original Claude HOLD reason: Mixed signals dominate: bullish MACD crossover and price above all EMAs are offset by very low volume ratio (0.32), negative ETF flows (-$137.6M), negative funding rate suggesting bearish derivatives positioning, and historically poor 24h returns (-8.94% avg) at similar setups. The BB squeeze could precede a move in either direction but conviction is absent.",73.5,63.5,HOLD,bb_squeeze,Bollinger Band squeeze (width=0.0113). No directional trend — skipping.,1,bb_squeeze,81418.1,73.5,NO_PRICE,,0,63.5,risk_block_bb_squeeze,BUY,73.5,quality_high,81106.15,83860.64,,,,,,,,,,,,,,,,,,,,,,rsi_55_65|fg_neutral|funding_neutral|trigger_scheduled|final_HOLD|claude_HOLD|candidate_BUY|candidate_source_trade_quality,"Mixed signals dominate: bullish MACD crossover and price above all EMAs are offset by very low volume ratio (0.32), negative ETF flows (-$137.6M), negative funding rate suggesting bearish derivatives positioning, and historically poor 24h returns (-8.94% avg) at similar setups. The BB squeeze could precede a move in either direction but conviction is absent."
29,2026-05-06T01:56:34+00:00,4h,SCORED,81418.1,2026-05-06T05:56:49+00:00,81251.5,decisions,-0.2046,scheduled,56.0,46,-0.002486,HOLD,45,OK_HOLD,,tq65_shadow60_risk_v1,BUY,trade_quality,65,"Trade Quality Score 73.5/100 is above BUY threshold 65.0. Primary reason: quality_high. Original Claude HOLD reason: Mixed signals dominate: bullish MACD crossover and price above all EMAs are offset by very low volume ratio (0.32), negative ETF flows (-$137.6M), negative funding rate suggesting bearish derivatives positioning, and historically poor 24h returns (-8.94% avg) at similar setups. The BB squeeze could precede a move in either direction but conviction is absent.",73.5,63.5,HOLD,bb_squeeze,Bollinger Band squeeze (width=0.0113). No directional trend — skipping.,1,bb_squeeze,81418.1,73.5,OK_HOLD,,0,63.5,risk_block_bb_squeeze,BUY,73.5,quality_high,81106.15,83860.64,,,,,,,,,,,,,,,,,,,,,,rsi_55_65|fg_neutral|funding_neutral|trigger_scheduled|final_HOLD|claude_HOLD|candidate_BUY|candidate_source_trade_quality,"Mixed signals dominate: bullish MACD crossover and price above all EMAs are offset by very low volume ratio (0.32), negative ETF flows (-$137.6M), negative funding rate suggesting bearish derivatives positioning, and historically poor 24h returns (-8.94% avg) at similar setups. The BB squeeze could precede a move in either direction but conviction is absent."
29,2026-05-06T01:56:34+00:00,24h,SCORED,81418.1,2026-05-07T02:12:58+00:00,80979.0,decisions,-0.5393,scheduled,56.0,46,-0.002486,HOLD,45,OK_HOLD,,tq65_shadow60_risk_v1,BUY,trade_quality,65,"Trade Quality Score 73.5/100 is above BUY threshold 65.0. Primary reason: quality_high. Original Claude HOLD reason: Mixed signals dominate: bullish MACD crossover and price above all EMAs are offset by very low volume ratio (0.32), negative ETF flows (-$137.6M), negative funding rate suggesting bearish derivatives positioning, and historically poor 24h returns (-8.94% avg) at similar setups. The BB squeeze could precede a move in either direction but conviction is absent.",73.5,63.5,HOLD,bb_squeeze,Bollinger Band squeeze (width=0.0113). No directional trend — skipping.,1,bb_squeeze,81418.1,73.5,OK_HOLD,,0,63.5,risk_block_bb_squeeze,BUY,73.5,quality_high,81106.15,83860.64,,,,,,,,,,,,,,,,,,,,,,rsi_55_65|fg_neutral|funding_neutral|trigger_scheduled|final_HOLD|claude_HOLD|candidate_BUY|candidate_source_trade_quality,"Mixed signals dominate: bullish MACD crossover and price above all EMAs are offset by very low volume ratio (0.32), negative ETF flows (-$137.6M), negative funding rate suggesting bearish derivatives positioning, and historically poor 24h returns (-8.94% avg) at similar setups. The BB squeeze could precede a move in either direction but conviction is absent."
30,2026-05-06T05:56:49+00:00,15m,NO_PRICE_AT_HORIZON,81251.5,,,,,scheduled,47.3,46,-0.002486,HOLD,55,NO_PRICE,,tq65_shadow60_risk_v1,BUY,trade_quality,65,"Trade Quality Score 79.5/100 is above BUY threshold 65.0. Primary reason: quality_high. Original Claude HOLD reason: Historical evidence shows a 35% win rate with a deeply negative 24h average return of -10.23%, placing this squarely at the HOLD threshold. Technicals are mixed: price is below EMA 20/50, MACD is bearish, volume ratio is extremely low (0.06), and Bollinger Band squeeze suggests an impending move but direction is unclear. Negative ETF flows (-$137.6M), negative funding rate, and a weakening macro backdrop (DXY near 99, gold at record highs suggesting risk-off rotation) add further headwinds. AI feedback loop explicitly flags BUY calls as weak at 4h with 0.0 accuracy.",79.5,69.5,HOLD,bb_squeeze,Bollinger Band squeeze (width=0.0074). No directional trend — skipping.,1,bb_squeeze,81251.5,79.5,NO_PRICE,,0,69.5,risk_block_bb_squeeze,BUY,79.5,quality_high,81005.11,83689.04,,,,,,,,,,,,,,,,,,,,,,rsi_45_55|fg_neutral|funding_neutral|trigger_scheduled|final_HOLD|claude_HOLD|candidate_BUY|candidate_source_trade_quality,"Historical evidence shows a 35% win rate with a deeply negative 24h average return of -10.23%, placing this squarely at the HOLD threshold. Technicals are mixed: price is below EMA 20/50, MACD is bearish, volume ratio is extremely low (0.06), and Bollinger Band squeeze suggests an impending move but direction is unclear. Negative ETF flows (-$137.6M), negative funding rate, and a weakening macro backdrop (DXY near 99, gold at record highs suggesting risk-off rotation) add further headwinds. AI f"
30,2026-05-06T05:56:49+00:00,1h,NO_PRICE_AT_HORIZON,81251.5,,,,,scheduled,47.3,46,-0.002486,HOLD,55,NO_PRICE,,tq65_shadow60_risk_v1,BUY,trade_quality,65,"Trade Quality Score 79.5/100 is above BUY threshold 65.0. Primary reason: quality_high. Original Claude HOLD reason: Historical evidence shows a 35% win rate with a deeply negative 24h average return of -10.23%, placing this squarely at the HOLD threshold. Technicals are mixed: price is below EMA 20/50, MACD is bearish, volume ratio is extremely low (0.06), and Bollinger Band squeeze suggests an impending move but direction is unclear. Negative ETF flows (-$137.6M), negative funding rate, and a weakening macro backdrop (DXY near 99, gold at record highs suggesting risk-off rotation) add further headwinds. AI feedback loop explicitly flags BUY calls as weak at 4h with 0.0 accuracy.",79.5,69.5,HOLD,bb_squeeze,Bollinger Band squeeze (width=0.0074). No directional trend — skipping.,1,bb_squeeze,81251.5,79.5,NO_PRICE,,0,69.5,risk_block_bb_squeeze,BUY,79.5,quality_high,81005.11,83689.04,,,,,,,,,,,,,,,,,,,,,,rsi_45_55|fg_neutral|funding_neutral|trigger_scheduled|final_HOLD|claude_HOLD|candidate_BUY|candidate_source_trade_quality,"Historical evidence shows a 35% win rate with a deeply negative 24h average return of -10.23%, placing this squarely at the HOLD threshold. Technicals are mixed: price is below EMA 20/50, MACD is bearish, volume ratio is extremely low (0.06), and Bollinger Band squeeze suggests an impending move but direction is unclear. Negative ETF flows (-$137.6M), negative funding rate, and a weakening macro backdrop (DXY near 99, gold at record highs suggesting risk-off rotation) add further headwinds. AI f"
30,2026-05-06T05:56:49+00:00,4h,SCORED,81251.5,2026-05-06T09:57:02+00:00,81975.9,decisions,0.8916,scheduled,47.3,46,-0.002486,HOLD,55,OK_HOLD,,tq65_shadow60_risk_v1,BUY,trade_quality,65,"Trade Quality Score 79.5/100 is above BUY threshold 65.0. Primary reason: quality_high. Original Claude HOLD reason: Historical evidence shows a 35% win rate with a deeply negative 24h average return of -10.23%, placing this squarely at the HOLD threshold. Technicals are mixed: price is below EMA 20/50, MACD is bearish, volume ratio is extremely low (0.06), and Bollinger Band squeeze suggests an impending move but direction is unclear. Negative ETF flows (-$137.6M), negative funding rate, and a weakening macro backdrop (DXY near 99, gold at record highs suggesting risk-off rotation) add further headwinds. AI feedback loop explicitly flags BUY calls as weak at 4h with 0.0 accuracy.",79.5,69.5,HOLD,bb_squeeze,Bollinger Band squeeze (width=0.0074). No directional trend — skipping.,1,bb_squeeze,81251.5,79.5,OK_HOLD,,0,69.5,risk_block_bb_squeeze,BUY,79.5,quality_high,81005.11,83689.04,,,,,,,,,,,,,,,,,,,,,,rsi_45_55|fg_neutral|funding_neutral|trigger_scheduled|final_HOLD|claude_HOLD|candidate_BUY|candidate_source_trade_quality,"Historical evidence shows a 35% win rate with a deeply negative 24h average return of -10.23%, placing this squarely at the HOLD threshold. Technicals are mixed: price is below EMA 20/50, MACD is bearish, volume ratio is extremely low (0.06), and Bollinger Band squeeze suggests an impending move but direction is unclear. Negative ETF flows (-$137.6M), negative funding rate, and a weakening macro backdrop (DXY near 99, gold at record highs suggesting risk-off rotation) add further headwinds. AI f"
30,2026-05-06T05:56:49+00:00,24h,SCORED,81251.5,2026-05-07T06:00:15+00:00,81067.7,decisions,-0.2262,scheduled,47.3,46,-0.002486,HOLD,55,OK_HOLD,,tq65_shadow60_risk_v1,BUY,trade_quality,65,"Trade Quality Score 79.5/100 is above BUY threshold 65.0. Primary reason: quality_high. Original Claude HOLD reason: Historical evidence shows a 35% win rate with a deeply negative 24h average return of -10.23%, placing this squarely at the HOLD threshold. Technicals are mixed: price is below EMA 20/50, MACD is bearish, volume ratio is extremely low (0.06), and Bollinger Band squeeze suggests an impending move but direction is unclear. Negative ETF flows (-$137.6M), negative funding rate, and a weakening macro backdrop (DXY near 99, gold at record highs suggesting risk-off rotation) add further headwinds. AI feedback loop explicitly flags BUY calls as weak at 4h with 0.0 accuracy.",79.5,69.5,HOLD,bb_squeeze,Bollinger Band squeeze (width=0.0074). No directional trend — skipping.,1,bb_squeeze,81251.5,79.5,OK_HOLD,,0,69.5,risk_block_bb_squeeze,BUY,79.5,quality_high,81005.11,83689.04,,,,,,,,,,,,,,,,,,,,,,rsi_45_55|fg_neutral|funding_neutral|trigger_scheduled|final_HOLD|claude_HOLD|candidate_BUY|candidate_source_trade_quality,"Historical evidence shows a 35% win rate with a deeply negative 24h average return of -10.23%, placing this squarely at the HOLD threshold. Technicals are mixed: price is below EMA 20/50, MACD is bearish, volume ratio is extremely low (0.06), and Bollinger Band squeeze suggests an impending move but direction is unclear. Negative ETF flows (-$137.6M), negative funding rate, and a weakening macro backdrop (DXY near 99, gold at record highs suggesting risk-off rotation) add further headwinds. AI f"
31,2026-05-06T09:57:02+00:00,15m,NO_PRICE_AT_HORIZON,81975.9,,,,,scheduled,64.6,46,-0.002486,HOLD,55,NO_PRICE,,tq65_shadow60_risk_v1,BUY,trade_quality,65,"Trade Quality Score 67.5/100 is above BUY threshold 65.0. Primary reason: quality_high. Original Claude HOLD reason: While technicals are bullish (MACD bullish crossover, price above all EMAs, high volume ratio 4.06, Bollinger squeeze suggesting potential breakout), historical evidence is strongly cautionary: 20 similar past moments show avg 4h return of -0.13% and avg 24h return of -7.14%, with all 20 prior signals resulting in HOLD. Additionally, negative ETF flows (-$137.6M), negative funding rate, and the AI feedback loop explicitly flagging weak 4h BUY accuracy (0.0) all argue against entering.",67.5,67.5,HOLD,exchange_alert,Exchange alert: $150M Crypto Ponzi Crumbles: $41.5M Frozen In DSJ Exchange Collapse  newsbtc.com. Holding until market stabilises.,1,exchange_alert,81975.9,67.5,NO_PRICE,,0,67.5,risk_block_exchange_alert,BUY,67.5,quality_high,81694.02,84435.18,,,,,,,,,,,,,,,,,,,,,,rsi_55_65|fg_neutral|funding_neutral|trigger_scheduled|final_HOLD|claude_HOLD|candidate_BUY|candidate_source_trade_quality,"While technicals are bullish (MACD bullish crossover, price above all EMAs, high volume ratio 4.06, Bollinger squeeze suggesting potential breakout), historical evidence is strongly cautionary: 20 similar past moments show avg 4h return of -0.13% and avg 24h return of -7.14%, with all 20 prior signals resulting in HOLD. Additionally, negative ETF flows (-$137.6M), negative funding rate, and the AI feedback loop explicitly flagging weak 4h BUY accuracy (0.0) all argue against entering."
31,2026-05-06T09:57:02+00:00,1h,NO_PRICE_AT_HORIZON,81975.9,,,,,scheduled,64.6,46,-0.002486,HOLD,55,NO_PRICE,,tq65_shadow60_risk_v1,BUY,trade_quality,65,"Trade Quality Score 67.5/100 is above BUY threshold 65.0. Primary reason: quality_high. Original Claude HOLD reason: While technicals are bullish (MACD bullish crossover, price above all EMAs, high volume ratio 4.06, Bollinger squeeze suggesting potential breakout), historical evidence is strongly cautionary: 20 similar past moments show avg 4h return of -0.13% and avg 24h return of -7.14%, with all 20 prior signals resulting in HOLD. Additionally, negative ETF flows (-$137.6M), negative funding rate, and the AI feedback loop explicitly flagging weak 4h BUY accuracy (0.0) all argue against entering.",67.5,67.5,HOLD,exchange_alert,Exchange alert: $150M Crypto Ponzi Crumbles: $41.5M Frozen In DSJ Exchange Collapse  newsbtc.com. Holding until market stabilises.,1,exchange_alert,81975.9,67.5,NO_PRICE,,0,67.5,risk_block_exchange_alert,BUY,67.5,quality_high,81694.02,84435.18,,,,,,,,,,,,,,,,,,,,,,rsi_55_65|fg_neutral|funding_neutral|trigger_scheduled|final_HOLD|claude_HOLD|candidate_BUY|candidate_source_trade_quality,"While technicals are bullish (MACD bullish crossover, price above all EMAs, high volume ratio 4.06, Bollinger squeeze suggesting potential breakout), historical evidence is strongly cautionary: 20 similar past moments show avg 4h return of -0.13% and avg 24h return of -7.14%, with all 20 prior signals resulting in HOLD. Additionally, negative ETF flows (-$137.6M), negative funding rate, and the AI feedback loop explicitly flagging weak 4h BUY accuracy (0.0) all argue against entering."
31,2026-05-06T09:57:02+00:00,4h,SCORED,81975.9,2026-05-06T13:57:16+00:00,81686.9,decisions,-0.3525,scheduled,64.6,46,-0.002486,HOLD,55,OK_HOLD,,tq65_shadow60_risk_v1,BUY,trade_quality,65,"Trade Quality Score 67.5/100 is above BUY threshold 65.0. Primary reason: quality_high. Original Claude HOLD reason: While technicals are bullish (MACD bullish crossover, price above all EMAs, high volume ratio 4.06, Bollinger squeeze suggesting potential breakout), historical evidence is strongly cautionary: 20 similar past moments show avg 4h return of -0.13% and avg 24h return of -7.14%, with all 20 prior signals resulting in HOLD. Additionally, negative ETF flows (-$137.6M), negative funding rate, and the AI feedback loop explicitly flagging weak 4h BUY accuracy (0.0) all argue against entering.",67.5,67.5,HOLD,exchange_alert,Exchange alert: $150M Crypto Ponzi Crumbles: $41.5M Frozen In DSJ Exchange Collapse  newsbtc.com. Holding until market stabilises.,1,exchange_alert,81975.9,67.5,OK_HOLD,,0,67.5,risk_block_exchange_alert,BUY,67.5,quality_high,81694.02,84435.18,,,,,,,,,,,,,,,,,,,,,,rsi_55_65|fg_neutral|funding_neutral|trigger_scheduled|final_HOLD|claude_HOLD|candidate_BUY|candidate_source_trade_quality,"While technicals are bullish (MACD bullish crossover, price above all EMAs, high volume ratio 4.06, Bollinger squeeze suggesting potential breakout), historical evidence is strongly cautionary: 20 similar past moments show avg 4h return of -0.13% and avg 24h return of -7.14%, with all 20 prior signals resulting in HOLD. Additionally, negative ETF flows (-$137.6M), negative funding rate, and the AI feedback loop explicitly flagging weak 4h BUY accuracy (0.0) all argue against entering."
31,2026-05-06T09:57:02+00:00,24h,SCORED,81975.9,2026-05-07T10:00:18+00:00,80906.0,decisions,-1.3051,scheduled,64.6,46,-0.002486,HOLD,55,OK_HOLD,,tq65_shadow60_risk_v1,BUY,trade_quality,65,"Trade Quality Score 67.5/100 is above BUY threshold 65.0. Primary reason: quality_high. Original Claude HOLD reason: While technicals are bullish (MACD bullish crossover, price above all EMAs, high volume ratio 4.06, Bollinger squeeze suggesting potential breakout), historical evidence is strongly cautionary: 20 similar past moments show avg 4h return of -0.13% and avg 24h return of -7.14%, with all 20 prior signals resulting in HOLD. Additionally, negative ETF flows (-$137.6M), negative funding rate, and the AI feedback loop explicitly flagging weak 4h BUY accuracy (0.0) all argue against entering.",67.5,67.5,HOLD,exchange_alert,Exchange alert: $150M Crypto Ponzi Crumbles: $41.5M Frozen In DSJ Exchange Collapse  newsbtc.com. Holding until market stabilises.,1,exchange_alert,81975.9,67.5,OK_HOLD,,0,67.5,risk_block_exchange_alert,BUY,67.5,quality_high,81694.02,84435.18,,,,,,,,,,,,,,,,,,,,,,rsi_55_65|fg_neutral|funding_neutral|trigger_scheduled|final_HOLD|claude_HOLD|candidate_BUY|candidate_source_trade_quality,"While technicals are bullish (MACD bullish crossover, price above all EMAs, high volume ratio 4.06, Bollinger squeeze suggesting potential breakout), historical evidence is strongly cautionary: 20 similar past moments show avg 4h return of -0.13% and avg 24h return of -7.14%, with all 20 prior signals resulting in HOLD. Additionally, negative ETF flows (-$137.6M), negative funding rate, and the AI feedback loop explicitly flagging weak 4h BUY accuracy (0.0) all argue against entering."
32,2026-05-06T13:57:16+00:00,15m,NO_PRICE_AT_HORIZON,81686.9,,,,,scheduled,40.8,46,-0.002486,HOLD,0,NO_PRICE,,tq65_shadow60_risk_v1,BUY,trade_quality,65,Trade Quality Score 70.5/100 is above BUY threshold 65.0. Primary reason: quality_high. Original Claude HOLD reason: Malformed AI response — holding to be safe,70.5,70.5,HOLD,exchange_alert,"Exchange alert: XRP Lines Up for $2 Target as Key Bollinger Bands Hurdle Cleared; Zcash (ZEC) to Grab 10% of Bitcoin Price, Predicts BitMEX Founder; Dogecoin (DOGE) Ends $0 ETF Streak Amid May 2026 Altseason - Mornin. Holding until market stabilises.",1,exchange_alert,81686.9,70.5,NO_PRICE,,0,70.5,risk_block_exchange_alert,BUY,70.5,quality_high,81335.91,84137.51,,,,,,,,,,,,,,,,,,,,,,rsi_35_45|fg_neutral|funding_neutral|trigger_scheduled|final_HOLD|claude_HOLD|candidate_BUY|candidate_source_trade_quality,Malformed AI response — holding to be safe
32,2026-05-06T13:57:16+00:00,1h,NO_PRICE_AT_HORIZON,81686.9,,,,,scheduled,40.8,46,-0.002486,HOLD,0,NO_PRICE,,tq65_shadow60_risk_v1,BUY,trade_quality,65,Trade Quality Score 70.5/100 is above BUY threshold 65.0. Primary reason: quality_high. Original Claude HOLD reason: Malformed AI response — holding to be safe,70.5,70.5,HOLD,exchange_alert,"Exchange alert: XRP Lines Up for $2 Target as Key Bollinger Bands Hurdle Cleared; Zcash (ZEC) to Grab 10% of Bitcoin Price, Predicts BitMEX Founder; Dogecoin (DOGE) Ends $0 ETF Streak Amid May 2026 Altseason - Mornin. Holding until market stabilises.",1,exchange_alert,81686.9,70.5,NO_PRICE,,0,70.5,risk_block_exchange_alert,BUY,70.5,quality_high,81335.91,84137.51,,,,,,,,,,,,,,,,,,,,,,rsi_35_45|fg_neutral|funding_neutral|trigger_scheduled|final_HOLD|claude_HOLD|candidate_BUY|candidate_source_trade_quality,Malformed AI response — holding to be safe
32,2026-05-06T13:57:16+00:00,4h,SCORED,81686.9,2026-05-06T17:57:32+00:00,81459.9,decisions,-0.2779,scheduled,40.8,46,-0.002486,HOLD,0,OK_HOLD,,tq65_shadow60_risk_v1,BUY,trade_quality,65,Trade Quality Score 70.5/100 is above BUY threshold 65.0. Primary reason: quality_high. Original Claude HOLD reason: Malformed AI response — holding to be safe,70.5,70.5,HOLD,exchange_alert,"Exchange alert: XRP Lines Up for $2 Target as Key Bollinger Bands Hurdle Cleared; Zcash (ZEC) to Grab 10% of Bitcoin Price, Predicts BitMEX Founder; Dogecoin (DOGE) Ends $0 ETF Streak Amid May 2026 Altseason - Mornin. Holding until market stabilises.",1,exchange_alert,81686.9,70.5,OK_HOLD,,0,70.5,risk_block_exchange_alert,BUY,70.5,quality_high,81335.91,84137.51,,,,,,,,,,,,,,,,,,,,,,rsi_35_45|fg_neutral|funding_neutral|trigger_scheduled|final_HOLD|claude_HOLD|candidate_BUY|candidate_source_trade_quality,Malformed AI response — holding to be safe
32,2026-05-06T13:57:16+00:00,24h,SCORED,81686.9,2026-05-07T14:00:16+00:00,80475.1,decisions,-1.4835,scheduled,40.8,46,-0.002486,HOLD,0,OK_HOLD,,tq65_shadow60_risk_v1,BUY,trade_quality,65,Trade Quality Score 70.5/100 is above BUY threshold 65.0. Primary reason: quality_high. Original Claude HOLD reason: Malformed AI response — holding to be safe,70.5,70.5,HOLD,exchange_alert,"Exchange alert: XRP Lines Up for $2 Target as Key Bollinger Bands Hurdle Cleared; Zcash (ZEC) to Grab 10% of Bitcoin Price, Predicts BitMEX Founder; Dogecoin (DOGE) Ends $0 ETF Streak Amid May 2026 Altseason - Mornin. Holding until market stabilises.",1,exchange_alert,81686.9,70.5,OK_HOLD,,0,70.5,risk_block_exchange_alert,BUY,70.5,quality_high,81335.91,84137.51,,,,,,,,,,,,,,,,,,,,,,rsi_35_45|fg_neutral|funding_neutral|trigger_scheduled|final_HOLD|claude_HOLD|candidate_BUY|candidate_source_trade_quality,Malformed AI response — holding to be safe
33,2026-05-06T17:57:32+00:00,15m,NO_PRICE_AT_HORIZON,81459.9,,,,,scheduled,42.7,46,-0.002486,HOLD,55,NO_PRICE,,tq65_shadow60_risk_v1,HOLD,none,55,"Mixed signals dominate: RSI at 42.7 and bearish MACD suggest downward momentum, BB squeeze indicates indecision, volume ratio of 0.19 is extremely low (no conviction), ETF outflows of -$137.6M are bearish, and the 24h historical average return of -12.17% across similar setups is a significant red flag despite a 55% win rate. The AI feedback explicitly warns that BUY calls are weak at 4h with 0.0 accuracy.",64.5,64.5,HOLD,exchange_alert,Exchange alert: DeFi Protocol Ekubo Hit by $1.4 Million Wrapped Bitcoin Attack  livebitcoinnews.com. Holding until market stabilises.,0,exchange_alert,,,NO_PRICE,,0,64.5,risk_block_exchange_alert,BUY,64.5,quality_not_high_enough,81091.71,83903.7,,,,,,,,,,,,,,,,,,,,,,rsi_35_45|fg_neutral|funding_neutral|trigger_scheduled|final_HOLD|claude_HOLD|candidate_HOLD|candidate_source_none,"Mixed signals dominate: RSI at 42.7 and bearish MACD suggest downward momentum, BB squeeze indicates indecision, volume ratio of 0.19 is extremely low (no conviction), ETF outflows of -$137.6M are bearish, and the 24h historical average return of -12.17% across similar setups is a significant red flag despite a 55% win rate. The AI feedback explicitly warns that BUY calls are weak at 4h with 0.0 accuracy."
33,2026-05-06T17:57:32+00:00,1h,NO_PRICE_AT_HORIZON,81459.9,,,,,scheduled,42.7,46,-0.002486,HOLD,55,NO_PRICE,,tq65_shadow60_risk_v1,HOLD,none,55,"Mixed signals dominate: RSI at 42.7 and bearish MACD suggest downward momentum, BB squeeze indicates indecision, volume ratio of 0.19 is extremely low (no conviction), ETF outflows of -$137.6M are bearish, and the 24h historical average return of -12.17% across similar setups is a significant red flag despite a 55% win rate. The AI feedback explicitly warns that BUY calls are weak at 4h with 0.0 accuracy.",64.5,64.5,HOLD,exchange_alert,Exchange alert: DeFi Protocol Ekubo Hit by $1.4 Million Wrapped Bitcoin Attack  livebitcoinnews.com. Holding until market stabilises.,0,exchange_alert,,,NO_PRICE,,0,64.5,risk_block_exchange_alert,BUY,64.5,quality_not_high_enough,81091.71,83903.7,,,,,,,,,,,,,,,,,,,,,,rsi_35_45|fg_neutral|funding_neutral|trigger_scheduled|final_HOLD|claude_HOLD|candidate_HOLD|candidate_source_none,"Mixed signals dominate: RSI at 42.7 and bearish MACD suggest downward momentum, BB squeeze indicates indecision, volume ratio of 0.19 is extremely low (no conviction), ETF outflows of -$137.6M are bearish, and the 24h historical average return of -12.17% across similar setups is a significant red flag despite a 55% win rate. The AI feedback explicitly warns that BUY calls are weak at 4h with 0.0 accuracy."
33,2026-05-06T17:57:32+00:00,4h,SCORED,81459.9,2026-05-06T22:12:42+00:00,81375.8,decisions,-0.1032,scheduled,42.7,46,-0.002486,HOLD,55,OK_HOLD,,tq65_shadow60_risk_v1,HOLD,none,55,"Mixed signals dominate: RSI at 42.7 and bearish MACD suggest downward momentum, BB squeeze indicates indecision, volume ratio of 0.19 is extremely low (no conviction), ETF outflows of -$137.6M are bearish, and the 24h historical average return of -12.17% across similar setups is a significant red flag despite a 55% win rate. The AI feedback explicitly warns that BUY calls are weak at 4h with 0.0 accuracy.",64.5,64.5,HOLD,exchange_alert,Exchange alert: DeFi Protocol Ekubo Hit by $1.4 Million Wrapped Bitcoin Attack  livebitcoinnews.com. Holding until market stabilises.,0,exchange_alert,,,OK_HOLD,,0,64.5,risk_block_exchange_alert,BUY,64.5,quality_not_high_enough,81091.71,83903.7,,,,,,,,,,,,,,,,,,,,,,rsi_35_45|fg_neutral|funding_neutral|trigger_scheduled|final_HOLD|claude_HOLD|candidate_HOLD|candidate_source_none,"Mixed signals dominate: RSI at 42.7 and bearish MACD suggest downward momentum, BB squeeze indicates indecision, volume ratio of 0.19 is extremely low (no conviction), ETF outflows of -$137.6M are bearish, and the 24h historical average return of -12.17% across similar setups is a significant red flag despite a 55% win rate. The AI feedback explicitly warns that BUY calls are weak at 4h with 0.0 accuracy."
33,2026-05-06T17:57:32+00:00,24h,SCORED,81459.9,2026-05-07T18:00:16+00:00,80087.0,decisions,-1.6854,scheduled,42.7,46,-0.002486,HOLD,55,AVOIDED_DOWNSIDE,True,tq65_shadow60_risk_v1,HOLD,none,55,"Mixed signals dominate: RSI at 42.7 and bearish MACD suggest downward momentum, BB squeeze indicates indecision, volume ratio of 0.19 is extremely low (no conviction), ETF outflows of -$137.6M are bearish, and the 24h historical average return of -12.17% across similar setups is a significant red flag despite a 55% win rate. The AI feedback explicitly warns that BUY calls are weak at 4h with 0.0 accuracy.",64.5,64.5,HOLD,exchange_alert,Exchange alert: DeFi Protocol Ekubo Hit by $1.4 Million Wrapped Bitcoin Attack  livebitcoinnews.com. Holding until market stabilises.,0,exchange_alert,,,AVOIDED_DOWNSIDE,True,0,64.5,risk_block_exchange_alert,BUY,64.5,quality_not_high_enough,81091.71,83903.7,,,,,,,,,,,,,,,,,,,,,,rsi_35_45|fg_neutral|funding_neutral|trigger_scheduled|final_HOLD|claude_HOLD|candidate_HOLD|candidate_source_none,"Mixed signals dominate: RSI at 42.7 and bearish MACD suggest downward momentum, BB squeeze indicates indecision, volume ratio of 0.19 is extremely low (no conviction), ETF outflows of -$137.6M are bearish, and the 24h historical average return of -12.17% across similar setups is a significant red flag despite a 55% win rate. The AI feedback explicitly warns that BUY calls are weak at 4h with 0.0 accuracy."
34,2026-05-06T20:59:44+00:00,15m,SCORED,81420.0,2026-05-06T21:42:06+00:00,81600.0,decisions,0.2211,scheduled,45.5,46,-0.0028439999999999,HOLD,72,OK_HOLD,,tq65_shadow60_risk_v1,BUY,trade_quality,72,"Trade Quality Score 67.0/100 is above BUY threshold 65.0. Primary reason: quality_high. Original Claude HOLD reason: Historical evidence is strongly bearish: avg 4h return -6.24%, avg 24h return -4.02%, win rate 40% (borderline), and all 20 similar past moments resulted in HOLD. Volume ratio at 0.28 is extremely low, confirming weak conviction. Price is below EMA 20 and EMA 50, funding rate is negative (shorts dominating), and long liquidations dwarf short liquidations suggesting continued downward pressure. MACD histogram is technically bullish but price action and derivatives contradict it.",67.0,67.0,HOLD,exchange_alert,Exchange alert: Crypto Fee War Ignites On Wall Street—Bitcoin ETFs Poised To Gain As Trading Costs Collapse  feeds2.benzinga.com. Holding until market stabilises.,1,exchange_alert,81420.0,67.0,OK_HOLD,,0,67.0,risk_block_exchange_alert,BUY,67.0,quality_high,81127.5,83862.6,85.0,bullish,"higher_timeframe_bullish, bullish_bos_or_choch, bullish_liquidity_sweep, bearish_liquidity_sweep, price_in_premium, active_bullish_order_block, active_bullish_fvg, active_bearish_fvg",bullish: HL/HH/LL/HL,bullish_sweep,2 active,10 active,premium,bullish,BUY,85.0,bullish,"higher_timeframe_bullish, bullish_bos_or_choch, bullish_liquidity_sweep, bearish_liquidity_sweep, price_in_premium, active_bullish_order_block, active_bullish_fvg, active_bearish_fvg",,,,,,,,,rsi_45_55|fg_neutral|funding_neutral|trigger_scheduled|final_HOLD|claude_HOLD|candidate_BUY|candidate_source_trade_quality,"Historical evidence is strongly bearish: avg 4h return -6.24%, avg 24h return -4.02%, win rate 40% (borderline), and all 20 similar past moments resulted in HOLD. Volume ratio at 0.28 is extremely low, confirming weak conviction. Price is below EMA 20 and EMA 50, funding rate is negative (shorts dominating), and long liquidations dwarf short liquidations suggesting continued downward pressure. MACD histogram is technically bullish but price action and derivatives contradict it."
34,2026-05-06T20:59:44+00:00,1h,SCORED,81420.0,2026-05-06T22:12:42+00:00,81375.8,decisions,-0.0543,scheduled,45.5,46,-0.0028439999999999,HOLD,72,OK_HOLD,,tq65_shadow60_risk_v1,BUY,trade_quality,72,"Trade Quality Score 67.0/100 is above BUY threshold 65.0. Primary reason: quality_high. Original Claude HOLD reason: Historical evidence is strongly bearish: avg 4h return -6.24%, avg 24h return -4.02%, win rate 40% (borderline), and all 20 similar past moments resulted in HOLD. Volume ratio at 0.28 is extremely low, confirming weak conviction. Price is below EMA 20 and EMA 50, funding rate is negative (shorts dominating), and long liquidations dwarf short liquidations suggesting continued downward pressure. MACD histogram is technically bullish but price action and derivatives contradict it.",67.0,67.0,HOLD,exchange_alert,Exchange alert: Crypto Fee War Ignites On Wall Street—Bitcoin ETFs Poised To Gain As Trading Costs Collapse  feeds2.benzinga.com. Holding until market stabilises.,1,exchange_alert,81420.0,67.0,OK_HOLD,,0,67.0,risk_block_exchange_alert,BUY,67.0,quality_high,81127.5,83862.6,85.0,bullish,"higher_timeframe_bullish, bullish_bos_or_choch, bullish_liquidity_sweep, bearish_liquidity_sweep, price_in_premium, active_bullish_order_block, active_bullish_fvg, active_bearish_fvg",bullish: HL/HH/LL/HL,bullish_sweep,2 active,10 active,premium,bullish,BUY,85.0,bullish,"higher_timeframe_bullish, bullish_bos_or_choch, bullish_liquidity_sweep, bearish_liquidity_sweep, price_in_premium, active_bullish_order_block, active_bullish_fvg, active_bearish_fvg",,,,,,,,,rsi_45_55|fg_neutral|funding_neutral|trigger_scheduled|final_HOLD|claude_HOLD|candidate_BUY|candidate_source_trade_quality,"Historical evidence is strongly bearish: avg 4h return -6.24%, avg 24h return -4.02%, win rate 40% (borderline), and all 20 similar past moments resulted in HOLD. Volume ratio at 0.28 is extremely low, confirming weak conviction. Price is below EMA 20 and EMA 50, funding rate is negative (shorts dominating), and long liquidations dwarf short liquidations suggesting continued downward pressure. MACD histogram is technically bullish but price action and derivatives contradict it."
34,2026-05-06T20:59:44+00:00,4h,SCORED,81420.0,2026-05-07T02:12:58+00:00,80979.0,decisions,-0.5416,scheduled,45.5,46,-0.0028439999999999,HOLD,72,OK_HOLD,,tq65_shadow60_risk_v1,BUY,trade_quality,72,"Trade Quality Score 67.0/100 is above BUY threshold 65.0. Primary reason: quality_high. Original Claude HOLD reason: Historical evidence is strongly bearish: avg 4h return -6.24%, avg 24h return -4.02%, win rate 40% (borderline), and all 20 similar past moments resulted in HOLD. Volume ratio at 0.28 is extremely low, confirming weak conviction. Price is below EMA 20 and EMA 50, funding rate is negative (shorts dominating), and long liquidations dwarf short liquidations suggesting continued downward pressure. MACD histogram is technically bullish but price action and derivatives contradict it.",67.0,67.0,HOLD,exchange_alert,Exchange alert: Crypto Fee War Ignites On Wall Street—Bitcoin ETFs Poised To Gain As Trading Costs Collapse  feeds2.benzinga.com. Holding until market stabilises.,1,exchange_alert,81420.0,67.0,OK_HOLD,,0,67.0,risk_block_exchange_alert,BUY,67.0,quality_high,81127.5,83862.6,85.0,bullish,"higher_timeframe_bullish, bullish_bos_or_choch, bullish_liquidity_sweep, bearish_liquidity_sweep, price_in_premium, active_bullish_order_block, active_bullish_fvg, active_bearish_fvg",bullish: HL/HH/LL/HL,bullish_sweep,2 active,10 active,premium,bullish,BUY,85.0,bullish,"higher_timeframe_bullish, bullish_bos_or_choch, bullish_liquidity_sweep, bearish_liquidity_sweep, price_in_premium, active_bullish_order_block, active_bullish_fvg, active_bearish_fvg",,,,,,,,,rsi_45_55|fg_neutral|funding_neutral|trigger_scheduled|final_HOLD|claude_HOLD|candidate_BUY|candidate_source_trade_quality,"Historical evidence is strongly bearish: avg 4h return -6.24%, avg 24h return -4.02%, win rate 40% (borderline), and all 20 similar past moments resulted in HOLD. Volume ratio at 0.28 is extremely low, confirming weak conviction. Price is below EMA 20 and EMA 50, funding rate is negative (shorts dominating), and long liquidations dwarf short liquidations suggesting continued downward pressure. MACD histogram is technically bullish but price action and derivatives contradict it."
34,2026-05-06T20:59:44+00:00,24h,SCORED,81420.0,2026-05-07T21:00:16+00:00,79887.8,decisions,-1.8818,scheduled,45.5,46,-0.0028439999999999,HOLD,72,AVOIDED_DOWNSIDE,True,tq65_shadow60_risk_v1,BUY,trade_quality,72,"Trade Quality Score 67.0/100 is above BUY threshold 65.0. Primary reason: quality_high. Original Claude HOLD reason: Historical evidence is strongly bearish: avg 4h return -6.24%, avg 24h return -4.02%, win rate 40% (borderline), and all 20 similar past moments resulted in HOLD. Volume ratio at 0.28 is extremely low, confirming weak conviction. Price is below EMA 20 and EMA 50, funding rate is negative (shorts dominating), and long liquidations dwarf short liquidations suggesting continued downward pressure. MACD histogram is technically bullish but price action and derivatives contradict it.",67.0,67.0,HOLD,exchange_alert,Exchange alert: Crypto Fee War Ignites On Wall Street—Bitcoin ETFs Poised To Gain As Trading Costs Collapse  feeds2.benzinga.com. Holding until market stabilises.,1,exchange_alert,81420.0,67.0,AVOIDED_DOWNSIDE,True,0,67.0,risk_block_exchange_alert,BUY,67.0,quality_high,81127.5,83862.6,85.0,bullish,"higher_timeframe_bullish, bullish_bos_or_choch, bullish_liquidity_sweep, bearish_liquidity_sweep, price_in_premium, active_bullish_order_block, active_bullish_fvg, active_bearish_fvg",bullish: HL/HH/LL/HL,bullish_sweep,2 active,10 active,premium,bullish,BUY,85.0,bullish,"higher_timeframe_bullish, bullish_bos_or_choch, bullish_liquidity_sweep, bearish_liquidity_sweep, price_in_premium, active_bullish_order_block, active_bullish_fvg, active_bearish_fvg",,,,,,,,,rsi_45_55|fg_neutral|funding_neutral|trigger_scheduled|final_HOLD|claude_HOLD|candidate_BUY|candidate_source_trade_quality,"Historical evidence is strongly bearish: avg 4h return -6.24%, avg 24h return -4.02%, win rate 40% (borderline), and all 20 similar past moments resulted in HOLD. Volume ratio at 0.28 is extremely low, confirming weak conviction. Price is below EMA 20 and EMA 50, funding rate is negative (shorts dominating), and long liquidations dwarf short liquidations suggesting continued downward pressure. MACD histogram is technically bullish but price action and derivatives contradict it."
35,2026-05-06T21:42:06+00:00,15m,SCORED,81600.0,2026-05-06T22:12:42+00:00,81375.8,decisions,-0.2748,scheduled,52.4,46,-0.0028439999999999,HOLD,55,OK_HOLD,,tq65_shadow60_risk_v1,BUY,trade_quality,65,"Trade Quality Score 74.5/100 is above BUY threshold 65.0. Primary reason: quality_high. Original Claude HOLD reason: Mixed signals dominate: MACD is bullish cross but volume ratio is extremely low (0.32), indicating no conviction. BB squeeze suggests a move is pending but direction is unclear. The 24h historical average return of -10.96% across 20 similar setups is a significant warning flag. Negative funding rate and skewed long/short ratio (0.58) suggest market leans bearish short-term. AI feedback explicitly flags weak BUY accuracy at 4h (0.0). No strong catalysts present to justify entry.",74.5,74.5,HOLD,exchange_alert,Exchange alert: Crypto Fee War Ignites On Wall Street—Bitcoin ETFs Poised To Gain As Trading Costs Collapse  feeds2.benzinga.com. Holding until market stabilises.,1,exchange_alert,81600.0,74.5,OK_HOLD,,0,74.5,risk_block_exchange_alert,BUY,74.5,quality_high,81323.38,84048.0,85.0,bullish,"higher_timeframe_bullish, bullish_bos_or_choch, bullish_liquidity_sweep, bearish_liquidity_sweep, price_in_premium, active_bullish_order_block, active_bullish_fvg, active_bearish_fvg",bullish: HL/HH/LL/HL,bullish_sweep,3 active,11 active,premium,bullish,BUY,85.0,bullish,"higher_timeframe_bullish, bullish_bos_or_choch, bullish_liquidity_sweep, bearish_liquidity_sweep, price_in_premium, active_bullish_order_block, active_bullish_fvg, active_bearish_fvg",,,,,,,,,rsi_45_55|fg_neutral|funding_neutral|trigger_scheduled|final_HOLD|claude_HOLD|candidate_BUY|candidate_source_trade_quality,"Mixed signals dominate: MACD is bullish cross but volume ratio is extremely low (0.32), indicating no conviction. BB squeeze suggests a move is pending but direction is unclear. The 24h historical average return of -10.96% across 20 similar setups is a significant warning flag. Negative funding rate and skewed long/short ratio (0.58) suggest market leans bearish short-term. AI feedback explicitly flags weak BUY accuracy at 4h (0.0). No strong catalysts present to justify entry."
35,2026-05-06T21:42:06+00:00,1h,SCORED,81600.0,2026-05-07T00:00:00+00:00,80009.99,daily_csv,-1.9485,scheduled,52.4,46,-0.0028439999999999,HOLD,55,AVOIDED_DOWNSIDE,True,tq65_shadow60_risk_v1,BUY,trade_quality,65,"Trade Quality Score 74.5/100 is above BUY threshold 65.0. Primary reason: quality_high. Original Claude HOLD reason: Mixed signals dominate: MACD is bullish cross but volume ratio is extremely low (0.32), indicating no conviction. BB squeeze suggests a move is pending but direction is unclear. The 24h historical average return of -10.96% across 20 similar setups is a significant warning flag. Negative funding rate and skewed long/short ratio (0.58) suggest market leans bearish short-term. AI feedback explicitly flags weak BUY accuracy at 4h (0.0). No strong catalysts present to justify entry.",74.5,74.5,HOLD,exchange_alert,Exchange alert: Crypto Fee War Ignites On Wall Street—Bitcoin ETFs Poised To Gain As Trading Costs Collapse  feeds2.benzinga.com. Holding until market stabilises.,1,exchange_alert,81600.0,74.5,AVOIDED_DOWNSIDE,True,0,74.5,risk_block_exchange_alert,BUY,74.5,quality_high,81323.38,84048.0,85.0,bullish,"higher_timeframe_bullish, bullish_bos_or_choch, bullish_liquidity_sweep, bearish_liquidity_sweep, price_in_premium, active_bullish_order_block, active_bullish_fvg, active_bearish_fvg",bullish: HL/HH/LL/HL,bullish_sweep,3 active,11 active,premium,bullish,BUY,85.0,bullish,"higher_timeframe_bullish, bullish_bos_or_choch, bullish_liquidity_sweep, bearish_liquidity_sweep, price_in_premium, active_bullish_order_block, active_bullish_fvg, active_bearish_fvg",,,,,,,,,rsi_45_55|fg_neutral|funding_neutral|trigger_scheduled|final_HOLD|claude_HOLD|candidate_BUY|candidate_source_trade_quality,"Mixed signals dominate: MACD is bullish cross but volume ratio is extremely low (0.32), indicating no conviction. BB squeeze suggests a move is pending but direction is unclear. The 24h historical average return of -10.96% across 20 similar setups is a significant warning flag. Negative funding rate and skewed long/short ratio (0.58) suggest market leans bearish short-term. AI feedback explicitly flags weak BUY accuracy at 4h (0.0). No strong catalysts present to justify entry."
35,2026-05-06T21:42:06+00:00,4h,SCORED,81600.0,2026-05-07T02:12:58+00:00,80979.0,decisions,-0.761,scheduled,52.4,46,-0.0028439999999999,HOLD,55,OK_HOLD,,tq65_shadow60_risk_v1,BUY,trade_quality,65,"Trade Quality Score 74.5/100 is above BUY threshold 65.0. Primary reason: quality_high. Original Claude HOLD reason: Mixed signals dominate: MACD is bullish cross but volume ratio is extremely low (0.32), indicating no conviction. BB squeeze suggests a move is pending but direction is unclear. The 24h historical average return of -10.96% across 20 similar setups is a significant warning flag. Negative funding rate and skewed long/short ratio (0.58) suggest market leans bearish short-term. AI feedback explicitly flags weak BUY accuracy at 4h (0.0). No strong catalysts present to justify entry.",74.5,74.5,HOLD,exchange_alert,Exchange alert: Crypto Fee War Ignites On Wall Street—Bitcoin ETFs Poised To Gain As Trading Costs Collapse  feeds2.benzinga.com. Holding until market stabilises.,1,exchange_alert,81600.0,74.5,OK_HOLD,,0,74.5,risk_block_exchange_alert,BUY,74.5,quality_high,81323.38,84048.0,85.0,bullish,"higher_timeframe_bullish, bullish_bos_or_choch, bullish_liquidity_sweep, bearish_liquidity_sweep, price_in_premium, active_bullish_order_block, active_bullish_fvg, active_bearish_fvg",bullish: HL/HH/LL/HL,bullish_sweep,3 active,11 active,premium,bullish,BUY,85.0,bullish,"higher_timeframe_bullish, bullish_bos_or_choch, bullish_liquidity_sweep, bearish_liquidity_sweep, price_in_premium, active_bullish_order_block, active_bullish_fvg, active_bearish_fvg",,,,,,,,,rsi_45_55|fg_neutral|funding_neutral|trigger_scheduled|final_HOLD|claude_HOLD|candidate_BUY|candidate_source_trade_quality,"Mixed signals dominate: MACD is bullish cross but volume ratio is extremely low (0.32), indicating no conviction. BB squeeze suggests a move is pending but direction is unclear. The 24h historical average return of -10.96% across 20 similar setups is a significant warning flag. Negative funding rate and skewed long/short ratio (0.58) suggest market leans bearish short-term. AI feedback explicitly flags weak BUY accuracy at 4h (0.0). No strong catalysts present to justify entry."
35,2026-05-06T21:42:06+00:00,24h,SCORED,81600.0,2026-05-07T22:00:16+00:00,79714.7,decisions,-2.3104,scheduled,52.4,46,-0.0028439999999999,HOLD,55,AVOIDED_DOWNSIDE,True,tq65_shadow60_risk_v1,BUY,trade_quality,65,"Trade Quality Score 74.5/100 is above BUY threshold 65.0. Primary reason: quality_high. Original Claude HOLD reason: Mixed signals dominate: MACD is bullish cross but volume ratio is extremely low (0.32), indicating no conviction. BB squeeze suggests a move is pending but direction is unclear. The 24h historical average return of -10.96% across 20 similar setups is a significant warning flag. Negative funding rate and skewed long/short ratio (0.58) suggest market leans bearish short-term. AI feedback explicitly flags weak BUY accuracy at 4h (0.0). No strong catalysts present to justify entry.",74.5,74.5,HOLD,exchange_alert,Exchange alert: Crypto Fee War Ignites On Wall Street—Bitcoin ETFs Poised To Gain As Trading Costs Collapse  feeds2.benzinga.com. Holding until market stabilises.,1,exchange_alert,81600.0,74.5,AVOIDED_DOWNSIDE,True,0,74.5,risk_block_exchange_alert,BUY,74.5,quality_high,81323.38,84048.0,85.0,bullish,"higher_timeframe_bullish, bullish_bos_or_choch, bullish_liquidity_sweep, bearish_liquidity_sweep, price_in_premium, active_bullish_order_block, active_bullish_fvg, active_bearish_fvg",bullish: HL/HH/LL/HL,bullish_sweep,3 active,11 active,premium,bullish,BUY,85.0,bullish,"higher_timeframe_bullish, bullish_bos_or_choch, bullish_liquidity_sweep, bearish_liquidity_sweep, price_in_premium, active_bullish_order_block, active_bullish_fvg, active_bearish_fvg",,,,,,,,,rsi_45_55|fg_neutral|funding_neutral|trigger_scheduled|final_HOLD|claude_HOLD|candidate_BUY|candidate_source_trade_quality,"Mixed signals dominate: MACD is bullish cross but volume ratio is extremely low (0.32), indicating no conviction. BB squeeze suggests a move is pending but direction is unclear. The 24h historical average return of -10.96% across 20 similar setups is a significant warning flag. Negative funding rate and skewed long/short ratio (0.58) suggest market leans bearish short-term. AI feedback explicitly flags weak BUY accuracy at 4h (0.0). No strong catalysts present to justify entry."
36,2026-05-06T22:12:42+00:00,15m,NO_PRICE_AT_HORIZON,81375.8,,,,,scheduled,44.7,46,-0.0028439999999999,HOLD,72,NO_PRICE,,tq65_shadow60_risk_v1,BUY,trade_quality,72,"Trade Quality Score 66.5/100 is above BUY threshold 65.0. Primary reason: quality_high. Original Claude HOLD reason: Historical evidence is decisively bearish: 20 similar setups show 35% win rate, avg 4h return of -5.38%, avg 24h return of -4.47%, and all 20 past signals recommended HOLD. Combined with negative funding rate (shorts dominant), heavy long liquidations ($128M vs $25M shorts), price below EMA20 and EMA50, RSI at 44.7 (no momentum), and 4h Claude BUY accuracy at 0.0, there is no credible entry signal.",66.5,66.5,HOLD,exchange_alert,Exchange alert: Crypto Fee War Ignites On Wall Street—Bitcoin ETFs Poised To Gain As Trading Costs Collapse  feeds2.benzinga.com. Holding until market stabilises.,1,exchange_alert,81375.8,66.5,NO_PRICE,,0,66.5,risk_block_exchange_alert,BUY,66.5,quality_high,81109.94,83817.07,75.0,bullish,"higher_timeframe_bullish, bullish_bos_or_choch, bullish_liquidity_sweep, bearish_liquidity_sweep, price_in_premium, active_bullish_order_block, active_bullish_fvg, active_bearish_fvg",bullish: HH/LL/HL/LH,bullish_sweep,3 active,11 active,premium,bullish,BUY,75.0,bullish,"higher_timeframe_bullish, bullish_bos_or_choch, bullish_liquidity_sweep, bearish_liquidity_sweep, price_in_premium, active_bullish_order_block, active_bullish_fvg, active_bearish_fvg",,,,,,,,,rsi_35_45|fg_neutral|funding_neutral|trigger_scheduled|final_HOLD|claude_HOLD|candidate_BUY|candidate_source_trade_quality,"Historical evidence is decisively bearish: 20 similar setups show 35% win rate, avg 4h return of -5.38%, avg 24h return of -4.47%, and all 20 past signals recommended HOLD. Combined with negative funding rate (shorts dominant), heavy long liquidations ($128M vs $25M shorts), price below EMA20 and EMA50, RSI at 44.7 (no momentum), and 4h Claude BUY accuracy at 0.0, there is no credible entry signal."
36,2026-05-06T22:12:42+00:00,1h,SCORED,81375.8,2026-05-07T00:00:00+00:00,80009.99,daily_csv,-1.6784,scheduled,44.7,46,-0.0028439999999999,HOLD,72,AVOIDED_DOWNSIDE,True,tq65_shadow60_risk_v1,BUY,trade_quality,72,"Trade Quality Score 66.5/100 is above BUY threshold 65.0. Primary reason: quality_high. Original Claude HOLD reason: Historical evidence is decisively bearish: 20 similar setups show 35% win rate, avg 4h return of -5.38%, avg 24h return of -4.47%, and all 20 past signals recommended HOLD. Combined with negative funding rate (shorts dominant), heavy long liquidations ($128M vs $25M shorts), price below EMA20 and EMA50, RSI at 44.7 (no momentum), and 4h Claude BUY accuracy at 0.0, there is no credible entry signal.",66.5,66.5,HOLD,exchange_alert,Exchange alert: Crypto Fee War Ignites On Wall Street—Bitcoin ETFs Poised To Gain As Trading Costs Collapse  feeds2.benzinga.com. Holding until market stabilises.,1,exchange_alert,81375.8,66.5,AVOIDED_DOWNSIDE,True,0,66.5,risk_block_exchange_alert,BUY,66.5,quality_high,81109.94,83817.07,75.0,bullish,"higher_timeframe_bullish, bullish_bos_or_choch, bullish_liquidity_sweep, bearish_liquidity_sweep, price_in_premium, active_bullish_order_block, active_bullish_fvg, active_bearish_fvg",bullish: HH/LL/HL/LH,bullish_sweep,3 active,11 active,premium,bullish,BUY,75.0,bullish,"higher_timeframe_bullish, bullish_bos_or_choch, bullish_liquidity_sweep, bearish_liquidity_sweep, price_in_premium, active_bullish_order_block, active_bullish_fvg, active_bearish_fvg",,,,,,,,,rsi_35_45|fg_neutral|funding_neutral|trigger_scheduled|final_HOLD|claude_HOLD|candidate_BUY|candidate_source_trade_quality,"Historical evidence is decisively bearish: 20 similar setups show 35% win rate, avg 4h return of -5.38%, avg 24h return of -4.47%, and all 20 past signals recommended HOLD. Combined with negative funding rate (shorts dominant), heavy long liquidations ($128M vs $25M shorts), price below EMA20 and EMA50, RSI at 44.7 (no momentum), and 4h Claude BUY accuracy at 0.0, there is no credible entry signal."
36,2026-05-06T22:12:42+00:00,4h,SCORED,81375.8,2026-05-07T02:12:58+00:00,80979.0,decisions,-0.4876,scheduled,44.7,46,-0.0028439999999999,HOLD,72,OK_HOLD,,tq65_shadow60_risk_v1,BUY,trade_quality,72,"Trade Quality Score 66.5/100 is above BUY threshold 65.0. Primary reason: quality_high. Original Claude HOLD reason: Historical evidence is decisively bearish: 20 similar setups show 35% win rate, avg 4h return of -5.38%, avg 24h return of -4.47%, and all 20 past signals recommended HOLD. Combined with negative funding rate (shorts dominant), heavy long liquidations ($128M vs $25M shorts), price below EMA20 and EMA50, RSI at 44.7 (no momentum), and 4h Claude BUY accuracy at 0.0, there is no credible entry signal.",66.5,66.5,HOLD,exchange_alert,Exchange alert: Crypto Fee War Ignites On Wall Street—Bitcoin ETFs Poised To Gain As Trading Costs Collapse  feeds2.benzinga.com. Holding until market stabilises.,1,exchange_alert,81375.8,66.5,OK_HOLD,,0,66.5,risk_block_exchange_alert,BUY,66.5,quality_high,81109.94,83817.07,75.0,bullish,"higher_timeframe_bullish, bullish_bos_or_choch, bullish_liquidity_sweep, bearish_liquidity_sweep, price_in_premium, active_bullish_order_block, active_bullish_fvg, active_bearish_fvg",bullish: HH/LL/HL/LH,bullish_sweep,3 active,11 active,premium,bullish,BUY,75.0,bullish,"higher_timeframe_bullish, bullish_bos_or_choch, bullish_liquidity_sweep, bearish_liquidity_sweep, price_in_premium, active_bullish_order_block, active_bullish_fvg, active_bearish_fvg",,,,,,,,,rsi_35_45|fg_neutral|funding_neutral|trigger_scheduled|final_HOLD|claude_HOLD|candidate_BUY|candidate_source_trade_quality,"Historical evidence is decisively bearish: 20 similar setups show 35% win rate, avg 4h return of -5.38%, avg 24h return of -4.47%, and all 20 past signals recommended HOLD. Combined with negative funding rate (shorts dominant), heavy long liquidations ($128M vs $25M shorts), price below EMA20 and EMA50, RSI at 44.7 (no momentum), and 4h Claude BUY accuracy at 0.0, there is no credible entry signal."
36,2026-05-06T22:12:42+00:00,24h,SCORED,81375.8,2026-05-07T23:00:16+00:00,79883.8,decisions,-1.8335,scheduled,44.7,46,-0.0028439999999999,HOLD,72,AVOIDED_DOWNSIDE,True,tq65_shadow60_risk_v1,BUY,trade_quality,72,"Trade Quality Score 66.5/100 is above BUY threshold 65.0. Primary reason: quality_high. Original Claude HOLD reason: Historical evidence is decisively bearish: 20 similar setups show 35% win rate, avg 4h return of -5.38%, avg 24h return of -4.47%, and all 20 past signals recommended HOLD. Combined with negative funding rate (shorts dominant), heavy long liquidations ($128M vs $25M shorts), price below EMA20 and EMA50, RSI at 44.7 (no momentum), and 4h Claude BUY accuracy at 0.0, there is no credible entry signal.",66.5,66.5,HOLD,exchange_alert,Exchange alert: Crypto Fee War Ignites On Wall Street—Bitcoin ETFs Poised To Gain As Trading Costs Collapse  feeds2.benzinga.com. Holding until market stabilises.,1,exchange_alert,81375.8,66.5,AVOIDED_DOWNSIDE,True,0,66.5,risk_block_exchange_alert,BUY,66.5,quality_high,81109.94,83817.07,75.0,bullish,"higher_timeframe_bullish, bullish_bos_or_choch, bullish_liquidity_sweep, bearish_liquidity_sweep, price_in_premium, active_bullish_order_block, active_bullish_fvg, active_bearish_fvg",bullish: HH/LL/HL/LH,bullish_sweep,3 active,11 active,premium,bullish,BUY,75.0,bullish,"higher_timeframe_bullish, bullish_bos_or_choch, bullish_liquidity_sweep, bearish_liquidity_sweep, price_in_premium, active_bullish_order_block, active_bullish_fvg, active_bearish_fvg",,,,,,,,,rsi_35_45|fg_neutral|funding_neutral|trigger_scheduled|final_HOLD|claude_HOLD|candidate_BUY|candidate_source_trade_quality,"Historical evidence is decisively bearish: 20 similar setups show 35% win rate, avg 4h return of -5.38%, avg 24h return of -4.47%, and all 20 past signals recommended HOLD. Combined with negative funding rate (shorts dominant), heavy long liquidations ($128M vs $25M shorts), price below EMA20 and EMA50, RSI at 44.7 (no momentum), and 4h Claude BUY accuracy at 0.0, there is no credible entry signal."
37,2026-05-07T02:12:58+00:00,15m,NO_PRICE_AT_HORIZON,80979.0,,,,,scheduled,37.9,47,-0.0028439999999999,HOLD,72,NO_PRICE,,tq65_shadow60_risk_v1,BUY,trade_quality,72,"Trade Quality Score 67.0/100 is above BUY threshold 65.0. Primary reason: quality_high. Original Claude HOLD reason: Multiple bearish signals converge: price below all EMAs (20/50/200), MACD bearish, low volume ratio (0.46), negative funding rate with heavy long liquidations ($128M vs $24M shorts), and historical evidence shows average 4h return of -4.98% in similar setups. AI feedback loop explicitly warns BUY accuracy is 0.0 at 4h. Despite neutral Fear & Greed and positive 24h historical avg, the 4h risk profile is clearly unfavorable.",67.0,57.0,HOLD,bb_squeeze,Bollinger Band squeeze (width=0.0083). No directional trend — skipping.,1,bb_squeeze,80979.0,67.0,NO_PRICE,,0,57.0,risk_block_bb_squeeze,BUY,67.0,quality_high,80715.01,83408.37,70.0,bearish,"bearish_bos_or_choch, bullish_liquidity_sweep, bearish_liquidity_sweep, price_in_discount, price_in_premium, active_bullish_order_block, active_bullish_fvg, active_bearish_fvg",bullish: LH/LH/LL/LH,bullish_sweep,2 active,11 active,premium,mixed,SELL,70.0,bearish,"bearish_bos_or_choch, bullish_liquidity_sweep, bearish_liquidity_sweep, price_in_discount, price_in_premium, active_bullish_order_block, active_bullish_fvg, active_bearish_fvg",,,,,,,,,rsi_35_45|fg_neutral|funding_neutral|trigger_scheduled|final_HOLD|claude_HOLD|candidate_BUY|candidate_source_trade_quality,"Multiple bearish signals converge: price below all EMAs (20/50/200), MACD bearish, low volume ratio (0.46), negative funding rate with heavy long liquidations ($128M vs $24M shorts), and historical evidence shows average 4h return of -4.98% in similar setups. AI feedback loop explicitly warns BUY accuracy is 0.0 at 4h. Despite neutral Fear & Greed and positive 24h historical avg, the 4h risk profile is clearly unfavorable."
37,2026-05-07T02:12:58+00:00,1h,SCORED,80979.0,2026-05-07T04:00:15+00:00,80825.2,decisions,-0.1899,scheduled,37.9,47,-0.0028439999999999,HOLD,72,OK_HOLD,,tq65_shadow60_risk_v1,BUY,trade_quality,72,"Trade Quality Score 67.0/100 is above BUY threshold 65.0. Primary reason: quality_high. Original Claude HOLD reason: Multiple bearish signals converge: price below all EMAs (20/50/200), MACD bearish, low volume ratio (0.46), negative funding rate with heavy long liquidations ($128M vs $24M shorts), and historical evidence shows average 4h return of -4.98% in similar setups. AI feedback loop explicitly warns BUY accuracy is 0.0 at 4h. Despite neutral Fear & Greed and positive 24h historical avg, the 4h risk profile is clearly unfavorable.",67.0,57.0,HOLD,bb_squeeze,Bollinger Band squeeze (width=0.0083). No directional trend — skipping.,1,bb_squeeze,80979.0,67.0,OK_HOLD,,0,57.0,risk_block_bb_squeeze,BUY,67.0,quality_high,80715.01,83408.37,70.0,bearish,"bearish_bos_or_choch, bullish_liquidity_sweep, bearish_liquidity_sweep, price_in_discount, price_in_premium, active_bullish_order_block, active_bullish_fvg, active_bearish_fvg",bullish: LH/LH/LL/LH,bullish_sweep,2 active,11 active,premium,mixed,SELL,70.0,bearish,"bearish_bos_or_choch, bullish_liquidity_sweep, bearish_liquidity_sweep, price_in_discount, price_in_premium, active_bullish_order_block, active_bullish_fvg, active_bearish_fvg",,,,,,,,,rsi_35_45|fg_neutral|funding_neutral|trigger_scheduled|final_HOLD|claude_HOLD|candidate_BUY|candidate_source_trade_quality,"Multiple bearish signals converge: price below all EMAs (20/50/200), MACD bearish, low volume ratio (0.46), negative funding rate with heavy long liquidations ($128M vs $24M shorts), and historical evidence shows average 4h return of -4.98% in similar setups. AI feedback loop explicitly warns BUY accuracy is 0.0 at 4h. Despite neutral Fear & Greed and positive 24h historical avg, the 4h risk profile is clearly unfavorable."
37,2026-05-07T02:12:58+00:00,4h,SCORED,80979.0,2026-05-07T07:00:14+00:00,81438.6,decisions,0.5676,scheduled,37.9,47,-0.0028439999999999,HOLD,72,OK_HOLD,,tq65_shadow60_risk_v1,BUY,trade_quality,72,"Trade Quality Score 67.0/100 is above BUY threshold 65.0. Primary reason: quality_high. Original Claude HOLD reason: Multiple bearish signals converge: price below all EMAs (20/50/200), MACD bearish, low volume ratio (0.46), negative funding rate with heavy long liquidations ($128M vs $24M shorts), and historical evidence shows average 4h return of -4.98% in similar setups. AI feedback loop explicitly warns BUY accuracy is 0.0 at 4h. Despite neutral Fear & Greed and positive 24h historical avg, the 4h risk profile is clearly unfavorable.",67.0,57.0,HOLD,bb_squeeze,Bollinger Band squeeze (width=0.0083). No directional trend — skipping.,1,bb_squeeze,80979.0,67.0,OK_HOLD,,0,57.0,risk_block_bb_squeeze,BUY,67.0,quality_high,80715.01,83408.37,70.0,bearish,"bearish_bos_or_choch, bullish_liquidity_sweep, bearish_liquidity_sweep, price_in_discount, price_in_premium, active_bullish_order_block, active_bullish_fvg, active_bearish_fvg",bullish: LH/LH/LL/LH,bullish_sweep,2 active,11 active,premium,mixed,SELL,70.0,bearish,"bearish_bos_or_choch, bullish_liquidity_sweep, bearish_liquidity_sweep, price_in_discount, price_in_premium, active_bullish_order_block, active_bullish_fvg, active_bearish_fvg",,,,,,,,,rsi_35_45|fg_neutral|funding_neutral|trigger_scheduled|final_HOLD|claude_HOLD|candidate_BUY|candidate_source_trade_quality,"Multiple bearish signals converge: price below all EMAs (20/50/200), MACD bearish, low volume ratio (0.46), negative funding rate with heavy long liquidations ($128M vs $24M shorts), and historical evidence shows average 4h return of -4.98% in similar setups. AI feedback loop explicitly warns BUY accuracy is 0.0 at 4h. Despite neutral Fear & Greed and positive 24h historical avg, the 4h risk profile is clearly unfavorable."
37,2026-05-07T02:12:58+00:00,24h,SCORED,80979.0,2026-05-08T03:00:14+00:00,79459.2,decisions,-1.8768,scheduled,37.9,47,-0.0028439999999999,HOLD,72,AVOIDED_DOWNSIDE,True,tq65_shadow60_risk_v1,BUY,trade_quality,72,"Trade Quality Score 67.0/100 is above BUY threshold 65.0. Primary reason: quality_high. Original Claude HOLD reason: Multiple bearish signals converge: price below all EMAs (20/50/200), MACD bearish, low volume ratio (0.46), negative funding rate with heavy long liquidations ($128M vs $24M shorts), and historical evidence shows average 4h return of -4.98% in similar setups. AI feedback loop explicitly warns BUY accuracy is 0.0 at 4h. Despite neutral Fear & Greed and positive 24h historical avg, the 4h risk profile is clearly unfavorable.",67.0,57.0,HOLD,bb_squeeze,Bollinger Band squeeze (width=0.0083). No directional trend — skipping.,1,bb_squeeze,80979.0,67.0,AVOIDED_DOWNSIDE,True,0,57.0,risk_block_bb_squeeze,BUY,67.0,quality_high,80715.01,83408.37,70.0,bearish,"bearish_bos_or_choch, bullish_liquidity_sweep, bearish_liquidity_sweep, price_in_discount, price_in_premium, active_bullish_order_block, active_bullish_fvg, active_bearish_fvg",bullish: LH/LH/LL/LH,bullish_sweep,2 active,11 active,premium,mixed,SELL,70.0,bearish,"bearish_bos_or_choch, bullish_liquidity_sweep, bearish_liquidity_sweep, price_in_discount, price_in_premium, active_bullish_order_block, active_bullish_fvg, active_bearish_fvg",,,,,,,,,rsi_35_45|fg_neutral|funding_neutral|trigger_scheduled|final_HOLD|claude_HOLD|candidate_BUY|candidate_source_trade_quality,"Multiple bearish signals converge: price below all EMAs (20/50/200), MACD bearish, low volume ratio (0.46), negative funding rate with heavy long liquidations ($128M vs $24M shorts), and historical evidence shows average 4h return of -4.98% in similar setups. AI feedback loop explicitly warns BUY accuracy is 0.0 at 4h. Despite neutral Fear & Greed and positive 24h historical avg, the 4h risk profile is clearly unfavorable."
38,2026-05-07T03:02:36+00:00,15m,NO_PRICE_AT_HORIZON,81074.3,,,,,scheduled,43.9,47,-0.0028439999999999,HOLD,72,NO_PRICE,,tq65_shadow60_risk_v1,BUY,trade_quality,72,"Trade Quality Score 67.5/100 is above BUY threshold 65.0. Primary reason: quality_high. Original Claude HOLD reason: Multiple bearish technicals align: price below EMA 20/50, MACD bearish, RSI at 43.9, and critically the 4h average return in similar historical setups is -4.45% with a worst case of -29%. Volume ratio at 0.03 signals no conviction. Historical evidence shows 20/20 prior similar signals were HOLDs with 0 BUY calls, and AI feedback confirms Claude BUY accuracy at 4h is 0.0. Despite a 45% win rate and positive 24h return, the 4h risk is too severe to enter.",67.5,57.5,HOLD,bb_squeeze,Bollinger Band squeeze (width=0.0081). No directional trend — skipping.,1,bb_squeeze,81074.3,67.5,NO_PRICE,,0,57.5,risk_block_bb_squeeze,BUY,67.5,quality_high,80832.43,83506.53,70.0,bearish,"bearish_bos_or_choch, bullish_liquidity_sweep, bearish_liquidity_sweep, price_in_discount, price_in_premium, active_bullish_order_block, active_bullish_fvg, active_bearish_fvg",bullish: LH/LL/LH/LL,bullish_sweep,2 active,11 active,premium,mixed,SELL,70.0,bearish,"bearish_bos_or_choch, bullish_liquidity_sweep, bearish_liquidity_sweep, price_in_discount, price_in_premium, active_bullish_order_block, active_bullish_fvg, active_bearish_fvg",,,,,,,,,rsi_35_45|fg_neutral|funding_neutral|trigger_scheduled|final_HOLD|claude_HOLD|candidate_BUY|candidate_source_trade_quality,"Multiple bearish technicals align: price below EMA 20/50, MACD bearish, RSI at 43.9, and critically the 4h average return in similar historical setups is -4.45% with a worst case of -29%. Volume ratio at 0.03 signals no conviction. Historical evidence shows 20/20 prior similar signals were HOLDs with 0 BUY calls, and AI feedback confirms Claude BUY accuracy at 4h is 0.0. Despite a 45% win rate and positive 24h return, the 4h risk is too severe to enter."
38,2026-05-07T03:02:36+00:00,1h,SCORED,81074.3,2026-05-07T05:00:15+00:00,80966.3,decisions,-0.1332,scheduled,43.9,47,-0.0028439999999999,HOLD,72,OK_HOLD,,tq65_shadow60_risk_v1,BUY,trade_quality,72,"Trade Quality Score 67.5/100 is above BUY threshold 65.0. Primary reason: quality_high. Original Claude HOLD reason: Multiple bearish technicals align: price below EMA 20/50, MACD bearish, RSI at 43.9, and critically the 4h average return in similar historical setups is -4.45% with a worst case of -29%. Volume ratio at 0.03 signals no conviction. Historical evidence shows 20/20 prior similar signals were HOLDs with 0 BUY calls, and AI feedback confirms Claude BUY accuracy at 4h is 0.0. Despite a 45% win rate and positive 24h return, the 4h risk is too severe to enter.",67.5,57.5,HOLD,bb_squeeze,Bollinger Band squeeze (width=0.0081). No directional trend — skipping.,1,bb_squeeze,81074.3,67.5,OK_HOLD,,0,57.5,risk_block_bb_squeeze,BUY,67.5,quality_high,80832.43,83506.53,70.0,bearish,"bearish_bos_or_choch, bullish_liquidity_sweep, bearish_liquidity_sweep, price_in_discount, price_in_premium, active_bullish_order_block, active_bullish_fvg, active_bearish_fvg",bullish: LH/LL/LH/LL,bullish_sweep,2 active,11 active,premium,mixed,SELL,70.0,bearish,"bearish_bos_or_choch, bullish_liquidity_sweep, bearish_liquidity_sweep, price_in_discount, price_in_premium, active_bullish_order_block, active_bullish_fvg, active_bearish_fvg",,,,,,,,,rsi_35_45|fg_neutral|funding_neutral|trigger_scheduled|final_HOLD|claude_HOLD|candidate_BUY|candidate_source_trade_quality,"Multiple bearish technicals align: price below EMA 20/50, MACD bearish, RSI at 43.9, and critically the 4h average return in similar historical setups is -4.45% with a worst case of -29%. Volume ratio at 0.03 signals no conviction. Historical evidence shows 20/20 prior similar signals were HOLDs with 0 BUY calls, and AI feedback confirms Claude BUY accuracy at 4h is 0.0. Despite a 45% win rate and positive 24h return, the 4h risk is too severe to enter."
38,2026-05-07T03:02:36+00:00,4h,SCORED,81074.3,2026-05-07T08:00:16+00:00,81514.7,decisions,0.5432,scheduled,43.9,47,-0.0028439999999999,HOLD,72,OK_HOLD,,tq65_shadow60_risk_v1,BUY,trade_quality,72,"Trade Quality Score 67.5/100 is above BUY threshold 65.0. Primary reason: quality_high. Original Claude HOLD reason: Multiple bearish technicals align: price below EMA 20/50, MACD bearish, RSI at 43.9, and critically the 4h average return in similar historical setups is -4.45% with a worst case of -29%. Volume ratio at 0.03 signals no conviction. Historical evidence shows 20/20 prior similar signals were HOLDs with 0 BUY calls, and AI feedback confirms Claude BUY accuracy at 4h is 0.0. Despite a 45% win rate and positive 24h return, the 4h risk is too severe to enter.",67.5,57.5,HOLD,bb_squeeze,Bollinger Band squeeze (width=0.0081). No directional trend — skipping.,1,bb_squeeze,81074.3,67.5,OK_HOLD,,0,57.5,risk_block_bb_squeeze,BUY,67.5,quality_high,80832.43,83506.53,70.0,bearish,"bearish_bos_or_choch, bullish_liquidity_sweep, bearish_liquidity_sweep, price_in_discount, price_in_premium, active_bullish_order_block, active_bullish_fvg, active_bearish_fvg",bullish: LH/LL/LH/LL,bullish_sweep,2 active,11 active,premium,mixed,SELL,70.0,bearish,"bearish_bos_or_choch, bullish_liquidity_sweep, bearish_liquidity_sweep, price_in_discount, price_in_premium, active_bullish_order_block, active_bullish_fvg, active_bearish_fvg",,,,,,,,,rsi_35_45|fg_neutral|funding_neutral|trigger_scheduled|final_HOLD|claude_HOLD|candidate_BUY|candidate_source_trade_quality,"Multiple bearish technicals align: price below EMA 20/50, MACD bearish, RSI at 43.9, and critically the 4h average return in similar historical setups is -4.45% with a worst case of -29%. Volume ratio at 0.03 signals no conviction. Historical evidence shows 20/20 prior similar signals were HOLDs with 0 BUY calls, and AI feedback confirms Claude BUY accuracy at 4h is 0.0. Despite a 45% win rate and positive 24h return, the 4h risk is too severe to enter."
38,2026-05-07T03:02:36+00:00,24h,SCORED,81074.3,2026-05-08T04:00:18+00:00,79561.4,decisions,-1.8661,scheduled,43.9,47,-0.0028439999999999,HOLD,72,AVOIDED_DOWNSIDE,True,tq65_shadow60_risk_v1,BUY,trade_quality,72,"Trade Quality Score 67.5/100 is above BUY threshold 65.0. Primary reason: quality_high. Original Claude HOLD reason: Multiple bearish technicals align: price below EMA 20/50, MACD bearish, RSI at 43.9, and critically the 4h average return in similar historical setups is -4.45% with a worst case of -29%. Volume ratio at 0.03 signals no conviction. Historical evidence shows 20/20 prior similar signals were HOLDs with 0 BUY calls, and AI feedback confirms Claude BUY accuracy at 4h is 0.0. Despite a 45% win rate and positive 24h return, the 4h risk is too severe to enter.",67.5,57.5,HOLD,bb_squeeze,Bollinger Band squeeze (width=0.0081). No directional trend — skipping.,1,bb_squeeze,81074.3,67.5,AVOIDED_DOWNSIDE,True,0,57.5,risk_block_bb_squeeze,BUY,67.5,quality_high,80832.43,83506.53,70.0,bearish,"bearish_bos_or_choch, bullish_liquidity_sweep, bearish_liquidity_sweep, price_in_discount, price_in_premium, active_bullish_order_block, active_bullish_fvg, active_bearish_fvg",bullish: LH/LL/LH/LL,bullish_sweep,2 active,11 active,premium,mixed,SELL,70.0,bearish,"bearish_bos_or_choch, bullish_liquidity_sweep, bearish_liquidity_sweep, price_in_discount, price_in_premium, active_bullish_order_block, active_bullish_fvg, active_bearish_fvg",,,,,,,,,rsi_35_45|fg_neutral|funding_neutral|trigger_scheduled|final_HOLD|claude_HOLD|candidate_BUY|candidate_source_trade_quality,"Multiple bearish technicals align: price below EMA 20/50, MACD bearish, RSI at 43.9, and critically the 4h average return in similar historical setups is -4.45% with a worst case of -29%. Volume ratio at 0.03 signals no conviction. Historical evidence shows 20/20 prior similar signals were HOLDs with 0 BUY calls, and AI feedback confirms Claude BUY accuracy at 4h is 0.0. Despite a 45% win rate and positive 24h return, the 4h risk is too severe to enter."
39,2026-05-07T03:03:35+00:00,15m,NO_PRICE_AT_HORIZON,81060.4,,,,,learning_only_scan,43.5,47,-0.0028439999999999,HOLD,55,NO_PRICE,,tq65_shadow60_risk_v1,BUY,trade_quality,65,"Trade Quality Score 67.5/100 is above BUY threshold 65.0. Primary reason: quality_high. Original Claude HOLD reason: Mixed signals with no clear edge: price is below EMA 20/50 (bearish), MACD bearish, volume ratio extremely low at 0.03 suggesting no conviction, negative funding rate indicates bearish sentiment, and historical 4h avg return is deeply negative at -4.45% with 0 BUY signals across 20 similar past moments. The 24h avg return of +5.80% is the only notable positive, but AI feedback explicitly flags weak 4h BUY accuracy at 0.0.",67.5,57.5,HOLD,bb_squeeze,Bollinger Band squeeze (width=0.0082). No directional trend — skipping.,1,bb_squeeze,81060.4,67.5,NO_PRICE,,0,57.5,risk_block_bb_squeeze,BUY,67.5,quality_high,80817.02,83492.21,70.0,bearish,"bearish_bos_or_choch, bullish_liquidity_sweep, bearish_liquidity_sweep, price_in_discount, price_in_premium, active_bullish_order_block, active_bullish_fvg, active_bearish_fvg",bullish: LH/LL/LH/LL,bullish_sweep,2 active,11 active,premium,mixed,SELL,70.0,bearish,"bearish_bos_or_choch, bullish_liquidity_sweep, bearish_liquidity_sweep, price_in_discount, price_in_premium, active_bullish_order_block, active_bullish_fvg, active_bearish_fvg",,,,,,,,,rsi_35_45|fg_neutral|funding_neutral|trigger_learning_only_scan|final_HOLD|claude_HOLD|candidate_BUY|candidate_source_trade_quality,"Mixed signals with no clear edge: price is below EMA 20/50 (bearish), MACD bearish, volume ratio extremely low at 0.03 suggesting no conviction, negative funding rate indicates bearish sentiment, and historical 4h avg return is deeply negative at -4.45% with 0 BUY signals across 20 similar past moments. The 24h avg return of +5.80% is the only notable positive, but AI feedback explicitly flags weak 4h BUY accuracy at 0.0."
39,2026-05-07T03:03:35+00:00,1h,SCORED,81060.4,2026-05-07T05:00:15+00:00,80966.3,decisions,-0.1161,learning_only_scan,43.5,47,-0.0028439999999999,HOLD,55,OK_HOLD,,tq65_shadow60_risk_v1,BUY,trade_quality,65,"Trade Quality Score 67.5/100 is above BUY threshold 65.0. Primary reason: quality_high. Original Claude HOLD reason: Mixed signals with no clear edge: price is below EMA 20/50 (bearish), MACD bearish, volume ratio extremely low at 0.03 suggesting no conviction, negative funding rate indicates bearish sentiment, and historical 4h avg return is deeply negative at -4.45% with 0 BUY signals across 20 similar past moments. The 24h avg return of +5.80% is the only notable positive, but AI feedback explicitly flags weak 4h BUY accuracy at 0.0.",67.5,57.5,HOLD,bb_squeeze,Bollinger Band squeeze (width=0.0082). No directional trend — skipping.,1,bb_squeeze,81060.4,67.5,OK_HOLD,,0,57.5,risk_block_bb_squeeze,BUY,67.5,quality_high,80817.02,83492.21,70.0,bearish,"bearish_bos_or_choch, bullish_liquidity_sweep, bearish_liquidity_sweep, price_in_discount, price_in_premium, active_bullish_order_block, active_bullish_fvg, active_bearish_fvg",bullish: LH/LL/LH/LL,bullish_sweep,2 active,11 active,premium,mixed,SELL,70.0,bearish,"bearish_bos_or_choch, bullish_liquidity_sweep, bearish_liquidity_sweep, price_in_discount, price_in_premium, active_bullish_order_block, active_bullish_fvg, active_bearish_fvg",,,,,,,,,rsi_35_45|fg_neutral|funding_neutral|trigger_learning_only_scan|final_HOLD|claude_HOLD|candidate_BUY|candidate_source_trade_quality,"Mixed signals with no clear edge: price is below EMA 20/50 (bearish), MACD bearish, volume ratio extremely low at 0.03 suggesting no conviction, negative funding rate indicates bearish sentiment, and historical 4h avg return is deeply negative at -4.45% with 0 BUY signals across 20 similar past moments. The 24h avg return of +5.80% is the only notable positive, but AI feedback explicitly flags weak 4h BUY accuracy at 0.0."
39,2026-05-07T03:03:35+00:00,4h,SCORED,81060.4,2026-05-07T08:00:16+00:00,81514.7,decisions,0.5604,learning_only_scan,43.5,47,-0.0028439999999999,HOLD,55,OK_HOLD,,tq65_shadow60_risk_v1,BUY,trade_quality,65,"Trade Quality Score 67.5/100 is above BUY threshold 65.0. Primary reason: quality_high. Original Claude HOLD reason: Mixed signals with no clear edge: price is below EMA 20/50 (bearish), MACD bearish, volume ratio extremely low at 0.03 suggesting no conviction, negative funding rate indicates bearish sentiment, and historical 4h avg return is deeply negative at -4.45% with 0 BUY signals across 20 similar past moments. The 24h avg return of +5.80% is the only notable positive, but AI feedback explicitly flags weak 4h BUY accuracy at 0.0.",67.5,57.5,HOLD,bb_squeeze,Bollinger Band squeeze (width=0.0082). No directional trend — skipping.,1,bb_squeeze,81060.4,67.5,OK_HOLD,,0,57.5,risk_block_bb_squeeze,BUY,67.5,quality_high,80817.02,83492.21,70.0,bearish,"bearish_bos_or_choch, bullish_liquidity_sweep, bearish_liquidity_sweep, price_in_discount, price_in_premium, active_bullish_order_block, active_bullish_fvg, active_bearish_fvg",bullish: LH/LL/LH/LL,bullish_sweep,2 active,11 active,premium,mixed,SELL,70.0,bearish,"bearish_bos_or_choch, bullish_liquidity_sweep, bearish_liquidity_sweep, price_in_discount, price_in_premium, active_bullish_order_block, active_bullish_fvg, active_bearish_fvg",,,,,,,,,rsi_35_45|fg_neutral|funding_neutral|trigger_learning_only_scan|final_HOLD|claude_HOLD|candidate_BUY|candidate_source_trade_quality,"Mixed signals with no clear edge: price is below EMA 20/50 (bearish), MACD bearish, volume ratio extremely low at 0.03 suggesting no conviction, negative funding rate indicates bearish sentiment, and historical 4h avg return is deeply negative at -4.45% with 0 BUY signals across 20 similar past moments. The 24h avg return of +5.80% is the only notable positive, but AI feedback explicitly flags weak 4h BUY accuracy at 0.0."
39,2026-05-07T03:03:35+00:00,24h,SCORED,81060.4,2026-05-08T04:00:18+00:00,79561.4,decisions,-1.8492,learning_only_scan,43.5,47,-0.0028439999999999,HOLD,55,AVOIDED_DOWNSIDE,True,tq65_shadow60_risk_v1,BUY,trade_quality,65,"Trade Quality Score 67.5/100 is above BUY threshold 65.0. Primary reason: quality_high. Original Claude HOLD reason: Mixed signals with no clear edge: price is below EMA 20/50 (bearish), MACD bearish, volume ratio extremely low at 0.03 suggesting no conviction, negative funding rate indicates bearish sentiment, and historical 4h avg return is deeply negative at -4.45% with 0 BUY signals across 20 similar past moments. The 24h avg return of +5.80% is the only notable positive, but AI feedback explicitly flags weak 4h BUY accuracy at 0.0.",67.5,57.5,HOLD,bb_squeeze,Bollinger Band squeeze (width=0.0082). No directional trend — skipping.,1,bb_squeeze,81060.4,67.5,AVOIDED_DOWNSIDE,True,0,57.5,risk_block_bb_squeeze,BUY,67.5,quality_high,80817.02,83492.21,70.0,bearish,"bearish_bos_or_choch, bullish_liquidity_sweep, bearish_liquidity_sweep, price_in_discount, price_in_premium, active_bullish_order_block, active_bullish_fvg, active_bearish_fvg",bullish: LH/LL/LH/LL,bullish_sweep,2 active,11 active,premium,mixed,SELL,70.0,bearish,"bearish_bos_or_choch, bullish_liquidity_sweep, bearish_liquidity_sweep, price_in_discount, price_in_premium, active_bullish_order_block, active_bullish_fvg, active_bearish_fvg",,,,,,,,,rsi_35_45|fg_neutral|funding_neutral|trigger_learning_only_scan|final_HOLD|claude_HOLD|candidate_BUY|candidate_source_trade_quality,"Mixed signals with no clear edge: price is below EMA 20/50 (bearish), MACD bearish, volume ratio extremely low at 0.03 suggesting no conviction, negative funding rate indicates bearish sentiment, and historical 4h avg return is deeply negative at -4.45% with 0 BUY signals across 20 similar past moments. The 24h avg return of +5.80% is the only notable positive, but AI feedback explicitly flags weak 4h BUY accuracy at 0.0."
40,2026-05-07T04:00:15+00:00,15m,NO_PRICE_AT_HORIZON,80825.2,,,,,learning_only_scan,36.6,47,-0.0028439999999999,HOLD,55,NO_PRICE,,tq65_shadow60_risk_v1,BUY,trade_quality,65,"Trade Quality Score 70.5/100 is above BUY threshold 65.0. Primary reason: quality_high. Original Claude HOLD reason: Mixed signals dominate: RSI at 36.6 and Stoch K at 9.1 suggest oversold conditions with potential 24h upside (+5.80% avg), but average 4h return of -4.45% and 4h BUY accuracy of 0.0 make a BUY dangerous in the near term. MACD is bearish, price is below all EMAs, and volume ratio of 0.06 indicates no conviction. Historical precedent shows 20/20 past similar moments were HOLD, and the AI feedback loop explicitly flags weak BUY performance.",70.5,60.5,HOLD,bb_squeeze,Bollinger Band squeeze (width=0.0096). No directional trend — skipping.,1,bb_squeeze,80825.2,70.5,NO_PRICE,,0,60.5,risk_block_bb_squeeze,BUY,70.5,quality_high,80604.68,83249.96,70.0,bearish,"higher_timeframe_bearish, bearish_bos_or_choch, bullish_liquidity_sweep, bearish_liquidity_sweep, price_in_discount, active_bullish_order_block, active_bullish_fvg, active_bearish_fvg",bearish: LH/LL/LH/LL,bullish_sweep,1 active,12 active,discount,bearish,SELL,70.0,bearish,"higher_timeframe_bearish, bearish_bos_or_choch, bullish_liquidity_sweep, bearish_liquidity_sweep, price_in_discount, active_bullish_order_block, active_bullish_fvg, active_bearish_fvg",,,,,,,,,rsi_35_45|fg_neutral|funding_neutral|trigger_learning_only_scan|final_HOLD|claude_HOLD|candidate_BUY|candidate_source_trade_quality,"Mixed signals dominate: RSI at 36.6 and Stoch K at 9.1 suggest oversold conditions with potential 24h upside (+5.80% avg), but average 4h return of -4.45% and 4h BUY accuracy of 0.0 make a BUY dangerous in the near term. MACD is bearish, price is below all EMAs, and volume ratio of 0.06 indicates no conviction. Historical precedent shows 20/20 past similar moments were HOLD, and the AI feedback loop explicitly flags weak BUY performance."
40,2026-05-07T04:00:15+00:00,1h,SCORED,80825.2,2026-05-07T05:00:15+00:00,80966.3,decisions,0.1746,learning_only_scan,36.6,47,-0.0028439999999999,HOLD,55,OK_HOLD,,tq65_shadow60_risk_v1,BUY,trade_quality,65,"Trade Quality Score 70.5/100 is above BUY threshold 65.0. Primary reason: quality_high. Original Claude HOLD reason: Mixed signals dominate: RSI at 36.6 and Stoch K at 9.1 suggest oversold conditions with potential 24h upside (+5.80% avg), but average 4h return of -4.45% and 4h BUY accuracy of 0.0 make a BUY dangerous in the near term. MACD is bearish, price is below all EMAs, and volume ratio of 0.06 indicates no conviction. Historical precedent shows 20/20 past similar moments were HOLD, and the AI feedback loop explicitly flags weak BUY performance.",70.5,60.5,HOLD,bb_squeeze,Bollinger Band squeeze (width=0.0096). No directional trend — skipping.,1,bb_squeeze,80825.2,70.5,OK_HOLD,,0,60.5,risk_block_bb_squeeze,BUY,70.5,quality_high,80604.68,83249.96,70.0,bearish,"higher_timeframe_bearish, bearish_bos_or_choch, bullish_liquidity_sweep, bearish_liquidity_sweep, price_in_discount, active_bullish_order_block, active_bullish_fvg, active_bearish_fvg",bearish: LH/LL/LH/LL,bullish_sweep,1 active,12 active,discount,bearish,SELL,70.0,bearish,"higher_timeframe_bearish, bearish_bos_or_choch, bullish_liquidity_sweep, bearish_liquidity_sweep, price_in_discount, active_bullish_order_block, active_bullish_fvg, active_bearish_fvg",,,,,,,,,rsi_35_45|fg_neutral|funding_neutral|trigger_learning_only_scan|final_HOLD|claude_HOLD|candidate_BUY|candidate_source_trade_quality,"Mixed signals dominate: RSI at 36.6 and Stoch K at 9.1 suggest oversold conditions with potential 24h upside (+5.80% avg), but average 4h return of -4.45% and 4h BUY accuracy of 0.0 make a BUY dangerous in the near term. MACD is bearish, price is below all EMAs, and volume ratio of 0.06 indicates no conviction. Historical precedent shows 20/20 past similar moments were HOLD, and the AI feedback loop explicitly flags weak BUY performance."
40,2026-05-07T04:00:15+00:00,4h,SCORED,80825.2,2026-05-07T08:00:16+00:00,81514.7,decisions,0.8531,learning_only_scan,36.6,47,-0.0028439999999999,HOLD,55,OK_HOLD,,tq65_shadow60_risk_v1,BUY,trade_quality,65,"Trade Quality Score 70.5/100 is above BUY threshold 65.0. Primary reason: quality_high. Original Claude HOLD reason: Mixed signals dominate: RSI at 36.6 and Stoch K at 9.1 suggest oversold conditions with potential 24h upside (+5.80% avg), but average 4h return of -4.45% and 4h BUY accuracy of 0.0 make a BUY dangerous in the near term. MACD is bearish, price is below all EMAs, and volume ratio of 0.06 indicates no conviction. Historical precedent shows 20/20 past similar moments were HOLD, and the AI feedback loop explicitly flags weak BUY performance.",70.5,60.5,HOLD,bb_squeeze,Bollinger Band squeeze (width=0.0096). No directional trend — skipping.,1,bb_squeeze,80825.2,70.5,OK_HOLD,,0,60.5,risk_block_bb_squeeze,BUY,70.5,quality_high,80604.68,83249.96,70.0,bearish,"higher_timeframe_bearish, bearish_bos_or_choch, bullish_liquidity_sweep, bearish_liquidity_sweep, price_in_discount, active_bullish_order_block, active_bullish_fvg, active_bearish_fvg",bearish: LH/LL/LH/LL,bullish_sweep,1 active,12 active,discount,bearish,SELL,70.0,bearish,"higher_timeframe_bearish, bearish_bos_or_choch, bullish_liquidity_sweep, bearish_liquidity_sweep, price_in_discount, active_bullish_order_block, active_bullish_fvg, active_bearish_fvg",,,,,,,,,rsi_35_45|fg_neutral|funding_neutral|trigger_learning_only_scan|final_HOLD|claude_HOLD|candidate_BUY|candidate_source_trade_quality,"Mixed signals dominate: RSI at 36.6 and Stoch K at 9.1 suggest oversold conditions with potential 24h upside (+5.80% avg), but average 4h return of -4.45% and 4h BUY accuracy of 0.0 make a BUY dangerous in the near term. MACD is bearish, price is below all EMAs, and volume ratio of 0.06 indicates no conviction. Historical precedent shows 20/20 past similar moments were HOLD, and the AI feedback loop explicitly flags weak BUY performance."
40,2026-05-07T04:00:15+00:00,24h,SCORED,80825.2,2026-05-08T04:00:18+00:00,79561.4,decisions,-1.5636,learning_only_scan,36.6,47,-0.0028439999999999,HOLD,55,AVOIDED_DOWNSIDE,True,tq65_shadow60_risk_v1,BUY,trade_quality,65,"Trade Quality Score 70.5/100 is above BUY threshold 65.0. Primary reason: quality_high. Original Claude HOLD reason: Mixed signals dominate: RSI at 36.6 and Stoch K at 9.1 suggest oversold conditions with potential 24h upside (+5.80% avg), but average 4h return of -4.45% and 4h BUY accuracy of 0.0 make a BUY dangerous in the near term. MACD is bearish, price is below all EMAs, and volume ratio of 0.06 indicates no conviction. Historical precedent shows 20/20 past similar moments were HOLD, and the AI feedback loop explicitly flags weak BUY performance.",70.5,60.5,HOLD,bb_squeeze,Bollinger Band squeeze (width=0.0096). No directional trend — skipping.,1,bb_squeeze,80825.2,70.5,AVOIDED_DOWNSIDE,True,0,60.5,risk_block_bb_squeeze,BUY,70.5,quality_high,80604.68,83249.96,70.0,bearish,"higher_timeframe_bearish, bearish_bos_or_choch, bullish_liquidity_sweep, bearish_liquidity_sweep, price_in_discount, active_bullish_order_block, active_bullish_fvg, active_bearish_fvg",bearish: LH/LL/LH/LL,bullish_sweep,1 active,12 active,discount,bearish,SELL,70.0,bearish,"higher_timeframe_bearish, bearish_bos_or_choch, bullish_liquidity_sweep, bearish_liquidity_sweep, price_in_discount, active_bullish_order_block, active_bullish_fvg, active_bearish_fvg",,,,,,,,,rsi_35_45|fg_neutral|funding_neutral|trigger_learning_only_scan|final_HOLD|claude_HOLD|candidate_BUY|candidate_source_trade_quality,"Mixed signals dominate: RSI at 36.6 and Stoch K at 9.1 suggest oversold conditions with potential 24h upside (+5.80% avg), but average 4h return of -4.45% and 4h BUY accuracy of 0.0 make a BUY dangerous in the near term. MACD is bearish, price is below all EMAs, and volume ratio of 0.06 indicates no conviction. Historical precedent shows 20/20 past similar moments were HOLD, and the AI feedback loop explicitly flags weak BUY performance."
41,2026-05-07T05:00:15+00:00,15m,NO_PRICE_AT_HORIZON,80966.3,,,,,learning_only_scan,44.0,47,-0.0028439999999999,HOLD,45,NO_PRICE,,tq65_shadow60_risk_v1,BUY,trade_quality,65,"Trade Quality Score 75.0/100 is above BUY threshold 65.0. Primary reason: quality_high. Original Claude HOLD reason: Despite strong historical win rate (80%) at similar setups and bullish MACD crossover, the 4h BUY accuracy from the AI feedback loop is 0.0, the 24h average return is deeply negative (-14.81%), volume ratio is effectively zero suggesting no conviction, price is below EMA 20/50/200 (bearish structure), and the long/short ratio of 0.58 indicates heavy short positioning that could reflect informed bearish sentiment. The squeeze (BB width 0.0062) is real but direction is ambiguous.",75.0,65.0,HOLD,bb_squeeze,Bollinger Band squeeze (width=0.0062). No directional trend — skipping.,1,bb_squeeze,80966.3,75.0,NO_PRICE,,0,65.0,risk_block_bb_squeeze,BUY,75.0,quality_high,80763.02,83395.29,75.0,bearish,"higher_timeframe_bearish, bearish_bos_or_choch, bullish_liquidity_sweep, bearish_liquidity_sweep, price_in_discount, active_bullish_order_block, active_bearish_order_block, active_bullish_fvg",bearish: LH/LL/LH/LL,bullish_sweep,2 active,10 active,discount,bearish,SELL,75.0,bearish,"higher_timeframe_bearish, bearish_bos_or_choch, bullish_liquidity_sweep, bearish_liquidity_sweep, price_in_discount, active_bullish_order_block, active_bearish_order_block, active_bullish_fvg",,,,,,,,,rsi_35_45|fg_neutral|funding_neutral|trigger_learning_only_scan|final_HOLD|claude_HOLD|candidate_BUY|candidate_source_trade_quality,"Despite strong historical win rate (80%) at similar setups and bullish MACD crossover, the 4h BUY accuracy from the AI feedback loop is 0.0, the 24h average return is deeply negative (-14.81%), volume ratio is effectively zero suggesting no conviction, price is below EMA 20/50/200 (bearish structure), and the long/short ratio of 0.58 indicates heavy short positioning that could reflect informed bearish sentiment. The squeeze (BB width 0.0062) is real but direction is ambiguous."
41,2026-05-07T05:00:15+00:00,1h,SCORED,80966.3,2026-05-07T06:00:15+00:00,81067.7,decisions,0.1252,learning_only_scan,44.0,47,-0.0028439999999999,HOLD,45,OK_HOLD,,tq65_shadow60_risk_v1,BUY,trade_quality,65,"Trade Quality Score 75.0/100 is above BUY threshold 65.0. Primary reason: quality_high. Original Claude HOLD reason: Despite strong historical win rate (80%) at similar setups and bullish MACD crossover, the 4h BUY accuracy from the AI feedback loop is 0.0, the 24h average return is deeply negative (-14.81%), volume ratio is effectively zero suggesting no conviction, price is below EMA 20/50/200 (bearish structure), and the long/short ratio of 0.58 indicates heavy short positioning that could reflect informed bearish sentiment. The squeeze (BB width 0.0062) is real but direction is ambiguous.",75.0,65.0,HOLD,bb_squeeze,Bollinger Band squeeze (width=0.0062). No directional trend — skipping.,1,bb_squeeze,80966.3,75.0,OK_HOLD,,0,65.0,risk_block_bb_squeeze,BUY,75.0,quality_high,80763.02,83395.29,75.0,bearish,"higher_timeframe_bearish, bearish_bos_or_choch, bullish_liquidity_sweep, bearish_liquidity_sweep, price_in_discount, active_bullish_order_block, active_bearish_order_block, active_bullish_fvg",bearish: LH/LL/LH/LL,bullish_sweep,2 active,10 active,discount,bearish,SELL,75.0,bearish,"higher_timeframe_bearish, bearish_bos_or_choch, bullish_liquidity_sweep, bearish_liquidity_sweep, price_in_discount, active_bullish_order_block, active_bearish_order_block, active_bullish_fvg",,,,,,,,,rsi_35_45|fg_neutral|funding_neutral|trigger_learning_only_scan|final_HOLD|claude_HOLD|candidate_BUY|candidate_source_trade_quality,"Despite strong historical win rate (80%) at similar setups and bullish MACD crossover, the 4h BUY accuracy from the AI feedback loop is 0.0, the 24h average return is deeply negative (-14.81%), volume ratio is effectively zero suggesting no conviction, price is below EMA 20/50/200 (bearish structure), and the long/short ratio of 0.58 indicates heavy short positioning that could reflect informed bearish sentiment. The squeeze (BB width 0.0062) is real but direction is ambiguous."
41,2026-05-07T05:00:15+00:00,4h,SCORED,80966.3,2026-05-07T09:00:20+00:00,81216.7,decisions,0.3093,learning_only_scan,44.0,47,-0.0028439999999999,HOLD,45,OK_HOLD,,tq65_shadow60_risk_v1,BUY,trade_quality,65,"Trade Quality Score 75.0/100 is above BUY threshold 65.0. Primary reason: quality_high. Original Claude HOLD reason: Despite strong historical win rate (80%) at similar setups and bullish MACD crossover, the 4h BUY accuracy from the AI feedback loop is 0.0, the 24h average return is deeply negative (-14.81%), volume ratio is effectively zero suggesting no conviction, price is below EMA 20/50/200 (bearish structure), and the long/short ratio of 0.58 indicates heavy short positioning that could reflect informed bearish sentiment. The squeeze (BB width 0.0062) is real but direction is ambiguous.",75.0,65.0,HOLD,bb_squeeze,Bollinger Band squeeze (width=0.0062). No directional trend — skipping.,1,bb_squeeze,80966.3,75.0,OK_HOLD,,0,65.0,risk_block_bb_squeeze,BUY,75.0,quality_high,80763.02,83395.29,75.0,bearish,"higher_timeframe_bearish, bearish_bos_or_choch, bullish_liquidity_sweep, bearish_liquidity_sweep, price_in_discount, active_bullish_order_block, active_bearish_order_block, active_bullish_fvg",bearish: LH/LL/LH/LL,bullish_sweep,2 active,10 active,discount,bearish,SELL,75.0,bearish,"higher_timeframe_bearish, bearish_bos_or_choch, bullish_liquidity_sweep, bearish_liquidity_sweep, price_in_discount, active_bullish_order_block, active_bearish_order_block, active_bullish_fvg",,,,,,,,,rsi_35_45|fg_neutral|funding_neutral|trigger_learning_only_scan|final_HOLD|claude_HOLD|candidate_BUY|candidate_source_trade_quality,"Despite strong historical win rate (80%) at similar setups and bullish MACD crossover, the 4h BUY accuracy from the AI feedback loop is 0.0, the 24h average return is deeply negative (-14.81%), volume ratio is effectively zero suggesting no conviction, price is below EMA 20/50/200 (bearish structure), and the long/short ratio of 0.58 indicates heavy short positioning that could reflect informed bearish sentiment. The squeeze (BB width 0.0062) is real but direction is ambiguous."
41,2026-05-07T05:00:15+00:00,24h,SCORED,80966.3,2026-05-08T05:15:00+00:00,79623.7,live_15m_csv,-1.6582,learning_only_scan,44.0,47,-0.0028439999999999,HOLD,45,AVOIDED_DOWNSIDE,True,tq65_shadow60_risk_v1,BUY,trade_quality,65,"Trade Quality Score 75.0/100 is above BUY threshold 65.0. Primary reason: quality_high. Original Claude HOLD reason: Despite strong historical win rate (80%) at similar setups and bullish MACD crossover, the 4h BUY accuracy from the AI feedback loop is 0.0, the 24h average return is deeply negative (-14.81%), volume ratio is effectively zero suggesting no conviction, price is below EMA 20/50/200 (bearish structure), and the long/short ratio of 0.58 indicates heavy short positioning that could reflect informed bearish sentiment. The squeeze (BB width 0.0062) is real but direction is ambiguous.",75.0,65.0,HOLD,bb_squeeze,Bollinger Band squeeze (width=0.0062). No directional trend — skipping.,1,bb_squeeze,80966.3,75.0,AVOIDED_DOWNSIDE,True,0,65.0,risk_block_bb_squeeze,BUY,75.0,quality_high,80763.02,83395.29,75.0,bearish,"higher_timeframe_bearish, bearish_bos_or_choch, bullish_liquidity_sweep, bearish_liquidity_sweep, price_in_discount, active_bullish_order_block, active_bearish_order_block, active_bullish_fvg",bearish: LH/LL/LH/LL,bullish_sweep,2 active,10 active,discount,bearish,SELL,75.0,bearish,"higher_timeframe_bearish, bearish_bos_or_choch, bullish_liquidity_sweep, bearish_liquidity_sweep, price_in_discount, active_bullish_order_block, active_bearish_order_block, active_bullish_fvg",,,,,,,,,rsi_35_45|fg_neutral|funding_neutral|trigger_learning_only_scan|final_HOLD|claude_HOLD|candidate_BUY|candidate_source_trade_quality,"Despite strong historical win rate (80%) at similar setups and bullish MACD crossover, the 4h BUY accuracy from the AI feedback loop is 0.0, the 24h average return is deeply negative (-14.81%), volume ratio is effectively zero suggesting no conviction, price is below EMA 20/50/200 (bearish structure), and the long/short ratio of 0.58 indicates heavy short positioning that could reflect informed bearish sentiment. The squeeze (BB width 0.0062) is real but direction is ambiguous."
42,2026-05-07T06:00:15+00:00,15m,NO_PRICE_AT_HORIZON,81067.7,,,,,learning_only_scan,48.5,47,-0.0028439999999999,HOLD,45,NO_PRICE,,tq65_shadow60_risk_v1,BUY,trade_quality,65,"Trade Quality Score 70.0/100 is above BUY threshold 65.0. Primary reason: quality_high. Original Claude HOLD reason: Mixed signals dominate: MACD is bullish but price is below EMA 20 and 50, volume ratio is effectively zero indicating no conviction, Stoch K at 79.3 is overbought relative to RSI at 48.5 suggesting divergence, and the 24h historical average return of -10.86% is severely negative. Despite a 70% win rate at 4h, the 24h drag and zero BUY signal history across 20 similar past moments argue strongly for patience.",70.0,60.0,HOLD,bb_squeeze,Bollinger Band squeeze (width=0.0057). No directional trend — skipping.,1,bb_squeeze,81067.7,70.0,NO_PRICE,,0,60.0,risk_block_bb_squeeze,BUY,70.0,quality_high,80878.76,83499.73,70.0,bullish,"higher_timeframe_bearish, bearish_bos_or_choch, bullish_liquidity_sweep, bearish_liquidity_sweep, price_in_discount, active_bullish_order_block, active_bullish_fvg, active_bearish_fvg",bearish: LL/LH/LL/LL,bullish_sweep,1 active,11 active,discount,bearish,BUY,70.0,bullish,"higher_timeframe_bearish, bearish_bos_or_choch, bullish_liquidity_sweep, bearish_liquidity_sweep, price_in_discount, active_bullish_order_block, active_bullish_fvg, active_bearish_fvg",,,,,,,,,rsi_45_55|fg_neutral|funding_neutral|trigger_learning_only_scan|final_HOLD|claude_HOLD|candidate_BUY|candidate_source_trade_quality,"Mixed signals dominate: MACD is bullish but price is below EMA 20 and 50, volume ratio is effectively zero indicating no conviction, Stoch K at 79.3 is overbought relative to RSI at 48.5 suggesting divergence, and the 24h historical average return of -10.86% is severely negative. Despite a 70% win rate at 4h, the 24h drag and zero BUY signal history across 20 similar past moments argue strongly for patience."
42,2026-05-07T06:00:15+00:00,1h,SCORED,81067.7,2026-05-07T08:00:16+00:00,81514.7,decisions,0.5514,learning_only_scan,48.5,47,-0.0028439999999999,HOLD,45,OK_HOLD,,tq65_shadow60_risk_v1,BUY,trade_quality,65,"Trade Quality Score 70.0/100 is above BUY threshold 65.0. Primary reason: quality_high. Original Claude HOLD reason: Mixed signals dominate: MACD is bullish but price is below EMA 20 and 50, volume ratio is effectively zero indicating no conviction, Stoch K at 79.3 is overbought relative to RSI at 48.5 suggesting divergence, and the 24h historical average return of -10.86% is severely negative. Despite a 70% win rate at 4h, the 24h drag and zero BUY signal history across 20 similar past moments argue strongly for patience.",70.0,60.0,HOLD,bb_squeeze,Bollinger Band squeeze (width=0.0057). No directional trend — skipping.,1,bb_squeeze,81067.7,70.0,OK_HOLD,,0,60.0,risk_block_bb_squeeze,BUY,70.0,quality_high,80878.76,83499.73,70.0,bullish,"higher_timeframe_bearish, bearish_bos_or_choch, bullish_liquidity_sweep, bearish_liquidity_sweep, price_in_discount, active_bullish_order_block, active_bullish_fvg, active_bearish_fvg",bearish: LL/LH/LL/LL,bullish_sweep,1 active,11 active,discount,bearish,BUY,70.0,bullish,"higher_timeframe_bearish, bearish_bos_or_choch, bullish_liquidity_sweep, bearish_liquidity_sweep, price_in_discount, active_bullish_order_block, active_bullish_fvg, active_bearish_fvg",,,,,,,,,rsi_45_55|fg_neutral|funding_neutral|trigger_learning_only_scan|final_HOLD|claude_HOLD|candidate_BUY|candidate_source_trade_quality,"Mixed signals dominate: MACD is bullish but price is below EMA 20 and 50, volume ratio is effectively zero indicating no conviction, Stoch K at 79.3 is overbought relative to RSI at 48.5 suggesting divergence, and the 24h historical average return of -10.86% is severely negative. Despite a 70% win rate at 4h, the 24h drag and zero BUY signal history across 20 similar past moments argue strongly for patience."
42,2026-05-07T06:00:15+00:00,4h,SCORED,81067.7,2026-05-07T10:00:18+00:00,80906.0,decisions,-0.1995,learning_only_scan,48.5,47,-0.0028439999999999,HOLD,45,OK_HOLD,,tq65_shadow60_risk_v1,BUY,trade_quality,65,"Trade Quality Score 70.0/100 is above BUY threshold 65.0. Primary reason: quality_high. Original Claude HOLD reason: Mixed signals dominate: MACD is bullish but price is below EMA 20 and 50, volume ratio is effectively zero indicating no conviction, Stoch K at 79.3 is overbought relative to RSI at 48.5 suggesting divergence, and the 24h historical average return of -10.86% is severely negative. Despite a 70% win rate at 4h, the 24h drag and zero BUY signal history across 20 similar past moments argue strongly for patience.",70.0,60.0,HOLD,bb_squeeze,Bollinger Band squeeze (width=0.0057). No directional trend — skipping.,1,bb_squeeze,81067.7,70.0,OK_HOLD,,0,60.0,risk_block_bb_squeeze,BUY,70.0,quality_high,80878.76,83499.73,70.0,bullish,"higher_timeframe_bearish, bearish_bos_or_choch, bullish_liquidity_sweep, bearish_liquidity_sweep, price_in_discount, active_bullish_order_block, active_bullish_fvg, active_bearish_fvg",bearish: LL/LH/LL/LL,bullish_sweep,1 active,11 active,discount,bearish,BUY,70.0,bullish,"higher_timeframe_bearish, bearish_bos_or_choch, bullish_liquidity_sweep, bearish_liquidity_sweep, price_in_discount, active_bullish_order_block, active_bullish_fvg, active_bearish_fvg",,,,,,,,,rsi_45_55|fg_neutral|funding_neutral|trigger_learning_only_scan|final_HOLD|claude_HOLD|candidate_BUY|candidate_source_trade_quality,"Mixed signals dominate: MACD is bullish but price is below EMA 20 and 50, volume ratio is effectively zero indicating no conviction, Stoch K at 79.3 is overbought relative to RSI at 48.5 suggesting divergence, and the 24h historical average return of -10.86% is severely negative. Despite a 70% win rate at 4h, the 24h drag and zero BUY signal history across 20 similar past moments argue strongly for patience."
42,2026-05-07T06:00:15+00:00,24h,SCORED,81067.7,2026-05-08T06:00:16+00:00,79585.1,decisions,-1.8288,learning_only_scan,48.5,47,-0.0028439999999999,HOLD,45,AVOIDED_DOWNSIDE,True,tq65_shadow60_risk_v1,BUY,trade_quality,65,"Trade Quality Score 70.0/100 is above BUY threshold 65.0. Primary reason: quality_high. Original Claude HOLD reason: Mixed signals dominate: MACD is bullish but price is below EMA 20 and 50, volume ratio is effectively zero indicating no conviction, Stoch K at 79.3 is overbought relative to RSI at 48.5 suggesting divergence, and the 24h historical average return of -10.86% is severely negative. Despite a 70% win rate at 4h, the 24h drag and zero BUY signal history across 20 similar past moments argue strongly for patience.",70.0,60.0,HOLD,bb_squeeze,Bollinger Band squeeze (width=0.0057). No directional trend — skipping.,1,bb_squeeze,81067.7,70.0,AVOIDED_DOWNSIDE,True,0,60.0,risk_block_bb_squeeze,BUY,70.0,quality_high,80878.76,83499.73,70.0,bullish,"higher_timeframe_bearish, bearish_bos_or_choch, bullish_liquidity_sweep, bearish_liquidity_sweep, price_in_discount, active_bullish_order_block, active_bullish_fvg, active_bearish_fvg",bearish: LL/LH/LL/LL,bullish_sweep,1 active,11 active,discount,bearish,BUY,70.0,bullish,"higher_timeframe_bearish, bearish_bos_or_choch, bullish_liquidity_sweep, bearish_liquidity_sweep, price_in_discount, active_bullish_order_block, active_bullish_fvg, active_bearish_fvg",,,,,,,,,rsi_45_55|fg_neutral|funding_neutral|trigger_learning_only_scan|final_HOLD|claude_HOLD|candidate_BUY|candidate_source_trade_quality,"Mixed signals dominate: MACD is bullish but price is below EMA 20 and 50, volume ratio is effectively zero indicating no conviction, Stoch K at 79.3 is overbought relative to RSI at 48.5 suggesting divergence, and the 24h historical average return of -10.86% is severely negative. Despite a 70% win rate at 4h, the 24h drag and zero BUY signal history across 20 similar past moments argue strongly for patience."
43,2026-05-07T07:00:14+00:00,15m,NO_PRICE_AT_HORIZON,81438.6,,,,,learning_only_scan,61.9,47,-0.0028439999999999,HOLD,0,NO_PRICE,,tq65_shadow60_risk_v1,BUY,trade_quality,65,Trade Quality Score 74.5/100 is above BUY threshold 65.0. Primary reason: quality_high. Original Claude HOLD reason: Malformed AI response — holding to be safe,74.5,64.5,HOLD,bb_squeeze,Bollinger Band squeeze (width=0.0087). No directional trend — skipping.,1,bb_squeeze,81438.6,74.5,NO_PRICE,,0,64.5,risk_block_bb_squeeze,BUY,74.5,quality_high,81229.01,83881.76,75.0,bearish,"higher_timeframe_bearish, bearish_bos_or_choch, bullish_liquidity_sweep, bearish_liquidity_sweep, price_in_discount, price_in_premium, active_bullish_fvg, active_bearish_fvg",bearish: LL/LH/LL/LL,bullish_sweep,0 active,9 active,premium,bearish,SELL,75.0,bearish,"higher_timeframe_bearish, bearish_bos_or_choch, bullish_liquidity_sweep, bearish_liquidity_sweep, price_in_discount, price_in_premium, active_bullish_fvg, active_bearish_fvg",,,,,,,,,rsi_55_65|fg_neutral|funding_neutral|trigger_learning_only_scan|final_HOLD|claude_HOLD|candidate_BUY|candidate_source_trade_quality,Malformed AI response — holding to be safe
43,2026-05-07T07:00:14+00:00,1h,SCORED,81438.6,2026-05-07T08:00:16+00:00,81514.7,decisions,0.0934,learning_only_scan,61.9,47,-0.0028439999999999,HOLD,0,OK_HOLD,,tq65_shadow60_risk_v1,BUY,trade_quality,65,Trade Quality Score 74.5/100 is above BUY threshold 65.0. Primary reason: quality_high. Original Claude HOLD reason: Malformed AI response — holding to be safe,74.5,64.5,HOLD,bb_squeeze,Bollinger Band squeeze (width=0.0087). No directional trend — skipping.,1,bb_squeeze,81438.6,74.5,OK_HOLD,,0,64.5,risk_block_bb_squeeze,BUY,74.5,quality_high,81229.01,83881.76,75.0,bearish,"higher_timeframe_bearish, bearish_bos_or_choch, bullish_liquidity_sweep, bearish_liquidity_sweep, price_in_discount, price_in_premium, active_bullish_fvg, active_bearish_fvg",bearish: LL/LH/LL/LL,bullish_sweep,0 active,9 active,premium,bearish,SELL,75.0,bearish,"higher_timeframe_bearish, bearish_bos_or_choch, bullish_liquidity_sweep, bearish_liquidity_sweep, price_in_discount, price_in_premium, active_bullish_fvg, active_bearish_fvg",,,,,,,,,rsi_55_65|fg_neutral|funding_neutral|trigger_learning_only_scan|final_HOLD|claude_HOLD|candidate_BUY|candidate_source_trade_quality,Malformed AI response — holding to be safe
43,2026-05-07T07:00:14+00:00,4h,SCORED,81438.6,2026-05-07T11:00:14+00:00,80842.0,decisions,-0.7326,learning_only_scan,61.9,47,-0.0028439999999999,HOLD,0,OK_HOLD,,tq65_shadow60_risk_v1,BUY,trade_quality,65,Trade Quality Score 74.5/100 is above BUY threshold 65.0. Primary reason: quality_high. Original Claude HOLD reason: Malformed AI response — holding to be safe,74.5,64.5,HOLD,bb_squeeze,Bollinger Band squeeze (width=0.0087). No directional trend — skipping.,1,bb_squeeze,81438.6,74.5,OK_HOLD,,0,64.5,risk_block_bb_squeeze,BUY,74.5,quality_high,81229.01,83881.76,75.0,bearish,"higher_timeframe_bearish, bearish_bos_or_choch, bullish_liquidity_sweep, bearish_liquidity_sweep, price_in_discount, price_in_premium, active_bullish_fvg, active_bearish_fvg",bearish: LL/LH/LL/LL,bullish_sweep,0 active,9 active,premium,bearish,SELL,75.0,bearish,"higher_timeframe_bearish, bearish_bos_or_choch, bullish_liquidity_sweep, bearish_liquidity_sweep, price_in_discount, price_in_premium, active_bullish_fvg, active_bearish_fvg",,,,,,,,,rsi_55_65|fg_neutral|funding_neutral|trigger_learning_only_scan|final_HOLD|claude_HOLD|candidate_BUY|candidate_source_trade_quality,Malformed AI response — holding to be safe
43,2026-05-07T07:00:14+00:00,24h,SCORED,81438.6,2026-05-08T07:00:15+00:00,79497.7,decisions,-2.3833,learning_only_scan,61.9,47,-0.0028439999999999,HOLD,0,AVOIDED_DOWNSIDE,True,tq65_shadow60_risk_v1,BUY,trade_quality,65,Trade Quality Score 74.5/100 is above BUY threshold 65.0. Primary reason: quality_high. Original Claude HOLD reason: Malformed AI response — holding to be safe,74.5,64.5,HOLD,bb_squeeze,Bollinger Band squeeze (width=0.0087). No directional trend — skipping.,1,bb_squeeze,81438.6,74.5,AVOIDED_DOWNSIDE,True,0,64.5,risk_block_bb_squeeze,BUY,74.5,quality_high,81229.01,83881.76,75.0,bearish,"higher_timeframe_bearish, bearish_bos_or_choch, bullish_liquidity_sweep, bearish_liquidity_sweep, price_in_discount, price_in_premium, active_bullish_fvg, active_bearish_fvg",bearish: LL/LH/LL/LL,bullish_sweep,0 active,9 active,premium,bearish,SELL,75.0,bearish,"higher_timeframe_bearish, bearish_bos_or_choch, bullish_liquidity_sweep, bearish_liquidity_sweep, price_in_discount, price_in_premium, active_bullish_fvg, active_bearish_fvg",,,,,,,,,rsi_55_65|fg_neutral|funding_neutral|trigger_learning_only_scan|final_HOLD|claude_HOLD|candidate_BUY|candidate_source_trade_quality,Malformed AI response — holding to be safe
44,2026-05-07T08:00:16+00:00,15m,NO_PRICE_AT_HORIZON,81514.7,,,,,learning_only_scan,60.5,47,-0.0028439999999999,HOLD,0,NO_PRICE,,tq65_shadow60_risk_v1,BUY,trade_quality,65,Trade Quality Score 80.0/100 is above BUY threshold 65.0. Primary reason: quality_high. Original Claude HOLD reason: Malformed AI response — holding to be safe,80.0,70.0,HOLD,bb_squeeze,Bollinger Band squeeze (width=0.0139). No directional trend — skipping.,1,bb_squeeze,81514.7,80.0,NO_PRICE,,0,70.0,risk_block_bb_squeeze,BUY,80.0,quality_high,81303.27,83960.14,60.0,bearish,"bearish_bos_or_choch, bullish_liquidity_sweep, bearish_liquidity_sweep, price_in_premium, active_bullish_fvg, active_bearish_fvg, momentum_confirms_bullish",bullish: LL/LH/LL/LL,bullish_sweep,0 active,10 active,premium,mixed,SELL,60.0,bearish,"bearish_bos_or_choch, bullish_liquidity_sweep, bearish_liquidity_sweep, price_in_premium, active_bullish_fvg, active_bearish_fvg, momentum_confirms_bullish",,,,,,,,,rsi_55_65|fg_neutral|funding_neutral|trigger_learning_only_scan|final_HOLD|claude_HOLD|candidate_BUY|candidate_source_trade_quality,Malformed AI response — holding to be safe
44,2026-05-07T08:00:16+00:00,1h,SCORED,81514.7,2026-05-07T09:00:20+00:00,81216.7,decisions,-0.3656,learning_only_scan,60.5,47,-0.0028439999999999,HOLD,0,OK_HOLD,,tq65_shadow60_risk_v1,BUY,trade_quality,65,Trade Quality Score 80.0/100 is above BUY threshold 65.0. Primary reason: quality_high. Original Claude HOLD reason: Malformed AI response — holding to be safe,80.0,70.0,HOLD,bb_squeeze,Bollinger Band squeeze (width=0.0139). No directional trend — skipping.,1,bb_squeeze,81514.7,80.0,OK_HOLD,,0,70.0,risk_block_bb_squeeze,BUY,80.0,quality_high,81303.27,83960.14,60.0,bearish,"bearish_bos_or_choch, bullish_liquidity_sweep, bearish_liquidity_sweep, price_in_premium, active_bullish_fvg, active_bearish_fvg, momentum_confirms_bullish",bullish: LL/LH/LL/LL,bullish_sweep,0 active,10 active,premium,mixed,SELL,60.0,bearish,"bearish_bos_or_choch, bullish_liquidity_sweep, bearish_liquidity_sweep, price_in_premium, active_bullish_fvg, active_bearish_fvg, momentum_confirms_bullish",,,,,,,,,rsi_55_65|fg_neutral|funding_neutral|trigger_learning_only_scan|final_HOLD|claude_HOLD|candidate_BUY|candidate_source_trade_quality,Malformed AI response — holding to be safe
44,2026-05-07T08:00:16+00:00,4h,SCORED,81514.7,2026-05-07T12:00:20+00:00,80864.9,decisions,-0.7972,learning_only_scan,60.5,47,-0.0028439999999999,HOLD,0,OK_HOLD,,tq65_shadow60_risk_v1,BUY,trade_quality,65,Trade Quality Score 80.0/100 is above BUY threshold 65.0. Primary reason: quality_high. Original Claude HOLD reason: Malformed AI response — holding to be safe,80.0,70.0,HOLD,bb_squeeze,Bollinger Band squeeze (width=0.0139). No directional trend — skipping.,1,bb_squeeze,81514.7,80.0,OK_HOLD,,0,70.0,risk_block_bb_squeeze,BUY,80.0,quality_high,81303.27,83960.14,60.0,bearish,"bearish_bos_or_choch, bullish_liquidity_sweep, bearish_liquidity_sweep, price_in_premium, active_bullish_fvg, active_bearish_fvg, momentum_confirms_bullish",bullish: LL/LH/LL/LL,bullish_sweep,0 active,10 active,premium,mixed,SELL,60.0,bearish,"bearish_bos_or_choch, bullish_liquidity_sweep, bearish_liquidity_sweep, price_in_premium, active_bullish_fvg, active_bearish_fvg, momentum_confirms_bullish",,,,,,,,,rsi_55_65|fg_neutral|funding_neutral|trigger_learning_only_scan|final_HOLD|claude_HOLD|candidate_BUY|candidate_source_trade_quality,Malformed AI response — holding to be safe
44,2026-05-07T08:00:16+00:00,24h,SCORED,81514.7,2026-05-08T08:00:21+00:00,79669.2,decisions,-2.264,learning_only_scan,60.5,47,-0.0028439999999999,HOLD,0,AVOIDED_DOWNSIDE,True,tq65_shadow60_risk_v1,BUY,trade_quality,65,Trade Quality Score 80.0/100 is above BUY threshold 65.0. Primary reason: quality_high. Original Claude HOLD reason: Malformed AI response — holding to be safe,80.0,70.0,HOLD,bb_squeeze,Bollinger Band squeeze (width=0.0139). No directional trend — skipping.,1,bb_squeeze,81514.7,80.0,AVOIDED_DOWNSIDE,True,0,70.0,risk_block_bb_squeeze,BUY,80.0,quality_high,81303.27,83960.14,60.0,bearish,"bearish_bos_or_choch, bullish_liquidity_sweep, bearish_liquidity_sweep, price_in_premium, active_bullish_fvg, active_bearish_fvg, momentum_confirms_bullish",bullish: LL/LH/LL/LL,bullish_sweep,0 active,10 active,premium,mixed,SELL,60.0,bearish,"bearish_bos_or_choch, bullish_liquidity_sweep, bearish_liquidity_sweep, price_in_premium, active_bullish_fvg, active_bearish_fvg, momentum_confirms_bullish",,,,,,,,,rsi_55_65|fg_neutral|funding_neutral|trigger_learning_only_scan|final_HOLD|claude_HOLD|candidate_BUY|candidate_source_trade_quality,Malformed AI response — holding to be safe
45,2026-05-07T09:00:20+00:00,15m,NO_PRICE_AT_HORIZON,81216.7,,,,,learning_only_scan,48.0,47,-0.0028439999999999,HOLD,45,NO_PRICE,,tq65_shadow60_risk_v1,BUY,trade_quality,65,"Trade Quality Score 68.5/100 is above BUY threshold 65.0. Primary reason: quality_high. Original Claude HOLD reason: Historical evidence shows a 35% win rate with deeply negative 24h average return (-10.23%), MACD is bearish, volume ratio is effectively zero indicating no conviction, and the long/short ratio at 0.582 suggests bearish positioning. While short-term (1h/4h) returns are marginally positive, the 24h outlook is severely negative. AI feedback explicitly flags weak BUY accuracy at 4h.",68.5,68.5,HOLD,exchange_alert,Exchange alert: World's Largest Custodian Bank to Launch Bitcoin and Ethereum Investment Products  u.today. Holding until market stabilises.,1,exchange_alert,81216.7,68.5,NO_PRICE,,0,68.5,risk_block_exchange_alert,BUY,68.5,quality_high,81007.38,83653.2,70.0,bearish,"bearish_bos_or_choch, bullish_liquidity_sweep, bearish_liquidity_sweep, price_in_discount, price_in_premium, active_bullish_order_block, active_bullish_fvg, active_bearish_fvg",bullish: LH/LL/LL/HH,bullish_sweep,1 active,9 active,discount,mixed,SELL,70.0,bearish,"bearish_bos_or_choch, bullish_liquidity_sweep, bearish_liquidity_sweep, price_in_discount, price_in_premium, active_bullish_order_block, active_bullish_fvg, active_bearish_fvg",,,,,,,,,rsi_45_55|fg_neutral|funding_neutral|trigger_learning_only_scan|final_HOLD|claude_HOLD|candidate_BUY|candidate_source_trade_quality,"Historical evidence shows a 35% win rate with deeply negative 24h average return (-10.23%), MACD is bearish, volume ratio is effectively zero indicating no conviction, and the long/short ratio at 0.582 suggests bearish positioning. While short-term (1h/4h) returns are marginally positive, the 24h outlook is severely negative. AI feedback explicitly flags weak BUY accuracy at 4h."
45,2026-05-07T09:00:20+00:00,1h,SCORED,81216.7,2026-05-07T11:00:14+00:00,80842.0,decisions,-0.4614,learning_only_scan,48.0,47,-0.0028439999999999,HOLD,45,OK_HOLD,,tq65_shadow60_risk_v1,BUY,trade_quality,65,"Trade Quality Score 68.5/100 is above BUY threshold 65.0. Primary reason: quality_high. Original Claude HOLD reason: Historical evidence shows a 35% win rate with deeply negative 24h average return (-10.23%), MACD is bearish, volume ratio is effectively zero indicating no conviction, and the long/short ratio at 0.582 suggests bearish positioning. While short-term (1h/4h) returns are marginally positive, the 24h outlook is severely negative. AI feedback explicitly flags weak BUY accuracy at 4h.",68.5,68.5,HOLD,exchange_alert,Exchange alert: World's Largest Custodian Bank to Launch Bitcoin and Ethereum Investment Products  u.today. Holding until market stabilises.,1,exchange_alert,81216.7,68.5,OK_HOLD,,0,68.5,risk_block_exchange_alert,BUY,68.5,quality_high,81007.38,83653.2,70.0,bearish,"bearish_bos_or_choch, bullish_liquidity_sweep, bearish_liquidity_sweep, price_in_discount, price_in_premium, active_bullish_order_block, active_bullish_fvg, active_bearish_fvg",bullish: LH/LL/LL/HH,bullish_sweep,1 active,9 active,discount,mixed,SELL,70.0,bearish,"bearish_bos_or_choch, bullish_liquidity_sweep, bearish_liquidity_sweep, price_in_discount, price_in_premium, active_bullish_order_block, active_bullish_fvg, active_bearish_fvg",,,,,,,,,rsi_45_55|fg_neutral|funding_neutral|trigger_learning_only_scan|final_HOLD|claude_HOLD|candidate_BUY|candidate_source_trade_quality,"Historical evidence shows a 35% win rate with deeply negative 24h average return (-10.23%), MACD is bearish, volume ratio is effectively zero indicating no conviction, and the long/short ratio at 0.582 suggests bearish positioning. While short-term (1h/4h) returns are marginally positive, the 24h outlook is severely negative. AI feedback explicitly flags weak BUY accuracy at 4h."
45,2026-05-07T09:00:20+00:00,4h,SCORED,81216.7,2026-05-07T13:00:28+00:00,81121.3,decisions,-0.1175,learning_only_scan,48.0,47,-0.0028439999999999,HOLD,45,OK_HOLD,,tq65_shadow60_risk_v1,BUY,trade_quality,65,"Trade Quality Score 68.5/100 is above BUY threshold 65.0. Primary reason: quality_high. Original Claude HOLD reason: Historical evidence shows a 35% win rate with deeply negative 24h average return (-10.23%), MACD is bearish, volume ratio is effectively zero indicating no conviction, and the long/short ratio at 0.582 suggests bearish positioning. While short-term (1h/4h) returns are marginally positive, the 24h outlook is severely negative. AI feedback explicitly flags weak BUY accuracy at 4h.",68.5,68.5,HOLD,exchange_alert,Exchange alert: World's Largest Custodian Bank to Launch Bitcoin and Ethereum Investment Products  u.today. Holding until market stabilises.,1,exchange_alert,81216.7,68.5,OK_HOLD,,0,68.5,risk_block_exchange_alert,BUY,68.5,quality_high,81007.38,83653.2,70.0,bearish,"bearish_bos_or_choch, bullish_liquidity_sweep, bearish_liquidity_sweep, price_in_discount, price_in_premium, active_bullish_order_block, active_bullish_fvg, active_bearish_fvg",bullish: LH/LL/LL/HH,bullish_sweep,1 active,9 active,discount,mixed,SELL,70.0,bearish,"bearish_bos_or_choch, bullish_liquidity_sweep, bearish_liquidity_sweep, price_in_discount, price_in_premium, active_bullish_order_block, active_bullish_fvg, active_bearish_fvg",,,,,,,,,rsi_45_55|fg_neutral|funding_neutral|trigger_learning_only_scan|final_HOLD|claude_HOLD|candidate_BUY|candidate_source_trade_quality,"Historical evidence shows a 35% win rate with deeply negative 24h average return (-10.23%), MACD is bearish, volume ratio is effectively zero indicating no conviction, and the long/short ratio at 0.582 suggests bearish positioning. While short-term (1h/4h) returns are marginally positive, the 24h outlook is severely negative. AI feedback explicitly flags weak BUY accuracy at 4h."
45,2026-05-07T09:00:20+00:00,24h,SCORED,81216.7,2026-05-08T09:15:00+00:00,79900.0,live_15m_csv,-1.6212,learning_only_scan,48.0,47,-0.0028439999999999,HOLD,45,AVOIDED_DOWNSIDE,True,tq65_shadow60_risk_v1,BUY,trade_quality,65,"Trade Quality Score 68.5/100 is above BUY threshold 65.0. Primary reason: quality_high. Original Claude HOLD reason: Historical evidence shows a 35% win rate with deeply negative 24h average return (-10.23%), MACD is bearish, volume ratio is effectively zero indicating no conviction, and the long/short ratio at 0.582 suggests bearish positioning. While short-term (1h/4h) returns are marginally positive, the 24h outlook is severely negative. AI feedback explicitly flags weak BUY accuracy at 4h.",68.5,68.5,HOLD,exchange_alert,Exchange alert: World's Largest Custodian Bank to Launch Bitcoin and Ethereum Investment Products  u.today. Holding until market stabilises.,1,exchange_alert,81216.7,68.5,AVOIDED_DOWNSIDE,True,0,68.5,risk_block_exchange_alert,BUY,68.5,quality_high,81007.38,83653.2,70.0,bearish,"bearish_bos_or_choch, bullish_liquidity_sweep, bearish_liquidity_sweep, price_in_discount, price_in_premium, active_bullish_order_block, active_bullish_fvg, active_bearish_fvg",bullish: LH/LL/LL/HH,bullish_sweep,1 active,9 active,discount,mixed,SELL,70.0,bearish,"bearish_bos_or_choch, bullish_liquidity_sweep, bearish_liquidity_sweep, price_in_discount, price_in_premium, active_bullish_order_block, active_bullish_fvg, active_bearish_fvg",,,,,,,,,rsi_45_55|fg_neutral|funding_neutral|trigger_learning_only_scan|final_HOLD|claude_HOLD|candidate_BUY|candidate_source_trade_quality,"Historical evidence shows a 35% win rate with deeply negative 24h average return (-10.23%), MACD is bearish, volume ratio is effectively zero indicating no conviction, and the long/short ratio at 0.582 suggests bearish positioning. While short-term (1h/4h) returns are marginally positive, the 24h outlook is severely negative. AI feedback explicitly flags weak BUY accuracy at 4h."
46,2026-05-07T10:00:18+00:00,15m,NO_PRICE_AT_HORIZON,80906.0,,,,,learning_only_scan,38.5,47,-0.0028439999999999,HOLD,0,NO_PRICE,,tq65_shadow60_risk_v1,HOLD,none,0,Malformed AI response — holding to be safe,60.5,60.5,HOLD,exchange_alert,Exchange alert: World's Largest Custodian Bank to Launch Bitcoin and Ethereum Investment Products  u.today. Holding until market stabilises.,0,exchange_alert,,,NO_PRICE,,0,60.5,risk_block_exchange_alert,BUY,60.5,quality_not_high_enough,80692.37,83333.18,60.0,bullish,"bearish_bos_or_choch, bullish_liquidity_sweep, bearish_liquidity_sweep, price_in_discount, active_bullish_order_block, active_bullish_fvg, active_bearish_fvg, momentum_confirms_bearish",bullish: LH/LL/LL/HH,bullish_sweep,1 active,12 active,discount,mixed,BUY,60.0,bullish,"bearish_bos_or_choch, bullish_liquidity_sweep, bearish_liquidity_sweep, price_in_discount, active_bullish_order_block, active_bullish_fvg, active_bearish_fvg, momentum_confirms_bearish",,,,,,,,,rsi_35_45|fg_neutral|funding_neutral|trigger_learning_only_scan|final_HOLD|claude_HOLD|candidate_HOLD|candidate_source_none,Malformed AI response — holding to be safe
46,2026-05-07T10:00:18+00:00,1h,SCORED,80906.0,2026-05-07T12:00:20+00:00,80864.9,decisions,-0.0508,learning_only_scan,38.5,47,-0.0028439999999999,HOLD,0,OK_HOLD,,tq65_shadow60_risk_v1,HOLD,none,0,Malformed AI response — holding to be safe,60.5,60.5,HOLD,exchange_alert,Exchange alert: World's Largest Custodian Bank to Launch Bitcoin and Ethereum Investment Products  u.today. Holding until market stabilises.,0,exchange_alert,,,OK_HOLD,,0,60.5,risk_block_exchange_alert,BUY,60.5,quality_not_high_enough,80692.37,83333.18,60.0,bullish,"bearish_bos_or_choch, bullish_liquidity_sweep, bearish_liquidity_sweep, price_in_discount, active_bullish_order_block, active_bullish_fvg, active_bearish_fvg, momentum_confirms_bearish",bullish: LH/LL/LL/HH,bullish_sweep,1 active,12 active,discount,mixed,BUY,60.0,bullish,"bearish_bos_or_choch, bullish_liquidity_sweep, bearish_liquidity_sweep, price_in_discount, active_bullish_order_block, active_bullish_fvg, active_bearish_fvg, momentum_confirms_bearish",,,,,,,,,rsi_35_45|fg_neutral|funding_neutral|trigger_learning_only_scan|final_HOLD|claude_HOLD|candidate_HOLD|candidate_source_none,Malformed AI response — holding to be safe
46,2026-05-07T10:00:18+00:00,4h,SCORED,80906.0,2026-05-07T15:00:21+00:00,80159.3,decisions,-0.9229,learning_only_scan,38.5,47,-0.0028439999999999,HOLD,0,OK_HOLD,,tq65_shadow60_risk_v1,HOLD,none,0,Malformed AI response — holding to be safe,60.5,60.5,HOLD,exchange_alert,Exchange alert: World's Largest Custodian Bank to Launch Bitcoin and Ethereum Investment Products  u.today. Holding until market stabilises.,0,exchange_alert,,,OK_HOLD,,0,60.5,risk_block_exchange_alert,BUY,60.5,quality_not_high_enough,80692.37,83333.18,60.0,bullish,"bearish_bos_or_choch, bullish_liquidity_sweep, bearish_liquidity_sweep, price_in_discount, active_bullish_order_block, active_bullish_fvg, active_bearish_fvg, momentum_confirms_bearish",bullish: LH/LL/LL/HH,bullish_sweep,1 active,12 active,discount,mixed,BUY,60.0,bullish,"bearish_bos_or_choch, bullish_liquidity_sweep, bearish_liquidity_sweep, price_in_discount, active_bullish_order_block, active_bullish_fvg, active_bearish_fvg, momentum_confirms_bearish",,,,,,,,,rsi_35_45|fg_neutral|funding_neutral|trigger_learning_only_scan|final_HOLD|claude_HOLD|candidate_HOLD|candidate_source_none,Malformed AI response — holding to be safe
46,2026-05-07T10:00:18+00:00,24h,SCORED,80906.0,2026-05-08T10:15:00+00:00,79889.3,live_15m_csv,-1.2566,learning_only_scan,38.5,47,-0.0028439999999999,HOLD,0,OK_HOLD,,tq65_shadow60_risk_v1,HOLD,none,0,Malformed AI response — holding to be safe,60.5,60.5,HOLD,exchange_alert,Exchange alert: World's Largest Custodian Bank to Launch Bitcoin and Ethereum Investment Products  u.today. Holding until market stabilises.,0,exchange_alert,,,OK_HOLD,,0,60.5,risk_block_exchange_alert,BUY,60.5,quality_not_high_enough,80692.37,83333.18,60.0,bullish,"bearish_bos_or_choch, bullish_liquidity_sweep, bearish_liquidity_sweep, price_in_discount, active_bullish_order_block, active_bullish_fvg, active_bearish_fvg, momentum_confirms_bearish",bullish: LH/LL/LL/HH,bullish_sweep,1 active,12 active,discount,mixed,BUY,60.0,bullish,"bearish_bos_or_choch, bullish_liquidity_sweep, bearish_liquidity_sweep, price_in_discount, active_bullish_order_block, active_bullish_fvg, active_bearish_fvg, momentum_confirms_bearish",,,,,,,,,rsi_35_45|fg_neutral|funding_neutral|trigger_learning_only_scan|final_HOLD|claude_HOLD|candidate_HOLD|candidate_source_none,Malformed AI response — holding to be safe
47,2026-05-07T11:00:14+00:00,15m,NO_PRICE_AT_HORIZON,80842.0,,,,,learning_only_scan,41.2,47,-0.0028439999999999,HOLD,55,NO_PRICE,,tq65_shadow60_risk_v1,HOLD,none,55,"Price is below all key EMAs (20/50/200), MACD is bearish, volume ratio is effectively zero indicating no conviction, and historical evidence shows average 4h return of -4.45% in similar setups. Despite a neutral Fear & Greed (47) and potentially bullish 24h historical return (+5.80%), the 4h downside risk is severe (-29% worst case) and all 20 historical analogs resulted in HOLD. AI feedback explicitly warns Claude BUY accuracy at 4h is 0.0.",60.5,60.5,HOLD,exchange_alert,Exchange alert: World's Largest Custodian Bank to Launch Bitcoin and Ethereum Investment Products  u.today. Holding until market stabilises.,0,exchange_alert,,,NO_PRICE,,0,60.5,risk_block_exchange_alert,BUY,60.5,quality_not_high_enough,80614.21,83267.26,85.0,bearish,"higher_timeframe_bearish, bearish_bos_or_choch, bullish_liquidity_sweep, bearish_liquidity_sweep, price_in_discount, active_bullish_order_block, active_bearish_order_block, active_bullish_fvg",bearish: LH/LL/LL/HH,bullish_sweep,2 active,10 active,discount,bearish,SELL,85.0,bearish,"higher_timeframe_bearish, bearish_bos_or_choch, bullish_liquidity_sweep, bearish_liquidity_sweep, price_in_discount, active_bullish_order_block, active_bearish_order_block, active_bullish_fvg",,,,,,,,,rsi_35_45|fg_neutral|funding_neutral|trigger_learning_only_scan|final_HOLD|claude_HOLD|candidate_HOLD|candidate_source_none,"Price is below all key EMAs (20/50/200), MACD is bearish, volume ratio is effectively zero indicating no conviction, and historical evidence shows average 4h return of -4.45% in similar setups. Despite a neutral Fear & Greed (47) and potentially bullish 24h historical return (+5.80%), the 4h downside risk is severe (-29% worst case) and all 20 historical analogs resulted in HOLD. AI feedback explicitly warns Claude BUY accuracy at 4h is 0.0."
47,2026-05-07T11:00:14+00:00,1h,SCORED,80842.0,2026-05-07T12:00:20+00:00,80864.9,decisions,0.0283,learning_only_scan,41.2,47,-0.0028439999999999,HOLD,55,OK_HOLD,,tq65_shadow60_risk_v1,HOLD,none,55,"Price is below all key EMAs (20/50/200), MACD is bearish, volume ratio is effectively zero indicating no conviction, and historical evidence shows average 4h return of -4.45% in similar setups. Despite a neutral Fear & Greed (47) and potentially bullish 24h historical return (+5.80%), the 4h downside risk is severe (-29% worst case) and all 20 historical analogs resulted in HOLD. AI feedback explicitly warns Claude BUY accuracy at 4h is 0.0.",60.5,60.5,HOLD,exchange_alert,Exchange alert: World's Largest Custodian Bank to Launch Bitcoin and Ethereum Investment Products  u.today. Holding until market stabilises.,0,exchange_alert,,,OK_HOLD,,0,60.5,risk_block_exchange_alert,BUY,60.5,quality_not_high_enough,80614.21,83267.26,85.0,bearish,"higher_timeframe_bearish, bearish_bos_or_choch, bullish_liquidity_sweep, bearish_liquidity_sweep, price_in_discount, active_bullish_order_block, active_bearish_order_block, active_bullish_fvg",bearish: LH/LL/LL/HH,bullish_sweep,2 active,10 active,discount,bearish,SELL,85.0,bearish,"higher_timeframe_bearish, bearish_bos_or_choch, bullish_liquidity_sweep, bearish_liquidity_sweep, price_in_discount, active_bullish_order_block, active_bearish_order_block, active_bullish_fvg",,,,,,,,,rsi_35_45|fg_neutral|funding_neutral|trigger_learning_only_scan|final_HOLD|claude_HOLD|candidate_HOLD|candidate_source_none,"Price is below all key EMAs (20/50/200), MACD is bearish, volume ratio is effectively zero indicating no conviction, and historical evidence shows average 4h return of -4.45% in similar setups. Despite a neutral Fear & Greed (47) and potentially bullish 24h historical return (+5.80%), the 4h downside risk is severe (-29% worst case) and all 20 historical analogs resulted in HOLD. AI feedback explicitly warns Claude BUY accuracy at 4h is 0.0."
47,2026-05-07T11:00:14+00:00,4h,SCORED,80842.0,2026-05-07T15:00:21+00:00,80159.3,decisions,-0.8445,learning_only_scan,41.2,47,-0.0028439999999999,HOLD,55,OK_HOLD,,tq65_shadow60_risk_v1,HOLD,none,55,"Price is below all key EMAs (20/50/200), MACD is bearish, volume ratio is effectively zero indicating no conviction, and historical evidence shows average 4h return of -4.45% in similar setups. Despite a neutral Fear & Greed (47) and potentially bullish 24h historical return (+5.80%), the 4h downside risk is severe (-29% worst case) and all 20 historical analogs resulted in HOLD. AI feedback explicitly warns Claude BUY accuracy at 4h is 0.0.",60.5,60.5,HOLD,exchange_alert,Exchange alert: World's Largest Custodian Bank to Launch Bitcoin and Ethereum Investment Products  u.today. Holding until market stabilises.,0,exchange_alert,,,OK_HOLD,,0,60.5,risk_block_exchange_alert,BUY,60.5,quality_not_high_enough,80614.21,83267.26,85.0,bearish,"higher_timeframe_bearish, bearish_bos_or_choch, bullish_liquidity_sweep, bearish_liquidity_sweep, price_in_discount, active_bullish_order_block, active_bearish_order_block, active_bullish_fvg",bearish: LH/LL/LL/HH,bullish_sweep,2 active,10 active,discount,bearish,SELL,85.0,bearish,"higher_timeframe_bearish, bearish_bos_or_choch, bullish_liquidity_sweep, bearish_liquidity_sweep, price_in_discount, active_bullish_order_block, active_bearish_order_block, active_bullish_fvg",,,,,,,,,rsi_35_45|fg_neutral|funding_neutral|trigger_learning_only_scan|final_HOLD|claude_HOLD|candidate_HOLD|candidate_source_none,"Price is below all key EMAs (20/50/200), MACD is bearish, volume ratio is effectively zero indicating no conviction, and historical evidence shows average 4h return of -4.45% in similar setups. Despite a neutral Fear & Greed (47) and potentially bullish 24h historical return (+5.80%), the 4h downside risk is severe (-29% worst case) and all 20 historical analogs resulted in HOLD. AI feedback explicitly warns Claude BUY accuracy at 4h is 0.0."
47,2026-05-07T11:00:14+00:00,24h,SCORED,80842.0,2026-05-08T11:00:14+00:00,80243.9,decisions,-0.7398,learning_only_scan,41.2,47,-0.0028439999999999,HOLD,55,OK_HOLD,,tq65_shadow60_risk_v1,HOLD,none,55,"Price is below all key EMAs (20/50/200), MACD is bearish, volume ratio is effectively zero indicating no conviction, and historical evidence shows average 4h return of -4.45% in similar setups. Despite a neutral Fear & Greed (47) and potentially bullish 24h historical return (+5.80%), the 4h downside risk is severe (-29% worst case) and all 20 historical analogs resulted in HOLD. AI feedback explicitly warns Claude BUY accuracy at 4h is 0.0.",60.5,60.5,HOLD,exchange_alert,Exchange alert: World's Largest Custodian Bank to Launch Bitcoin and Ethereum Investment Products  u.today. Holding until market stabilises.,0,exchange_alert,,,OK_HOLD,,0,60.5,risk_block_exchange_alert,BUY,60.5,quality_not_high_enough,80614.21,83267.26,85.0,bearish,"higher_timeframe_bearish, bearish_bos_or_choch, bullish_liquidity_sweep, bearish_liquidity_sweep, price_in_discount, active_bullish_order_block, active_bearish_order_block, active_bullish_fvg",bearish: LH/LL/LL/HH,bullish_sweep,2 active,10 active,discount,bearish,SELL,85.0,bearish,"higher_timeframe_bearish, bearish_bos_or_choch, bullish_liquidity_sweep, bearish_liquidity_sweep, price_in_discount, active_bullish_order_block, active_bearish_order_block, active_bullish_fvg",,,,,,,,,rsi_35_45|fg_neutral|funding_neutral|trigger_learning_only_scan|final_HOLD|claude_HOLD|candidate_HOLD|candidate_source_none,"Price is below all key EMAs (20/50/200), MACD is bearish, volume ratio is effectively zero indicating no conviction, and historical evidence shows average 4h return of -4.45% in similar setups. Despite a neutral Fear & Greed (47) and potentially bullish 24h historical return (+5.80%), the 4h downside risk is severe (-29% worst case) and all 20 historical analogs resulted in HOLD. AI feedback explicitly warns Claude BUY accuracy at 4h is 0.0."
48,2026-05-07T12:00:20+00:00,15m,NO_PRICE_AT_HORIZON,80864.9,,,,,learning_only_scan,43.1,47,-0.0028439999999999,HOLD,55,NO_PRICE,,tq65_shadow60_risk_v1,HOLD,none,55,"Price is below all EMAs (20/50/200) with bearish MACD, near-zero volume ratio, and historically similar setups show avg -4.45% at 4h with 45% win rate — insufficient edge to enter. BB squeeze could signal a breakout but direction is unclear with no volume confirmation.",57.5,57.5,HOLD,exchange_alert,Exchange alert: Bitcoin Bollinger Bands push key breakout as creator acts on 'positive' signal  cointelegraph.com. Holding until market stabilises.,0,exchange_alert,,,NO_PRICE,,0,57.5,risk_block_exchange_alert,,,,,,70.0,bearish,"higher_timeframe_bearish, bearish_bos_or_choch, bullish_liquidity_sweep, bearish_liquidity_sweep, price_in_discount, active_bullish_fvg, active_bearish_fvg, momentum_confirms_bearish",bearish: LL/LL/HH/LL,bullish_sweep,0 active,9 active,discount,bearish,SELL,70.0,bearish,"higher_timeframe_bearish, bearish_bos_or_choch, bullish_liquidity_sweep, bearish_liquidity_sweep, price_in_discount, active_bullish_fvg, active_bearish_fvg, momentum_confirms_bearish",,,,,,,,,rsi_35_45|fg_neutral|funding_neutral|trigger_learning_only_scan|final_HOLD|claude_HOLD|candidate_HOLD|candidate_source_none,"Price is below all EMAs (20/50/200) with bearish MACD, near-zero volume ratio, and historically similar setups show avg -4.45% at 4h with 45% win rate — insufficient edge to enter. BB squeeze could signal a breakout but direction is unclear with no volume confirmation."
48,2026-05-07T12:00:20+00:00,1h,SCORED,80864.9,2026-05-07T13:00:28+00:00,81121.3,decisions,0.3171,learning_only_scan,43.1,47,-0.0028439999999999,HOLD,55,OK_HOLD,,tq65_shadow60_risk_v1,HOLD,none,55,"Price is below all EMAs (20/50/200) with bearish MACD, near-zero volume ratio, and historically similar setups show avg -4.45% at 4h with 45% win rate — insufficient edge to enter. BB squeeze could signal a breakout but direction is unclear with no volume confirmation.",57.5,57.5,HOLD,exchange_alert,Exchange alert: Bitcoin Bollinger Bands push key breakout as creator acts on 'positive' signal  cointelegraph.com. Holding until market stabilises.,0,exchange_alert,,,OK_HOLD,,0,57.5,risk_block_exchange_alert,,,,,,70.0,bearish,"higher_timeframe_bearish, bearish_bos_or_choch, bullish_liquidity_sweep, bearish_liquidity_sweep, price_in_discount, active_bullish_fvg, active_bearish_fvg, momentum_confirms_bearish",bearish: LL/LL/HH/LL,bullish_sweep,0 active,9 active,discount,bearish,SELL,70.0,bearish,"higher_timeframe_bearish, bearish_bos_or_choch, bullish_liquidity_sweep, bearish_liquidity_sweep, price_in_discount, active_bullish_fvg, active_bearish_fvg, momentum_confirms_bearish",,,,,,,,,rsi_35_45|fg_neutral|funding_neutral|trigger_learning_only_scan|final_HOLD|claude_HOLD|candidate_HOLD|candidate_source_none,"Price is below all EMAs (20/50/200) with bearish MACD, near-zero volume ratio, and historically similar setups show avg -4.45% at 4h with 45% win rate — insufficient edge to enter. BB squeeze could signal a breakout but direction is unclear with no volume confirmation."
48,2026-05-07T12:00:20+00:00,4h,SCORED,80864.9,2026-05-07T16:00:27+00:00,79850.1,decisions,-1.2549,learning_only_scan,43.1,47,-0.0028439999999999,HOLD,55,OK_HOLD,,tq65_shadow60_risk_v1,HOLD,none,55,"Price is below all EMAs (20/50/200) with bearish MACD, near-zero volume ratio, and historically similar setups show avg -4.45% at 4h with 45% win rate — insufficient edge to enter. BB squeeze could signal a breakout but direction is unclear with no volume confirmation.",57.5,57.5,HOLD,exchange_alert,Exchange alert: Bitcoin Bollinger Bands push key breakout as creator acts on 'positive' signal  cointelegraph.com. Holding until market stabilises.,0,exchange_alert,,,OK_HOLD,,0,57.5,risk_block_exchange_alert,,,,,,70.0,bearish,"higher_timeframe_bearish, bearish_bos_or_choch, bullish_liquidity_sweep, bearish_liquidity_sweep, price_in_discount, active_bullish_fvg, active_bearish_fvg, momentum_confirms_bearish",bearish: LL/LL/HH/LL,bullish_sweep,0 active,9 active,discount,bearish,SELL,70.0,bearish,"higher_timeframe_bearish, bearish_bos_or_choch, bullish_liquidity_sweep, bearish_liquidity_sweep, price_in_discount, active_bullish_fvg, active_bearish_fvg, momentum_confirms_bearish",,,,,,,,,rsi_35_45|fg_neutral|funding_neutral|trigger_learning_only_scan|final_HOLD|claude_HOLD|candidate_HOLD|candidate_source_none,"Price is below all EMAs (20/50/200) with bearish MACD, near-zero volume ratio, and historically similar setups show avg -4.45% at 4h with 45% win rate — insufficient edge to enter. BB squeeze could signal a breakout but direction is unclear with no volume confirmation."
48,2026-05-07T12:00:20+00:00,24h,SCORED,80864.9,2026-05-08T12:15:00+00:00,80300.0,live_15m_csv,-0.6986,learning_only_scan,43.1,47,-0.0028439999999999,HOLD,55,OK_HOLD,,tq65_shadow60_risk_v1,HOLD,none,55,"Price is below all EMAs (20/50/200) with bearish MACD, near-zero volume ratio, and historically similar setups show avg -4.45% at 4h with 45% win rate — insufficient edge to enter. BB squeeze could signal a breakout but direction is unclear with no volume confirmation.",57.5,57.5,HOLD,exchange_alert,Exchange alert: Bitcoin Bollinger Bands push key breakout as creator acts on 'positive' signal  cointelegraph.com. Holding until market stabilises.,0,exchange_alert,,,OK_HOLD,,0,57.5,risk_block_exchange_alert,,,,,,70.0,bearish,"higher_timeframe_bearish, bearish_bos_or_choch, bullish_liquidity_sweep, bearish_liquidity_sweep, price_in_discount, active_bullish_fvg, active_bearish_fvg, momentum_confirms_bearish",bearish: LL/LL/HH/LL,bullish_sweep,0 active,9 active,discount,bearish,SELL,70.0,bearish,"higher_timeframe_bearish, bearish_bos_or_choch, bullish_liquidity_sweep, bearish_liquidity_sweep, price_in_discount, active_bullish_fvg, active_bearish_fvg, momentum_confirms_bearish",,,,,,,,,rsi_35_45|fg_neutral|funding_neutral|trigger_learning_only_scan|final_HOLD|claude_HOLD|candidate_HOLD|candidate_source_none,"Price is below all EMAs (20/50/200) with bearish MACD, near-zero volume ratio, and historically similar setups show avg -4.45% at 4h with 45% win rate — insufficient edge to enter. BB squeeze could signal a breakout but direction is unclear with no volume confirmation."
49,2026-05-07T13:00:28+00:00,15m,NO_PRICE_AT_HORIZON,81121.3,,,,,learning_only_scan,52.3,47,-0.0028439999999999,HOLD,45,NO_PRICE,,tq65_shadow60_risk_v1,HOLD,none,45,"Mixed signals with no clean entry: price is below EMA 20/50/200 (bearish structure), Stoch K at 89.5 is overbought suggesting near-term exhaustion, volume ratio at 0.19 is extremely low (no conviction behind any move), and 24h historical return is deeply negative at -11.02% despite strong 1h/4h returns. MACD is bullish but from negative territory. BB squeeze signals a breakout is coming but direction is unconfirmed.",60.0,60.0,HOLD,exchange_alert,Exchange alert: Bitcoin Bollinger Bands push key breakout as creator acts on 'positive' signal  cointelegraph.com. Holding until market stabilises.,0,exchange_alert,,,NO_PRICE,,0,60.0,risk_block_exchange_alert,BUY,60.0,quality_not_high_enough,80911.69,83554.94,60.0,bearish,"higher_timeframe_bearish, bearish_bos_or_choch, bullish_liquidity_sweep, bearish_liquidity_sweep, price_in_discount, active_bullish_fvg, active_bearish_fvg, momentum_confirms_bullish",bearish: LL/LL/HH/LL,bullish_sweep,0 active,9 active,discount,bearish,SELL,60.0,bearish,"higher_timeframe_bearish, bearish_bos_or_choch, bullish_liquidity_sweep, bearish_liquidity_sweep, price_in_discount, active_bullish_fvg, active_bearish_fvg, momentum_confirms_bullish",,,,,,,,,rsi_45_55|fg_neutral|funding_neutral|trigger_learning_only_scan|final_HOLD|claude_HOLD|candidate_HOLD|candidate_source_none,"Mixed signals with no clean entry: price is below EMA 20/50/200 (bearish structure), Stoch K at 89.5 is overbought suggesting near-term exhaustion, volume ratio at 0.19 is extremely low (no conviction behind any move), and 24h historical return is deeply negative at -11.02% despite strong 1h/4h returns. MACD is bullish but from negative territory. BB squeeze signals a breakout is coming but direction is unconfirmed."
49,2026-05-07T13:00:28+00:00,1h,SCORED,81121.3,2026-05-07T15:00:21+00:00,80159.3,decisions,-1.1859,learning_only_scan,52.3,47,-0.0028439999999999,HOLD,45,OK_HOLD,,tq65_shadow60_risk_v1,HOLD,none,45,"Mixed signals with no clean entry: price is below EMA 20/50/200 (bearish structure), Stoch K at 89.5 is overbought suggesting near-term exhaustion, volume ratio at 0.19 is extremely low (no conviction behind any move), and 24h historical return is deeply negative at -11.02% despite strong 1h/4h returns. MACD is bullish but from negative territory. BB squeeze signals a breakout is coming but direction is unconfirmed.",60.0,60.0,HOLD,exchange_alert,Exchange alert: Bitcoin Bollinger Bands push key breakout as creator acts on 'positive' signal  cointelegraph.com. Holding until market stabilises.,0,exchange_alert,,,OK_HOLD,,0,60.0,risk_block_exchange_alert,BUY,60.0,quality_not_high_enough,80911.69,83554.94,60.0,bearish,"higher_timeframe_bearish, bearish_bos_or_choch, bullish_liquidity_sweep, bearish_liquidity_sweep, price_in_discount, active_bullish_fvg, active_bearish_fvg, momentum_confirms_bullish",bearish: LL/LL/HH/LL,bullish_sweep,0 active,9 active,discount,bearish,SELL,60.0,bearish,"higher_timeframe_bearish, bearish_bos_or_choch, bullish_liquidity_sweep, bearish_liquidity_sweep, price_in_discount, active_bullish_fvg, active_bearish_fvg, momentum_confirms_bullish",,,,,,,,,rsi_45_55|fg_neutral|funding_neutral|trigger_learning_only_scan|final_HOLD|claude_HOLD|candidate_HOLD|candidate_source_none,"Mixed signals with no clean entry: price is below EMA 20/50/200 (bearish structure), Stoch K at 89.5 is overbought suggesting near-term exhaustion, volume ratio at 0.19 is extremely low (no conviction behind any move), and 24h historical return is deeply negative at -11.02% despite strong 1h/4h returns. MACD is bullish but from negative territory. BB squeeze signals a breakout is coming but direction is unconfirmed."
49,2026-05-07T13:00:28+00:00,4h,SCORED,81121.3,2026-05-07T18:00:16+00:00,80087.0,decisions,-1.275,learning_only_scan,52.3,47,-0.0028439999999999,HOLD,45,OK_HOLD,,tq65_shadow60_risk_v1,HOLD,none,45,"Mixed signals with no clean entry: price is below EMA 20/50/200 (bearish structure), Stoch K at 89.5 is overbought suggesting near-term exhaustion, volume ratio at 0.19 is extremely low (no conviction behind any move), and 24h historical return is deeply negative at -11.02% despite strong 1h/4h returns. MACD is bullish but from negative territory. BB squeeze signals a breakout is coming but direction is unconfirmed.",60.0,60.0,HOLD,exchange_alert,Exchange alert: Bitcoin Bollinger Bands push key breakout as creator acts on 'positive' signal  cointelegraph.com. Holding until market stabilises.,0,exchange_alert,,,OK_HOLD,,0,60.0,risk_block_exchange_alert,BUY,60.0,quality_not_high_enough,80911.69,83554.94,60.0,bearish,"higher_timeframe_bearish, bearish_bos_or_choch, bullish_liquidity_sweep, bearish_liquidity_sweep, price_in_discount, active_bullish_fvg, active_bearish_fvg, momentum_confirms_bullish",bearish: LL/LL/HH/LL,bullish_sweep,0 active,9 active,discount,bearish,SELL,60.0,bearish,"higher_timeframe_bearish, bearish_bos_or_choch, bullish_liquidity_sweep, bearish_liquidity_sweep, price_in_discount, active_bullish_fvg, active_bearish_fvg, momentum_confirms_bullish",,,,,,,,,rsi_45_55|fg_neutral|funding_neutral|trigger_learning_only_scan|final_HOLD|claude_HOLD|candidate_HOLD|candidate_source_none,"Mixed signals with no clean entry: price is below EMA 20/50/200 (bearish structure), Stoch K at 89.5 is overbought suggesting near-term exhaustion, volume ratio at 0.19 is extremely low (no conviction behind any move), and 24h historical return is deeply negative at -11.02% despite strong 1h/4h returns. MACD is bullish but from negative territory. BB squeeze signals a breakout is coming but direction is unconfirmed."
49,2026-05-07T13:00:28+00:00,24h,SCORED,81121.3,2026-05-08T13:15:00+00:00,79602.7,live_15m_csv,-1.872,learning_only_scan,52.3,47,-0.0028439999999999,HOLD,45,AVOIDED_DOWNSIDE,True,tq65_shadow60_risk_v1,HOLD,none,45,"Mixed signals with no clean entry: price is below EMA 20/50/200 (bearish structure), Stoch K at 89.5 is overbought suggesting near-term exhaustion, volume ratio at 0.19 is extremely low (no conviction behind any move), and 24h historical return is deeply negative at -11.02% despite strong 1h/4h returns. MACD is bullish but from negative territory. BB squeeze signals a breakout is coming but direction is unconfirmed.",60.0,60.0,HOLD,exchange_alert,Exchange alert: Bitcoin Bollinger Bands push key breakout as creator acts on 'positive' signal  cointelegraph.com. Holding until market stabilises.,0,exchange_alert,,,AVOIDED_DOWNSIDE,True,0,60.0,risk_block_exchange_alert,BUY,60.0,quality_not_high_enough,80911.69,83554.94,60.0,bearish,"higher_timeframe_bearish, bearish_bos_or_choch, bullish_liquidity_sweep, bearish_liquidity_sweep, price_in_discount, active_bullish_fvg, active_bearish_fvg, momentum_confirms_bullish",bearish: LL/LL/HH/LL,bullish_sweep,0 active,9 active,discount,bearish,SELL,60.0,bearish,"higher_timeframe_bearish, bearish_bos_or_choch, bullish_liquidity_sweep, bearish_liquidity_sweep, price_in_discount, active_bullish_fvg, active_bearish_fvg, momentum_confirms_bullish",,,,,,,,,rsi_45_55|fg_neutral|funding_neutral|trigger_learning_only_scan|final_HOLD|claude_HOLD|candidate_HOLD|candidate_source_none,"Mixed signals with no clean entry: price is below EMA 20/50/200 (bearish structure), Stoch K at 89.5 is overbought suggesting near-term exhaustion, volume ratio at 0.19 is extremely low (no conviction behind any move), and 24h historical return is deeply negative at -11.02% despite strong 1h/4h returns. MACD is bullish but from negative territory. BB squeeze signals a breakout is coming but direction is unconfirmed."
50,2026-05-07T14:00:16+00:00,15m,NO_PRICE_AT_HORIZON,80475.1,,,,,learning_only_scan,34.4,47,-0.0028439999999999,HOLD,0,NO_PRICE,,tq65_shadow60_risk_v1,HOLD,none,0,Malformed AI response — holding to be safe,57.5,57.5,HOLD,exchange_alert,Exchange alert: ‘Fully Invested’: Bollinger Bands Creator Officially Calls a New Bitcoin Bull Market  bitcoin.com. Holding until market stabilises.,0,exchange_alert,,,NO_PRICE,,0,57.5,risk_block_exchange_alert,,,,,,85.0,bearish,"higher_timeframe_bearish, bearish_bos_or_choch, bullish_liquidity_sweep, bearish_liquidity_sweep, price_in_discount, active_bearish_order_block, active_bullish_fvg, active_bearish_fvg",bearish: LL/LL/HH/LL,bullish_sweep,2 active,8 active,discount,bearish,SELL,85.0,bearish,"higher_timeframe_bearish, bearish_bos_or_choch, bullish_liquidity_sweep, bearish_liquidity_sweep, price_in_discount, active_bearish_order_block, active_bullish_fvg, active_bearish_fvg",,,,,,,,,rsi_lt_35|fg_neutral|funding_neutral|trigger_learning_only_scan|final_HOLD|claude_HOLD|candidate_HOLD|candidate_source_none,Malformed AI response — holding to be safe
50,2026-05-07T14:00:16+00:00,1h,SCORED,80475.1,2026-05-07T15:00:21+00:00,80159.3,decisions,-0.3924,learning_only_scan,34.4,47,-0.0028439999999999,HOLD,0,OK_HOLD,,tq65_shadow60_risk_v1,HOLD,none,0,Malformed AI response — holding to be safe,57.5,57.5,HOLD,exchange_alert,Exchange alert: ‘Fully Invested’: Bollinger Bands Creator Officially Calls a New Bitcoin Bull Market  bitcoin.com. Holding until market stabilises.,0,exchange_alert,,,OK_HOLD,,0,57.5,risk_block_exchange_alert,,,,,,85.0,bearish,"higher_timeframe_bearish, bearish_bos_or_choch, bullish_liquidity_sweep, bearish_liquidity_sweep, price_in_discount, active_bearish_order_block, active_bullish_fvg, active_bearish_fvg",bearish: LL/LL/HH/LL,bullish_sweep,2 active,8 active,discount,bearish,SELL,85.0,bearish,"higher_timeframe_bearish, bearish_bos_or_choch, bullish_liquidity_sweep, bearish_liquidity_sweep, price_in_discount, active_bearish_order_block, active_bullish_fvg, active_bearish_fvg",,,,,,,,,rsi_lt_35|fg_neutral|funding_neutral|trigger_learning_only_scan|final_HOLD|claude_HOLD|candidate_HOLD|candidate_source_none,Malformed AI response — holding to be safe
50,2026-05-07T14:00:16+00:00,4h,SCORED,80475.1,2026-05-07T18:00:16+00:00,80087.0,decisions,-0.4823,learning_only_scan,34.4,47,-0.0028439999999999,HOLD,0,OK_HOLD,,tq65_shadow60_risk_v1,HOLD,none,0,Malformed AI response — holding to be safe,57.5,57.5,HOLD,exchange_alert,Exchange alert: ‘Fully Invested’: Bollinger Bands Creator Officially Calls a New Bitcoin Bull Market  bitcoin.com. Holding until market stabilises.,0,exchange_alert,,,OK_HOLD,,0,57.5,risk_block_exchange_alert,,,,,,85.0,bearish,"higher_timeframe_bearish, bearish_bos_or_choch, bullish_liquidity_sweep, bearish_liquidity_sweep, price_in_discount, active_bearish_order_block, active_bullish_fvg, active_bearish_fvg",bearish: LL/LL/HH/LL,bullish_sweep,2 active,8 active,discount,bearish,SELL,85.0,bearish,"higher_timeframe_bearish, bearish_bos_or_choch, bullish_liquidity_sweep, bearish_liquidity_sweep, price_in_discount, active_bearish_order_block, active_bullish_fvg, active_bearish_fvg",,,,,,,,,rsi_lt_35|fg_neutral|funding_neutral|trigger_learning_only_scan|final_HOLD|claude_HOLD|candidate_HOLD|candidate_source_none,Malformed AI response — holding to be safe
50,2026-05-07T14:00:16+00:00,24h,SCORED,80475.1,2026-05-08T14:15:00+00:00,80074.6,live_15m_csv,-0.4977,learning_only_scan,34.4,47,-0.0028439999999999,HOLD,0,OK_HOLD,,tq65_shadow60_risk_v1,HOLD,none,0,Malformed AI response — holding to be safe,57.5,57.5,HOLD,exchange_alert,Exchange alert: ‘Fully Invested’: Bollinger Bands Creator Officially Calls a New Bitcoin Bull Market  bitcoin.com. Holding until market stabilises.,0,exchange_alert,,,OK_HOLD,,0,57.5,risk_block_exchange_alert,,,,,,85.0,bearish,"higher_timeframe_bearish, bearish_bos_or_choch, bullish_liquidity_sweep, bearish_liquidity_sweep, price_in_discount, active_bearish_order_block, active_bullish_fvg, active_bearish_fvg",bearish: LL/LL/HH/LL,bullish_sweep,2 active,8 active,discount,bearish,SELL,85.0,bearish,"higher_timeframe_bearish, bearish_bos_or_choch, bullish_liquidity_sweep, bearish_liquidity_sweep, price_in_discount, active_bearish_order_block, active_bullish_fvg, active_bearish_fvg",,,,,,,,,rsi_lt_35|fg_neutral|funding_neutral|trigger_learning_only_scan|final_HOLD|claude_HOLD|candidate_HOLD|candidate_source_none,Malformed AI response — holding to be safe
51,2026-05-07T15:00:21+00:00,15m,NO_PRICE_AT_HORIZON,80159.3,,,,,learning_only_scan,31.2,47,-0.0028439999999999,HOLD,55,NO_PRICE,,tq65_shadow60_risk_v1,HOLD,none,55,"Mixed signals prevent a clear directional trade: RSI at 31.2 and Stoch K at 8.9 suggest oversold conditions that could support a bounce, but MACD is deeply bearish, price is below all EMAs (20/50/200), volume ratio is effectively zero indicating no conviction, and historical evidence shows avg 4h return of -4.45% at similar moments. The 24h avg return of +5.80% is intriguing but the 4h drawdown risk is severe (-29% worst case). AI feedback explicitly flags weak BUY accuracy at 4h.",57.5,57.5,HOLD,exchange_alert,Exchange alert: Bitcoin tests Bollinger Bands breakout as creator flips bullish on BTC  coindesk.com. Holding until market stabilises.,0,exchange_alert,,,NO_PRICE,,0,57.5,risk_block_exchange_alert,,,,,,85.0,bearish,"higher_timeframe_bearish, bearish_bos_or_choch, bullish_liquidity_sweep, bearish_liquidity_sweep, price_in_discount, active_bearish_order_block, active_bullish_fvg, active_bearish_fvg",bearish: LL/HH/LL/LH,bullish_sweep,5 active,7 active,discount,bearish,SELL,85.0,bearish,"higher_timeframe_bearish, bearish_bos_or_choch, bullish_liquidity_sweep, bearish_liquidity_sweep, price_in_discount, active_bearish_order_block, active_bullish_fvg, active_bearish_fvg",,,,,,,,,rsi_lt_35|fg_neutral|funding_neutral|trigger_learning_only_scan|final_HOLD|claude_HOLD|candidate_HOLD|candidate_source_none,"Mixed signals prevent a clear directional trade: RSI at 31.2 and Stoch K at 8.9 suggest oversold conditions that could support a bounce, but MACD is deeply bearish, price is below all EMAs (20/50/200), volume ratio is effectively zero indicating no conviction, and historical evidence shows avg 4h return of -4.45% at similar moments. The 24h avg return of +5.80% is intriguing but the 4h drawdown risk is severe (-29% worst case). AI feedback explicitly flags weak BUY accuracy at 4h."
51,2026-05-07T15:00:21+00:00,1h,SCORED,80159.3,2026-05-07T16:00:27+00:00,79850.1,decisions,-0.3857,learning_only_scan,31.2,47,-0.0028439999999999,HOLD,55,OK_HOLD,,tq65_shadow60_risk_v1,HOLD,none,55,"Mixed signals prevent a clear directional trade: RSI at 31.2 and Stoch K at 8.9 suggest oversold conditions that could support a bounce, but MACD is deeply bearish, price is below all EMAs (20/50/200), volume ratio is effectively zero indicating no conviction, and historical evidence shows avg 4h return of -4.45% at similar moments. The 24h avg return of +5.80% is intriguing but the 4h drawdown risk is severe (-29% worst case). AI feedback explicitly flags weak BUY accuracy at 4h.",57.5,57.5,HOLD,exchange_alert,Exchange alert: Bitcoin tests Bollinger Bands breakout as creator flips bullish on BTC  coindesk.com. Holding until market stabilises.,0,exchange_alert,,,OK_HOLD,,0,57.5,risk_block_exchange_alert,,,,,,85.0,bearish,"higher_timeframe_bearish, bearish_bos_or_choch, bullish_liquidity_sweep, bearish_liquidity_sweep, price_in_discount, active_bearish_order_block, active_bullish_fvg, active_bearish_fvg",bearish: LL/HH/LL/LH,bullish_sweep,5 active,7 active,discount,bearish,SELL,85.0,bearish,"higher_timeframe_bearish, bearish_bos_or_choch, bullish_liquidity_sweep, bearish_liquidity_sweep, price_in_discount, active_bearish_order_block, active_bullish_fvg, active_bearish_fvg",,,,,,,,,rsi_lt_35|fg_neutral|funding_neutral|trigger_learning_only_scan|final_HOLD|claude_HOLD|candidate_HOLD|candidate_source_none,"Mixed signals prevent a clear directional trade: RSI at 31.2 and Stoch K at 8.9 suggest oversold conditions that could support a bounce, but MACD is deeply bearish, price is below all EMAs (20/50/200), volume ratio is effectively zero indicating no conviction, and historical evidence shows avg 4h return of -4.45% at similar moments. The 24h avg return of +5.80% is intriguing but the 4h drawdown risk is severe (-29% worst case). AI feedback explicitly flags weak BUY accuracy at 4h."
51,2026-05-07T15:00:21+00:00,4h,SCORED,80159.3,2026-05-07T20:00:16+00:00,80136.9,decisions,-0.0279,learning_only_scan,31.2,47,-0.0028439999999999,HOLD,55,OK_HOLD,,tq65_shadow60_risk_v1,HOLD,none,55,"Mixed signals prevent a clear directional trade: RSI at 31.2 and Stoch K at 8.9 suggest oversold conditions that could support a bounce, but MACD is deeply bearish, price is below all EMAs (20/50/200), volume ratio is effectively zero indicating no conviction, and historical evidence shows avg 4h return of -4.45% at similar moments. The 24h avg return of +5.80% is intriguing but the 4h drawdown risk is severe (-29% worst case). AI feedback explicitly flags weak BUY accuracy at 4h.",57.5,57.5,HOLD,exchange_alert,Exchange alert: Bitcoin tests Bollinger Bands breakout as creator flips bullish on BTC  coindesk.com. Holding until market stabilises.,0,exchange_alert,,,OK_HOLD,,0,57.5,risk_block_exchange_alert,,,,,,85.0,bearish,"higher_timeframe_bearish, bearish_bos_or_choch, bullish_liquidity_sweep, bearish_liquidity_sweep, price_in_discount, active_bearish_order_block, active_bullish_fvg, active_bearish_fvg",bearish: LL/HH/LL/LH,bullish_sweep,5 active,7 active,discount,bearish,SELL,85.0,bearish,"higher_timeframe_bearish, bearish_bos_or_choch, bullish_liquidity_sweep, bearish_liquidity_sweep, price_in_discount, active_bearish_order_block, active_bullish_fvg, active_bearish_fvg",,,,,,,,,rsi_lt_35|fg_neutral|funding_neutral|trigger_learning_only_scan|final_HOLD|claude_HOLD|candidate_HOLD|candidate_source_none,"Mixed signals prevent a clear directional trade: RSI at 31.2 and Stoch K at 8.9 suggest oversold conditions that could support a bounce, but MACD is deeply bearish, price is below all EMAs (20/50/200), volume ratio is effectively zero indicating no conviction, and historical evidence shows avg 4h return of -4.45% at similar moments. The 24h avg return of +5.80% is intriguing but the 4h drawdown risk is severe (-29% worst case). AI feedback explicitly flags weak BUY accuracy at 4h."
51,2026-05-07T15:00:21+00:00,24h,SCORED,80159.3,2026-05-08T15:15:00+00:00,79667.2,live_15m_csv,-0.6139,learning_only_scan,31.2,47,-0.0028439999999999,HOLD,55,OK_HOLD,,tq65_shadow60_risk_v1,HOLD,none,55,"Mixed signals prevent a clear directional trade: RSI at 31.2 and Stoch K at 8.9 suggest oversold conditions that could support a bounce, but MACD is deeply bearish, price is below all EMAs (20/50/200), volume ratio is effectively zero indicating no conviction, and historical evidence shows avg 4h return of -4.45% at similar moments. The 24h avg return of +5.80% is intriguing but the 4h drawdown risk is severe (-29% worst case). AI feedback explicitly flags weak BUY accuracy at 4h.",57.5,57.5,HOLD,exchange_alert,Exchange alert: Bitcoin tests Bollinger Bands breakout as creator flips bullish on BTC  coindesk.com. Holding until market stabilises.,0,exchange_alert,,,OK_HOLD,,0,57.5,risk_block_exchange_alert,,,,,,85.0,bearish,"higher_timeframe_bearish, bearish_bos_or_choch, bullish_liquidity_sweep, bearish_liquidity_sweep, price_in_discount, active_bearish_order_block, active_bullish_fvg, active_bearish_fvg",bearish: LL/HH/LL/LH,bullish_sweep,5 active,7 active,discount,bearish,SELL,85.0,bearish,"higher_timeframe_bearish, bearish_bos_or_choch, bullish_liquidity_sweep, bearish_liquidity_sweep, price_in_discount, active_bearish_order_block, active_bullish_fvg, active_bearish_fvg",,,,,,,,,rsi_lt_35|fg_neutral|funding_neutral|trigger_learning_only_scan|final_HOLD|claude_HOLD|candidate_HOLD|candidate_source_none,"Mixed signals prevent a clear directional trade: RSI at 31.2 and Stoch K at 8.9 suggest oversold conditions that could support a bounce, but MACD is deeply bearish, price is below all EMAs (20/50/200), volume ratio is effectively zero indicating no conviction, and historical evidence shows avg 4h return of -4.45% at similar moments. The 24h avg return of +5.80% is intriguing but the 4h drawdown risk is severe (-29% worst case). AI feedback explicitly flags weak BUY accuracy at 4h."
52,2026-05-07T16:00:27+00:00,15m,NO_PRICE_AT_HORIZON,79850.1,,,,,learning_only_scan,29.4,47,-0.0028439999999999,HOLD,45,NO_PRICE,,tq65_shadow60_risk_v1,HOLD,none,45,"RSI at 29.4 and Stoch K at 12.0 suggest oversold conditions that could support a bounce, and 24h historical return averages +5.80%, but the 4h average return is deeply negative at -4.45% with a worst case of -29.00%. MACD is bearish, price is below all major EMAs, volume ratio is 0.0 (no buying pressure), and all 20 historical analogues resulted in HOLD. AI feedback flags BUY accuracy at 0.0 for 4h. The setup lacks confirmation for entry.",57.5,57.5,HOLD,exchange_alert,Exchange alert: Bitcoin tests Bollinger Bands breakout as creator flips bullish on BTC  coindesk.com. Holding until market stabilises.,0,exchange_alert,,,NO_PRICE,,0,57.5,risk_block_exchange_alert,,,,,,85.0,bearish,"higher_timeframe_bearish, bearish_bos_or_choch, bullish_liquidity_sweep, bearish_liquidity_sweep, price_in_discount, active_bearish_order_block, active_bearish_fvg, momentum_confirms_bearish",bearish: LL/HH/LL/LH,bullish_sweep,6 active,8 active,discount,bearish,SELL,85.0,bearish,"higher_timeframe_bearish, bearish_bos_or_choch, bullish_liquidity_sweep, bearish_liquidity_sweep, price_in_discount, active_bearish_order_block, active_bearish_fvg, momentum_confirms_bearish",,,,,,,,,rsi_lt_35|fg_neutral|funding_neutral|trigger_learning_only_scan|final_HOLD|claude_HOLD|candidate_HOLD|candidate_source_none,"RSI at 29.4 and Stoch K at 12.0 suggest oversold conditions that could support a bounce, and 24h historical return averages +5.80%, but the 4h average return is deeply negative at -4.45% with a worst case of -29.00%. MACD is bearish, price is below all major EMAs, volume ratio is 0.0 (no buying pressure), and all 20 historical analogues resulted in HOLD. AI feedback flags BUY accuracy at 0.0 for 4h. The setup lacks confirmation for entry."
52,2026-05-07T16:00:27+00:00,1h,SCORED,79850.1,2026-05-07T18:00:16+00:00,80087.0,decisions,0.2967,learning_only_scan,29.4,47,-0.0028439999999999,HOLD,45,OK_HOLD,,tq65_shadow60_risk_v1,HOLD,none,45,"RSI at 29.4 and Stoch K at 12.0 suggest oversold conditions that could support a bounce, and 24h historical return averages +5.80%, but the 4h average return is deeply negative at -4.45% with a worst case of -29.00%. MACD is bearish, price is below all major EMAs, volume ratio is 0.0 (no buying pressure), and all 20 historical analogues resulted in HOLD. AI feedback flags BUY accuracy at 0.0 for 4h. The setup lacks confirmation for entry.",57.5,57.5,HOLD,exchange_alert,Exchange alert: Bitcoin tests Bollinger Bands breakout as creator flips bullish on BTC  coindesk.com. Holding until market stabilises.,0,exchange_alert,,,OK_HOLD,,0,57.5,risk_block_exchange_alert,,,,,,85.0,bearish,"higher_timeframe_bearish, bearish_bos_or_choch, bullish_liquidity_sweep, bearish_liquidity_sweep, price_in_discount, active_bearish_order_block, active_bearish_fvg, momentum_confirms_bearish",bearish: LL/HH/LL/LH,bullish_sweep,6 active,8 active,discount,bearish,SELL,85.0,bearish,"higher_timeframe_bearish, bearish_bos_or_choch, bullish_liquidity_sweep, bearish_liquidity_sweep, price_in_discount, active_bearish_order_block, active_bearish_fvg, momentum_confirms_bearish",,,,,,,,,rsi_lt_35|fg_neutral|funding_neutral|trigger_learning_only_scan|final_HOLD|claude_HOLD|candidate_HOLD|candidate_source_none,"RSI at 29.4 and Stoch K at 12.0 suggest oversold conditions that could support a bounce, and 24h historical return averages +5.80%, but the 4h average return is deeply negative at -4.45% with a worst case of -29.00%. MACD is bearish, price is below all major EMAs, volume ratio is 0.0 (no buying pressure), and all 20 historical analogues resulted in HOLD. AI feedback flags BUY accuracy at 0.0 for 4h. The setup lacks confirmation for entry."
52,2026-05-07T16:00:27+00:00,4h,SCORED,79850.1,2026-05-07T21:00:16+00:00,79887.8,decisions,0.0472,learning_only_scan,29.4,47,-0.0028439999999999,HOLD,45,OK_HOLD,,tq65_shadow60_risk_v1,HOLD,none,45,"RSI at 29.4 and Stoch K at 12.0 suggest oversold conditions that could support a bounce, and 24h historical return averages +5.80%, but the 4h average return is deeply negative at -4.45% with a worst case of -29.00%. MACD is bearish, price is below all major EMAs, volume ratio is 0.0 (no buying pressure), and all 20 historical analogues resulted in HOLD. AI feedback flags BUY accuracy at 0.0 for 4h. The setup lacks confirmation for entry.",57.5,57.5,HOLD,exchange_alert,Exchange alert: Bitcoin tests Bollinger Bands breakout as creator flips bullish on BTC  coindesk.com. Holding until market stabilises.,0,exchange_alert,,,OK_HOLD,,0,57.5,risk_block_exchange_alert,,,,,,85.0,bearish,"higher_timeframe_bearish, bearish_bos_or_choch, bullish_liquidity_sweep, bearish_liquidity_sweep, price_in_discount, active_bearish_order_block, active_bearish_fvg, momentum_confirms_bearish",bearish: LL/HH/LL/LH,bullish_sweep,6 active,8 active,discount,bearish,SELL,85.0,bearish,"higher_timeframe_bearish, bearish_bos_or_choch, bullish_liquidity_sweep, bearish_liquidity_sweep, price_in_discount, active_bearish_order_block, active_bearish_fvg, momentum_confirms_bearish",,,,,,,,,rsi_lt_35|fg_neutral|funding_neutral|trigger_learning_only_scan|final_HOLD|claude_HOLD|candidate_HOLD|candidate_source_none,"RSI at 29.4 and Stoch K at 12.0 suggest oversold conditions that could support a bounce, and 24h historical return averages +5.80%, but the 4h average return is deeply negative at -4.45% with a worst case of -29.00%. MACD is bearish, price is below all major EMAs, volume ratio is 0.0 (no buying pressure), and all 20 historical analogues resulted in HOLD. AI feedback flags BUY accuracy at 0.0 for 4h. The setup lacks confirmation for entry."
52,2026-05-07T16:00:27+00:00,24h,SCORED,79850.1,2026-05-08T16:15:00+00:00,79933.1,live_15m_csv,0.1039,learning_only_scan,29.4,47,-0.0028439999999999,HOLD,45,OK_HOLD,,tq65_shadow60_risk_v1,HOLD,none,45,"RSI at 29.4 and Stoch K at 12.0 suggest oversold conditions that could support a bounce, and 24h historical return averages +5.80%, but the 4h average return is deeply negative at -4.45% with a worst case of -29.00%. MACD is bearish, price is below all major EMAs, volume ratio is 0.0 (no buying pressure), and all 20 historical analogues resulted in HOLD. AI feedback flags BUY accuracy at 0.0 for 4h. The setup lacks confirmation for entry.",57.5,57.5,HOLD,exchange_alert,Exchange alert: Bitcoin tests Bollinger Bands breakout as creator flips bullish on BTC  coindesk.com. Holding until market stabilises.,0,exchange_alert,,,OK_HOLD,,0,57.5,risk_block_exchange_alert,,,,,,85.0,bearish,"higher_timeframe_bearish, bearish_bos_or_choch, bullish_liquidity_sweep, bearish_liquidity_sweep, price_in_discount, active_bearish_order_block, active_bearish_fvg, momentum_confirms_bearish",bearish: LL/HH/LL/LH,bullish_sweep,6 active,8 active,discount,bearish,SELL,85.0,bearish,"higher_timeframe_bearish, bearish_bos_or_choch, bullish_liquidity_sweep, bearish_liquidity_sweep, price_in_discount, active_bearish_order_block, active_bearish_fvg, momentum_confirms_bearish",,,,,,,,,rsi_lt_35|fg_neutral|funding_neutral|trigger_learning_only_scan|final_HOLD|claude_HOLD|candidate_HOLD|candidate_source_none,"RSI at 29.4 and Stoch K at 12.0 suggest oversold conditions that could support a bounce, and 24h historical return averages +5.80%, but the 4h average return is deeply negative at -4.45% with a worst case of -29.00%. MACD is bearish, price is below all major EMAs, volume ratio is 0.0 (no buying pressure), and all 20 historical analogues resulted in HOLD. AI feedback flags BUY accuracy at 0.0 for 4h. The setup lacks confirmation for entry."
53,2026-05-07T17:00:18+00:00,15m,NO_PRICE_AT_HORIZON,79798.4,,,,,learning_only_scan,31.1,47,-0.0028439999999999,HOLD,55,NO_PRICE,,tq65_shadow60_risk_v1,HOLD,none,55,"RSI at 31.1 and Stoch K at 12 suggest oversold conditions with potential for bounce, but MACD is bearish, price is below all major EMAs, volume ratio is effectively zero (unreliable directional signal), and historical 4h average return at similar moments is -4.45% — a deeply negative short-term outlook despite a promising 24h average of +5.80%. The risk/reward on a 4h basis is poor and the AI feedback loop explicitly flags weak BUY accuracy.",57.5,57.5,HOLD,exchange_alert,Exchange alert: Bitcoin tests Bollinger Bands breakout as creator flips bullish on BTC  coindesk.com. Holding until market stabilises.,0,exchange_alert,,,NO_PRICE,,0,57.5,risk_block_exchange_alert,,,,,,85.0,bearish,"higher_timeframe_bearish, bearish_bos_or_choch, bullish_liquidity_sweep, bearish_liquidity_sweep, price_in_discount, active_bearish_order_block, active_bearish_fvg, momentum_confirms_bearish",bearish: LL/HH/LL/LH,bullish_sweep,6 active,8 active,discount,bearish,SELL,85.0,bearish,"higher_timeframe_bearish, bearish_bos_or_choch, bullish_liquidity_sweep, bearish_liquidity_sweep, price_in_discount, active_bearish_order_block, active_bearish_fvg, momentum_confirms_bearish",,,,,,,,,rsi_lt_35|fg_neutral|funding_neutral|trigger_learning_only_scan|final_HOLD|claude_HOLD|candidate_HOLD|candidate_source_none,"RSI at 31.1 and Stoch K at 12 suggest oversold conditions with potential for bounce, but MACD is bearish, price is below all major EMAs, volume ratio is effectively zero (unreliable directional signal), and historical 4h average return at similar moments is -4.45% — a deeply negative short-term outlook despite a promising 24h average of +5.80%. The risk/reward on a 4h basis is poor and the AI feedback loop explicitly flags weak BUY accuracy."
53,2026-05-07T17:00:18+00:00,1h,SCORED,79798.4,2026-05-07T19:00:17+00:00,80200.9,decisions,0.5044,learning_only_scan,31.1,47,-0.0028439999999999,HOLD,55,OK_HOLD,,tq65_shadow60_risk_v1,HOLD,none,55,"RSI at 31.1 and Stoch K at 12 suggest oversold conditions with potential for bounce, but MACD is bearish, price is below all major EMAs, volume ratio is effectively zero (unreliable directional signal), and historical 4h average return at similar moments is -4.45% — a deeply negative short-term outlook despite a promising 24h average of +5.80%. The risk/reward on a 4h basis is poor and the AI feedback loop explicitly flags weak BUY accuracy.",57.5,57.5,HOLD,exchange_alert,Exchange alert: Bitcoin tests Bollinger Bands breakout as creator flips bullish on BTC  coindesk.com. Holding until market stabilises.,0,exchange_alert,,,OK_HOLD,,0,57.5,risk_block_exchange_alert,,,,,,85.0,bearish,"higher_timeframe_bearish, bearish_bos_or_choch, bullish_liquidity_sweep, bearish_liquidity_sweep, price_in_discount, active_bearish_order_block, active_bearish_fvg, momentum_confirms_bearish",bearish: LL/HH/LL/LH,bullish_sweep,6 active,8 active,discount,bearish,SELL,85.0,bearish,"higher_timeframe_bearish, bearish_bos_or_choch, bullish_liquidity_sweep, bearish_liquidity_sweep, price_in_discount, active_bearish_order_block, active_bearish_fvg, momentum_confirms_bearish",,,,,,,,,rsi_lt_35|fg_neutral|funding_neutral|trigger_learning_only_scan|final_HOLD|claude_HOLD|candidate_HOLD|candidate_source_none,"RSI at 31.1 and Stoch K at 12 suggest oversold conditions with potential for bounce, but MACD is bearish, price is below all major EMAs, volume ratio is effectively zero (unreliable directional signal), and historical 4h average return at similar moments is -4.45% — a deeply negative short-term outlook despite a promising 24h average of +5.80%. The risk/reward on a 4h basis is poor and the AI feedback loop explicitly flags weak BUY accuracy."
53,2026-05-07T17:00:18+00:00,4h,SCORED,79798.4,2026-05-07T22:00:16+00:00,79714.7,decisions,-0.1049,learning_only_scan,31.1,47,-0.0028439999999999,HOLD,55,OK_HOLD,,tq65_shadow60_risk_v1,HOLD,none,55,"RSI at 31.1 and Stoch K at 12 suggest oversold conditions with potential for bounce, but MACD is bearish, price is below all major EMAs, volume ratio is effectively zero (unreliable directional signal), and historical 4h average return at similar moments is -4.45% — a deeply negative short-term outlook despite a promising 24h average of +5.80%. The risk/reward on a 4h basis is poor and the AI feedback loop explicitly flags weak BUY accuracy.",57.5,57.5,HOLD,exchange_alert,Exchange alert: Bitcoin tests Bollinger Bands breakout as creator flips bullish on BTC  coindesk.com. Holding until market stabilises.,0,exchange_alert,,,OK_HOLD,,0,57.5,risk_block_exchange_alert,,,,,,85.0,bearish,"higher_timeframe_bearish, bearish_bos_or_choch, bullish_liquidity_sweep, bearish_liquidity_sweep, price_in_discount, active_bearish_order_block, active_bearish_fvg, momentum_confirms_bearish",bearish: LL/HH/LL/LH,bullish_sweep,6 active,8 active,discount,bearish,SELL,85.0,bearish,"higher_timeframe_bearish, bearish_bos_or_choch, bullish_liquidity_sweep, bearish_liquidity_sweep, price_in_discount, active_bearish_order_block, active_bearish_fvg, momentum_confirms_bearish",,,,,,,,,rsi_lt_35|fg_neutral|funding_neutral|trigger_learning_only_scan|final_HOLD|claude_HOLD|candidate_HOLD|candidate_source_none,"RSI at 31.1 and Stoch K at 12 suggest oversold conditions with potential for bounce, but MACD is bearish, price is below all major EMAs, volume ratio is effectively zero (unreliable directional signal), and historical 4h average return at similar moments is -4.45% — a deeply negative short-term outlook despite a promising 24h average of +5.80%. The risk/reward on a 4h basis is poor and the AI feedback loop explicitly flags weak BUY accuracy."
53,2026-05-07T17:00:18+00:00,24h,SCORED,79798.4,2026-05-08T17:15:00+00:00,79984.8,live_15m_csv,0.2336,learning_only_scan,31.1,47,-0.0028439999999999,HOLD,55,OK_HOLD,,tq65_shadow60_risk_v1,HOLD,none,55,"RSI at 31.1 and Stoch K at 12 suggest oversold conditions with potential for bounce, but MACD is bearish, price is below all major EMAs, volume ratio is effectively zero (unreliable directional signal), and historical 4h average return at similar moments is -4.45% — a deeply negative short-term outlook despite a promising 24h average of +5.80%. The risk/reward on a 4h basis is poor and the AI feedback loop explicitly flags weak BUY accuracy.",57.5,57.5,HOLD,exchange_alert,Exchange alert: Bitcoin tests Bollinger Bands breakout as creator flips bullish on BTC  coindesk.com. Holding until market stabilises.,0,exchange_alert,,,OK_HOLD,,0,57.5,risk_block_exchange_alert,,,,,,85.0,bearish,"higher_timeframe_bearish, bearish_bos_or_choch, bullish_liquidity_sweep, bearish_liquidity_sweep, price_in_discount, active_bearish_order_block, active_bearish_fvg, momentum_confirms_bearish",bearish: LL/HH/LL/LH,bullish_sweep,6 active,8 active,discount,bearish,SELL,85.0,bearish,"higher_timeframe_bearish, bearish_bos_or_choch, bullish_liquidity_sweep, bearish_liquidity_sweep, price_in_discount, active_bearish_order_block, active_bearish_fvg, momentum_confirms_bearish",,,,,,,,,rsi_lt_35|fg_neutral|funding_neutral|trigger_learning_only_scan|final_HOLD|claude_HOLD|candidate_HOLD|candidate_source_none,"RSI at 31.1 and Stoch K at 12 suggest oversold conditions with potential for bounce, but MACD is bearish, price is below all major EMAs, volume ratio is effectively zero (unreliable directional signal), and historical 4h average return at similar moments is -4.45% — a deeply negative short-term outlook despite a promising 24h average of +5.80%. The risk/reward on a 4h basis is poor and the AI feedback loop explicitly flags weak BUY accuracy."
54,2026-05-07T18:00:16+00:00,15m,NO_PRICE_AT_HORIZON,80087.0,,,,,learning_only_scan,44.9,47,-0.0028439999999999,HOLD,45,NO_PRICE,,tq65_shadow60_risk_v1,BUY,trade_quality,65,"Trade Quality Score 74.0/100 is above BUY threshold 65.0. Primary reason: quality_high. Original Claude HOLD reason: Mixed signals: MACD is bullish with positive crossover and historical win rate is strong at 70% with good 1h/4h returns, but price is below all key EMAs (20/50/200), volume ratio is effectively zero indicating no conviction, AI feedback loop shows 0% accuracy on recent BUY calls, and the 24h average return of -12.66% signals significant overnight risk. The BB squeeze could break either direction.",74.0,64.0,HOLD,bb_squeeze,Bollinger Band squeeze (width=0.0170). No directional trend — skipping.,1,bb_squeeze,80087.0,74.0,NO_PRICE,,0,64.0,risk_block_bb_squeeze,BUY,74.0,quality_high,79747.93,82489.61,75.0,bearish,"higher_timeframe_bearish, bearish_bos_or_choch, bullish_liquidity_sweep, bearish_liquidity_sweep, price_in_discount, active_bearish_order_block, active_bearish_fvg",bearish: LL/HH/LL/LH,bullish_sweep,5 active,7 active,discount,bearish,SELL,75.0,bearish,"higher_timeframe_bearish, bearish_bos_or_choch, bullish_liquidity_sweep, bearish_liquidity_sweep, price_in_discount, active_bearish_order_block, active_bearish_fvg",,,,,,,,,rsi_35_45|fg_neutral|funding_neutral|trigger_learning_only_scan|final_HOLD|claude_HOLD|candidate_BUY|candidate_source_trade_quality,"Mixed signals: MACD is bullish with positive crossover and historical win rate is strong at 70% with good 1h/4h returns, but price is below all key EMAs (20/50/200), volume ratio is effectively zero indicating no conviction, AI feedback loop shows 0% accuracy on recent BUY calls, and the 24h average return of -12.66% signals significant overnight risk. The BB squeeze could break either direction."
54,2026-05-07T18:00:16+00:00,1h,SCORED,80087.0,2026-05-07T19:00:17+00:00,80200.9,decisions,0.1422,learning_only_scan,44.9,47,-0.0028439999999999,HOLD,45,OK_HOLD,,tq65_shadow60_risk_v1,BUY,trade_quality,65,"Trade Quality Score 74.0/100 is above BUY threshold 65.0. Primary reason: quality_high. Original Claude HOLD reason: Mixed signals: MACD is bullish with positive crossover and historical win rate is strong at 70% with good 1h/4h returns, but price is below all key EMAs (20/50/200), volume ratio is effectively zero indicating no conviction, AI feedback loop shows 0% accuracy on recent BUY calls, and the 24h average return of -12.66% signals significant overnight risk. The BB squeeze could break either direction.",74.0,64.0,HOLD,bb_squeeze,Bollinger Band squeeze (width=0.0170). No directional trend — skipping.,1,bb_squeeze,80087.0,74.0,OK_HOLD,,0,64.0,risk_block_bb_squeeze,BUY,74.0,quality_high,79747.93,82489.61,75.0,bearish,"higher_timeframe_bearish, bearish_bos_or_choch, bullish_liquidity_sweep, bearish_liquidity_sweep, price_in_discount, active_bearish_order_block, active_bearish_fvg",bearish: LL/HH/LL/LH,bullish_sweep,5 active,7 active,discount,bearish,SELL,75.0,bearish,"higher_timeframe_bearish, bearish_bos_or_choch, bullish_liquidity_sweep, bearish_liquidity_sweep, price_in_discount, active_bearish_order_block, active_bearish_fvg",,,,,,,,,rsi_35_45|fg_neutral|funding_neutral|trigger_learning_only_scan|final_HOLD|claude_HOLD|candidate_BUY|candidate_source_trade_quality,"Mixed signals: MACD is bullish with positive crossover and historical win rate is strong at 70% with good 1h/4h returns, but price is below all key EMAs (20/50/200), volume ratio is effectively zero indicating no conviction, AI feedback loop shows 0% accuracy on recent BUY calls, and the 24h average return of -12.66% signals significant overnight risk. The BB squeeze could break either direction."
54,2026-05-07T18:00:16+00:00,4h,SCORED,80087.0,2026-05-07T22:00:16+00:00,79714.7,decisions,-0.4649,learning_only_scan,44.9,47,-0.0028439999999999,HOLD,45,OK_HOLD,,tq65_shadow60_risk_v1,BUY,trade_quality,65,"Trade Quality Score 74.0/100 is above BUY threshold 65.0. Primary reason: quality_high. Original Claude HOLD reason: Mixed signals: MACD is bullish with positive crossover and historical win rate is strong at 70% with good 1h/4h returns, but price is below all key EMAs (20/50/200), volume ratio is effectively zero indicating no conviction, AI feedback loop shows 0% accuracy on recent BUY calls, and the 24h average return of -12.66% signals significant overnight risk. The BB squeeze could break either direction.",74.0,64.0,HOLD,bb_squeeze,Bollinger Band squeeze (width=0.0170). No directional trend — skipping.,1,bb_squeeze,80087.0,74.0,OK_HOLD,,0,64.0,risk_block_bb_squeeze,BUY,74.0,quality_high,79747.93,82489.61,75.0,bearish,"higher_timeframe_bearish, bearish_bos_or_choch, bullish_liquidity_sweep, bearish_liquidity_sweep, price_in_discount, active_bearish_order_block, active_bearish_fvg",bearish: LL/HH/LL/LH,bullish_sweep,5 active,7 active,discount,bearish,SELL,75.0,bearish,"higher_timeframe_bearish, bearish_bos_or_choch, bullish_liquidity_sweep, bearish_liquidity_sweep, price_in_discount, active_bearish_order_block, active_bearish_fvg",,,,,,,,,rsi_35_45|fg_neutral|funding_neutral|trigger_learning_only_scan|final_HOLD|claude_HOLD|candidate_BUY|candidate_source_trade_quality,"Mixed signals: MACD is bullish with positive crossover and historical win rate is strong at 70% with good 1h/4h returns, but price is below all key EMAs (20/50/200), volume ratio is effectively zero indicating no conviction, AI feedback loop shows 0% accuracy on recent BUY calls, and the 24h average return of -12.66% signals significant overnight risk. The BB squeeze could break either direction."
54,2026-05-07T18:00:16+00:00,24h,SCORED,80087.0,2026-05-08T18:15:00+00:00,80223.2,live_15m_csv,0.1701,learning_only_scan,44.9,47,-0.0028439999999999,HOLD,45,OK_HOLD,,tq65_shadow60_risk_v1,BUY,trade_quality,65,"Trade Quality Score 74.0/100 is above BUY threshold 65.0. Primary reason: quality_high. Original Claude HOLD reason: Mixed signals: MACD is bullish with positive crossover and historical win rate is strong at 70% with good 1h/4h returns, but price is below all key EMAs (20/50/200), volume ratio is effectively zero indicating no conviction, AI feedback loop shows 0% accuracy on recent BUY calls, and the 24h average return of -12.66% signals significant overnight risk. The BB squeeze could break either direction.",74.0,64.0,HOLD,bb_squeeze,Bollinger Band squeeze (width=0.0170). No directional trend — skipping.,1,bb_squeeze,80087.0,74.0,OK_HOLD,,0,64.0,risk_block_bb_squeeze,BUY,74.0,quality_high,79747.93,82489.61,75.0,bearish,"higher_timeframe_bearish, bearish_bos_or_choch, bullish_liquidity_sweep, bearish_liquidity_sweep, price_in_discount, active_bearish_order_block, active_bearish_fvg",bearish: LL/HH/LL/LH,bullish_sweep,5 active,7 active,discount,bearish,SELL,75.0,bearish,"higher_timeframe_bearish, bearish_bos_or_choch, bullish_liquidity_sweep, bearish_liquidity_sweep, price_in_discount, active_bearish_order_block, active_bearish_fvg",,,,,,,,,rsi_35_45|fg_neutral|funding_neutral|trigger_learning_only_scan|final_HOLD|claude_HOLD|candidate_BUY|candidate_source_trade_quality,"Mixed signals: MACD is bullish with positive crossover and historical win rate is strong at 70% with good 1h/4h returns, but price is below all key EMAs (20/50/200), volume ratio is effectively zero indicating no conviction, AI feedback loop shows 0% accuracy on recent BUY calls, and the 24h average return of -12.66% signals significant overnight risk. The BB squeeze could break either direction."
55,2026-05-07T19:00:17+00:00,15m,NO_PRICE_AT_HORIZON,80200.9,,,,,learning_only_scan,48.6,47,-0.0028439999999999,HOLD,55,NO_PRICE,,tq65_shadow60_risk_v1,BUY,trade_quality,65,"Trade Quality Score 70.0/100 is above BUY threshold 65.0. Primary reason: quality_high. Original Claude HOLD reason: Mixed signals dominate: MACD is bullish but price sits below EMA 50 and 200, Stoch K is overbought at 88.1 suggesting short-term exhaustion, volume ratio is effectively zero undermining any breakout thesis, and the 24h historical average return is deeply negative at -11.02% despite strong 1h/4h averages. The AI feedback loop explicitly flags weak BUY accuracy at 4h. No clear edge to enter.",70.0,60.0,HOLD,bb_squeeze,Bollinger Band squeeze (width=0.0092). No directional trend — skipping.,1,bb_squeeze,80200.9,70.0,NO_PRICE,,0,60.0,risk_block_bb_squeeze,BUY,70.0,quality_high,79887.83,82606.93,75.0,bearish,"higher_timeframe_bearish, bearish_bos_or_choch, bullish_liquidity_sweep, bearish_liquidity_sweep, price_in_discount, active_bearish_order_block, active_bullish_fvg, active_bearish_fvg",bearish: HH/LL/LH/LL,bullish_sweep,5 active,8 active,discount,bearish,SELL,75.0,bearish,"higher_timeframe_bearish, bearish_bos_or_choch, bullish_liquidity_sweep, bearish_liquidity_sweep, price_in_discount, active_bearish_order_block, active_bullish_fvg, active_bearish_fvg",,,,,,,,,rsi_45_55|fg_neutral|funding_neutral|trigger_learning_only_scan|final_HOLD|claude_HOLD|candidate_BUY|candidate_source_trade_quality,"Mixed signals dominate: MACD is bullish but price sits below EMA 50 and 200, Stoch K is overbought at 88.1 suggesting short-term exhaustion, volume ratio is effectively zero undermining any breakout thesis, and the 24h historical average return is deeply negative at -11.02% despite strong 1h/4h averages. The AI feedback loop explicitly flags weak BUY accuracy at 4h. No clear edge to enter."
55,2026-05-07T19:00:17+00:00,1h,SCORED,80200.9,2026-05-07T21:00:16+00:00,79887.8,decisions,-0.3904,learning_only_scan,48.6,47,-0.0028439999999999,HOLD,55,OK_HOLD,,tq65_shadow60_risk_v1,BUY,trade_quality,65,"Trade Quality Score 70.0/100 is above BUY threshold 65.0. Primary reason: quality_high. Original Claude HOLD reason: Mixed signals dominate: MACD is bullish but price sits below EMA 50 and 200, Stoch K is overbought at 88.1 suggesting short-term exhaustion, volume ratio is effectively zero undermining any breakout thesis, and the 24h historical average return is deeply negative at -11.02% despite strong 1h/4h averages. The AI feedback loop explicitly flags weak BUY accuracy at 4h. No clear edge to enter.",70.0,60.0,HOLD,bb_squeeze,Bollinger Band squeeze (width=0.0092). No directional trend — skipping.,1,bb_squeeze,80200.9,70.0,OK_HOLD,,0,60.0,risk_block_bb_squeeze,BUY,70.0,quality_high,79887.83,82606.93,75.0,bearish,"higher_timeframe_bearish, bearish_bos_or_choch, bullish_liquidity_sweep, bearish_liquidity_sweep, price_in_discount, active_bearish_order_block, active_bullish_fvg, active_bearish_fvg",bearish: HH/LL/LH/LL,bullish_sweep,5 active,8 active,discount,bearish,SELL,75.0,bearish,"higher_timeframe_bearish, bearish_bos_or_choch, bullish_liquidity_sweep, bearish_liquidity_sweep, price_in_discount, active_bearish_order_block, active_bullish_fvg, active_bearish_fvg",,,,,,,,,rsi_45_55|fg_neutral|funding_neutral|trigger_learning_only_scan|final_HOLD|claude_HOLD|candidate_BUY|candidate_source_trade_quality,"Mixed signals dominate: MACD is bullish but price sits below EMA 50 and 200, Stoch K is overbought at 88.1 suggesting short-term exhaustion, volume ratio is effectively zero undermining any breakout thesis, and the 24h historical average return is deeply negative at -11.02% despite strong 1h/4h averages. The AI feedback loop explicitly flags weak BUY accuracy at 4h. No clear edge to enter."
55,2026-05-07T19:00:17+00:00,4h,SCORED,80200.9,2026-05-08T00:00:00+00:00,80186.77,daily_csv,-0.0176,learning_only_scan,48.6,47,-0.0028439999999999,HOLD,55,OK_HOLD,,tq65_shadow60_risk_v1,BUY,trade_quality,65,"Trade Quality Score 70.0/100 is above BUY threshold 65.0. Primary reason: quality_high. Original Claude HOLD reason: Mixed signals dominate: MACD is bullish but price sits below EMA 50 and 200, Stoch K is overbought at 88.1 suggesting short-term exhaustion, volume ratio is effectively zero undermining any breakout thesis, and the 24h historical average return is deeply negative at -11.02% despite strong 1h/4h averages. The AI feedback loop explicitly flags weak BUY accuracy at 4h. No clear edge to enter.",70.0,60.0,HOLD,bb_squeeze,Bollinger Band squeeze (width=0.0092). No directional trend — skipping.,1,bb_squeeze,80200.9,70.0,OK_HOLD,,0,60.0,risk_block_bb_squeeze,BUY,70.0,quality_high,79887.83,82606.93,75.0,bearish,"higher_timeframe_bearish, bearish_bos_or_choch, bullish_liquidity_sweep, bearish_liquidity_sweep, price_in_discount, active_bearish_order_block, active_bullish_fvg, active_bearish_fvg",bearish: HH/LL/LH/LL,bullish_sweep,5 active,8 active,discount,bearish,SELL,75.0,bearish,"higher_timeframe_bearish, bearish_bos_or_choch, bullish_liquidity_sweep, bearish_liquidity_sweep, price_in_discount, active_bearish_order_block, active_bullish_fvg, active_bearish_fvg",,,,,,,,,rsi_45_55|fg_neutral|funding_neutral|trigger_learning_only_scan|final_HOLD|claude_HOLD|candidate_BUY|candidate_source_trade_quality,"Mixed signals dominate: MACD is bullish but price sits below EMA 50 and 200, Stoch K is overbought at 88.1 suggesting short-term exhaustion, volume ratio is effectively zero undermining any breakout thesis, and the 24h historical average return is deeply negative at -11.02% despite strong 1h/4h averages. The AI feedback loop explicitly flags weak BUY accuracy at 4h. No clear edge to enter."
55,2026-05-07T19:00:17+00:00,24h,SCORED,80200.9,2026-05-08T19:15:00+00:00,80007.1,live_15m_csv,-0.2416,learning_only_scan,48.6,47,-0.0028439999999999,HOLD,55,OK_HOLD,,tq65_shadow60_risk_v1,BUY,trade_quality,65,"Trade Quality Score 70.0/100 is above BUY threshold 65.0. Primary reason: quality_high. Original Claude HOLD reason: Mixed signals dominate: MACD is bullish but price sits below EMA 50 and 200, Stoch K is overbought at 88.1 suggesting short-term exhaustion, volume ratio is effectively zero undermining any breakout thesis, and the 24h historical average return is deeply negative at -11.02% despite strong 1h/4h averages. The AI feedback loop explicitly flags weak BUY accuracy at 4h. No clear edge to enter.",70.0,60.0,HOLD,bb_squeeze,Bollinger Band squeeze (width=0.0092). No directional trend — skipping.,1,bb_squeeze,80200.9,70.0,OK_HOLD,,0,60.0,risk_block_bb_squeeze,BUY,70.0,quality_high,79887.83,82606.93,75.0,bearish,"higher_timeframe_bearish, bearish_bos_or_choch, bullish_liquidity_sweep, bearish_liquidity_sweep, price_in_discount, active_bearish_order_block, active_bullish_fvg, active_bearish_fvg",bearish: HH/LL/LH/LL,bullish_sweep,5 active,8 active,discount,bearish,SELL,75.0,bearish,"higher_timeframe_bearish, bearish_bos_or_choch, bullish_liquidity_sweep, bearish_liquidity_sweep, price_in_discount, active_bearish_order_block, active_bullish_fvg, active_bearish_fvg",,,,,,,,,rsi_45_55|fg_neutral|funding_neutral|trigger_learning_only_scan|final_HOLD|claude_HOLD|candidate_BUY|candidate_source_trade_quality,"Mixed signals dominate: MACD is bullish but price sits below EMA 50 and 200, Stoch K is overbought at 88.1 suggesting short-term exhaustion, volume ratio is effectively zero undermining any breakout thesis, and the 24h historical average return is deeply negative at -11.02% despite strong 1h/4h averages. The AI feedback loop explicitly flags weak BUY accuracy at 4h. No clear edge to enter."
56,2026-05-07T20:00:16+00:00,15m,NO_PRICE_AT_HORIZON,80136.9,,,,,learning_only_scan,47.7,47,-0.0028439999999999,HOLD,45,NO_PRICE,,tq65_shadow60_risk_v1,BUY,trade_quality,65,"Trade Quality Score 70.0/100 is above BUY threshold 65.0. Primary reason: quality_high. Original Claude HOLD reason: Mixed signals prevent a clear entry: MACD is bullish but price is below EMA 50 and 200, volume ratio is effectively zero (no conviction), Stoch K at 81 is overbought suggesting short-term exhaustion, and the 24h historical return of -10.86% signals significant downside risk on the day timeframe despite strong 1h/4h returns. The AI feedback loop explicitly flags weak BUY accuracy at 4h.",70.0,60.0,HOLD,bb_squeeze,Bollinger Band squeeze (width=0.0077). No directional trend — skipping.,1,bb_squeeze,80136.9,70.0,NO_PRICE,,0,60.0,risk_block_bb_squeeze,BUY,70.0,quality_high,79833.63,82541.01,75.0,bearish,"higher_timeframe_bearish, bearish_bos_or_choch, bullish_liquidity_sweep, bearish_liquidity_sweep, price_in_discount, active_bearish_order_block, active_bullish_fvg, active_bearish_fvg",bearish: HH/LL/LH/LL,bullish_sweep,5 active,8 active,discount,bearish,SELL,75.0,bearish,"higher_timeframe_bearish, bearish_bos_or_choch, bullish_liquidity_sweep, bearish_liquidity_sweep, price_in_discount, active_bearish_order_block, active_bullish_fvg, active_bearish_fvg",,,,,,,,,rsi_45_55|fg_neutral|funding_neutral|trigger_learning_only_scan|final_HOLD|claude_HOLD|candidate_BUY|candidate_source_trade_quality,"Mixed signals prevent a clear entry: MACD is bullish but price is below EMA 50 and 200, volume ratio is effectively zero (no conviction), Stoch K at 81 is overbought suggesting short-term exhaustion, and the 24h historical return of -10.86% signals significant downside risk on the day timeframe despite strong 1h/4h returns. The AI feedback loop explicitly flags weak BUY accuracy at 4h."
56,2026-05-07T20:00:16+00:00,1h,SCORED,80136.9,2026-05-07T21:00:16+00:00,79887.8,decisions,-0.3108,learning_only_scan,47.7,47,-0.0028439999999999,HOLD,45,OK_HOLD,,tq65_shadow60_risk_v1,BUY,trade_quality,65,"Trade Quality Score 70.0/100 is above BUY threshold 65.0. Primary reason: quality_high. Original Claude HOLD reason: Mixed signals prevent a clear entry: MACD is bullish but price is below EMA 50 and 200, volume ratio is effectively zero (no conviction), Stoch K at 81 is overbought suggesting short-term exhaustion, and the 24h historical return of -10.86% signals significant downside risk on the day timeframe despite strong 1h/4h returns. The AI feedback loop explicitly flags weak BUY accuracy at 4h.",70.0,60.0,HOLD,bb_squeeze,Bollinger Band squeeze (width=0.0077). No directional trend — skipping.,1,bb_squeeze,80136.9,70.0,OK_HOLD,,0,60.0,risk_block_bb_squeeze,BUY,70.0,quality_high,79833.63,82541.01,75.0,bearish,"higher_timeframe_bearish, bearish_bos_or_choch, bullish_liquidity_sweep, bearish_liquidity_sweep, price_in_discount, active_bearish_order_block, active_bullish_fvg, active_bearish_fvg",bearish: HH/LL/LH/LL,bullish_sweep,5 active,8 active,discount,bearish,SELL,75.0,bearish,"higher_timeframe_bearish, bearish_bos_or_choch, bullish_liquidity_sweep, bearish_liquidity_sweep, price_in_discount, active_bearish_order_block, active_bullish_fvg, active_bearish_fvg",,,,,,,,,rsi_45_55|fg_neutral|funding_neutral|trigger_learning_only_scan|final_HOLD|claude_HOLD|candidate_BUY|candidate_source_trade_quality,"Mixed signals prevent a clear entry: MACD is bullish but price is below EMA 50 and 200, volume ratio is effectively zero (no conviction), Stoch K at 81 is overbought suggesting short-term exhaustion, and the 24h historical return of -10.86% signals significant downside risk on the day timeframe despite strong 1h/4h returns. The AI feedback loop explicitly flags weak BUY accuracy at 4h."
56,2026-05-07T20:00:16+00:00,4h,SCORED,80136.9,2026-05-08T00:00:42+00:00,80011.5,decisions,-0.1565,learning_only_scan,47.7,47,-0.0028439999999999,HOLD,45,OK_HOLD,,tq65_shadow60_risk_v1,BUY,trade_quality,65,"Trade Quality Score 70.0/100 is above BUY threshold 65.0. Primary reason: quality_high. Original Claude HOLD reason: Mixed signals prevent a clear entry: MACD is bullish but price is below EMA 50 and 200, volume ratio is effectively zero (no conviction), Stoch K at 81 is overbought suggesting short-term exhaustion, and the 24h historical return of -10.86% signals significant downside risk on the day timeframe despite strong 1h/4h returns. The AI feedback loop explicitly flags weak BUY accuracy at 4h.",70.0,60.0,HOLD,bb_squeeze,Bollinger Band squeeze (width=0.0077). No directional trend — skipping.,1,bb_squeeze,80136.9,70.0,OK_HOLD,,0,60.0,risk_block_bb_squeeze,BUY,70.0,quality_high,79833.63,82541.01,75.0,bearish,"higher_timeframe_bearish, bearish_bos_or_choch, bullish_liquidity_sweep, bearish_liquidity_sweep, price_in_discount, active_bearish_order_block, active_bullish_fvg, active_bearish_fvg",bearish: HH/LL/LH/LL,bullish_sweep,5 active,8 active,discount,bearish,SELL,75.0,bearish,"higher_timeframe_bearish, bearish_bos_or_choch, bullish_liquidity_sweep, bearish_liquidity_sweep, price_in_discount, active_bearish_order_block, active_bullish_fvg, active_bearish_fvg",,,,,,,,,rsi_45_55|fg_neutral|funding_neutral|trigger_learning_only_scan|final_HOLD|claude_HOLD|candidate_BUY|candidate_source_trade_quality,"Mixed signals prevent a clear entry: MACD is bullish but price is below EMA 50 and 200, volume ratio is effectively zero (no conviction), Stoch K at 81 is overbought suggesting short-term exhaustion, and the 24h historical return of -10.86% signals significant downside risk on the day timeframe despite strong 1h/4h returns. The AI feedback loop explicitly flags weak BUY accuracy at 4h."
56,2026-05-07T20:00:16+00:00,24h,SCORED,80136.9,2026-05-08T20:15:00+00:00,80251.0,live_15m_csv,0.1424,learning_only_scan,47.7,47,-0.0028439999999999,HOLD,45,OK_HOLD,,tq65_shadow60_risk_v1,BUY,trade_quality,65,"Trade Quality Score 70.0/100 is above BUY threshold 65.0. Primary reason: quality_high. Original Claude HOLD reason: Mixed signals prevent a clear entry: MACD is bullish but price is below EMA 50 and 200, volume ratio is effectively zero (no conviction), Stoch K at 81 is overbought suggesting short-term exhaustion, and the 24h historical return of -10.86% signals significant downside risk on the day timeframe despite strong 1h/4h returns. The AI feedback loop explicitly flags weak BUY accuracy at 4h.",70.0,60.0,HOLD,bb_squeeze,Bollinger Band squeeze (width=0.0077). No directional trend — skipping.,1,bb_squeeze,80136.9,70.0,OK_HOLD,,0,60.0,risk_block_bb_squeeze,BUY,70.0,quality_high,79833.63,82541.01,75.0,bearish,"higher_timeframe_bearish, bearish_bos_or_choch, bullish_liquidity_sweep, bearish_liquidity_sweep, price_in_discount, active_bearish_order_block, active_bullish_fvg, active_bearish_fvg",bearish: HH/LL/LH/LL,bullish_sweep,5 active,8 active,discount,bearish,SELL,75.0,bearish,"higher_timeframe_bearish, bearish_bos_or_choch, bullish_liquidity_sweep, bearish_liquidity_sweep, price_in_discount, active_bearish_order_block, active_bullish_fvg, active_bearish_fvg",,,,,,,,,rsi_45_55|fg_neutral|funding_neutral|trigger_learning_only_scan|final_HOLD|claude_HOLD|candidate_BUY|candidate_source_trade_quality,"Mixed signals prevent a clear entry: MACD is bullish but price is below EMA 50 and 200, volume ratio is effectively zero (no conviction), Stoch K at 81 is overbought suggesting short-term exhaustion, and the 24h historical return of -10.86% signals significant downside risk on the day timeframe despite strong 1h/4h returns. The AI feedback loop explicitly flags weak BUY accuracy at 4h."
57,2026-05-07T21:00:16+00:00,15m,NO_PRICE_AT_HORIZON,79887.8,,,,,learning_only_scan,40.4,47,-0.0028439999999999,HOLD,45,NO_PRICE,,tq65_shadow60_risk_v1,BUY,trade_quality,65,"Trade Quality Score 74.0/100 is above BUY threshold 65.0. Primary reason: quality_high. Original Claude HOLD reason: Mixed signals prevent a confident entry: MACD is technically bullish (signal crossover) and historical win rate at similar moments is 80% with strong 1h/4h returns, but price is below all EMAs (20/50/200), volume ratio is effectively zero indicating no conviction, and the 24h average return is deeply negative at -13.03%. The AI feedback loop explicitly warns Claude BUY accuracy at 4h is 0.0, and all 20 historical similar moments resulted in HOLD decisions — suggesting this setup has been consistently avoided for good reason.",74.0,64.0,HOLD,bb_squeeze,Bollinger Band squeeze (width=0.0076). No directional trend — skipping.,1,bb_squeeze,79887.8,74.0,NO_PRICE,,0,64.0,risk_block_bb_squeeze,BUY,74.0,quality_high,79599.12,82284.43,75.0,bearish,"higher_timeframe_bearish, bearish_bos_or_choch, bullish_liquidity_sweep, bearish_liquidity_sweep, price_in_discount, active_bearish_order_block, active_bearish_fvg",bearish: HH/LL/LH/LL,bullish_sweep,5 active,8 active,discount,bearish,SELL,75.0,bearish,"higher_timeframe_bearish, bearish_bos_or_choch, bullish_liquidity_sweep, bearish_liquidity_sweep, price_in_discount, active_bearish_order_block, active_bearish_fvg",,,,,,,,,rsi_35_45|fg_neutral|funding_neutral|trigger_learning_only_scan|final_HOLD|claude_HOLD|candidate_BUY|candidate_source_trade_quality,"Mixed signals prevent a confident entry: MACD is technically bullish (signal crossover) and historical win rate at similar moments is 80% with strong 1h/4h returns, but price is below all EMAs (20/50/200), volume ratio is effectively zero indicating no conviction, and the 24h average return is deeply negative at -13.03%. The AI feedback loop explicitly warns Claude BUY accuracy at 4h is 0.0, and all 20 historical similar moments resulted in HOLD decisions — suggesting this setup has been consist"
57,2026-05-07T21:00:16+00:00,1h,SCORED,79887.8,2026-05-07T22:00:16+00:00,79714.7,decisions,-0.2167,learning_only_scan,40.4,47,-0.0028439999999999,HOLD,45,OK_HOLD,,tq65_shadow60_risk_v1,BUY,trade_quality,65,"Trade Quality Score 74.0/100 is above BUY threshold 65.0. Primary reason: quality_high. Original Claude HOLD reason: Mixed signals prevent a confident entry: MACD is technically bullish (signal crossover) and historical win rate at similar moments is 80% with strong 1h/4h returns, but price is below all EMAs (20/50/200), volume ratio is effectively zero indicating no conviction, and the 24h average return is deeply negative at -13.03%. The AI feedback loop explicitly warns Claude BUY accuracy at 4h is 0.0, and all 20 historical similar moments resulted in HOLD decisions — suggesting this setup has been consistently avoided for good reason.",74.0,64.0,HOLD,bb_squeeze,Bollinger Band squeeze (width=0.0076). No directional trend — skipping.,1,bb_squeeze,79887.8,74.0,OK_HOLD,,0,64.0,risk_block_bb_squeeze,BUY,74.0,quality_high,79599.12,82284.43,75.0,bearish,"higher_timeframe_bearish, bearish_bos_or_choch, bullish_liquidity_sweep, bearish_liquidity_sweep, price_in_discount, active_bearish_order_block, active_bearish_fvg",bearish: HH/LL/LH/LL,bullish_sweep,5 active,8 active,discount,bearish,SELL,75.0,bearish,"higher_timeframe_bearish, bearish_bos_or_choch, bullish_liquidity_sweep, bearish_liquidity_sweep, price_in_discount, active_bearish_order_block, active_bearish_fvg",,,,,,,,,rsi_35_45|fg_neutral|funding_neutral|trigger_learning_only_scan|final_HOLD|claude_HOLD|candidate_BUY|candidate_source_trade_quality,"Mixed signals prevent a confident entry: MACD is technically bullish (signal crossover) and historical win rate at similar moments is 80% with strong 1h/4h returns, but price is below all EMAs (20/50/200), volume ratio is effectively zero indicating no conviction, and the 24h average return is deeply negative at -13.03%. The AI feedback loop explicitly warns Claude BUY accuracy at 4h is 0.0, and all 20 historical similar moments resulted in HOLD decisions — suggesting this setup has been consist"
57,2026-05-07T21:00:16+00:00,4h,SCORED,79887.8,2026-05-08T02:00:14+00:00,79746.0,decisions,-0.1775,learning_only_scan,40.4,47,-0.0028439999999999,HOLD,45,OK_HOLD,,tq65_shadow60_risk_v1,BUY,trade_quality,65,"Trade Quality Score 74.0/100 is above BUY threshold 65.0. Primary reason: quality_high. Original Claude HOLD reason: Mixed signals prevent a confident entry: MACD is technically bullish (signal crossover) and historical win rate at similar moments is 80% with strong 1h/4h returns, but price is below all EMAs (20/50/200), volume ratio is effectively zero indicating no conviction, and the 24h average return is deeply negative at -13.03%. The AI feedback loop explicitly warns Claude BUY accuracy at 4h is 0.0, and all 20 historical similar moments resulted in HOLD decisions — suggesting this setup has been consistently avoided for good reason.",74.0,64.0,HOLD,bb_squeeze,Bollinger Band squeeze (width=0.0076). No directional trend — skipping.,1,bb_squeeze,79887.8,74.0,OK_HOLD,,0,64.0,risk_block_bb_squeeze,BUY,74.0,quality_high,79599.12,82284.43,75.0,bearish,"higher_timeframe_bearish, bearish_bos_or_choch, bullish_liquidity_sweep, bearish_liquidity_sweep, price_in_discount, active_bearish_order_block, active_bearish_fvg",bearish: HH/LL/LH/LL,bullish_sweep,5 active,8 active,discount,bearish,SELL,75.0,bearish,"higher_timeframe_bearish, bearish_bos_or_choch, bullish_liquidity_sweep, bearish_liquidity_sweep, price_in_discount, active_bearish_order_block, active_bearish_fvg",,,,,,,,,rsi_35_45|fg_neutral|funding_neutral|trigger_learning_only_scan|final_HOLD|claude_HOLD|candidate_BUY|candidate_source_trade_quality,"Mixed signals prevent a confident entry: MACD is technically bullish (signal crossover) and historical win rate at similar moments is 80% with strong 1h/4h returns, but price is below all EMAs (20/50/200), volume ratio is effectively zero indicating no conviction, and the 24h average return is deeply negative at -13.03%. The AI feedback loop explicitly warns Claude BUY accuracy at 4h is 0.0, and all 20 historical similar moments resulted in HOLD decisions — suggesting this setup has been consist"
57,2026-05-07T21:00:16+00:00,24h,SCORED,79887.8,2026-05-08T21:00:17+00:00,80124.4,decisions,0.2962,learning_only_scan,40.4,47,-0.0028439999999999,HOLD,45,OK_HOLD,,tq65_shadow60_risk_v1,BUY,trade_quality,65,"Trade Quality Score 74.0/100 is above BUY threshold 65.0. Primary reason: quality_high. Original Claude HOLD reason: Mixed signals prevent a confident entry: MACD is technically bullish (signal crossover) and historical win rate at similar moments is 80% with strong 1h/4h returns, but price is below all EMAs (20/50/200), volume ratio is effectively zero indicating no conviction, and the 24h average return is deeply negative at -13.03%. The AI feedback loop explicitly warns Claude BUY accuracy at 4h is 0.0, and all 20 historical similar moments resulted in HOLD decisions — suggesting this setup has been consistently avoided for good reason.",74.0,64.0,HOLD,bb_squeeze,Bollinger Band squeeze (width=0.0076). No directional trend — skipping.,1,bb_squeeze,79887.8,74.0,OK_HOLD,,0,64.0,risk_block_bb_squeeze,BUY,74.0,quality_high,79599.12,82284.43,75.0,bearish,"higher_timeframe_bearish, bearish_bos_or_choch, bullish_liquidity_sweep, bearish_liquidity_sweep, price_in_discount, active_bearish_order_block, active_bearish_fvg",bearish: HH/LL/LH/LL,bullish_sweep,5 active,8 active,discount,bearish,SELL,75.0,bearish,"higher_timeframe_bearish, bearish_bos_or_choch, bullish_liquidity_sweep, bearish_liquidity_sweep, price_in_discount, active_bearish_order_block, active_bearish_fvg",,,,,,,,,rsi_35_45|fg_neutral|funding_neutral|trigger_learning_only_scan|final_HOLD|claude_HOLD|candidate_BUY|candidate_source_trade_quality,"Mixed signals prevent a confident entry: MACD is technically bullish (signal crossover) and historical win rate at similar moments is 80% with strong 1h/4h returns, but price is below all EMAs (20/50/200), volume ratio is effectively zero indicating no conviction, and the 24h average return is deeply negative at -13.03%. The AI feedback loop explicitly warns Claude BUY accuracy at 4h is 0.0, and all 20 historical similar moments resulted in HOLD decisions — suggesting this setup has been consist"
58,2026-05-07T22:00:16+00:00,15m,NO_PRICE_AT_HORIZON,79714.7,,,,,learning_only_scan,37.2,47,-0.0028439999999999,HOLD,0,NO_PRICE,,tq65_shadow60_risk_v1,HOLD,none,0,Malformed AI response — holding to be safe,59.5,59.5,HOLD,exchange_alert,Exchange alert: Banking with Bitcoin & Digital Assets Built In | Bitcoin 2026  BitcoinMagazine. Holding until market stabilises.,0,exchange_alert,,,NO_PRICE,,0,59.5,risk_block_exchange_alert,,,,,,85.0,bearish,"higher_timeframe_bearish, bearish_bos_or_choch, bullish_liquidity_sweep, bearish_liquidity_sweep, price_in_discount, active_bearish_order_block, active_bearish_fvg, momentum_confirms_bearish",bearish: LL/LH/LL/LH,bullish_sweep,5 active,8 active,discount,bearish,SELL,85.0,bearish,"higher_timeframe_bearish, bearish_bos_or_choch, bullish_liquidity_sweep, bearish_liquidity_sweep, price_in_discount, active_bearish_order_block, active_bearish_fvg, momentum_confirms_bearish",,,,,,,,,rsi_35_45|fg_neutral|funding_neutral|trigger_learning_only_scan|final_HOLD|claude_HOLD|candidate_HOLD|candidate_source_none,Malformed AI response — holding to be safe
58,2026-05-07T22:00:16+00:00,1h,SCORED,79714.7,2026-05-07T23:00:16+00:00,79883.8,decisions,0.2121,learning_only_scan,37.2,47,-0.0028439999999999,HOLD,0,OK_HOLD,,tq65_shadow60_risk_v1,HOLD,none,0,Malformed AI response — holding to be safe,59.5,59.5,HOLD,exchange_alert,Exchange alert: Banking with Bitcoin & Digital Assets Built In | Bitcoin 2026  BitcoinMagazine. Holding until market stabilises.,0,exchange_alert,,,OK_HOLD,,0,59.5,risk_block_exchange_alert,,,,,,85.0,bearish,"higher_timeframe_bearish, bearish_bos_or_choch, bullish_liquidity_sweep, bearish_liquidity_sweep, price_in_discount, active_bearish_order_block, active_bearish_fvg, momentum_confirms_bearish",bearish: LL/LH/LL/LH,bullish_sweep,5 active,8 active,discount,bearish,SELL,85.0,bearish,"higher_timeframe_bearish, bearish_bos_or_choch, bullish_liquidity_sweep, bearish_liquidity_sweep, price_in_discount, active_bearish_order_block, active_bearish_fvg, momentum_confirms_bearish",,,,,,,,,rsi_35_45|fg_neutral|funding_neutral|trigger_learning_only_scan|final_HOLD|claude_HOLD|candidate_HOLD|candidate_source_none,Malformed AI response — holding to be safe
58,2026-05-07T22:00:16+00:00,4h,SCORED,79714.7,2026-05-08T03:00:14+00:00,79459.2,decisions,-0.3205,learning_only_scan,37.2,47,-0.0028439999999999,HOLD,0,OK_HOLD,,tq65_shadow60_risk_v1,HOLD,none,0,Malformed AI response — holding to be safe,59.5,59.5,HOLD,exchange_alert,Exchange alert: Banking with Bitcoin & Digital Assets Built In | Bitcoin 2026  BitcoinMagazine. Holding until market stabilises.,0,exchange_alert,,,OK_HOLD,,0,59.5,risk_block_exchange_alert,,,,,,85.0,bearish,"higher_timeframe_bearish, bearish_bos_or_choch, bullish_liquidity_sweep, bearish_liquidity_sweep, price_in_discount, active_bearish_order_block, active_bearish_fvg, momentum_confirms_bearish",bearish: LL/LH/LL/LH,bullish_sweep,5 active,8 active,discount,bearish,SELL,85.0,bearish,"higher_timeframe_bearish, bearish_bos_or_choch, bullish_liquidity_sweep, bearish_liquidity_sweep, price_in_discount, active_bearish_order_block, active_bearish_fvg, momentum_confirms_bearish",,,,,,,,,rsi_35_45|fg_neutral|funding_neutral|trigger_learning_only_scan|final_HOLD|claude_HOLD|candidate_HOLD|candidate_source_none,Malformed AI response — holding to be safe
58,2026-05-07T22:00:16+00:00,24h,SCORED,79714.7,2026-05-08T22:15:00+00:00,80347.2,live_15m_csv,0.7935,learning_only_scan,37.2,47,-0.0028439999999999,HOLD,0,OK_HOLD,,tq65_shadow60_risk_v1,HOLD,none,0,Malformed AI response — holding to be safe,59.5,59.5,HOLD,exchange_alert,Exchange alert: Banking with Bitcoin & Digital Assets Built In | Bitcoin 2026  BitcoinMagazine. Holding until market stabilises.,0,exchange_alert,,,OK_HOLD,,0,59.5,risk_block_exchange_alert,,,,,,85.0,bearish,"higher_timeframe_bearish, bearish_bos_or_choch, bullish_liquidity_sweep, bearish_liquidity_sweep, price_in_discount, active_bearish_order_block, active_bearish_fvg, momentum_confirms_bearish",bearish: LL/LH/LL/LH,bullish_sweep,5 active,8 active,discount,bearish,SELL,85.0,bearish,"higher_timeframe_bearish, bearish_bos_or_choch, bullish_liquidity_sweep, bearish_liquidity_sweep, price_in_discount, active_bearish_order_block, active_bearish_fvg, momentum_confirms_bearish",,,,,,,,,rsi_35_45|fg_neutral|funding_neutral|trigger_learning_only_scan|final_HOLD|claude_HOLD|candidate_HOLD|candidate_source_none,Malformed AI response — holding to be safe
59,2026-05-07T23:00:16+00:00,15m,NO_PRICE_AT_HORIZON,79883.8,,,,,learning_only_scan,44.7,47,-0.0028439999999999,HOLD,45,NO_PRICE,,tq65_shadow60_risk_v1,HOLD,none,45,"Mixed signals prevent a clear directional trade: price is below all key EMAs (20/50/200), volume ratio is extremely low at 0.01 indicating no conviction, and while 4h returns look favorable historically (+2.68%), 24h average return is deeply negative (-12.66%). MACD is technically bullish crossover but price weakness and bearish derivatives (negative funding, long/short ratio 0.58, heavy long liquidations) contradict any bullish thesis. AI feedback explicitly flags 4h BUY accuracy at 0.0 — do not force entry.",63.0,63.0,HOLD,exchange_alert,Exchange alert: Banking with Bitcoin & Digital Assets Built In | Bitcoin 2026  BitcoinMagazine. Holding until market stabilises.,0,exchange_alert,,,NO_PRICE,,0,63.0,risk_block_exchange_alert,BUY,63.0,quality_not_high_enough,79607.25,82280.31,75.0,bearish,"higher_timeframe_bearish, bearish_bos_or_choch, bullish_liquidity_sweep, bearish_liquidity_sweep, price_in_discount, active_bearish_order_block, active_bearish_fvg",bearish: LL/LH/LL/LH,bullish_sweep,5 active,8 active,discount,bearish,SELL,75.0,bearish,"higher_timeframe_bearish, bearish_bos_or_choch, bullish_liquidity_sweep, bearish_liquidity_sweep, price_in_discount, active_bearish_order_block, active_bearish_fvg",,,,,,,,,rsi_35_45|fg_neutral|funding_neutral|trigger_learning_only_scan|final_HOLD|claude_HOLD|candidate_HOLD|candidate_source_none,"Mixed signals prevent a clear directional trade: price is below all key EMAs (20/50/200), volume ratio is extremely low at 0.01 indicating no conviction, and while 4h returns look favorable historically (+2.68%), 24h average return is deeply negative (-12.66%). MACD is technically bullish crossover but price weakness and bearish derivatives (negative funding, long/short ratio 0.58, heavy long liquidations) contradict any bullish thesis. AI feedback explicitly flags 4h BUY accuracy at 0.0 — do no"
59,2026-05-07T23:00:16+00:00,1h,SCORED,79883.8,2026-05-08T00:00:42+00:00,80011.5,decisions,0.1599,learning_only_scan,44.7,47,-0.0028439999999999,HOLD,45,OK_HOLD,,tq65_shadow60_risk_v1,HOLD,none,45,"Mixed signals prevent a clear directional trade: price is below all key EMAs (20/50/200), volume ratio is extremely low at 0.01 indicating no conviction, and while 4h returns look favorable historically (+2.68%), 24h average return is deeply negative (-12.66%). MACD is technically bullish crossover but price weakness and bearish derivatives (negative funding, long/short ratio 0.58, heavy long liquidations) contradict any bullish thesis. AI feedback explicitly flags 4h BUY accuracy at 0.0 — do not force entry.",63.0,63.0,HOLD,exchange_alert,Exchange alert: Banking with Bitcoin & Digital Assets Built In | Bitcoin 2026  BitcoinMagazine. Holding until market stabilises.,0,exchange_alert,,,OK_HOLD,,0,63.0,risk_block_exchange_alert,BUY,63.0,quality_not_high_enough,79607.25,82280.31,75.0,bearish,"higher_timeframe_bearish, bearish_bos_or_choch, bullish_liquidity_sweep, bearish_liquidity_sweep, price_in_discount, active_bearish_order_block, active_bearish_fvg",bearish: LL/LH/LL/LH,bullish_sweep,5 active,8 active,discount,bearish,SELL,75.0,bearish,"higher_timeframe_bearish, bearish_bos_or_choch, bullish_liquidity_sweep, bearish_liquidity_sweep, price_in_discount, active_bearish_order_block, active_bearish_fvg",,,,,,,,,rsi_35_45|fg_neutral|funding_neutral|trigger_learning_only_scan|final_HOLD|claude_HOLD|candidate_HOLD|candidate_source_none,"Mixed signals prevent a clear directional trade: price is below all key EMAs (20/50/200), volume ratio is extremely low at 0.01 indicating no conviction, and while 4h returns look favorable historically (+2.68%), 24h average return is deeply negative (-12.66%). MACD is technically bullish crossover but price weakness and bearish derivatives (negative funding, long/short ratio 0.58, heavy long liquidations) contradict any bullish thesis. AI feedback explicitly flags 4h BUY accuracy at 0.0 — do no"
59,2026-05-07T23:00:16+00:00,4h,SCORED,79883.8,2026-05-08T04:00:18+00:00,79561.4,decisions,-0.4036,learning_only_scan,44.7,47,-0.0028439999999999,HOLD,45,OK_HOLD,,tq65_shadow60_risk_v1,HOLD,none,45,"Mixed signals prevent a clear directional trade: price is below all key EMAs (20/50/200), volume ratio is extremely low at 0.01 indicating no conviction, and while 4h returns look favorable historically (+2.68%), 24h average return is deeply negative (-12.66%). MACD is technically bullish crossover but price weakness and bearish derivatives (negative funding, long/short ratio 0.58, heavy long liquidations) contradict any bullish thesis. AI feedback explicitly flags 4h BUY accuracy at 0.0 — do not force entry.",63.0,63.0,HOLD,exchange_alert,Exchange alert: Banking with Bitcoin & Digital Assets Built In | Bitcoin 2026  BitcoinMagazine. Holding until market stabilises.,0,exchange_alert,,,OK_HOLD,,0,63.0,risk_block_exchange_alert,BUY,63.0,quality_not_high_enough,79607.25,82280.31,75.0,bearish,"higher_timeframe_bearish, bearish_bos_or_choch, bullish_liquidity_sweep, bearish_liquidity_sweep, price_in_discount, active_bearish_order_block, active_bearish_fvg",bearish: LL/LH/LL/LH,bullish_sweep,5 active,8 active,discount,bearish,SELL,75.0,bearish,"higher_timeframe_bearish, bearish_bos_or_choch, bullish_liquidity_sweep, bearish_liquidity_sweep, price_in_discount, active_bearish_order_block, active_bearish_fvg",,,,,,,,,rsi_35_45|fg_neutral|funding_neutral|trigger_learning_only_scan|final_HOLD|claude_HOLD|candidate_HOLD|candidate_source_none,"Mixed signals prevent a clear directional trade: price is below all key EMAs (20/50/200), volume ratio is extremely low at 0.01 indicating no conviction, and while 4h returns look favorable historically (+2.68%), 24h average return is deeply negative (-12.66%). MACD is technically bullish crossover but price weakness and bearish derivatives (negative funding, long/short ratio 0.58, heavy long liquidations) contradict any bullish thesis. AI feedback explicitly flags 4h BUY accuracy at 0.0 — do no"
59,2026-05-07T23:00:16+00:00,24h,SCORED,79883.8,2026-05-08T23:15:00+00:00,80171.4,live_15m_csv,0.36,learning_only_scan,44.7,47,-0.0028439999999999,HOLD,45,OK_HOLD,,tq65_shadow60_risk_v1,HOLD,none,45,"Mixed signals prevent a clear directional trade: price is below all key EMAs (20/50/200), volume ratio is extremely low at 0.01 indicating no conviction, and while 4h returns look favorable historically (+2.68%), 24h average return is deeply negative (-12.66%). MACD is technically bullish crossover but price weakness and bearish derivatives (negative funding, long/short ratio 0.58, heavy long liquidations) contradict any bullish thesis. AI feedback explicitly flags 4h BUY accuracy at 0.0 — do not force entry.",63.0,63.0,HOLD,exchange_alert,Exchange alert: Banking with Bitcoin & Digital Assets Built In | Bitcoin 2026  BitcoinMagazine. Holding until market stabilises.,0,exchange_alert,,,OK_HOLD,,0,63.0,risk_block_exchange_alert,BUY,63.0,quality_not_high_enough,79607.25,82280.31,75.0,bearish,"higher_timeframe_bearish, bearish_bos_or_choch, bullish_liquidity_sweep, bearish_liquidity_sweep, price_in_discount, active_bearish_order_block, active_bearish_fvg",bearish: LL/LH/LL/LH,bullish_sweep,5 active,8 active,discount,bearish,SELL,75.0,bearish,"higher_timeframe_bearish, bearish_bos_or_choch, bullish_liquidity_sweep, bearish_liquidity_sweep, price_in_discount, active_bearish_order_block, active_bearish_fvg",,,,,,,,,rsi_35_45|fg_neutral|funding_neutral|trigger_learning_only_scan|final_HOLD|claude_HOLD|candidate_HOLD|candidate_source_none,"Mixed signals prevent a clear directional trade: price is below all key EMAs (20/50/200), volume ratio is extremely low at 0.01 indicating no conviction, and while 4h returns look favorable historically (+2.68%), 24h average return is deeply negative (-12.66%). MACD is technically bullish crossover but price weakness and bearish derivatives (negative funding, long/short ratio 0.58, heavy long liquidations) contradict any bullish thesis. AI feedback explicitly flags 4h BUY accuracy at 0.0 — do no"
60,2026-05-08T00:00:42+00:00,15m,NO_PRICE_AT_HORIZON,80011.5,,,,,learning_only_scan,50.2,38,-0.0028439999999999,HOLD,45,NO_PRICE,,tq65_shadow60_risk_v1,HOLD,none,45,"Mixed signals prevent conviction: MACD is bullish cross but price is below EMA 50 and 200 (bearish structure), volume ratio is extremely low at 0.03 (no conviction), Stoch K at 82.5 is overbought suggesting short-term exhaustion, and while 4h historical win rate is 70%, the 24h average return is -10.92% indicating significant downside risk over longer holding periods. AI feedback loop explicitly flags 4h BUY accuracy at 0.0.",59.0,59.0,HOLD,exchange_alert,Exchange alert: Banking with Bitcoin & Digital Assets Built In | Bitcoin 2026  BitcoinMagazine. Holding until market stabilises.,0,exchange_alert,,,NO_PRICE,,0,59.0,risk_block_exchange_alert,,,,,,60.0,bearish,"higher_timeframe_bearish, bearish_bos_or_choch, bullish_liquidity_sweep, price_in_discount, active_bearish_order_block, active_bullish_fvg, active_bearish_fvg, momentum_confirms_bullish",bearish: LH/LL/LH/LL,bullish_sweep,5 active,9 active,discount,bearish,SELL,60.0,bearish,"higher_timeframe_bearish, bearish_bos_or_choch, bullish_liquidity_sweep, price_in_discount, active_bearish_order_block, active_bullish_fvg, active_bearish_fvg, momentum_confirms_bullish",,,,,,,,,rsi_45_55|fg_fear|funding_neutral|trigger_learning_only_scan|final_HOLD|claude_HOLD|candidate_HOLD|candidate_source_none,"Mixed signals prevent conviction: MACD is bullish cross but price is below EMA 50 and 200 (bearish structure), volume ratio is extremely low at 0.03 (no conviction), Stoch K at 82.5 is overbought suggesting short-term exhaustion, and while 4h historical win rate is 70%, the 24h average return is -10.92% indicating significant downside risk over longer holding periods. AI feedback loop explicitly flags 4h BUY accuracy at 0.0."
60,2026-05-08T00:00:42+00:00,1h,SCORED,80011.5,2026-05-08T02:00:14+00:00,79746.0,decisions,-0.3318,learning_only_scan,50.2,38,-0.0028439999999999,HOLD,45,OK_HOLD,,tq65_shadow60_risk_v1,HOLD,none,45,"Mixed signals prevent conviction: MACD is bullish cross but price is below EMA 50 and 200 (bearish structure), volume ratio is extremely low at 0.03 (no conviction), Stoch K at 82.5 is overbought suggesting short-term exhaustion, and while 4h historical win rate is 70%, the 24h average return is -10.92% indicating significant downside risk over longer holding periods. AI feedback loop explicitly flags 4h BUY accuracy at 0.0.",59.0,59.0,HOLD,exchange_alert,Exchange alert: Banking with Bitcoin & Digital Assets Built In | Bitcoin 2026  BitcoinMagazine. Holding until market stabilises.,0,exchange_alert,,,OK_HOLD,,0,59.0,risk_block_exchange_alert,,,,,,60.0,bearish,"higher_timeframe_bearish, bearish_bos_or_choch, bullish_liquidity_sweep, price_in_discount, active_bearish_order_block, active_bullish_fvg, active_bearish_fvg, momentum_confirms_bullish",bearish: LH/LL/LH/LL,bullish_sweep,5 active,9 active,discount,bearish,SELL,60.0,bearish,"higher_timeframe_bearish, bearish_bos_or_choch, bullish_liquidity_sweep, price_in_discount, active_bearish_order_block, active_bullish_fvg, active_bearish_fvg, momentum_confirms_bullish",,,,,,,,,rsi_45_55|fg_fear|funding_neutral|trigger_learning_only_scan|final_HOLD|claude_HOLD|candidate_HOLD|candidate_source_none,"Mixed signals prevent conviction: MACD is bullish cross but price is below EMA 50 and 200 (bearish structure), volume ratio is extremely low at 0.03 (no conviction), Stoch K at 82.5 is overbought suggesting short-term exhaustion, and while 4h historical win rate is 70%, the 24h average return is -10.92% indicating significant downside risk over longer holding periods. AI feedback loop explicitly flags 4h BUY accuracy at 0.0."
60,2026-05-08T00:00:42+00:00,4h,SCORED,80011.5,2026-05-08T04:30:00+00:00,79552.1,live_15m_csv,-0.5742,learning_only_scan,50.2,38,-0.0028439999999999,HOLD,45,OK_HOLD,,tq65_shadow60_risk_v1,HOLD,none,45,"Mixed signals prevent conviction: MACD is bullish cross but price is below EMA 50 and 200 (bearish structure), volume ratio is extremely low at 0.03 (no conviction), Stoch K at 82.5 is overbought suggesting short-term exhaustion, and while 4h historical win rate is 70%, the 24h average return is -10.92% indicating significant downside risk over longer holding periods. AI feedback loop explicitly flags 4h BUY accuracy at 0.0.",59.0,59.0,HOLD,exchange_alert,Exchange alert: Banking with Bitcoin & Digital Assets Built In | Bitcoin 2026  BitcoinMagazine. Holding until market stabilises.,0,exchange_alert,,,OK_HOLD,,0,59.0,risk_block_exchange_alert,,,,,,60.0,bearish,"higher_timeframe_bearish, bearish_bos_or_choch, bullish_liquidity_sweep, price_in_discount, active_bearish_order_block, active_bullish_fvg, active_bearish_fvg, momentum_confirms_bullish",bearish: LH/LL/LH/LL,bullish_sweep,5 active,9 active,discount,bearish,SELL,60.0,bearish,"higher_timeframe_bearish, bearish_bos_or_choch, bullish_liquidity_sweep, price_in_discount, active_bearish_order_block, active_bullish_fvg, active_bearish_fvg, momentum_confirms_bullish",,,,,,,,,rsi_45_55|fg_fear|funding_neutral|trigger_learning_only_scan|final_HOLD|claude_HOLD|candidate_HOLD|candidate_source_none,"Mixed signals prevent conviction: MACD is bullish cross but price is below EMA 50 and 200 (bearish structure), volume ratio is extremely low at 0.03 (no conviction), Stoch K at 82.5 is overbought suggesting short-term exhaustion, and while 4h historical win rate is 70%, the 24h average return is -10.92% indicating significant downside risk over longer holding periods. AI feedback loop explicitly flags 4h BUY accuracy at 0.0."
60,2026-05-08T00:00:42+00:00,24h,SCORED,80011.5,2026-05-09T00:15:00+00:00,80146.1,live_15m_csv,0.1682,learning_only_scan,50.2,38,-0.0028439999999999,HOLD,45,OK_HOLD,,tq65_shadow60_risk_v1,HOLD,none,45,"Mixed signals prevent conviction: MACD is bullish cross but price is below EMA 50 and 200 (bearish structure), volume ratio is extremely low at 0.03 (no conviction), Stoch K at 82.5 is overbought suggesting short-term exhaustion, and while 4h historical win rate is 70%, the 24h average return is -10.92% indicating significant downside risk over longer holding periods. AI feedback loop explicitly flags 4h BUY accuracy at 0.0.",59.0,59.0,HOLD,exchange_alert,Exchange alert: Banking with Bitcoin & Digital Assets Built In | Bitcoin 2026  BitcoinMagazine. Holding until market stabilises.,0,exchange_alert,,,OK_HOLD,,0,59.0,risk_block_exchange_alert,,,,,,60.0,bearish,"higher_timeframe_bearish, bearish_bos_or_choch, bullish_liquidity_sweep, price_in_discount, active_bearish_order_block, active_bullish_fvg, active_bearish_fvg, momentum_confirms_bullish",bearish: LH/LL/LH/LL,bullish_sweep,5 active,9 active,discount,bearish,SELL,60.0,bearish,"higher_timeframe_bearish, bearish_bos_or_choch, bullish_liquidity_sweep, price_in_discount, active_bearish_order_block, active_bullish_fvg, active_bearish_fvg, momentum_confirms_bullish",,,,,,,,,rsi_45_55|fg_fear|funding_neutral|trigger_learning_only_scan|final_HOLD|claude_HOLD|candidate_HOLD|candidate_source_none,"Mixed signals prevent conviction: MACD is bullish cross but price is below EMA 50 and 200 (bearish structure), volume ratio is extremely low at 0.03 (no conviction), Stoch K at 82.5 is overbought suggesting short-term exhaustion, and while 4h historical win rate is 70%, the 24h average return is -10.92% indicating significant downside risk over longer holding periods. AI feedback loop explicitly flags 4h BUY accuracy at 0.0."
61,2026-05-08T01:00:14+00:00,15m,NO_PRICE_AT_HORIZON,79832.7,,,,,learning_only_scan,42.7,38,-0.0028439999999999,HOLD,45,NO_PRICE,,tq65_shadow60_risk_v1,BUY,trade_quality,65,"Trade Quality Score 73.0/100 is above BUY threshold 65.0. Primary reason: quality_high. Original Claude HOLD reason: Mixed signals prevent conviction: MACD is bullish crossover and historical win rate at 70% with strong 1h/4h returns, but 24h average return of -12.66% is deeply negative, price is below all major EMAs (20/50/200), volume ratio is extremely low at 0.02 suggesting no institutional participation, and the AI feedback loop explicitly flags weak BUY accuracy at 4h. All 20 historical analogs resulted in HOLD recommendations.",73.0,63.0,HOLD,bb_squeeze,Bollinger Band squeeze (width=0.0054). No directional trend — skipping.,1,bb_squeeze,79832.7,73.0,NO_PRICE,,0,63.0,risk_block_bb_squeeze,BUY,73.0,quality_high,79607.74,82227.68,60.0,bearish,"higher_timeframe_bearish, bearish_bos_or_choch, bullish_liquidity_sweep, price_in_discount, active_bearish_order_block, active_bearish_fvg",bearish: LH/LL/LH/LL,bullish_sweep,5 active,8 active,discount,bearish,SELL,60.0,bearish,"higher_timeframe_bearish, bearish_bos_or_choch, bullish_liquidity_sweep, price_in_discount, active_bearish_order_block, active_bearish_fvg",,,,,,,,,rsi_35_45|fg_fear|funding_neutral|trigger_learning_only_scan|final_HOLD|claude_HOLD|candidate_BUY|candidate_source_trade_quality,"Mixed signals prevent conviction: MACD is bullish crossover and historical win rate at 70% with strong 1h/4h returns, but 24h average return of -12.66% is deeply negative, price is below all major EMAs (20/50/200), volume ratio is extremely low at 0.02 suggesting no institutional participation, and the AI feedback loop explicitly flags weak BUY accuracy at 4h. All 20 historical analogs resulted in HOLD recommendations."
61,2026-05-08T01:00:14+00:00,1h,SCORED,79832.7,2026-05-08T02:00:14+00:00,79746.0,decisions,-0.1086,learning_only_scan,42.7,38,-0.0028439999999999,HOLD,45,OK_HOLD,,tq65_shadow60_risk_v1,BUY,trade_quality,65,"Trade Quality Score 73.0/100 is above BUY threshold 65.0. Primary reason: quality_high. Original Claude HOLD reason: Mixed signals prevent conviction: MACD is bullish crossover and historical win rate at 70% with strong 1h/4h returns, but 24h average return of -12.66% is deeply negative, price is below all major EMAs (20/50/200), volume ratio is extremely low at 0.02 suggesting no institutional participation, and the AI feedback loop explicitly flags weak BUY accuracy at 4h. All 20 historical analogs resulted in HOLD recommendations.",73.0,63.0,HOLD,bb_squeeze,Bollinger Band squeeze (width=0.0054). No directional trend — skipping.,1,bb_squeeze,79832.7,73.0,OK_HOLD,,0,63.0,risk_block_bb_squeeze,BUY,73.0,quality_high,79607.74,82227.68,60.0,bearish,"higher_timeframe_bearish, bearish_bos_or_choch, bullish_liquidity_sweep, price_in_discount, active_bearish_order_block, active_bearish_fvg",bearish: LH/LL/LH/LL,bullish_sweep,5 active,8 active,discount,bearish,SELL,60.0,bearish,"higher_timeframe_bearish, bearish_bos_or_choch, bullish_liquidity_sweep, price_in_discount, active_bearish_order_block, active_bearish_fvg",,,,,,,,,rsi_35_45|fg_fear|funding_neutral|trigger_learning_only_scan|final_HOLD|claude_HOLD|candidate_BUY|candidate_source_trade_quality,"Mixed signals prevent conviction: MACD is bullish crossover and historical win rate at 70% with strong 1h/4h returns, but 24h average return of -12.66% is deeply negative, price is below all major EMAs (20/50/200), volume ratio is extremely low at 0.02 suggesting no institutional participation, and the AI feedback loop explicitly flags weak BUY accuracy at 4h. All 20 historical analogs resulted in HOLD recommendations."
61,2026-05-08T01:00:14+00:00,4h,SCORED,79832.7,2026-05-08T05:00:14+00:00,79648.8,decisions,-0.2304,learning_only_scan,42.7,38,-0.0028439999999999,HOLD,45,OK_HOLD,,tq65_shadow60_risk_v1,BUY,trade_quality,65,"Trade Quality Score 73.0/100 is above BUY threshold 65.0. Primary reason: quality_high. Original Claude HOLD reason: Mixed signals prevent conviction: MACD is bullish crossover and historical win rate at 70% with strong 1h/4h returns, but 24h average return of -12.66% is deeply negative, price is below all major EMAs (20/50/200), volume ratio is extremely low at 0.02 suggesting no institutional participation, and the AI feedback loop explicitly flags weak BUY accuracy at 4h. All 20 historical analogs resulted in HOLD recommendations.",73.0,63.0,HOLD,bb_squeeze,Bollinger Band squeeze (width=0.0054). No directional trend — skipping.,1,bb_squeeze,79832.7,73.0,OK_HOLD,,0,63.0,risk_block_bb_squeeze,BUY,73.0,quality_high,79607.74,82227.68,60.0,bearish,"higher_timeframe_bearish, bearish_bos_or_choch, bullish_liquidity_sweep, price_in_discount, active_bearish_order_block, active_bearish_fvg",bearish: LH/LL/LH/LL,bullish_sweep,5 active,8 active,discount,bearish,SELL,60.0,bearish,"higher_timeframe_bearish, bearish_bos_or_choch, bullish_liquidity_sweep, price_in_discount, active_bearish_order_block, active_bearish_fvg",,,,,,,,,rsi_35_45|fg_fear|funding_neutral|trigger_learning_only_scan|final_HOLD|claude_HOLD|candidate_BUY|candidate_source_trade_quality,"Mixed signals prevent conviction: MACD is bullish crossover and historical win rate at 70% with strong 1h/4h returns, but 24h average return of -12.66% is deeply negative, price is below all major EMAs (20/50/200), volume ratio is extremely low at 0.02 suggesting no institutional participation, and the AI feedback loop explicitly flags weak BUY accuracy at 4h. All 20 historical analogs resulted in HOLD recommendations."
61,2026-05-08T01:00:14+00:00,24h,SCORED,79832.7,2026-05-09T01:15:00+00:00,80267.2,live_15m_csv,0.5443,learning_only_scan,42.7,38,-0.0028439999999999,HOLD,45,OK_HOLD,,tq65_shadow60_risk_v1,BUY,trade_quality,65,"Trade Quality Score 73.0/100 is above BUY threshold 65.0. Primary reason: quality_high. Original Claude HOLD reason: Mixed signals prevent conviction: MACD is bullish crossover and historical win rate at 70% with strong 1h/4h returns, but 24h average return of -12.66% is deeply negative, price is below all major EMAs (20/50/200), volume ratio is extremely low at 0.02 suggesting no institutional participation, and the AI feedback loop explicitly flags weak BUY accuracy at 4h. All 20 historical analogs resulted in HOLD recommendations.",73.0,63.0,HOLD,bb_squeeze,Bollinger Band squeeze (width=0.0054). No directional trend — skipping.,1,bb_squeeze,79832.7,73.0,OK_HOLD,,0,63.0,risk_block_bb_squeeze,BUY,73.0,quality_high,79607.74,82227.68,60.0,bearish,"higher_timeframe_bearish, bearish_bos_or_choch, bullish_liquidity_sweep, price_in_discount, active_bearish_order_block, active_bearish_fvg",bearish: LH/LL/LH/LL,bullish_sweep,5 active,8 active,discount,bearish,SELL,60.0,bearish,"higher_timeframe_bearish, bearish_bos_or_choch, bullish_liquidity_sweep, price_in_discount, active_bearish_order_block, active_bearish_fvg",,,,,,,,,rsi_35_45|fg_fear|funding_neutral|trigger_learning_only_scan|final_HOLD|claude_HOLD|candidate_BUY|candidate_source_trade_quality,"Mixed signals prevent conviction: MACD is bullish crossover and historical win rate at 70% with strong 1h/4h returns, but 24h average return of -12.66% is deeply negative, price is below all major EMAs (20/50/200), volume ratio is extremely low at 0.02 suggesting no institutional participation, and the AI feedback loop explicitly flags weak BUY accuracy at 4h. All 20 historical analogs resulted in HOLD recommendations."
62,2026-05-08T02:00:14+00:00,15m,NO_PRICE_AT_HORIZON,79746.0,,,,,learning_only_scan,40.7,38,-0.0028439999999999,HOLD,72,NO_PRICE,,tq65_shadow60_risk_v1,HOLD,none,72,"Multiple bearish signals dominate: price below all EMAs (20/50/200), MACD bearish, volume ratio at 0.0 (no conviction), and historical evidence shows average -4.45% return at 4h with all 20 past similar signals resulting in HOLD. The 24h average of +5.80% is promising but the 4h risk is severe (worst case -29%), and AI feedback flags BUY accuracy at 0.0.",59.5,59.5,HOLD,exchange_alert,Exchange alert: Banking with Bitcoin & Digital Assets Built In | Bitcoin 2026  BitcoinMagazine. Holding until market stabilises.,0,exchange_alert,,,NO_PRICE,,0,59.5,risk_block_exchange_alert,,,,,,70.0,bearish,"higher_timeframe_bearish, bearish_bos_or_choch, bullish_liquidity_sweep, price_in_discount, active_bearish_order_block, active_bearish_fvg, momentum_confirms_bearish",bearish: LL/LH/LL/LH,bullish_sweep,5 active,9 active,discount,bearish,SELL,70.0,bearish,"higher_timeframe_bearish, bearish_bos_or_choch, bullish_liquidity_sweep, price_in_discount, active_bearish_order_block, active_bearish_fvg, momentum_confirms_bearish",,,,,,,,,rsi_35_45|fg_fear|funding_neutral|trigger_learning_only_scan|final_HOLD|claude_HOLD|candidate_HOLD|candidate_source_none,"Multiple bearish signals dominate: price below all EMAs (20/50/200), MACD bearish, volume ratio at 0.0 (no conviction), and historical evidence shows average -4.45% return at 4h with all 20 past similar signals resulting in HOLD. The 24h average of +5.80% is promising but the 4h risk is severe (worst case -29%), and AI feedback flags BUY accuracy at 0.0."
62,2026-05-08T02:00:14+00:00,1h,SCORED,79746.0,2026-05-08T03:00:14+00:00,79459.2,decisions,-0.3596,learning_only_scan,40.7,38,-0.0028439999999999,HOLD,72,OK_HOLD,,tq65_shadow60_risk_v1,HOLD,none,72,"Multiple bearish signals dominate: price below all EMAs (20/50/200), MACD bearish, volume ratio at 0.0 (no conviction), and historical evidence shows average -4.45% return at 4h with all 20 past similar signals resulting in HOLD. The 24h average of +5.80% is promising but the 4h risk is severe (worst case -29%), and AI feedback flags BUY accuracy at 0.0.",59.5,59.5,HOLD,exchange_alert,Exchange alert: Banking with Bitcoin & Digital Assets Built In | Bitcoin 2026  BitcoinMagazine. Holding until market stabilises.,0,exchange_alert,,,OK_HOLD,,0,59.5,risk_block_exchange_alert,,,,,,70.0,bearish,"higher_timeframe_bearish, bearish_bos_or_choch, bullish_liquidity_sweep, price_in_discount, active_bearish_order_block, active_bearish_fvg, momentum_confirms_bearish",bearish: LL/LH/LL/LH,bullish_sweep,5 active,9 active,discount,bearish,SELL,70.0,bearish,"higher_timeframe_bearish, bearish_bos_or_choch, bullish_liquidity_sweep, price_in_discount, active_bearish_order_block, active_bearish_fvg, momentum_confirms_bearish",,,,,,,,,rsi_35_45|fg_fear|funding_neutral|trigger_learning_only_scan|final_HOLD|claude_HOLD|candidate_HOLD|candidate_source_none,"Multiple bearish signals dominate: price below all EMAs (20/50/200), MACD bearish, volume ratio at 0.0 (no conviction), and historical evidence shows average -4.45% return at 4h with all 20 past similar signals resulting in HOLD. The 24h average of +5.80% is promising but the 4h risk is severe (worst case -29%), and AI feedback flags BUY accuracy at 0.0."
62,2026-05-08T02:00:14+00:00,4h,SCORED,79746.0,2026-05-08T06:00:16+00:00,79585.1,decisions,-0.2018,learning_only_scan,40.7,38,-0.0028439999999999,HOLD,72,OK_HOLD,,tq65_shadow60_risk_v1,HOLD,none,72,"Multiple bearish signals dominate: price below all EMAs (20/50/200), MACD bearish, volume ratio at 0.0 (no conviction), and historical evidence shows average -4.45% return at 4h with all 20 past similar signals resulting in HOLD. The 24h average of +5.80% is promising but the 4h risk is severe (worst case -29%), and AI feedback flags BUY accuracy at 0.0.",59.5,59.5,HOLD,exchange_alert,Exchange alert: Banking with Bitcoin & Digital Assets Built In | Bitcoin 2026  BitcoinMagazine. Holding until market stabilises.,0,exchange_alert,,,OK_HOLD,,0,59.5,risk_block_exchange_alert,,,,,,70.0,bearish,"higher_timeframe_bearish, bearish_bos_or_choch, bullish_liquidity_sweep, price_in_discount, active_bearish_order_block, active_bearish_fvg, momentum_confirms_bearish",bearish: LL/LH/LL/LH,bullish_sweep,5 active,9 active,discount,bearish,SELL,70.0,bearish,"higher_timeframe_bearish, bearish_bos_or_choch, bullish_liquidity_sweep, price_in_discount, active_bearish_order_block, active_bearish_fvg, momentum_confirms_bearish",,,,,,,,,rsi_35_45|fg_fear|funding_neutral|trigger_learning_only_scan|final_HOLD|claude_HOLD|candidate_HOLD|candidate_source_none,"Multiple bearish signals dominate: price below all EMAs (20/50/200), MACD bearish, volume ratio at 0.0 (no conviction), and historical evidence shows average -4.45% return at 4h with all 20 past similar signals resulting in HOLD. The 24h average of +5.80% is promising but the 4h risk is severe (worst case -29%), and AI feedback flags BUY accuracy at 0.0."
62,2026-05-08T02:00:14+00:00,24h,SCORED,79746.0,2026-05-09T02:00:14+00:00,80324.6,decisions,0.7256,learning_only_scan,40.7,38,-0.0028439999999999,HOLD,72,OK_HOLD,,tq65_shadow60_risk_v1,HOLD,none,72,"Multiple bearish signals dominate: price below all EMAs (20/50/200), MACD bearish, volume ratio at 0.0 (no conviction), and historical evidence shows average -4.45% return at 4h with all 20 past similar signals resulting in HOLD. The 24h average of +5.80% is promising but the 4h risk is severe (worst case -29%), and AI feedback flags BUY accuracy at 0.0.",59.5,59.5,HOLD,exchange_alert,Exchange alert: Banking with Bitcoin & Digital Assets Built In | Bitcoin 2026  BitcoinMagazine. Holding until market stabilises.,0,exchange_alert,,,OK_HOLD,,0,59.5,risk_block_exchange_alert,,,,,,70.0,bearish,"higher_timeframe_bearish, bearish_bos_or_choch, bullish_liquidity_sweep, price_in_discount, active_bearish_order_block, active_bearish_fvg, momentum_confirms_bearish",bearish: LL/LH/LL/LH,bullish_sweep,5 active,9 active,discount,bearish,SELL,70.0,bearish,"higher_timeframe_bearish, bearish_bos_or_choch, bullish_liquidity_sweep, price_in_discount, active_bearish_order_block, active_bearish_fvg, momentum_confirms_bearish",,,,,,,,,rsi_35_45|fg_fear|funding_neutral|trigger_learning_only_scan|final_HOLD|claude_HOLD|candidate_HOLD|candidate_source_none,"Multiple bearish signals dominate: price below all EMAs (20/50/200), MACD bearish, volume ratio at 0.0 (no conviction), and historical evidence shows average -4.45% return at 4h with all 20 past similar signals resulting in HOLD. The 24h average of +5.80% is promising but the 4h risk is severe (worst case -29%), and AI feedback flags BUY accuracy at 0.0."
63,2026-05-08T03:00:14+00:00,15m,NO_PRICE_AT_HORIZON,79459.2,,,,,learning_only_scan,32.8,38,-0.0028439999999999,HOLD,55,NO_PRICE,,tq65_shadow60_risk_v1,HOLD,none,55,"Despite oversold RSI (32.8), Stoch K (22.2), and negative funding rate suggesting potential mean reversion, the 4h historical average return of -4.45% at similar setups is deeply negative, all 20 historical analogs chose HOLD, and 4h Claude BUY accuracy is 0.0 — making any BUY entry unjustifiable. Price is below all key EMAs (20/50/200) with bearish MACD, confirming downtrend. The 24h avg return of +5.80% is encouraging but insufficient to override the 4h risk and feedback loop warnings.",56.5,56.5,HOLD,exchange_alert,Exchange alert: Banking with Bitcoin & Digital Assets Built In | Bitcoin 2026  BitcoinMagazine. Holding until market stabilises.,0,exchange_alert,,,NO_PRICE,,0,56.5,risk_block_exchange_alert,,,,,,70.0,bearish,"higher_timeframe_bearish, bearish_bos_or_choch, bullish_liquidity_sweep, price_in_discount, active_bearish_order_block, active_bearish_fvg, momentum_confirms_bearish",bearish: LL/LH/LL/LH,bullish_sweep,5 active,10 active,discount,bearish,SELL,70.0,bearish,"higher_timeframe_bearish, bearish_bos_or_choch, bullish_liquidity_sweep, price_in_discount, active_bearish_order_block, active_bearish_fvg, momentum_confirms_bearish",,,,,,,,,rsi_lt_35|fg_fear|funding_neutral|trigger_learning_only_scan|final_HOLD|claude_HOLD|candidate_HOLD|candidate_source_none,"Despite oversold RSI (32.8), Stoch K (22.2), and negative funding rate suggesting potential mean reversion, the 4h historical average return of -4.45% at similar setups is deeply negative, all 20 historical analogs chose HOLD, and 4h Claude BUY accuracy is 0.0 — making any BUY entry unjustifiable. Price is below all key EMAs (20/50/200) with bearish MACD, confirming downtrend. The 24h avg return of +5.80% is encouraging but insufficient to override the 4h risk and feedback loop warnings."
63,2026-05-08T03:00:14+00:00,1h,SCORED,79459.2,2026-05-08T04:00:18+00:00,79561.4,decisions,0.1286,learning_only_scan,32.8,38,-0.0028439999999999,HOLD,55,OK_HOLD,,tq65_shadow60_risk_v1,HOLD,none,55,"Despite oversold RSI (32.8), Stoch K (22.2), and negative funding rate suggesting potential mean reversion, the 4h historical average return of -4.45% at similar setups is deeply negative, all 20 historical analogs chose HOLD, and 4h Claude BUY accuracy is 0.0 — making any BUY entry unjustifiable. Price is below all key EMAs (20/50/200) with bearish MACD, confirming downtrend. The 24h avg return of +5.80% is encouraging but insufficient to override the 4h risk and feedback loop warnings.",56.5,56.5,HOLD,exchange_alert,Exchange alert: Banking with Bitcoin & Digital Assets Built In | Bitcoin 2026  BitcoinMagazine. Holding until market stabilises.,0,exchange_alert,,,OK_HOLD,,0,56.5,risk_block_exchange_alert,,,,,,70.0,bearish,"higher_timeframe_bearish, bearish_bos_or_choch, bullish_liquidity_sweep, price_in_discount, active_bearish_order_block, active_bearish_fvg, momentum_confirms_bearish",bearish: LL/LH/LL/LH,bullish_sweep,5 active,10 active,discount,bearish,SELL,70.0,bearish,"higher_timeframe_bearish, bearish_bos_or_choch, bullish_liquidity_sweep, price_in_discount, active_bearish_order_block, active_bearish_fvg, momentum_confirms_bearish",,,,,,,,,rsi_lt_35|fg_fear|funding_neutral|trigger_learning_only_scan|final_HOLD|claude_HOLD|candidate_HOLD|candidate_source_none,"Despite oversold RSI (32.8), Stoch K (22.2), and negative funding rate suggesting potential mean reversion, the 4h historical average return of -4.45% at similar setups is deeply negative, all 20 historical analogs chose HOLD, and 4h Claude BUY accuracy is 0.0 — making any BUY entry unjustifiable. Price is below all key EMAs (20/50/200) with bearish MACD, confirming downtrend. The 24h avg return of +5.80% is encouraging but insufficient to override the 4h risk and feedback loop warnings."
63,2026-05-08T03:00:14+00:00,4h,SCORED,79459.2,2026-05-08T07:00:15+00:00,79497.7,decisions,0.0485,learning_only_scan,32.8,38,-0.0028439999999999,HOLD,55,OK_HOLD,,tq65_shadow60_risk_v1,HOLD,none,55,"Despite oversold RSI (32.8), Stoch K (22.2), and negative funding rate suggesting potential mean reversion, the 4h historical average return of -4.45% at similar setups is deeply negative, all 20 historical analogs chose HOLD, and 4h Claude BUY accuracy is 0.0 — making any BUY entry unjustifiable. Price is below all key EMAs (20/50/200) with bearish MACD, confirming downtrend. The 24h avg return of +5.80% is encouraging but insufficient to override the 4h risk and feedback loop warnings.",56.5,56.5,HOLD,exchange_alert,Exchange alert: Banking with Bitcoin & Digital Assets Built In | Bitcoin 2026  BitcoinMagazine. Holding until market stabilises.,0,exchange_alert,,,OK_HOLD,,0,56.5,risk_block_exchange_alert,,,,,,70.0,bearish,"higher_timeframe_bearish, bearish_bos_or_choch, bullish_liquidity_sweep, price_in_discount, active_bearish_order_block, active_bearish_fvg, momentum_confirms_bearish",bearish: LL/LH/LL/LH,bullish_sweep,5 active,10 active,discount,bearish,SELL,70.0,bearish,"higher_timeframe_bearish, bearish_bos_or_choch, bullish_liquidity_sweep, price_in_discount, active_bearish_order_block, active_bearish_fvg, momentum_confirms_bearish",,,,,,,,,rsi_lt_35|fg_fear|funding_neutral|trigger_learning_only_scan|final_HOLD|claude_HOLD|candidate_HOLD|candidate_source_none,"Despite oversold RSI (32.8), Stoch K (22.2), and negative funding rate suggesting potential mean reversion, the 4h historical average return of -4.45% at similar setups is deeply negative, all 20 historical analogs chose HOLD, and 4h Claude BUY accuracy is 0.0 — making any BUY entry unjustifiable. Price is below all key EMAs (20/50/200) with bearish MACD, confirming downtrend. The 24h avg return of +5.80% is encouraging but insufficient to override the 4h risk and feedback loop warnings."
63,2026-05-08T03:00:14+00:00,24h,SCORED,79459.2,2026-05-09T03:00:15+00:00,80415.5,decisions,1.2035,learning_only_scan,32.8,38,-0.0028439999999999,HOLD,55,OK_HOLD,,tq65_shadow60_risk_v1,HOLD,none,55,"Despite oversold RSI (32.8), Stoch K (22.2), and negative funding rate suggesting potential mean reversion, the 4h historical average return of -4.45% at similar setups is deeply negative, all 20 historical analogs chose HOLD, and 4h Claude BUY accuracy is 0.0 — making any BUY entry unjustifiable. Price is below all key EMAs (20/50/200) with bearish MACD, confirming downtrend. The 24h avg return of +5.80% is encouraging but insufficient to override the 4h risk and feedback loop warnings.",56.5,56.5,HOLD,exchange_alert,Exchange alert: Banking with Bitcoin & Digital Assets Built In | Bitcoin 2026  BitcoinMagazine. Holding until market stabilises.,0,exchange_alert,,,OK_HOLD,,0,56.5,risk_block_exchange_alert,,,,,,70.0,bearish,"higher_timeframe_bearish, bearish_bos_or_choch, bullish_liquidity_sweep, price_in_discount, active_bearish_order_block, active_bearish_fvg, momentum_confirms_bearish",bearish: LL/LH/LL/LH,bullish_sweep,5 active,10 active,discount,bearish,SELL,70.0,bearish,"higher_timeframe_bearish, bearish_bos_or_choch, bullish_liquidity_sweep, price_in_discount, active_bearish_order_block, active_bearish_fvg, momentum_confirms_bearish",,,,,,,,,rsi_lt_35|fg_fear|funding_neutral|trigger_learning_only_scan|final_HOLD|claude_HOLD|candidate_HOLD|candidate_source_none,"Despite oversold RSI (32.8), Stoch K (22.2), and negative funding rate suggesting potential mean reversion, the 4h historical average return of -4.45% at similar setups is deeply negative, all 20 historical analogs chose HOLD, and 4h Claude BUY accuracy is 0.0 — making any BUY entry unjustifiable. Price is below all key EMAs (20/50/200) with bearish MACD, confirming downtrend. The 24h avg return of +5.80% is encouraging but insufficient to override the 4h risk and feedback loop warnings."
64,2026-05-08T04:00:18+00:00,15m,SCORED,79561.4,2026-05-08T04:30:00+00:00,79552.1,live_15m_csv,-0.0117,learning_only_scan,40.2,38,-0.0028439999999999,HOLD,72,OK_HOLD,,tq65_shadow60_risk_v1,HOLD,none,72,"Multiple bearish confluences: price below all EMAs (20/50/200), MACD bearish, negative funding rate with lopsided long/short ratio (0.58) suggesting shorts dominating, zero volume ratio indicating no conviction, and historical 4h average return of -4.97% at similar setups. The 24h average return of +5.47% is intriguing but the 4h risk is severe with worst case -29%.",56.0,56.0,HOLD,exchange_alert,Exchange alert: Banking with Bitcoin & Digital Assets Built In | Bitcoin 2026  BitcoinMagazine. Holding until market stabilises.,0,exchange_alert,,,OK_HOLD,,0,56.0,risk_block_exchange_alert,,,,,,70.0,bearish,"higher_timeframe_bearish, bearish_bos_or_choch, bullish_liquidity_sweep, price_in_discount, active_bearish_order_block, active_bullish_fvg, active_bearish_fvg, momentum_confirms_bearish",bearish: LL/LH/LL/LH,bullish_sweep,5 active,11 active,discount,bearish,SELL,70.0,bearish,"higher_timeframe_bearish, bearish_bos_or_choch, bullish_liquidity_sweep, price_in_discount, active_bearish_order_block, active_bullish_fvg, active_bearish_fvg, momentum_confirms_bearish",,,,,,,,,rsi_35_45|fg_fear|funding_neutral|trigger_learning_only_scan|final_HOLD|claude_HOLD|candidate_HOLD|candidate_source_none,"Multiple bearish confluences: price below all EMAs (20/50/200), MACD bearish, negative funding rate with lopsided long/short ratio (0.58) suggesting shorts dominating, zero volume ratio indicating no conviction, and historical 4h average return of -4.97% at similar setups. The 24h average return of +5.47% is intriguing but the 4h risk is severe with worst case -29%."
64,2026-05-08T04:00:18+00:00,1h,SCORED,79561.4,2026-05-08T05:15:00+00:00,79623.7,live_15m_csv,0.0783,learning_only_scan,40.2,38,-0.0028439999999999,HOLD,72,OK_HOLD,,tq65_shadow60_risk_v1,HOLD,none,72,"Multiple bearish confluences: price below all EMAs (20/50/200), MACD bearish, negative funding rate with lopsided long/short ratio (0.58) suggesting shorts dominating, zero volume ratio indicating no conviction, and historical 4h average return of -4.97% at similar setups. The 24h average return of +5.47% is intriguing but the 4h risk is severe with worst case -29%.",56.0,56.0,HOLD,exchange_alert,Exchange alert: Banking with Bitcoin & Digital Assets Built In | Bitcoin 2026  BitcoinMagazine. Holding until market stabilises.,0,exchange_alert,,,OK_HOLD,,0,56.0,risk_block_exchange_alert,,,,,,70.0,bearish,"higher_timeframe_bearish, bearish_bos_or_choch, bullish_liquidity_sweep, price_in_discount, active_bearish_order_block, active_bullish_fvg, active_bearish_fvg, momentum_confirms_bearish",bearish: LL/LH/LL/LH,bullish_sweep,5 active,11 active,discount,bearish,SELL,70.0,bearish,"higher_timeframe_bearish, bearish_bos_or_choch, bullish_liquidity_sweep, price_in_discount, active_bearish_order_block, active_bullish_fvg, active_bearish_fvg, momentum_confirms_bearish",,,,,,,,,rsi_35_45|fg_fear|funding_neutral|trigger_learning_only_scan|final_HOLD|claude_HOLD|candidate_HOLD|candidate_source_none,"Multiple bearish confluences: price below all EMAs (20/50/200), MACD bearish, negative funding rate with lopsided long/short ratio (0.58) suggesting shorts dominating, zero volume ratio indicating no conviction, and historical 4h average return of -4.97% at similar setups. The 24h average return of +5.47% is intriguing but the 4h risk is severe with worst case -29%."
64,2026-05-08T04:00:18+00:00,4h,SCORED,79561.4,2026-05-08T08:00:21+00:00,79669.2,decisions,0.1355,learning_only_scan,40.2,38,-0.0028439999999999,HOLD,72,OK_HOLD,,tq65_shadow60_risk_v1,HOLD,none,72,"Multiple bearish confluences: price below all EMAs (20/50/200), MACD bearish, negative funding rate with lopsided long/short ratio (0.58) suggesting shorts dominating, zero volume ratio indicating no conviction, and historical 4h average return of -4.97% at similar setups. The 24h average return of +5.47% is intriguing but the 4h risk is severe with worst case -29%.",56.0,56.0,HOLD,exchange_alert,Exchange alert: Banking with Bitcoin & Digital Assets Built In | Bitcoin 2026  BitcoinMagazine. Holding until market stabilises.,0,exchange_alert,,,OK_HOLD,,0,56.0,risk_block_exchange_alert,,,,,,70.0,bearish,"higher_timeframe_bearish, bearish_bos_or_choch, bullish_liquidity_sweep, price_in_discount, active_bearish_order_block, active_bullish_fvg, active_bearish_fvg, momentum_confirms_bearish",bearish: LL/LH/LL/LH,bullish_sweep,5 active,11 active,discount,bearish,SELL,70.0,bearish,"higher_timeframe_bearish, bearish_bos_or_choch, bullish_liquidity_sweep, price_in_discount, active_bearish_order_block, active_bullish_fvg, active_bearish_fvg, momentum_confirms_bearish",,,,,,,,,rsi_35_45|fg_fear|funding_neutral|trigger_learning_only_scan|final_HOLD|claude_HOLD|candidate_HOLD|candidate_source_none,"Multiple bearish confluences: price below all EMAs (20/50/200), MACD bearish, negative funding rate with lopsided long/short ratio (0.58) suggesting shorts dominating, zero volume ratio indicating no conviction, and historical 4h average return of -4.97% at similar setups. The 24h average return of +5.47% is intriguing but the 4h risk is severe with worst case -29%."
64,2026-05-08T04:00:18+00:00,24h,SCORED,79561.4,2026-05-09T04:15:00+00:00,80456.6,live_15m_csv,1.1252,learning_only_scan,40.2,38,-0.0028439999999999,HOLD,72,OK_HOLD,,tq65_shadow60_risk_v1,HOLD,none,72,"Multiple bearish confluences: price below all EMAs (20/50/200), MACD bearish, negative funding rate with lopsided long/short ratio (0.58) suggesting shorts dominating, zero volume ratio indicating no conviction, and historical 4h average return of -4.97% at similar setups. The 24h average return of +5.47% is intriguing but the 4h risk is severe with worst case -29%.",56.0,56.0,HOLD,exchange_alert,Exchange alert: Banking with Bitcoin & Digital Assets Built In | Bitcoin 2026  BitcoinMagazine. Holding until market stabilises.,0,exchange_alert,,,OK_HOLD,,0,56.0,risk_block_exchange_alert,,,,,,70.0,bearish,"higher_timeframe_bearish, bearish_bos_or_choch, bullish_liquidity_sweep, price_in_discount, active_bearish_order_block, active_bullish_fvg, active_bearish_fvg, momentum_confirms_bearish",bearish: LL/LH/LL/LH,bullish_sweep,5 active,11 active,discount,bearish,SELL,70.0,bearish,"higher_timeframe_bearish, bearish_bos_or_choch, bullish_liquidity_sweep, price_in_discount, active_bearish_order_block, active_bullish_fvg, active_bearish_fvg, momentum_confirms_bearish",,,,,,,,,rsi_35_45|fg_fear|funding_neutral|trigger_learning_only_scan|final_HOLD|claude_HOLD|candidate_HOLD|candidate_source_none,"Multiple bearish confluences: price below all EMAs (20/50/200), MACD bearish, negative funding rate with lopsided long/short ratio (0.58) suggesting shorts dominating, zero volume ratio indicating no conviction, and historical 4h average return of -4.97% at similar setups. The 24h average return of +5.47% is intriguing but the 4h risk is severe with worst case -29%."
65,2026-05-08T05:00:14+00:00,15m,SCORED,79648.8,2026-05-08T05:30:00+00:00,79719.9,live_15m_csv,0.0893,learning_only_scan,46.4,38,-0.0028439999999999,HOLD,45,OK_HOLD,,tq65_shadow60_risk_v1,HOLD,none,45,"Mixed signals prevent conviction: MACD is bullish and historical win rate is 70% with strong 1h/4h returns, but price is below all three EMAs (20/50/200), volume ratio is effectively zero indicating no buying pressure, 24h historical average return is deeply negative at -10.86%, and the AI feedback loop explicitly warns that 4h BUY accuracy is 0.0 with a recommendation to tighten BUY filters. The squeeze (BB width 0.0072) could break either direction without volume confirmation.",63.0,63.0,HOLD,exchange_alert,Exchange alert: Banking with Bitcoin & Digital Assets Built In | Bitcoin 2026  BitcoinMagazine. Holding until market stabilises.,0,exchange_alert,,,OK_HOLD,,0,63.0,risk_block_exchange_alert,BUY,63.0,quality_not_high_enough,79443.35,82038.26,60.0,bearish,"higher_timeframe_bearish, bearish_bos_or_choch, bullish_liquidity_sweep, price_in_discount, active_bearish_order_block, active_bullish_fvg, active_bearish_fvg, momentum_confirms_bullish",bearish: LH/LL/LH/LL,bullish_sweep,5 active,12 active,discount,bearish,SELL,60.0,bearish,"higher_timeframe_bearish, bearish_bos_or_choch, bullish_liquidity_sweep, price_in_discount, active_bearish_order_block, active_bullish_fvg, active_bearish_fvg, momentum_confirms_bullish",,,,,,,,,rsi_45_55|fg_fear|funding_neutral|trigger_learning_only_scan|final_HOLD|claude_HOLD|candidate_HOLD|candidate_source_none,"Mixed signals prevent conviction: MACD is bullish and historical win rate is 70% with strong 1h/4h returns, but price is below all three EMAs (20/50/200), volume ratio is effectively zero indicating no buying pressure, 24h historical average return is deeply negative at -10.86%, and the AI feedback loop explicitly warns that 4h BUY accuracy is 0.0 with a recommendation to tighten BUY filters. The squeeze (BB width 0.0072) could break either direction without volume confirmation."
65,2026-05-08T05:00:14+00:00,1h,SCORED,79648.8,2026-05-08T06:00:16+00:00,79585.1,decisions,-0.08,learning_only_scan,46.4,38,-0.0028439999999999,HOLD,45,OK_HOLD,,tq65_shadow60_risk_v1,HOLD,none,45,"Mixed signals prevent conviction: MACD is bullish and historical win rate is 70% with strong 1h/4h returns, but price is below all three EMAs (20/50/200), volume ratio is effectively zero indicating no buying pressure, 24h historical average return is deeply negative at -10.86%, and the AI feedback loop explicitly warns that 4h BUY accuracy is 0.0 with a recommendation to tighten BUY filters. The squeeze (BB width 0.0072) could break either direction without volume confirmation.",63.0,63.0,HOLD,exchange_alert,Exchange alert: Banking with Bitcoin & Digital Assets Built In | Bitcoin 2026  BitcoinMagazine. Holding until market stabilises.,0,exchange_alert,,,OK_HOLD,,0,63.0,risk_block_exchange_alert,BUY,63.0,quality_not_high_enough,79443.35,82038.26,60.0,bearish,"higher_timeframe_bearish, bearish_bos_or_choch, bullish_liquidity_sweep, price_in_discount, active_bearish_order_block, active_bullish_fvg, active_bearish_fvg, momentum_confirms_bullish",bearish: LH/LL/LH/LL,bullish_sweep,5 active,12 active,discount,bearish,SELL,60.0,bearish,"higher_timeframe_bearish, bearish_bos_or_choch, bullish_liquidity_sweep, price_in_discount, active_bearish_order_block, active_bullish_fvg, active_bearish_fvg, momentum_confirms_bullish",,,,,,,,,rsi_45_55|fg_fear|funding_neutral|trigger_learning_only_scan|final_HOLD|claude_HOLD|candidate_HOLD|candidate_source_none,"Mixed signals prevent conviction: MACD is bullish and historical win rate is 70% with strong 1h/4h returns, but price is below all three EMAs (20/50/200), volume ratio is effectively zero indicating no buying pressure, 24h historical average return is deeply negative at -10.86%, and the AI feedback loop explicitly warns that 4h BUY accuracy is 0.0 with a recommendation to tighten BUY filters. The squeeze (BB width 0.0072) could break either direction without volume confirmation."
65,2026-05-08T05:00:14+00:00,4h,SCORED,79648.8,2026-05-08T09:00:14+00:00,79894.2,decisions,0.3081,learning_only_scan,46.4,38,-0.0028439999999999,HOLD,45,OK_HOLD,,tq65_shadow60_risk_v1,HOLD,none,45,"Mixed signals prevent conviction: MACD is bullish and historical win rate is 70% with strong 1h/4h returns, but price is below all three EMAs (20/50/200), volume ratio is effectively zero indicating no buying pressure, 24h historical average return is deeply negative at -10.86%, and the AI feedback loop explicitly warns that 4h BUY accuracy is 0.0 with a recommendation to tighten BUY filters. The squeeze (BB width 0.0072) could break either direction without volume confirmation.",63.0,63.0,HOLD,exchange_alert,Exchange alert: Banking with Bitcoin & Digital Assets Built In | Bitcoin 2026  BitcoinMagazine. Holding until market stabilises.,0,exchange_alert,,,OK_HOLD,,0,63.0,risk_block_exchange_alert,BUY,63.0,quality_not_high_enough,79443.35,82038.26,60.0,bearish,"higher_timeframe_bearish, bearish_bos_or_choch, bullish_liquidity_sweep, price_in_discount, active_bearish_order_block, active_bullish_fvg, active_bearish_fvg, momentum_confirms_bullish",bearish: LH/LL/LH/LL,bullish_sweep,5 active,12 active,discount,bearish,SELL,60.0,bearish,"higher_timeframe_bearish, bearish_bos_or_choch, bullish_liquidity_sweep, price_in_discount, active_bearish_order_block, active_bullish_fvg, active_bearish_fvg, momentum_confirms_bullish",,,,,,,,,rsi_45_55|fg_fear|funding_neutral|trigger_learning_only_scan|final_HOLD|claude_HOLD|candidate_HOLD|candidate_source_none,"Mixed signals prevent conviction: MACD is bullish and historical win rate is 70% with strong 1h/4h returns, but price is below all three EMAs (20/50/200), volume ratio is effectively zero indicating no buying pressure, 24h historical average return is deeply negative at -10.86%, and the AI feedback loop explicitly warns that 4h BUY accuracy is 0.0 with a recommendation to tighten BUY filters. The squeeze (BB width 0.0072) could break either direction without volume confirmation."
65,2026-05-08T05:00:14+00:00,24h,SCORED,79648.8,2026-05-09T05:00:17+00:00,80382.3,decisions,0.9209,learning_only_scan,46.4,38,-0.0028439999999999,HOLD,45,OK_HOLD,,tq65_shadow60_risk_v1,HOLD,none,45,"Mixed signals prevent conviction: MACD is bullish and historical win rate is 70% with strong 1h/4h returns, but price is below all three EMAs (20/50/200), volume ratio is effectively zero indicating no buying pressure, 24h historical average return is deeply negative at -10.86%, and the AI feedback loop explicitly warns that 4h BUY accuracy is 0.0 with a recommendation to tighten BUY filters. The squeeze (BB width 0.0072) could break either direction without volume confirmation.",63.0,63.0,HOLD,exchange_alert,Exchange alert: Banking with Bitcoin & Digital Assets Built In | Bitcoin 2026  BitcoinMagazine. Holding until market stabilises.,0,exchange_alert,,,OK_HOLD,,0,63.0,risk_block_exchange_alert,BUY,63.0,quality_not_high_enough,79443.35,82038.26,60.0,bearish,"higher_timeframe_bearish, bearish_bos_or_choch, bullish_liquidity_sweep, price_in_discount, active_bearish_order_block, active_bullish_fvg, active_bearish_fvg, momentum_confirms_bullish",bearish: LH/LL/LH/LL,bullish_sweep,5 active,12 active,discount,bearish,SELL,60.0,bearish,"higher_timeframe_bearish, bearish_bos_or_choch, bullish_liquidity_sweep, price_in_discount, active_bearish_order_block, active_bullish_fvg, active_bearish_fvg, momentum_confirms_bullish",,,,,,,,,rsi_45_55|fg_fear|funding_neutral|trigger_learning_only_scan|final_HOLD|claude_HOLD|candidate_HOLD|candidate_source_none,"Mixed signals prevent conviction: MACD is bullish and historical win rate is 70% with strong 1h/4h returns, but price is below all three EMAs (20/50/200), volume ratio is effectively zero indicating no buying pressure, 24h historical average return is deeply negative at -10.86%, and the AI feedback loop explicitly warns that 4h BUY accuracy is 0.0 with a recommendation to tighten BUY filters. The squeeze (BB width 0.0072) could break either direction without volume confirmation."
66,2026-05-08T06:00:16+00:00,15m,SCORED,79585.1,2026-05-08T06:30:00+00:00,79544.3,live_15m_csv,-0.0513,learning_only_scan,44.0,38,-0.0028439999999999,HOLD,0,OK_HOLD,,tq65_shadow60_risk_v1,HOLD,none,0,Malformed AI response — holding to be safe,59.0,59.0,HOLD,exchange_alert,Exchange alert: DeFi Platform TrustedVolumes Hit By $6.7M Hack As 2026 Exploits Surge  newsbtc.com. Holding until market stabilises.,0,exchange_alert,,,OK_HOLD,,0,59.0,risk_block_exchange_alert,,,,,,60.0,bearish,"higher_timeframe_bearish, bearish_bos_or_choch, bullish_liquidity_sweep, price_in_discount, active_bearish_order_block, active_bullish_fvg, active_bearish_fvg",bearish: LH/LL/LH/LL,bullish_sweep,5 active,10 active,discount,bearish,SELL,60.0,bearish,"higher_timeframe_bearish, bearish_bos_or_choch, bullish_liquidity_sweep, price_in_discount, active_bearish_order_block, active_bullish_fvg, active_bearish_fvg",,,,,,,,,rsi_35_45|fg_fear|funding_neutral|trigger_learning_only_scan|final_HOLD|claude_HOLD|candidate_HOLD|candidate_source_none,Malformed AI response — holding to be safe
66,2026-05-08T06:00:16+00:00,1h,SCORED,79585.1,2026-05-08T07:15:00+00:00,79330.1,live_15m_csv,-0.3204,learning_only_scan,44.0,38,-0.0028439999999999,HOLD,0,OK_HOLD,,tq65_shadow60_risk_v1,HOLD,none,0,Malformed AI response — holding to be safe,59.0,59.0,HOLD,exchange_alert,Exchange alert: DeFi Platform TrustedVolumes Hit By $6.7M Hack As 2026 Exploits Surge  newsbtc.com. Holding until market stabilises.,0,exchange_alert,,,OK_HOLD,,0,59.0,risk_block_exchange_alert,,,,,,60.0,bearish,"higher_timeframe_bearish, bearish_bos_or_choch, bullish_liquidity_sweep, price_in_discount, active_bearish_order_block, active_bullish_fvg, active_bearish_fvg",bearish: LH/LL/LH/LL,bullish_sweep,5 active,10 active,discount,bearish,SELL,60.0,bearish,"higher_timeframe_bearish, bearish_bos_or_choch, bullish_liquidity_sweep, price_in_discount, active_bearish_order_block, active_bullish_fvg, active_bearish_fvg",,,,,,,,,rsi_35_45|fg_fear|funding_neutral|trigger_learning_only_scan|final_HOLD|claude_HOLD|candidate_HOLD|candidate_source_none,Malformed AI response — holding to be safe
66,2026-05-08T06:00:16+00:00,4h,SCORED,79585.1,2026-05-08T10:15:00+00:00,79889.3,live_15m_csv,0.3822,learning_only_scan,44.0,38,-0.0028439999999999,HOLD,0,OK_HOLD,,tq65_shadow60_risk_v1,HOLD,none,0,Malformed AI response — holding to be safe,59.0,59.0,HOLD,exchange_alert,Exchange alert: DeFi Platform TrustedVolumes Hit By $6.7M Hack As 2026 Exploits Surge  newsbtc.com. Holding until market stabilises.,0,exchange_alert,,,OK_HOLD,,0,59.0,risk_block_exchange_alert,,,,,,60.0,bearish,"higher_timeframe_bearish, bearish_bos_or_choch, bullish_liquidity_sweep, price_in_discount, active_bearish_order_block, active_bullish_fvg, active_bearish_fvg",bearish: LH/LL/LH/LL,bullish_sweep,5 active,10 active,discount,bearish,SELL,60.0,bearish,"higher_timeframe_bearish, bearish_bos_or_choch, bullish_liquidity_sweep, price_in_discount, active_bearish_order_block, active_bullish_fvg, active_bearish_fvg",,,,,,,,,rsi_35_45|fg_fear|funding_neutral|trigger_learning_only_scan|final_HOLD|claude_HOLD|candidate_HOLD|candidate_source_none,Malformed AI response — holding to be safe
66,2026-05-08T06:00:16+00:00,24h,SCORED,79585.1,2026-05-09T06:15:00+00:00,80294.3,live_15m_csv,0.8911,learning_only_scan,44.0,38,-0.0028439999999999,HOLD,0,OK_HOLD,,tq65_shadow60_risk_v1,HOLD,none,0,Malformed AI response — holding to be safe,59.0,59.0,HOLD,exchange_alert,Exchange alert: DeFi Platform TrustedVolumes Hit By $6.7M Hack As 2026 Exploits Surge  newsbtc.com. Holding until market stabilises.,0,exchange_alert,,,OK_HOLD,,0,59.0,risk_block_exchange_alert,,,,,,60.0,bearish,"higher_timeframe_bearish, bearish_bos_or_choch, bullish_liquidity_sweep, price_in_discount, active_bearish_order_block, active_bullish_fvg, active_bearish_fvg",bearish: LH/LL/LH/LL,bullish_sweep,5 active,10 active,discount,bearish,SELL,60.0,bearish,"higher_timeframe_bearish, bearish_bos_or_choch, bullish_liquidity_sweep, price_in_discount, active_bearish_order_block, active_bullish_fvg, active_bearish_fvg",,,,,,,,,rsi_35_45|fg_fear|funding_neutral|trigger_learning_only_scan|final_HOLD|claude_HOLD|candidate_HOLD|candidate_source_none,Malformed AI response — holding to be safe
67,2026-05-08T07:00:15+00:00,15m,SCORED,79497.7,2026-05-08T07:30:00+00:00,79558.7,live_15m_csv,0.0767,learning_only_scan,40.0,38,-0.0028439999999999,HOLD,45,OK_HOLD,,tq65_shadow60_risk_v1,HOLD,none,45,"Mixed signals prevent a confident entry: RSI at 40 and price below all EMAs (20/50/200) suggest bearish structure, MACD is marginally bullish but weak, volume ratio is effectively zero indicating no conviction, and the 24h historical return is deeply negative (-13.03%) despite strong 4h win rate. The AI feedback loop explicitly flags weak BUY accuracy at 4h. All 20 historical analogs recommended HOLD.",64.0,64.0,HOLD,exchange_alert,Exchange alert: DeFi Platform TrustedVolumes Hit By $6.7M Hack As 2026 Exploits Surge  newsbtc.com. Holding until market stabilises.,0,exchange_alert,,,OK_HOLD,,0,64.0,risk_block_exchange_alert,BUY,64.0,quality_not_high_enough,79320.05,81882.63,60.0,bearish,"higher_timeframe_bearish, bearish_bos_or_choch, bullish_liquidity_sweep, price_in_discount, active_bearish_order_block, active_bearish_fvg",bearish: LH/LL/LH/LL,bullish_sweep,5 active,10 active,discount,bearish,SELL,60.0,bearish,"higher_timeframe_bearish, bearish_bos_or_choch, bullish_liquidity_sweep, price_in_discount, active_bearish_order_block, active_bearish_fvg",,,,,,,,,rsi_35_45|fg_fear|funding_neutral|trigger_learning_only_scan|final_HOLD|claude_HOLD|candidate_HOLD|candidate_source_none,"Mixed signals prevent a confident entry: RSI at 40 and price below all EMAs (20/50/200) suggest bearish structure, MACD is marginally bullish but weak, volume ratio is effectively zero indicating no conviction, and the 24h historical return is deeply negative (-13.03%) despite strong 4h win rate. The AI feedback loop explicitly flags weak BUY accuracy at 4h. All 20 historical analogs recommended HOLD."
67,2026-05-08T07:00:15+00:00,1h,SCORED,79497.7,2026-05-08T08:00:21+00:00,79669.2,decisions,0.2157,learning_only_scan,40.0,38,-0.0028439999999999,HOLD,45,OK_HOLD,,tq65_shadow60_risk_v1,HOLD,none,45,"Mixed signals prevent a confident entry: RSI at 40 and price below all EMAs (20/50/200) suggest bearish structure, MACD is marginally bullish but weak, volume ratio is effectively zero indicating no conviction, and the 24h historical return is deeply negative (-13.03%) despite strong 4h win rate. The AI feedback loop explicitly flags weak BUY accuracy at 4h. All 20 historical analogs recommended HOLD.",64.0,64.0,HOLD,exchange_alert,Exchange alert: DeFi Platform TrustedVolumes Hit By $6.7M Hack As 2026 Exploits Surge  newsbtc.com. Holding until market stabilises.,0,exchange_alert,,,OK_HOLD,,0,64.0,risk_block_exchange_alert,BUY,64.0,quality_not_high_enough,79320.05,81882.63,60.0,bearish,"higher_timeframe_bearish, bearish_bos_or_choch, bullish_liquidity_sweep, price_in_discount, active_bearish_order_block, active_bearish_fvg",bearish: LH/LL/LH/LL,bullish_sweep,5 active,10 active,discount,bearish,SELL,60.0,bearish,"higher_timeframe_bearish, bearish_bos_or_choch, bullish_liquidity_sweep, price_in_discount, active_bearish_order_block, active_bearish_fvg",,,,,,,,,rsi_35_45|fg_fear|funding_neutral|trigger_learning_only_scan|final_HOLD|claude_HOLD|candidate_HOLD|candidate_source_none,"Mixed signals prevent a confident entry: RSI at 40 and price below all EMAs (20/50/200) suggest bearish structure, MACD is marginally bullish but weak, volume ratio is effectively zero indicating no conviction, and the 24h historical return is deeply negative (-13.03%) despite strong 4h win rate. The AI feedback loop explicitly flags weak BUY accuracy at 4h. All 20 historical analogs recommended HOLD."
67,2026-05-08T07:00:15+00:00,4h,SCORED,79497.7,2026-05-08T11:15:00+00:00,80290.3,live_15m_csv,0.997,learning_only_scan,40.0,38,-0.0028439999999999,HOLD,45,OK_HOLD,,tq65_shadow60_risk_v1,HOLD,none,45,"Mixed signals prevent a confident entry: RSI at 40 and price below all EMAs (20/50/200) suggest bearish structure, MACD is marginally bullish but weak, volume ratio is effectively zero indicating no conviction, and the 24h historical return is deeply negative (-13.03%) despite strong 4h win rate. The AI feedback loop explicitly flags weak BUY accuracy at 4h. All 20 historical analogs recommended HOLD.",64.0,64.0,HOLD,exchange_alert,Exchange alert: DeFi Platform TrustedVolumes Hit By $6.7M Hack As 2026 Exploits Surge  newsbtc.com. Holding until market stabilises.,0,exchange_alert,,,OK_HOLD,,0,64.0,risk_block_exchange_alert,BUY,64.0,quality_not_high_enough,79320.05,81882.63,60.0,bearish,"higher_timeframe_bearish, bearish_bos_or_choch, bullish_liquidity_sweep, price_in_discount, active_bearish_order_block, active_bearish_fvg",bearish: LH/LL/LH/LL,bullish_sweep,5 active,10 active,discount,bearish,SELL,60.0,bearish,"higher_timeframe_bearish, bearish_bos_or_choch, bullish_liquidity_sweep, price_in_discount, active_bearish_order_block, active_bearish_fvg",,,,,,,,,rsi_35_45|fg_fear|funding_neutral|trigger_learning_only_scan|final_HOLD|claude_HOLD|candidate_HOLD|candidate_source_none,"Mixed signals prevent a confident entry: RSI at 40 and price below all EMAs (20/50/200) suggest bearish structure, MACD is marginally bullish but weak, volume ratio is effectively zero indicating no conviction, and the 24h historical return is deeply negative (-13.03%) despite strong 4h win rate. The AI feedback loop explicitly flags weak BUY accuracy at 4h. All 20 historical analogs recommended HOLD."
67,2026-05-08T07:00:15+00:00,24h,SCORED,79497.7,2026-05-09T07:15:00+00:00,80240.5,live_15m_csv,0.9344,learning_only_scan,40.0,38,-0.0028439999999999,HOLD,45,OK_HOLD,,tq65_shadow60_risk_v1,HOLD,none,45,"Mixed signals prevent a confident entry: RSI at 40 and price below all EMAs (20/50/200) suggest bearish structure, MACD is marginally bullish but weak, volume ratio is effectively zero indicating no conviction, and the 24h historical return is deeply negative (-13.03%) despite strong 4h win rate. The AI feedback loop explicitly flags weak BUY accuracy at 4h. All 20 historical analogs recommended HOLD.",64.0,64.0,HOLD,exchange_alert,Exchange alert: DeFi Platform TrustedVolumes Hit By $6.7M Hack As 2026 Exploits Surge  newsbtc.com. Holding until market stabilises.,0,exchange_alert,,,OK_HOLD,,0,64.0,risk_block_exchange_alert,BUY,64.0,quality_not_high_enough,79320.05,81882.63,60.0,bearish,"higher_timeframe_bearish, bearish_bos_or_choch, bullish_liquidity_sweep, price_in_discount, active_bearish_order_block, active_bearish_fvg",bearish: LH/LL/LH/LL,bullish_sweep,5 active,10 active,discount,bearish,SELL,60.0,bearish,"higher_timeframe_bearish, bearish_bos_or_choch, bullish_liquidity_sweep, price_in_discount, active_bearish_order_block, active_bearish_fvg",,,,,,,,,rsi_35_45|fg_fear|funding_neutral|trigger_learning_only_scan|final_HOLD|claude_HOLD|candidate_HOLD|candidate_source_none,"Mixed signals prevent a confident entry: RSI at 40 and price below all EMAs (20/50/200) suggest bearish structure, MACD is marginally bullish but weak, volume ratio is effectively zero indicating no conviction, and the 24h historical return is deeply negative (-13.03%) despite strong 4h win rate. The AI feedback loop explicitly flags weak BUY accuracy at 4h. All 20 historical analogs recommended HOLD."
68,2026-05-08T08:00:21+00:00,15m,SCORED,79669.2,2026-05-08T08:30:00+00:00,79864.6,live_15m_csv,0.2453,learning_only_scan,52.5,38,-0.0028439999999999,HOLD,45,OK_HOLD,,tq65_shadow60_risk_v1,HOLD,none,45,"Mixed signals dominate: MACD is bullish and RSI neutral at 52.5, but price is below EMA 50 and EMA 200, volume ratio is extremely low at 0.08 (no conviction), and the 24h historical average return is deeply negative at -10.86% despite a reasonable 4h average. The AI feedback loop explicitly flags weak BUY accuracy at 4h (0.0), and all 20 historical similar moments resulted in HOLD. Short-term setup shows promise but 24h risk is severe.",59.0,59.0,HOLD,exchange_alert,Exchange alert: DeFi Platform TrustedVolumes Hit By $6.7M Hack As 2026 Exploits Surge  newsbtc.com. Holding until market stabilises.,0,exchange_alert,,,OK_HOLD,,0,59.0,risk_block_exchange_alert,,,,,,60.0,bearish,"higher_timeframe_bearish, bearish_bos_or_choch, bullish_liquidity_sweep, price_in_discount, active_bearish_order_block, active_bullish_fvg, active_bearish_fvg, momentum_confirms_bullish",bearish: LL/LH/LL/LH,bullish_sweep,5 active,10 active,discount,bearish,SELL,60.0,bearish,"higher_timeframe_bearish, bearish_bos_or_choch, bullish_liquidity_sweep, price_in_discount, active_bearish_order_block, active_bullish_fvg, active_bearish_fvg, momentum_confirms_bullish",,,,,,,,,rsi_45_55|fg_fear|funding_neutral|trigger_learning_only_scan|final_HOLD|claude_HOLD|candidate_HOLD|candidate_source_none,"Mixed signals dominate: MACD is bullish and RSI neutral at 52.5, but price is below EMA 50 and EMA 200, volume ratio is extremely low at 0.08 (no conviction), and the 24h historical average return is deeply negative at -10.86% despite a reasonable 4h average. The AI feedback loop explicitly flags weak BUY accuracy at 4h (0.0), and all 20 historical similar moments resulted in HOLD. Short-term setup shows promise but 24h risk is severe."
68,2026-05-08T08:00:21+00:00,1h,SCORED,79669.2,2026-05-08T09:15:00+00:00,79900.0,live_15m_csv,0.2897,learning_only_scan,52.5,38,-0.0028439999999999,HOLD,45,OK_HOLD,,tq65_shadow60_risk_v1,HOLD,none,45,"Mixed signals dominate: MACD is bullish and RSI neutral at 52.5, but price is below EMA 50 and EMA 200, volume ratio is extremely low at 0.08 (no conviction), and the 24h historical average return is deeply negative at -10.86% despite a reasonable 4h average. The AI feedback loop explicitly flags weak BUY accuracy at 4h (0.0), and all 20 historical similar moments resulted in HOLD. Short-term setup shows promise but 24h risk is severe.",59.0,59.0,HOLD,exchange_alert,Exchange alert: DeFi Platform TrustedVolumes Hit By $6.7M Hack As 2026 Exploits Surge  newsbtc.com. Holding until market stabilises.,0,exchange_alert,,,OK_HOLD,,0,59.0,risk_block_exchange_alert,,,,,,60.0,bearish,"higher_timeframe_bearish, bearish_bos_or_choch, bullish_liquidity_sweep, price_in_discount, active_bearish_order_block, active_bullish_fvg, active_bearish_fvg, momentum_confirms_bullish",bearish: LL/LH/LL/LH,bullish_sweep,5 active,10 active,discount,bearish,SELL,60.0,bearish,"higher_timeframe_bearish, bearish_bos_or_choch, bullish_liquidity_sweep, price_in_discount, active_bearish_order_block, active_bullish_fvg, active_bearish_fvg, momentum_confirms_bullish",,,,,,,,,rsi_45_55|fg_fear|funding_neutral|trigger_learning_only_scan|final_HOLD|claude_HOLD|candidate_HOLD|candidate_source_none,"Mixed signals dominate: MACD is bullish and RSI neutral at 52.5, but price is below EMA 50 and EMA 200, volume ratio is extremely low at 0.08 (no conviction), and the 24h historical average return is deeply negative at -10.86% despite a reasonable 4h average. The AI feedback loop explicitly flags weak BUY accuracy at 4h (0.0), and all 20 historical similar moments resulted in HOLD. Short-term setup shows promise but 24h risk is severe."
68,2026-05-08T08:00:21+00:00,4h,SCORED,79669.2,2026-05-08T12:15:00+00:00,80300.0,live_15m_csv,0.7918,learning_only_scan,52.5,38,-0.0028439999999999,HOLD,45,OK_HOLD,,tq65_shadow60_risk_v1,HOLD,none,45,"Mixed signals dominate: MACD is bullish and RSI neutral at 52.5, but price is below EMA 50 and EMA 200, volume ratio is extremely low at 0.08 (no conviction), and the 24h historical average return is deeply negative at -10.86% despite a reasonable 4h average. The AI feedback loop explicitly flags weak BUY accuracy at 4h (0.0), and all 20 historical similar moments resulted in HOLD. Short-term setup shows promise but 24h risk is severe.",59.0,59.0,HOLD,exchange_alert,Exchange alert: DeFi Platform TrustedVolumes Hit By $6.7M Hack As 2026 Exploits Surge  newsbtc.com. Holding until market stabilises.,0,exchange_alert,,,OK_HOLD,,0,59.0,risk_block_exchange_alert,,,,,,60.0,bearish,"higher_timeframe_bearish, bearish_bos_or_choch, bullish_liquidity_sweep, price_in_discount, active_bearish_order_block, active_bullish_fvg, active_bearish_fvg, momentum_confirms_bullish",bearish: LL/LH/LL/LH,bullish_sweep,5 active,10 active,discount,bearish,SELL,60.0,bearish,"higher_timeframe_bearish, bearish_bos_or_choch, bullish_liquidity_sweep, price_in_discount, active_bearish_order_block, active_bullish_fvg, active_bearish_fvg, momentum_confirms_bullish",,,,,,,,,rsi_45_55|fg_fear|funding_neutral|trigger_learning_only_scan|final_HOLD|claude_HOLD|candidate_HOLD|candidate_source_none,"Mixed signals dominate: MACD is bullish and RSI neutral at 52.5, but price is below EMA 50 and EMA 200, volume ratio is extremely low at 0.08 (no conviction), and the 24h historical average return is deeply negative at -10.86% despite a reasonable 4h average. The AI feedback loop explicitly flags weak BUY accuracy at 4h (0.0), and all 20 historical similar moments resulted in HOLD. Short-term setup shows promise but 24h risk is severe."
68,2026-05-08T08:00:21+00:00,24h,SCORED,79669.2,2026-05-09T08:15:00+00:00,80375.6,live_15m_csv,0.8867,learning_only_scan,52.5,38,-0.0028439999999999,HOLD,45,OK_HOLD,,tq65_shadow60_risk_v1,HOLD,none,45,"Mixed signals dominate: MACD is bullish and RSI neutral at 52.5, but price is below EMA 50 and EMA 200, volume ratio is extremely low at 0.08 (no conviction), and the 24h historical average return is deeply negative at -10.86% despite a reasonable 4h average. The AI feedback loop explicitly flags weak BUY accuracy at 4h (0.0), and all 20 historical similar moments resulted in HOLD. Short-term setup shows promise but 24h risk is severe.",59.0,59.0,HOLD,exchange_alert,Exchange alert: DeFi Platform TrustedVolumes Hit By $6.7M Hack As 2026 Exploits Surge  newsbtc.com. Holding until market stabilises.,0,exchange_alert,,,OK_HOLD,,0,59.0,risk_block_exchange_alert,,,,,,60.0,bearish,"higher_timeframe_bearish, bearish_bos_or_choch, bullish_liquidity_sweep, price_in_discount, active_bearish_order_block, active_bullish_fvg, active_bearish_fvg, momentum_confirms_bullish",bearish: LL/LH/LL/LH,bullish_sweep,5 active,10 active,discount,bearish,SELL,60.0,bearish,"higher_timeframe_bearish, bearish_bos_or_choch, bullish_liquidity_sweep, price_in_discount, active_bearish_order_block, active_bullish_fvg, active_bearish_fvg, momentum_confirms_bullish",,,,,,,,,rsi_45_55|fg_fear|funding_neutral|trigger_learning_only_scan|final_HOLD|claude_HOLD|candidate_HOLD|candidate_source_none,"Mixed signals dominate: MACD is bullish and RSI neutral at 52.5, but price is below EMA 50 and EMA 200, volume ratio is extremely low at 0.08 (no conviction), and the 24h historical average return is deeply negative at -10.86% despite a reasonable 4h average. The AI feedback loop explicitly flags weak BUY accuracy at 4h (0.0), and all 20 historical similar moments resulted in HOLD. Short-term setup shows promise but 24h risk is severe."
69,2026-05-08T09:00:14+00:00,15m,SCORED,79894.2,2026-05-08T09:30:00+00:00,79850.3,live_15m_csv,-0.0549,learning_only_scan,61.7,38,-0.0028439999999999,HOLD,85,OK_HOLD,,tq65_shadow60_risk_v1,HOLD,none,85,"Historical evidence is decisively bearish: 20% win rate, avg 4h return -1.99%, avg 1h return -1.00%, and all 20 similar past moments resulted in HOLD. Combined with Stochastic K at 93.5 (severely overbought), extremely low volume ratio (0.24), price below EMA 200, negative funding rate suggesting bearish sentiment, and 4h BUY accuracy of 0.0 — no credible case for entry exists.",55.0,55.0,HOLD,exchange_alert,Exchange alert: Eric Trump: The Banks That Deplatformed Us Proved Bitcoin Works  coindoo.com. Holding until market stabilises.,0,exchange_alert,,,OK_HOLD,,0,55.0,risk_block_exchange_alert,,,,,,55.0,bullish,"bearish_bos_or_choch, bullish_liquidity_sweep, price_in_discount, active_bearish_order_block, active_bullish_fvg, active_bearish_fvg, momentum_confirms_bullish",bullish: LH/LL/LH/HL,bullish_sweep,5 active,13 active,discount,mixed,,,,,,,,,,,,,rsi_55_65|fg_fear|funding_neutral|trigger_learning_only_scan|final_HOLD|claude_HOLD|candidate_HOLD|candidate_source_none,"Historical evidence is decisively bearish: 20% win rate, avg 4h return -1.99%, avg 1h return -1.00%, and all 20 similar past moments resulted in HOLD. Combined with Stochastic K at 93.5 (severely overbought), extremely low volume ratio (0.24), price below EMA 200, negative funding rate suggesting bearish sentiment, and 4h BUY accuracy of 0.0 — no credible case for entry exists."
69,2026-05-08T09:00:14+00:00,1h,SCORED,79894.2,2026-05-08T10:00:15+00:00,79850.2,decisions,-0.0551,learning_only_scan,61.7,38,-0.0028439999999999,HOLD,85,OK_HOLD,,tq65_shadow60_risk_v1,HOLD,none,85,"Historical evidence is decisively bearish: 20% win rate, avg 4h return -1.99%, avg 1h return -1.00%, and all 20 similar past moments resulted in HOLD. Combined with Stochastic K at 93.5 (severely overbought), extremely low volume ratio (0.24), price below EMA 200, negative funding rate suggesting bearish sentiment, and 4h BUY accuracy of 0.0 — no credible case for entry exists.",55.0,55.0,HOLD,exchange_alert,Exchange alert: Eric Trump: The Banks That Deplatformed Us Proved Bitcoin Works  coindoo.com. Holding until market stabilises.,0,exchange_alert,,,OK_HOLD,,0,55.0,risk_block_exchange_alert,,,,,,55.0,bullish,"bearish_bos_or_choch, bullish_liquidity_sweep, price_in_discount, active_bearish_order_block, active_bullish_fvg, active_bearish_fvg, momentum_confirms_bullish",bullish: LH/LL/LH/HL,bullish_sweep,5 active,13 active,discount,mixed,,,,,,,,,,,,,rsi_55_65|fg_fear|funding_neutral|trigger_learning_only_scan|final_HOLD|claude_HOLD|candidate_HOLD|candidate_source_none,"Historical evidence is decisively bearish: 20% win rate, avg 4h return -1.99%, avg 1h return -1.00%, and all 20 similar past moments resulted in HOLD. Combined with Stochastic K at 93.5 (severely overbought), extremely low volume ratio (0.24), price below EMA 200, negative funding rate suggesting bearish sentiment, and 4h BUY accuracy of 0.0 — no credible case for entry exists."
69,2026-05-08T09:00:14+00:00,4h,SCORED,79894.2,2026-05-08T13:00:15+00:00,80002.1,decisions,0.1351,learning_only_scan,61.7,38,-0.0028439999999999,HOLD,85,OK_HOLD,,tq65_shadow60_risk_v1,HOLD,none,85,"Historical evidence is decisively bearish: 20% win rate, avg 4h return -1.99%, avg 1h return -1.00%, and all 20 similar past moments resulted in HOLD. Combined with Stochastic K at 93.5 (severely overbought), extremely low volume ratio (0.24), price below EMA 200, negative funding rate suggesting bearish sentiment, and 4h BUY accuracy of 0.0 — no credible case for entry exists.",55.0,55.0,HOLD,exchange_alert,Exchange alert: Eric Trump: The Banks That Deplatformed Us Proved Bitcoin Works  coindoo.com. Holding until market stabilises.,0,exchange_alert,,,OK_HOLD,,0,55.0,risk_block_exchange_alert,,,,,,55.0,bullish,"bearish_bos_or_choch, bullish_liquidity_sweep, price_in_discount, active_bearish_order_block, active_bullish_fvg, active_bearish_fvg, momentum_confirms_bullish",bullish: LH/LL/LH/HL,bullish_sweep,5 active,13 active,discount,mixed,,,,,,,,,,,,,rsi_55_65|fg_fear|funding_neutral|trigger_learning_only_scan|final_HOLD|claude_HOLD|candidate_HOLD|candidate_source_none,"Historical evidence is decisively bearish: 20% win rate, avg 4h return -1.99%, avg 1h return -1.00%, and all 20 similar past moments resulted in HOLD. Combined with Stochastic K at 93.5 (severely overbought), extremely low volume ratio (0.24), price below EMA 200, negative funding rate suggesting bearish sentiment, and 4h BUY accuracy of 0.0 — no credible case for entry exists."
69,2026-05-08T09:00:14+00:00,24h,SCORED,79894.2,2026-05-09T09:00:15+00:00,80394.9,decisions,0.6267,learning_only_scan,61.7,38,-0.0028439999999999,HOLD,85,OK_HOLD,,tq65_shadow60_risk_v1,HOLD,none,85,"Historical evidence is decisively bearish: 20% win rate, avg 4h return -1.99%, avg 1h return -1.00%, and all 20 similar past moments resulted in HOLD. Combined with Stochastic K at 93.5 (severely overbought), extremely low volume ratio (0.24), price below EMA 200, negative funding rate suggesting bearish sentiment, and 4h BUY accuracy of 0.0 — no credible case for entry exists.",55.0,55.0,HOLD,exchange_alert,Exchange alert: Eric Trump: The Banks That Deplatformed Us Proved Bitcoin Works  coindoo.com. Holding until market stabilises.,0,exchange_alert,,,OK_HOLD,,0,55.0,risk_block_exchange_alert,,,,,,55.0,bullish,"bearish_bos_or_choch, bullish_liquidity_sweep, price_in_discount, active_bearish_order_block, active_bullish_fvg, active_bearish_fvg, momentum_confirms_bullish",bullish: LH/LL/LH/HL,bullish_sweep,5 active,13 active,discount,mixed,,,,,,,,,,,,,rsi_55_65|fg_fear|funding_neutral|trigger_learning_only_scan|final_HOLD|claude_HOLD|candidate_HOLD|candidate_source_none,"Historical evidence is decisively bearish: 20% win rate, avg 4h return -1.99%, avg 1h return -1.00%, and all 20 similar past moments resulted in HOLD. Combined with Stochastic K at 93.5 (severely overbought), extremely low volume ratio (0.24), price below EMA 200, negative funding rate suggesting bearish sentiment, and 4h BUY accuracy of 0.0 — no credible case for entry exists."
70,2026-05-08T10:00:15+00:00,15m,SCORED,79850.2,2026-05-08T10:30:00+00:00,80146.7,live_15m_csv,0.3713,learning_only_scan,57.0,38,-0.0028439999999999,HOLD,85,OK_HOLD,,tq65_shadow60_risk_v1,HOLD,none,85,"Historical evidence is overwhelmingly bearish: 20% win rate, avg 4h return of -3.84%, avg 24h return of -1.60%, with all 20 similar past moments recommending HOLD. Combined with near-zero volume ratio (0.02), price below EMA 200, negative funding rate suggesting bearish sentiment, and 4h Claude BUY accuracy of 0.0, there is no credible case to deviate from default HOLD.",54.0,54.0,HOLD,exchange_alert,Exchange alert: Eric Trump: The Banks That Deplatformed Us Proved Bitcoin Works  coindoo.com. Holding until market stabilises.,0,exchange_alert,,,OK_HOLD,,0,54.0,historical_match_very_bad,,,,,,55.0,bullish,"bearish_bos_or_choch, bullish_liquidity_sweep, price_in_discount, active_bearish_order_block, active_bullish_fvg, active_bearish_fvg, momentum_confirms_bullish",bullish: LH/LL/LH/HL,bullish_sweep,5 active,13 active,discount,mixed,,,,,,,,,,,,,rsi_55_65|fg_fear|funding_neutral|trigger_learning_only_scan|final_HOLD|claude_HOLD|candidate_HOLD|candidate_source_none,"Historical evidence is overwhelmingly bearish: 20% win rate, avg 4h return of -3.84%, avg 24h return of -1.60%, with all 20 similar past moments recommending HOLD. Combined with near-zero volume ratio (0.02), price below EMA 200, negative funding rate suggesting bearish sentiment, and 4h Claude BUY accuracy of 0.0, there is no credible case to deviate from default HOLD."
70,2026-05-08T10:00:15+00:00,1h,SCORED,79850.2,2026-05-08T11:15:00+00:00,80290.3,live_15m_csv,0.5512,learning_only_scan,57.0,38,-0.0028439999999999,HOLD,85,OK_HOLD,,tq65_shadow60_risk_v1,HOLD,none,85,"Historical evidence is overwhelmingly bearish: 20% win rate, avg 4h return of -3.84%, avg 24h return of -1.60%, with all 20 similar past moments recommending HOLD. Combined with near-zero volume ratio (0.02), price below EMA 200, negative funding rate suggesting bearish sentiment, and 4h Claude BUY accuracy of 0.0, there is no credible case to deviate from default HOLD.",54.0,54.0,HOLD,exchange_alert,Exchange alert: Eric Trump: The Banks That Deplatformed Us Proved Bitcoin Works  coindoo.com. Holding until market stabilises.,0,exchange_alert,,,OK_HOLD,,0,54.0,historical_match_very_bad,,,,,,55.0,bullish,"bearish_bos_or_choch, bullish_liquidity_sweep, price_in_discount, active_bearish_order_block, active_bullish_fvg, active_bearish_fvg, momentum_confirms_bullish",bullish: LH/LL/LH/HL,bullish_sweep,5 active,13 active,discount,mixed,,,,,,,,,,,,,rsi_55_65|fg_fear|funding_neutral|trigger_learning_only_scan|final_HOLD|claude_HOLD|candidate_HOLD|candidate_source_none,"Historical evidence is overwhelmingly bearish: 20% win rate, avg 4h return of -3.84%, avg 24h return of -1.60%, with all 20 similar past moments recommending HOLD. Combined with near-zero volume ratio (0.02), price below EMA 200, negative funding rate suggesting bearish sentiment, and 4h Claude BUY accuracy of 0.0, there is no credible case to deviate from default HOLD."
70,2026-05-08T10:00:15+00:00,4h,SCORED,79850.2,2026-05-08T14:15:00+00:00,80074.6,live_15m_csv,0.281,learning_only_scan,57.0,38,-0.0028439999999999,HOLD,85,OK_HOLD,,tq65_shadow60_risk_v1,HOLD,none,85,"Historical evidence is overwhelmingly bearish: 20% win rate, avg 4h return of -3.84%, avg 24h return of -1.60%, with all 20 similar past moments recommending HOLD. Combined with near-zero volume ratio (0.02), price below EMA 200, negative funding rate suggesting bearish sentiment, and 4h Claude BUY accuracy of 0.0, there is no credible case to deviate from default HOLD.",54.0,54.0,HOLD,exchange_alert,Exchange alert: Eric Trump: The Banks That Deplatformed Us Proved Bitcoin Works  coindoo.com. Holding until market stabilises.,0,exchange_alert,,,OK_HOLD,,0,54.0,historical_match_very_bad,,,,,,55.0,bullish,"bearish_bos_or_choch, bullish_liquidity_sweep, price_in_discount, active_bearish_order_block, active_bullish_fvg, active_bearish_fvg, momentum_confirms_bullish",bullish: LH/LL/LH/HL,bullish_sweep,5 active,13 active,discount,mixed,,,,,,,,,,,,,rsi_55_65|fg_fear|funding_neutral|trigger_learning_only_scan|final_HOLD|claude_HOLD|candidate_HOLD|candidate_source_none,"Historical evidence is overwhelmingly bearish: 20% win rate, avg 4h return of -3.84%, avg 24h return of -1.60%, with all 20 similar past moments recommending HOLD. Combined with near-zero volume ratio (0.02), price below EMA 200, negative funding rate suggesting bearish sentiment, and 4h Claude BUY accuracy of 0.0, there is no credible case to deviate from default HOLD."
70,2026-05-08T10:00:15+00:00,24h,SCORED,79850.2,2026-05-09T10:00:15+00:00,80231.0,decisions,0.4769,learning_only_scan,57.0,38,-0.0028439999999999,HOLD,85,OK_HOLD,,tq65_shadow60_risk_v1,HOLD,none,85,"Historical evidence is overwhelmingly bearish: 20% win rate, avg 4h return of -3.84%, avg 24h return of -1.60%, with all 20 similar past moments recommending HOLD. Combined with near-zero volume ratio (0.02), price below EMA 200, negative funding rate suggesting bearish sentiment, and 4h Claude BUY accuracy of 0.0, there is no credible case to deviate from default HOLD.",54.0,54.0,HOLD,exchange_alert,Exchange alert: Eric Trump: The Banks That Deplatformed Us Proved Bitcoin Works  coindoo.com. Holding until market stabilises.,0,exchange_alert,,,OK_HOLD,,0,54.0,historical_match_very_bad,,,,,,55.0,bullish,"bearish_bos_or_choch, bullish_liquidity_sweep, price_in_discount, active_bearish_order_block, active_bullish_fvg, active_bearish_fvg, momentum_confirms_bullish",bullish: LH/LL/LH/HL,bullish_sweep,5 active,13 active,discount,mixed,,,,,,,,,,,,,rsi_55_65|fg_fear|funding_neutral|trigger_learning_only_scan|final_HOLD|claude_HOLD|candidate_HOLD|candidate_source_none,"Historical evidence is overwhelmingly bearish: 20% win rate, avg 4h return of -3.84%, avg 24h return of -1.60%, with all 20 similar past moments recommending HOLD. Combined with near-zero volume ratio (0.02), price below EMA 200, negative funding rate suggesting bearish sentiment, and 4h Claude BUY accuracy of 0.0, there is no credible case to deviate from default HOLD."
71,2026-05-08T11:00:14+00:00,15m,SCORED,80243.9,2026-05-08T11:30:00+00:00,80148.5,live_15m_csv,-0.1189,learning_only_scan,70.5,38,-0.0028439999999999,HOLD,72,OK_HOLD,,tq65_shadow60_risk_v1,HOLD,none,72,"Multiple overbought signals (RSI 70.5, Stoch K 98.6) combined with extremely low volume ratio (0.02) suggest the price move lacks conviction. Historical win rate at similar moments is only 25% with negative 1h returns, meeting the hard HOLD threshold. BTC is below EMA 200 ($80,591), adding structural resistance. AI feedback loop explicitly flags weak BUY accuracy at 4h.",56.5,56.5,HOLD,exchange_alert,Exchange alert: Eric Trump: The Banks That Deplatformed Us Proved Bitcoin Works  coindoo.com. Holding until market stabilises.,0,exchange_alert,,,OK_HOLD,,0,56.5,risk_block_exchange_alert,,,,,,70.0,bullish,"bearish_bos_or_choch, bullish_liquidity_sweep, price_in_discount, active_bullish_order_block, active_bearish_order_block, active_bullish_fvg, active_bearish_fvg, momentum_confirms_bullish",bullish: LH/LL/LH/HL,bullish_sweep,6 active,13 active,discount,mixed,BUY,70.0,bullish,"bearish_bos_or_choch, bullish_liquidity_sweep, price_in_discount, active_bullish_order_block, active_bearish_order_block, active_bullish_fvg, active_bearish_fvg, momentum_confirms_bullish",,,,,,,,,rsi_gte_65|fg_fear|funding_neutral|trigger_learning_only_scan|final_HOLD|claude_HOLD|candidate_HOLD|candidate_source_none,"Multiple overbought signals (RSI 70.5, Stoch K 98.6) combined with extremely low volume ratio (0.02) suggest the price move lacks conviction. Historical win rate at similar moments is only 25% with negative 1h returns, meeting the hard HOLD threshold. BTC is below EMA 200 ($80,591), adding structural resistance. AI feedback loop explicitly flags weak BUY accuracy at 4h."
71,2026-05-08T11:00:14+00:00,1h,SCORED,80243.9,2026-05-08T12:00:15+00:00,80228.0,decisions,-0.0198,learning_only_scan,70.5,38,-0.0028439999999999,HOLD,72,OK_HOLD,,tq65_shadow60_risk_v1,HOLD,none,72,"Multiple overbought signals (RSI 70.5, Stoch K 98.6) combined with extremely low volume ratio (0.02) suggest the price move lacks conviction. Historical win rate at similar moments is only 25% with negative 1h returns, meeting the hard HOLD threshold. BTC is below EMA 200 ($80,591), adding structural resistance. AI feedback loop explicitly flags weak BUY accuracy at 4h.",56.5,56.5,HOLD,exchange_alert,Exchange alert: Eric Trump: The Banks That Deplatformed Us Proved Bitcoin Works  coindoo.com. Holding until market stabilises.,0,exchange_alert,,,OK_HOLD,,0,56.5,risk_block_exchange_alert,,,,,,70.0,bullish,"bearish_bos_or_choch, bullish_liquidity_sweep, price_in_discount, active_bullish_order_block, active_bearish_order_block, active_bullish_fvg, active_bearish_fvg, momentum_confirms_bullish",bullish: LH/LL/LH/HL,bullish_sweep,6 active,13 active,discount,mixed,BUY,70.0,bullish,"bearish_bos_or_choch, bullish_liquidity_sweep, price_in_discount, active_bullish_order_block, active_bearish_order_block, active_bullish_fvg, active_bearish_fvg, momentum_confirms_bullish",,,,,,,,,rsi_gte_65|fg_fear|funding_neutral|trigger_learning_only_scan|final_HOLD|claude_HOLD|candidate_HOLD|candidate_source_none,"Multiple overbought signals (RSI 70.5, Stoch K 98.6) combined with extremely low volume ratio (0.02) suggest the price move lacks conviction. Historical win rate at similar moments is only 25% with negative 1h returns, meeting the hard HOLD threshold. BTC is below EMA 200 ($80,591), adding structural resistance. AI feedback loop explicitly flags weak BUY accuracy at 4h."
71,2026-05-08T11:00:14+00:00,4h,SCORED,80243.9,2026-05-08T15:15:00+00:00,79667.2,live_15m_csv,-0.7187,learning_only_scan,70.5,38,-0.0028439999999999,HOLD,72,OK_HOLD,,tq65_shadow60_risk_v1,HOLD,none,72,"Multiple overbought signals (RSI 70.5, Stoch K 98.6) combined with extremely low volume ratio (0.02) suggest the price move lacks conviction. Historical win rate at similar moments is only 25% with negative 1h returns, meeting the hard HOLD threshold. BTC is below EMA 200 ($80,591), adding structural resistance. AI feedback loop explicitly flags weak BUY accuracy at 4h.",56.5,56.5,HOLD,exchange_alert,Exchange alert: Eric Trump: The Banks That Deplatformed Us Proved Bitcoin Works  coindoo.com. Holding until market stabilises.,0,exchange_alert,,,OK_HOLD,,0,56.5,risk_block_exchange_alert,,,,,,70.0,bullish,"bearish_bos_or_choch, bullish_liquidity_sweep, price_in_discount, active_bullish_order_block, active_bearish_order_block, active_bullish_fvg, active_bearish_fvg, momentum_confirms_bullish",bullish: LH/LL/LH/HL,bullish_sweep,6 active,13 active,discount,mixed,BUY,70.0,bullish,"bearish_bos_or_choch, bullish_liquidity_sweep, price_in_discount, active_bullish_order_block, active_bearish_order_block, active_bullish_fvg, active_bearish_fvg, momentum_confirms_bullish",,,,,,,,,rsi_gte_65|fg_fear|funding_neutral|trigger_learning_only_scan|final_HOLD|claude_HOLD|candidate_HOLD|candidate_source_none,"Multiple overbought signals (RSI 70.5, Stoch K 98.6) combined with extremely low volume ratio (0.02) suggest the price move lacks conviction. Historical win rate at similar moments is only 25% with negative 1h returns, meeting the hard HOLD threshold. BTC is below EMA 200 ($80,591), adding structural resistance. AI feedback loop explicitly flags weak BUY accuracy at 4h."
71,2026-05-08T11:00:14+00:00,24h,SCORED,80243.9,2026-05-09T11:15:00+00:00,80351.6,live_15m_csv,0.1342,learning_only_scan,70.5,38,-0.0028439999999999,HOLD,72,OK_HOLD,,tq65_shadow60_risk_v1,HOLD,none,72,"Multiple overbought signals (RSI 70.5, Stoch K 98.6) combined with extremely low volume ratio (0.02) suggest the price move lacks conviction. Historical win rate at similar moments is only 25% with negative 1h returns, meeting the hard HOLD threshold. BTC is below EMA 200 ($80,591), adding structural resistance. AI feedback loop explicitly flags weak BUY accuracy at 4h.",56.5,56.5,HOLD,exchange_alert,Exchange alert: Eric Trump: The Banks That Deplatformed Us Proved Bitcoin Works  coindoo.com. Holding until market stabilises.,0,exchange_alert,,,OK_HOLD,,0,56.5,risk_block_exchange_alert,,,,,,70.0,bullish,"bearish_bos_or_choch, bullish_liquidity_sweep, price_in_discount, active_bullish_order_block, active_bearish_order_block, active_bullish_fvg, active_bearish_fvg, momentum_confirms_bullish",bullish: LH/LL/LH/HL,bullish_sweep,6 active,13 active,discount,mixed,BUY,70.0,bullish,"bearish_bos_or_choch, bullish_liquidity_sweep, price_in_discount, active_bullish_order_block, active_bearish_order_block, active_bullish_fvg, active_bearish_fvg, momentum_confirms_bullish",,,,,,,,,rsi_gte_65|fg_fear|funding_neutral|trigger_learning_only_scan|final_HOLD|claude_HOLD|candidate_HOLD|candidate_source_none,"Multiple overbought signals (RSI 70.5, Stoch K 98.6) combined with extremely low volume ratio (0.02) suggest the price move lacks conviction. Historical win rate at similar moments is only 25% with negative 1h returns, meeting the hard HOLD threshold. BTC is below EMA 200 ($80,591), adding structural resistance. AI feedback loop explicitly flags weak BUY accuracy at 4h."
72,2026-05-08T12:00:15+00:00,15m,SCORED,80228.0,2026-05-08T12:30:00+00:00,80220.9,live_15m_csv,-0.0088,learning_only_scan,65.4,38,-0.0028439999999999,HOLD,72,OK_HOLD,,tq65_shadow60_risk_v1,HOLD,none,72,"Historical win rate of 25% at similar moments triggers hard HOLD (below 35% threshold), combined with avg 1h return of -0.11% and 4h BUY accuracy at 0.0 per feedback loop. Despite bullish MACD and price above EMA 50, the evidence is strongly against entry.",56.5,56.5,HOLD,exchange_alert,Exchange alert: Eric Trump: The Banks That Deplatformed Us Proved Bitcoin Works  coindoo.com. Holding until market stabilises.,0,exchange_alert,,,OK_HOLD,,0,56.5,risk_block_exchange_alert,,,,,,70.0,bullish,"bearish_bos_or_choch, bullish_liquidity_sweep, price_in_discount, active_bullish_order_block, active_bearish_order_block, active_bullish_fvg, active_bearish_fvg, momentum_confirms_bullish",bullish: LL/LH/HL/HL,bullish_sweep,6 active,13 active,discount,mixed,BUY,70.0,bullish,"bearish_bos_or_choch, bullish_liquidity_sweep, price_in_discount, active_bullish_order_block, active_bearish_order_block, active_bullish_fvg, active_bearish_fvg, momentum_confirms_bullish",,,,,,,,,rsi_gte_65|fg_fear|funding_neutral|trigger_learning_only_scan|final_HOLD|claude_HOLD|candidate_HOLD|candidate_source_none,"Historical win rate of 25% at similar moments triggers hard HOLD (below 35% threshold), combined with avg 1h return of -0.11% and 4h BUY accuracy at 0.0 per feedback loop. Despite bullish MACD and price above EMA 50, the evidence is strongly against entry."
72,2026-05-08T12:00:15+00:00,1h,SCORED,80228.0,2026-05-08T13:00:15+00:00,80002.1,decisions,-0.2816,learning_only_scan,65.4,38,-0.0028439999999999,HOLD,72,OK_HOLD,,tq65_shadow60_risk_v1,HOLD,none,72,"Historical win rate of 25% at similar moments triggers hard HOLD (below 35% threshold), combined with avg 1h return of -0.11% and 4h BUY accuracy at 0.0 per feedback loop. Despite bullish MACD and price above EMA 50, the evidence is strongly against entry.",56.5,56.5,HOLD,exchange_alert,Exchange alert: Eric Trump: The Banks That Deplatformed Us Proved Bitcoin Works  coindoo.com. Holding until market stabilises.,0,exchange_alert,,,OK_HOLD,,0,56.5,risk_block_exchange_alert,,,,,,70.0,bullish,"bearish_bos_or_choch, bullish_liquidity_sweep, price_in_discount, active_bullish_order_block, active_bearish_order_block, active_bullish_fvg, active_bearish_fvg, momentum_confirms_bullish",bullish: LL/LH/HL/HL,bullish_sweep,6 active,13 active,discount,mixed,BUY,70.0,bullish,"bearish_bos_or_choch, bullish_liquidity_sweep, price_in_discount, active_bullish_order_block, active_bearish_order_block, active_bullish_fvg, active_bearish_fvg, momentum_confirms_bullish",,,,,,,,,rsi_gte_65|fg_fear|funding_neutral|trigger_learning_only_scan|final_HOLD|claude_HOLD|candidate_HOLD|candidate_source_none,"Historical win rate of 25% at similar moments triggers hard HOLD (below 35% threshold), combined with avg 1h return of -0.11% and 4h BUY accuracy at 0.0 per feedback loop. Despite bullish MACD and price above EMA 50, the evidence is strongly against entry."
72,2026-05-08T12:00:15+00:00,4h,SCORED,80228.0,2026-05-08T16:00:16+00:00,80146.3,decisions,-0.1018,learning_only_scan,65.4,38,-0.0028439999999999,HOLD,72,OK_HOLD,,tq65_shadow60_risk_v1,HOLD,none,72,"Historical win rate of 25% at similar moments triggers hard HOLD (below 35% threshold), combined with avg 1h return of -0.11% and 4h BUY accuracy at 0.0 per feedback loop. Despite bullish MACD and price above EMA 50, the evidence is strongly against entry.",56.5,56.5,HOLD,exchange_alert,Exchange alert: Eric Trump: The Banks That Deplatformed Us Proved Bitcoin Works  coindoo.com. Holding until market stabilises.,0,exchange_alert,,,OK_HOLD,,0,56.5,risk_block_exchange_alert,,,,,,70.0,bullish,"bearish_bos_or_choch, bullish_liquidity_sweep, price_in_discount, active_bullish_order_block, active_bearish_order_block, active_bullish_fvg, active_bearish_fvg, momentum_confirms_bullish",bullish: LL/LH/HL/HL,bullish_sweep,6 active,13 active,discount,mixed,BUY,70.0,bullish,"bearish_bos_or_choch, bullish_liquidity_sweep, price_in_discount, active_bullish_order_block, active_bearish_order_block, active_bullish_fvg, active_bearish_fvg, momentum_confirms_bullish",,,,,,,,,rsi_gte_65|fg_fear|funding_neutral|trigger_learning_only_scan|final_HOLD|claude_HOLD|candidate_HOLD|candidate_source_none,"Historical win rate of 25% at similar moments triggers hard HOLD (below 35% threshold), combined with avg 1h return of -0.11% and 4h BUY accuracy at 0.0 per feedback loop. Despite bullish MACD and price above EMA 50, the evidence is strongly against entry."
72,2026-05-08T12:00:15+00:00,24h,SCORED,80228.0,2026-05-09T12:15:00+00:00,80396.5,live_15m_csv,0.21,learning_only_scan,65.4,38,-0.0028439999999999,HOLD,72,OK_HOLD,,tq65_shadow60_risk_v1,HOLD,none,72,"Historical win rate of 25% at similar moments triggers hard HOLD (below 35% threshold), combined with avg 1h return of -0.11% and 4h BUY accuracy at 0.0 per feedback loop. Despite bullish MACD and price above EMA 50, the evidence is strongly against entry.",56.5,56.5,HOLD,exchange_alert,Exchange alert: Eric Trump: The Banks That Deplatformed Us Proved Bitcoin Works  coindoo.com. Holding until market stabilises.,0,exchange_alert,,,OK_HOLD,,0,56.5,risk_block_exchange_alert,,,,,,70.0,bullish,"bearish_bos_or_choch, bullish_liquidity_sweep, price_in_discount, active_bullish_order_block, active_bearish_order_block, active_bullish_fvg, active_bearish_fvg, momentum_confirms_bullish",bullish: LL/LH/HL/HL,bullish_sweep,6 active,13 active,discount,mixed,BUY,70.0,bullish,"bearish_bos_or_choch, bullish_liquidity_sweep, price_in_discount, active_bullish_order_block, active_bearish_order_block, active_bullish_fvg, active_bearish_fvg, momentum_confirms_bullish",,,,,,,,,rsi_gte_65|fg_fear|funding_neutral|trigger_learning_only_scan|final_HOLD|claude_HOLD|candidate_HOLD|candidate_source_none,"Historical win rate of 25% at similar moments triggers hard HOLD (below 35% threshold), combined with avg 1h return of -0.11% and 4h BUY accuracy at 0.0 per feedback loop. Despite bullish MACD and price above EMA 50, the evidence is strongly against entry."
73,2026-05-08T13:00:15+00:00,15m,SCORED,80002.1,2026-05-08T13:30:00+00:00,79575.6,live_15m_csv,-0.5331,learning_only_scan,51.1,38,-0.0028439999999999,HOLD,70,OK_HOLD,,tq65_shadow60_risk_v1,BUY,trade_quality,70,"Trade Quality Score 74.0/100 is above BUY threshold 65.0. Primary reason: quality_high. Original Claude HOLD reason: Historical evidence at similar moments shows avg 4h return of -1.26% and avg 24h return of -4.87% with 50% win rate — insufficient edge. MACD bearish divergence, near-zero volume ratio, negative funding rate with heavy long liquidations ($128M vs $25M shorts), and BTC trading below EMA 200 all suggest downside pressure. No strong catalyst for either direction.",74.0,64.0,HOLD,bb_squeeze,Bollinger Band squeeze (width=0.0091). No directional trend — skipping.,1,bb_squeeze,80002.1,74.0,OK_HOLD,,0,64.0,risk_block_bb_squeeze,BUY,74.0,quality_high,79796.63,82402.16,55.0,bearish,"bearish_bos_or_choch, bullish_liquidity_sweep, price_in_discount, active_bearish_order_block, active_bullish_fvg, active_bearish_fvg, momentum_confirms_bearish",bullish: LL/LH/HL/HL,bullish_sweep,3 active,13 active,discount,mixed,,,,,,,,,,,,,rsi_45_55|fg_fear|funding_neutral|trigger_learning_only_scan|final_HOLD|claude_HOLD|candidate_BUY|candidate_source_trade_quality,"Historical evidence at similar moments shows avg 4h return of -1.26% and avg 24h return of -4.87% with 50% win rate — insufficient edge. MACD bearish divergence, near-zero volume ratio, negative funding rate with heavy long liquidations ($128M vs $25M shorts), and BTC trading below EMA 200 all suggest downside pressure. No strong catalyst for either direction."
73,2026-05-08T13:00:15+00:00,1h,SCORED,80002.1,2026-05-08T14:15:00+00:00,80074.6,live_15m_csv,0.0906,learning_only_scan,51.1,38,-0.0028439999999999,HOLD,70,OK_HOLD,,tq65_shadow60_risk_v1,BUY,trade_quality,70,"Trade Quality Score 74.0/100 is above BUY threshold 65.0. Primary reason: quality_high. Original Claude HOLD reason: Historical evidence at similar moments shows avg 4h return of -1.26% and avg 24h return of -4.87% with 50% win rate — insufficient edge. MACD bearish divergence, near-zero volume ratio, negative funding rate with heavy long liquidations ($128M vs $25M shorts), and BTC trading below EMA 200 all suggest downside pressure. No strong catalyst for either direction.",74.0,64.0,HOLD,bb_squeeze,Bollinger Band squeeze (width=0.0091). No directional trend — skipping.,1,bb_squeeze,80002.1,74.0,OK_HOLD,,0,64.0,risk_block_bb_squeeze,BUY,74.0,quality_high,79796.63,82402.16,55.0,bearish,"bearish_bos_or_choch, bullish_liquidity_sweep, price_in_discount, active_bearish_order_block, active_bullish_fvg, active_bearish_fvg, momentum_confirms_bearish",bullish: LL/LH/HL/HL,bullish_sweep,3 active,13 active,discount,mixed,,,,,,,,,,,,,rsi_45_55|fg_fear|funding_neutral|trigger_learning_only_scan|final_HOLD|claude_HOLD|candidate_BUY|candidate_source_trade_quality,"Historical evidence at similar moments shows avg 4h return of -1.26% and avg 24h return of -4.87% with 50% win rate — insufficient edge. MACD bearish divergence, near-zero volume ratio, negative funding rate with heavy long liquidations ($128M vs $25M shorts), and BTC trading below EMA 200 all suggest downside pressure. No strong catalyst for either direction."
73,2026-05-08T13:00:15+00:00,4h,SCORED,80002.1,2026-05-08T17:15:00+00:00,79984.8,live_15m_csv,-0.0216,learning_only_scan,51.1,38,-0.0028439999999999,HOLD,70,OK_HOLD,,tq65_shadow60_risk_v1,BUY,trade_quality,70,"Trade Quality Score 74.0/100 is above BUY threshold 65.0. Primary reason: quality_high. Original Claude HOLD reason: Historical evidence at similar moments shows avg 4h return of -1.26% and avg 24h return of -4.87% with 50% win rate — insufficient edge. MACD bearish divergence, near-zero volume ratio, negative funding rate with heavy long liquidations ($128M vs $25M shorts), and BTC trading below EMA 200 all suggest downside pressure. No strong catalyst for either direction.",74.0,64.0,HOLD,bb_squeeze,Bollinger Band squeeze (width=0.0091). No directional trend — skipping.,1,bb_squeeze,80002.1,74.0,OK_HOLD,,0,64.0,risk_block_bb_squeeze,BUY,74.0,quality_high,79796.63,82402.16,55.0,bearish,"bearish_bos_or_choch, bullish_liquidity_sweep, price_in_discount, active_bearish_order_block, active_bullish_fvg, active_bearish_fvg, momentum_confirms_bearish",bullish: LL/LH/HL/HL,bullish_sweep,3 active,13 active,discount,mixed,,,,,,,,,,,,,rsi_45_55|fg_fear|funding_neutral|trigger_learning_only_scan|final_HOLD|claude_HOLD|candidate_BUY|candidate_source_trade_quality,"Historical evidence at similar moments shows avg 4h return of -1.26% and avg 24h return of -4.87% with 50% win rate — insufficient edge. MACD bearish divergence, near-zero volume ratio, negative funding rate with heavy long liquidations ($128M vs $25M shorts), and BTC trading below EMA 200 all suggest downside pressure. No strong catalyst for either direction."
73,2026-05-08T13:00:15+00:00,24h,SCORED,80002.1,2026-05-09T13:15:00+00:00,80337.9,live_15m_csv,0.4197,learning_only_scan,51.1,38,-0.0028439999999999,HOLD,70,OK_HOLD,,tq65_shadow60_risk_v1,BUY,trade_quality,70,"Trade Quality Score 74.0/100 is above BUY threshold 65.0. Primary reason: quality_high. Original Claude HOLD reason: Historical evidence at similar moments shows avg 4h return of -1.26% and avg 24h return of -4.87% with 50% win rate — insufficient edge. MACD bearish divergence, near-zero volume ratio, negative funding rate with heavy long liquidations ($128M vs $25M shorts), and BTC trading below EMA 200 all suggest downside pressure. No strong catalyst for either direction.",74.0,64.0,HOLD,bb_squeeze,Bollinger Band squeeze (width=0.0091). No directional trend — skipping.,1,bb_squeeze,80002.1,74.0,OK_HOLD,,0,64.0,risk_block_bb_squeeze,BUY,74.0,quality_high,79796.63,82402.16,55.0,bearish,"bearish_bos_or_choch, bullish_liquidity_sweep, price_in_discount, active_bearish_order_block, active_bullish_fvg, active_bearish_fvg, momentum_confirms_bearish",bullish: LL/LH/HL/HL,bullish_sweep,3 active,13 active,discount,mixed,,,,,,,,,,,,,rsi_45_55|fg_fear|funding_neutral|trigger_learning_only_scan|final_HOLD|claude_HOLD|candidate_BUY|candidate_source_trade_quality,"Historical evidence at similar moments shows avg 4h return of -1.26% and avg 24h return of -4.87% with 50% win rate — insufficient edge. MACD bearish divergence, near-zero volume ratio, negative funding rate with heavy long liquidations ($128M vs $25M shorts), and BTC trading below EMA 200 all suggest downside pressure. No strong catalyst for either direction."
74,2026-05-08T14:00:14+00:00,15m,SCORED,79665.0,2026-05-08T14:30:00+00:00,80200.0,live_15m_csv,0.6716,learning_only_scan,41.0,38,-0.0028439999999999,HOLD,72,OK_HOLD,,tq65_shadow60_risk_v1,BUY,trade_quality,72,"Trade Quality Score 71.5/100 is above BUY threshold 65.0. Primary reason: quality_high. Original Claude HOLD reason: Historical evidence is strongly bearish: avg 4h return of -5.30%, win rate 45% but past signals overwhelmingly HOLD (19/20), and current technicals confirm weakness — price below all EMAs, MACD deeply bearish, volume ratio near zero (0.01), and Stoch K at 8.8 suggesting oversold but in a downtrend. AI feedback loop flags 4h BUY accuracy at 0.0, reinforcing extreme caution on BUY calls.",71.5,61.5,HOLD,bb_squeeze,Bollinger Band squeeze (width=0.0128). No directional trend — skipping.,1,bb_squeeze,79665.0,71.5,OK_HOLD,,0,61.5,risk_block_bb_squeeze,BUY,71.5,quality_high,79420.2,82054.95,70.0,bearish,"higher_timeframe_bearish, bearish_bos_or_choch, bullish_liquidity_sweep, price_in_discount, active_bearish_order_block, active_bullish_fvg, active_bearish_fvg, momentum_confirms_bearish",bearish: LH/HL/HL/HH,bullish_sweep,3 active,10 active,discount,bearish,SELL,70.0,bearish,"higher_timeframe_bearish, bearish_bos_or_choch, bullish_liquidity_sweep, price_in_discount, active_bearish_order_block, active_bullish_fvg, active_bearish_fvg, momentum_confirms_bearish",,,,,,,,,rsi_35_45|fg_fear|funding_neutral|trigger_learning_only_scan|final_HOLD|claude_HOLD|candidate_BUY|candidate_source_trade_quality,"Historical evidence is strongly bearish: avg 4h return of -5.30%, win rate 45% but past signals overwhelmingly HOLD (19/20), and current technicals confirm weakness — price below all EMAs, MACD deeply bearish, volume ratio near zero (0.01), and Stoch K at 8.8 suggesting oversold but in a downtrend. AI feedback loop flags 4h BUY accuracy at 0.0, reinforcing extreme caution on BUY calls."
74,2026-05-08T14:00:14+00:00,1h,SCORED,79665.0,2026-05-08T15:15:00+00:00,79667.2,live_15m_csv,0.0028,learning_only_scan,41.0,38,-0.0028439999999999,HOLD,72,OK_HOLD,,tq65_shadow60_risk_v1,BUY,trade_quality,72,"Trade Quality Score 71.5/100 is above BUY threshold 65.0. Primary reason: quality_high. Original Claude HOLD reason: Historical evidence is strongly bearish: avg 4h return of -5.30%, win rate 45% but past signals overwhelmingly HOLD (19/20), and current technicals confirm weakness — price below all EMAs, MACD deeply bearish, volume ratio near zero (0.01), and Stoch K at 8.8 suggesting oversold but in a downtrend. AI feedback loop flags 4h BUY accuracy at 0.0, reinforcing extreme caution on BUY calls.",71.5,61.5,HOLD,bb_squeeze,Bollinger Band squeeze (width=0.0128). No directional trend — skipping.,1,bb_squeeze,79665.0,71.5,OK_HOLD,,0,61.5,risk_block_bb_squeeze,BUY,71.5,quality_high,79420.2,82054.95,70.0,bearish,"higher_timeframe_bearish, bearish_bos_or_choch, bullish_liquidity_sweep, price_in_discount, active_bearish_order_block, active_bullish_fvg, active_bearish_fvg, momentum_confirms_bearish",bearish: LH/HL/HL/HH,bullish_sweep,3 active,10 active,discount,bearish,SELL,70.0,bearish,"higher_timeframe_bearish, bearish_bos_or_choch, bullish_liquidity_sweep, price_in_discount, active_bearish_order_block, active_bullish_fvg, active_bearish_fvg, momentum_confirms_bearish",,,,,,,,,rsi_35_45|fg_fear|funding_neutral|trigger_learning_only_scan|final_HOLD|claude_HOLD|candidate_BUY|candidate_source_trade_quality,"Historical evidence is strongly bearish: avg 4h return of -5.30%, win rate 45% but past signals overwhelmingly HOLD (19/20), and current technicals confirm weakness — price below all EMAs, MACD deeply bearish, volume ratio near zero (0.01), and Stoch K at 8.8 suggesting oversold but in a downtrend. AI feedback loop flags 4h BUY accuracy at 0.0, reinforcing extreme caution on BUY calls."
74,2026-05-08T14:00:14+00:00,4h,SCORED,79665.0,2026-05-08T18:00:15+00:00,80059.4,decisions,0.4951,learning_only_scan,41.0,38,-0.0028439999999999,HOLD,72,OK_HOLD,,tq65_shadow60_risk_v1,BUY,trade_quality,72,"Trade Quality Score 71.5/100 is above BUY threshold 65.0. Primary reason: quality_high. Original Claude HOLD reason: Historical evidence is strongly bearish: avg 4h return of -5.30%, win rate 45% but past signals overwhelmingly HOLD (19/20), and current technicals confirm weakness — price below all EMAs, MACD deeply bearish, volume ratio near zero (0.01), and Stoch K at 8.8 suggesting oversold but in a downtrend. AI feedback loop flags 4h BUY accuracy at 0.0, reinforcing extreme caution on BUY calls.",71.5,61.5,HOLD,bb_squeeze,Bollinger Band squeeze (width=0.0128). No directional trend — skipping.,1,bb_squeeze,79665.0,71.5,OK_HOLD,,0,61.5,risk_block_bb_squeeze,BUY,71.5,quality_high,79420.2,82054.95,70.0,bearish,"higher_timeframe_bearish, bearish_bos_or_choch, bullish_liquidity_sweep, price_in_discount, active_bearish_order_block, active_bullish_fvg, active_bearish_fvg, momentum_confirms_bearish",bearish: LH/HL/HL/HH,bullish_sweep,3 active,10 active,discount,bearish,SELL,70.0,bearish,"higher_timeframe_bearish, bearish_bos_or_choch, bullish_liquidity_sweep, price_in_discount, active_bearish_order_block, active_bullish_fvg, active_bearish_fvg, momentum_confirms_bearish",,,,,,,,,rsi_35_45|fg_fear|funding_neutral|trigger_learning_only_scan|final_HOLD|claude_HOLD|candidate_BUY|candidate_source_trade_quality,"Historical evidence is strongly bearish: avg 4h return of -5.30%, win rate 45% but past signals overwhelmingly HOLD (19/20), and current technicals confirm weakness — price below all EMAs, MACD deeply bearish, volume ratio near zero (0.01), and Stoch K at 8.8 suggesting oversold but in a downtrend. AI feedback loop flags 4h BUY accuracy at 0.0, reinforcing extreme caution on BUY calls."
74,2026-05-08T14:00:14+00:00,24h,SCORED,79665.0,2026-05-09T14:15:00+00:00,80328.4,live_15m_csv,0.8327,learning_only_scan,41.0,38,-0.0028439999999999,HOLD,72,OK_HOLD,,tq65_shadow60_risk_v1,BUY,trade_quality,72,"Trade Quality Score 71.5/100 is above BUY threshold 65.0. Primary reason: quality_high. Original Claude HOLD reason: Historical evidence is strongly bearish: avg 4h return of -5.30%, win rate 45% but past signals overwhelmingly HOLD (19/20), and current technicals confirm weakness — price below all EMAs, MACD deeply bearish, volume ratio near zero (0.01), and Stoch K at 8.8 suggesting oversold but in a downtrend. AI feedback loop flags 4h BUY accuracy at 0.0, reinforcing extreme caution on BUY calls.",71.5,61.5,HOLD,bb_squeeze,Bollinger Band squeeze (width=0.0128). No directional trend — skipping.,1,bb_squeeze,79665.0,71.5,OK_HOLD,,0,61.5,risk_block_bb_squeeze,BUY,71.5,quality_high,79420.2,82054.95,70.0,bearish,"higher_timeframe_bearish, bearish_bos_or_choch, bullish_liquidity_sweep, price_in_discount, active_bearish_order_block, active_bullish_fvg, active_bearish_fvg, momentum_confirms_bearish",bearish: LH/HL/HL/HH,bullish_sweep,3 active,10 active,discount,bearish,SELL,70.0,bearish,"higher_timeframe_bearish, bearish_bos_or_choch, bullish_liquidity_sweep, price_in_discount, active_bearish_order_block, active_bullish_fvg, active_bearish_fvg, momentum_confirms_bearish",,,,,,,,,rsi_35_45|fg_fear|funding_neutral|trigger_learning_only_scan|final_HOLD|claude_HOLD|candidate_BUY|candidate_source_trade_quality,"Historical evidence is strongly bearish: avg 4h return of -5.30%, win rate 45% but past signals overwhelmingly HOLD (19/20), and current technicals confirm weakness — price below all EMAs, MACD deeply bearish, volume ratio near zero (0.01), and Stoch K at 8.8 suggesting oversold but in a downtrend. AI feedback loop flags 4h BUY accuracy at 0.0, reinforcing extreme caution on BUY calls."
75,2026-05-08T15:00:13+00:00,15m,SCORED,80138.6,2026-05-08T15:30:00+00:00,79960.5,live_15m_csv,-0.2222,learning_only_scan,57.1,38,0.0015095,HOLD,72,OK_HOLD,,tq65_shadow60_risk_v1,BUY,trade_quality,72,"Trade Quality Score 78.0/100 is above BUY threshold 65.0. Primary reason: quality_high. Original Claude HOLD reason: Historical win rate of 20% with avg 1h return of -0.57% is well below the 35% threshold, and all 20 similar past moments resulted in HOLD. Volume ratio of 0.01 signals near-zero conviction in any directional move. BTC is below EMA 200 ($80,558) and the BB squeeze hasn't resolved with confirming volume.",78.0,68.0,HOLD,bb_squeeze,Bollinger Band squeeze (width=0.0121). No directional trend — skipping.,1,bb_squeeze,80138.6,78.0,OK_HOLD,,0,68.0,risk_block_bb_squeeze,BUY,78.0,quality_high,79829.83,82542.76,60.0,bearish,"higher_timeframe_bearish, bearish_bos_or_choch, bullish_liquidity_sweep, price_in_discount, active_bearish_order_block, active_bullish_fvg, active_bearish_fvg, momentum_confirms_bullish",bearish: LH/HL/HL/HH,bullish_sweep,3 active,8 active,discount,bearish,SELL,60.0,bearish,"higher_timeframe_bearish, bearish_bos_or_choch, bullish_liquidity_sweep, price_in_discount, active_bearish_order_block, active_bullish_fvg, active_bearish_fvg, momentum_confirms_bullish",,,,,,,,,rsi_55_65|fg_fear|funding_positive|trigger_learning_only_scan|final_HOLD|claude_HOLD|candidate_BUY|candidate_source_trade_quality,"Historical win rate of 20% with avg 1h return of -0.57% is well below the 35% threshold, and all 20 similar past moments resulted in HOLD. Volume ratio of 0.01 signals near-zero conviction in any directional move. BTC is below EMA 200 ($80,558) and the BB squeeze hasn't resolved with confirming volume."
75,2026-05-08T15:00:13+00:00,1h,SCORED,80138.6,2026-05-08T16:00:16+00:00,80146.3,decisions,0.0096,learning_only_scan,57.1,38,0.0015095,HOLD,72,OK_HOLD,,tq65_shadow60_risk_v1,BUY,trade_quality,72,"Trade Quality Score 78.0/100 is above BUY threshold 65.0. Primary reason: quality_high. Original Claude HOLD reason: Historical win rate of 20% with avg 1h return of -0.57% is well below the 35% threshold, and all 20 similar past moments resulted in HOLD. Volume ratio of 0.01 signals near-zero conviction in any directional move. BTC is below EMA 200 ($80,558) and the BB squeeze hasn't resolved with confirming volume.",78.0,68.0,HOLD,bb_squeeze,Bollinger Band squeeze (width=0.0121). No directional trend — skipping.,1,bb_squeeze,80138.6,78.0,OK_HOLD,,0,68.0,risk_block_bb_squeeze,BUY,78.0,quality_high,79829.83,82542.76,60.0,bearish,"higher_timeframe_bearish, bearish_bos_or_choch, bullish_liquidity_sweep, price_in_discount, active_bearish_order_block, active_bullish_fvg, active_bearish_fvg, momentum_confirms_bullish",bearish: LH/HL/HL/HH,bullish_sweep,3 active,8 active,discount,bearish,SELL,60.0,bearish,"higher_timeframe_bearish, bearish_bos_or_choch, bullish_liquidity_sweep, price_in_discount, active_bearish_order_block, active_bullish_fvg, active_bearish_fvg, momentum_confirms_bullish",,,,,,,,,rsi_55_65|fg_fear|funding_positive|trigger_learning_only_scan|final_HOLD|claude_HOLD|candidate_BUY|candidate_source_trade_quality,"Historical win rate of 20% with avg 1h return of -0.57% is well below the 35% threshold, and all 20 similar past moments resulted in HOLD. Volume ratio of 0.01 signals near-zero conviction in any directional move. BTC is below EMA 200 ($80,558) and the BB squeeze hasn't resolved with confirming volume."
75,2026-05-08T15:00:13+00:00,4h,SCORED,80138.6,2026-05-08T19:00:14+00:00,80059.4,decisions,-0.0988,learning_only_scan,57.1,38,0.0015095,HOLD,72,OK_HOLD,,tq65_shadow60_risk_v1,BUY,trade_quality,72,"Trade Quality Score 78.0/100 is above BUY threshold 65.0. Primary reason: quality_high. Original Claude HOLD reason: Historical win rate of 20% with avg 1h return of -0.57% is well below the 35% threshold, and all 20 similar past moments resulted in HOLD. Volume ratio of 0.01 signals near-zero conviction in any directional move. BTC is below EMA 200 ($80,558) and the BB squeeze hasn't resolved with confirming volume.",78.0,68.0,HOLD,bb_squeeze,Bollinger Band squeeze (width=0.0121). No directional trend — skipping.,1,bb_squeeze,80138.6,78.0,OK_HOLD,,0,68.0,risk_block_bb_squeeze,BUY,78.0,quality_high,79829.83,82542.76,60.0,bearish,"higher_timeframe_bearish, bearish_bos_or_choch, bullish_liquidity_sweep, price_in_discount, active_bearish_order_block, active_bullish_fvg, active_bearish_fvg, momentum_confirms_bullish",bearish: LH/HL/HL/HH,bullish_sweep,3 active,8 active,discount,bearish,SELL,60.0,bearish,"higher_timeframe_bearish, bearish_bos_or_choch, bullish_liquidity_sweep, price_in_discount, active_bearish_order_block, active_bullish_fvg, active_bearish_fvg, momentum_confirms_bullish",,,,,,,,,rsi_55_65|fg_fear|funding_positive|trigger_learning_only_scan|final_HOLD|claude_HOLD|candidate_BUY|candidate_source_trade_quality,"Historical win rate of 20% with avg 1h return of -0.57% is well below the 35% threshold, and all 20 similar past moments resulted in HOLD. Volume ratio of 0.01 signals near-zero conviction in any directional move. BTC is below EMA 200 ($80,558) and the BB squeeze hasn't resolved with confirming volume."
75,2026-05-08T15:00:13+00:00,24h,SCORED,80138.6,2026-05-09T15:00:14+00:00,80321.9,decisions,0.2287,learning_only_scan,57.1,38,0.0015095,HOLD,72,OK_HOLD,,tq65_shadow60_risk_v1,BUY,trade_quality,72,"Trade Quality Score 78.0/100 is above BUY threshold 65.0. Primary reason: quality_high. Original Claude HOLD reason: Historical win rate of 20% with avg 1h return of -0.57% is well below the 35% threshold, and all 20 similar past moments resulted in HOLD. Volume ratio of 0.01 signals near-zero conviction in any directional move. BTC is below EMA 200 ($80,558) and the BB squeeze hasn't resolved with confirming volume.",78.0,68.0,HOLD,bb_squeeze,Bollinger Band squeeze (width=0.0121). No directional trend — skipping.,1,bb_squeeze,80138.6,78.0,OK_HOLD,,0,68.0,risk_block_bb_squeeze,BUY,78.0,quality_high,79829.83,82542.76,60.0,bearish,"higher_timeframe_bearish, bearish_bos_or_choch, bullish_liquidity_sweep, price_in_discount, active_bearish_order_block, active_bullish_fvg, active_bearish_fvg, momentum_confirms_bullish",bearish: LH/HL/HL/HH,bullish_sweep,3 active,8 active,discount,bearish,SELL,60.0,bearish,"higher_timeframe_bearish, bearish_bos_or_choch, bullish_liquidity_sweep, price_in_discount, active_bearish_order_block, active_bullish_fvg, active_bearish_fvg, momentum_confirms_bullish",,,,,,,,,rsi_55_65|fg_fear|funding_positive|trigger_learning_only_scan|final_HOLD|claude_HOLD|candidate_BUY|candidate_source_trade_quality,"Historical win rate of 20% with avg 1h return of -0.57% is well below the 35% threshold, and all 20 similar past moments resulted in HOLD. Volume ratio of 0.01 signals near-zero conviction in any directional move. BTC is below EMA 200 ($80,558) and the BB squeeze hasn't resolved with confirming volume."
76,2026-05-08T16:00:16+00:00,15m,SCORED,80146.3,2026-05-08T16:30:00+00:00,79790.2,live_15m_csv,-0.4443,learning_only_scan,55.9,38,0.0015095,HOLD,72,OK_HOLD,,tq65_shadow60_risk_v1,BUY,trade_quality,72,"Trade Quality Score 78.0/100 is above BUY threshold 65.0. Primary reason: quality_high. Original Claude HOLD reason: Historical evidence is decisive: 20/20 similar past moments resulted in HOLD, with a 20% win rate (well below the 35% threshold), average 1h return of -0.57%, and a worst-case 4h drawdown of -21.11%. Combined with extremely low volume ratio (0.06), price below EMA 200, AI feedback flagging weak BUY accuracy at 4h, and Bollinger Band squeeze suggesting indecision rather than breakout, there is no strong confirmation to deviate from default.",78.0,68.0,HOLD,bb_squeeze,Bollinger Band squeeze (width=0.0124). No directional trend — skipping.,1,bb_squeeze,80146.3,78.0,OK_HOLD,,0,68.0,risk_block_bb_squeeze,BUY,78.0,quality_high,79805.25,82550.69,60.0,bearish,"higher_timeframe_bearish, bearish_bos_or_choch, bullish_liquidity_sweep, price_in_discount, active_bearish_order_block, active_bullish_fvg, active_bearish_fvg, momentum_confirms_bullish",bearish: HL/HH/LL/LH,bullish_sweep,3 active,8 active,discount,bearish,SELL,60.0,bearish,"higher_timeframe_bearish, bearish_bos_or_choch, bullish_liquidity_sweep, price_in_discount, active_bearish_order_block, active_bullish_fvg, active_bearish_fvg, momentum_confirms_bullish",,,,,,,,,rsi_55_65|fg_fear|funding_positive|trigger_learning_only_scan|final_HOLD|claude_HOLD|candidate_BUY|candidate_source_trade_quality,"Historical evidence is decisive: 20/20 similar past moments resulted in HOLD, with a 20% win rate (well below the 35% threshold), average 1h return of -0.57%, and a worst-case 4h drawdown of -21.11%. Combined with extremely low volume ratio (0.06), price below EMA 200, AI feedback flagging weak BUY accuracy at 4h, and Bollinger Band squeeze suggesting indecision rather than breakout, there is no strong confirmation to deviate from default."
76,2026-05-08T16:00:16+00:00,1h,SCORED,80146.3,2026-05-08T17:15:00+00:00,79984.8,live_15m_csv,-0.2015,learning_only_scan,55.9,38,0.0015095,HOLD,72,OK_HOLD,,tq65_shadow60_risk_v1,BUY,trade_quality,72,"Trade Quality Score 78.0/100 is above BUY threshold 65.0. Primary reason: quality_high. Original Claude HOLD reason: Historical evidence is decisive: 20/20 similar past moments resulted in HOLD, with a 20% win rate (well below the 35% threshold), average 1h return of -0.57%, and a worst-case 4h drawdown of -21.11%. Combined with extremely low volume ratio (0.06), price below EMA 200, AI feedback flagging weak BUY accuracy at 4h, and Bollinger Band squeeze suggesting indecision rather than breakout, there is no strong confirmation to deviate from default.",78.0,68.0,HOLD,bb_squeeze,Bollinger Band squeeze (width=0.0124). No directional trend — skipping.,1,bb_squeeze,80146.3,78.0,OK_HOLD,,0,68.0,risk_block_bb_squeeze,BUY,78.0,quality_high,79805.25,82550.69,60.0,bearish,"higher_timeframe_bearish, bearish_bos_or_choch, bullish_liquidity_sweep, price_in_discount, active_bearish_order_block, active_bullish_fvg, active_bearish_fvg, momentum_confirms_bullish",bearish: HL/HH/LL/LH,bullish_sweep,3 active,8 active,discount,bearish,SELL,60.0,bearish,"higher_timeframe_bearish, bearish_bos_or_choch, bullish_liquidity_sweep, price_in_discount, active_bearish_order_block, active_bullish_fvg, active_bearish_fvg, momentum_confirms_bullish",,,,,,,,,rsi_55_65|fg_fear|funding_positive|trigger_learning_only_scan|final_HOLD|claude_HOLD|candidate_BUY|candidate_source_trade_quality,"Historical evidence is decisive: 20/20 similar past moments resulted in HOLD, with a 20% win rate (well below the 35% threshold), average 1h return of -0.57%, and a worst-case 4h drawdown of -21.11%. Combined with extremely low volume ratio (0.06), price below EMA 200, AI feedback flagging weak BUY accuracy at 4h, and Bollinger Band squeeze suggesting indecision rather than breakout, there is no strong confirmation to deviate from default."
76,2026-05-08T16:00:16+00:00,4h,SCORED,80146.3,2026-05-08T20:15:00+00:00,80251.0,live_15m_csv,0.1306,learning_only_scan,55.9,38,0.0015095,HOLD,72,OK_HOLD,,tq65_shadow60_risk_v1,BUY,trade_quality,72,"Trade Quality Score 78.0/100 is above BUY threshold 65.0. Primary reason: quality_high. Original Claude HOLD reason: Historical evidence is decisive: 20/20 similar past moments resulted in HOLD, with a 20% win rate (well below the 35% threshold), average 1h return of -0.57%, and a worst-case 4h drawdown of -21.11%. Combined with extremely low volume ratio (0.06), price below EMA 200, AI feedback flagging weak BUY accuracy at 4h, and Bollinger Band squeeze suggesting indecision rather than breakout, there is no strong confirmation to deviate from default.",78.0,68.0,HOLD,bb_squeeze,Bollinger Band squeeze (width=0.0124). No directional trend — skipping.,1,bb_squeeze,80146.3,78.0,OK_HOLD,,0,68.0,risk_block_bb_squeeze,BUY,78.0,quality_high,79805.25,82550.69,60.0,bearish,"higher_timeframe_bearish, bearish_bos_or_choch, bullish_liquidity_sweep, price_in_discount, active_bearish_order_block, active_bullish_fvg, active_bearish_fvg, momentum_confirms_bullish",bearish: HL/HH/LL/LH,bullish_sweep,3 active,8 active,discount,bearish,SELL,60.0,bearish,"higher_timeframe_bearish, bearish_bos_or_choch, bullish_liquidity_sweep, price_in_discount, active_bearish_order_block, active_bullish_fvg, active_bearish_fvg, momentum_confirms_bullish",,,,,,,,,rsi_55_65|fg_fear|funding_positive|trigger_learning_only_scan|final_HOLD|claude_HOLD|candidate_BUY|candidate_source_trade_quality,"Historical evidence is decisive: 20/20 similar past moments resulted in HOLD, with a 20% win rate (well below the 35% threshold), average 1h return of -0.57%, and a worst-case 4h drawdown of -21.11%. Combined with extremely low volume ratio (0.06), price below EMA 200, AI feedback flagging weak BUY accuracy at 4h, and Bollinger Band squeeze suggesting indecision rather than breakout, there is no strong confirmation to deviate from default."
76,2026-05-08T16:00:16+00:00,24h,SCORED,80146.3,2026-05-09T16:15:00+00:00,80637.6,live_15m_csv,0.613,learning_only_scan,55.9,38,0.0015095,HOLD,72,OK_HOLD,,tq65_shadow60_risk_v1,BUY,trade_quality,72,"Trade Quality Score 78.0/100 is above BUY threshold 65.0. Primary reason: quality_high. Original Claude HOLD reason: Historical evidence is decisive: 20/20 similar past moments resulted in HOLD, with a 20% win rate (well below the 35% threshold), average 1h return of -0.57%, and a worst-case 4h drawdown of -21.11%. Combined with extremely low volume ratio (0.06), price below EMA 200, AI feedback flagging weak BUY accuracy at 4h, and Bollinger Band squeeze suggesting indecision rather than breakout, there is no strong confirmation to deviate from default.",78.0,68.0,HOLD,bb_squeeze,Bollinger Band squeeze (width=0.0124). No directional trend — skipping.,1,bb_squeeze,80146.3,78.0,OK_HOLD,,0,68.0,risk_block_bb_squeeze,BUY,78.0,quality_high,79805.25,82550.69,60.0,bearish,"higher_timeframe_bearish, bearish_bos_or_choch, bullish_liquidity_sweep, price_in_discount, active_bearish_order_block, active_bullish_fvg, active_bearish_fvg, momentum_confirms_bullish",bearish: HL/HH/LL/LH,bullish_sweep,3 active,8 active,discount,bearish,SELL,60.0,bearish,"higher_timeframe_bearish, bearish_bos_or_choch, bullish_liquidity_sweep, price_in_discount, active_bearish_order_block, active_bullish_fvg, active_bearish_fvg, momentum_confirms_bullish",,,,,,,,,rsi_55_65|fg_fear|funding_positive|trigger_learning_only_scan|final_HOLD|claude_HOLD|candidate_BUY|candidate_source_trade_quality,"Historical evidence is decisive: 20/20 similar past moments resulted in HOLD, with a 20% win rate (well below the 35% threshold), average 1h return of -0.57%, and a worst-case 4h drawdown of -21.11%. Combined with extremely low volume ratio (0.06), price below EMA 200, AI feedback flagging weak BUY accuracy at 4h, and Bollinger Band squeeze suggesting indecision rather than breakout, there is no strong confirmation to deviate from default."
77,2026-05-08T17:00:14+00:00,15m,SCORED,79776.1,2026-05-08T17:30:00+00:00,80099.9,live_15m_csv,0.4059,learning_only_scan,45.8,38,0.0015095,HOLD,65,OK_HOLD,,tq65_shadow60_risk_v1,BUY,trade_quality,65,"Trade Quality Score 75.0/100 is above BUY threshold 65.0. Primary reason: quality_high. Original Claude HOLD reason: Multiple bearish signals converge: MACD deeply negative (-18.92 vs signal 5.77), price below EMA 20/50/200, near-zero volume ratio (0.04) indicating no conviction, and critically the historical 4h average return is -4.99% in similar conditions. AI feedback loop confirms 0.0 accuracy on recent BUY calls. No edge to enter.",75.0,65.0,HOLD,bb_squeeze,Bollinger Band squeeze (width=0.0110). No directional trend — skipping.,1,bb_squeeze,79776.1,75.0,OK_HOLD,,0,65.0,risk_block_bb_squeeze,BUY,75.0,quality_high,79469.73,82169.38,70.0,bearish,"higher_timeframe_bearish, bearish_bos_or_choch, bullish_liquidity_sweep, price_in_discount, active_bearish_order_block, active_bullish_fvg, active_bearish_fvg, momentum_confirms_bearish",bearish: HH/LL/LH/HL,bullish_sweep,3 active,9 active,discount,bearish,SELL,70.0,bearish,"higher_timeframe_bearish, bearish_bos_or_choch, bullish_liquidity_sweep, price_in_discount, active_bearish_order_block, active_bullish_fvg, active_bearish_fvg, momentum_confirms_bearish",,,,,,,,,rsi_45_55|fg_fear|funding_positive|trigger_learning_only_scan|final_HOLD|claude_HOLD|candidate_BUY|candidate_source_trade_quality,"Multiple bearish signals converge: MACD deeply negative (-18.92 vs signal 5.77), price below EMA 20/50/200, near-zero volume ratio (0.04) indicating no conviction, and critically the historical 4h average return is -4.99% in similar conditions. AI feedback loop confirms 0.0 accuracy on recent BUY calls. No edge to enter."
77,2026-05-08T17:00:14+00:00,1h,SCORED,79776.1,2026-05-08T18:00:15+00:00,80059.4,decisions,0.3551,learning_only_scan,45.8,38,0.0015095,HOLD,65,OK_HOLD,,tq65_shadow60_risk_v1,BUY,trade_quality,65,"Trade Quality Score 75.0/100 is above BUY threshold 65.0. Primary reason: quality_high. Original Claude HOLD reason: Multiple bearish signals converge: MACD deeply negative (-18.92 vs signal 5.77), price below EMA 20/50/200, near-zero volume ratio (0.04) indicating no conviction, and critically the historical 4h average return is -4.99% in similar conditions. AI feedback loop confirms 0.0 accuracy on recent BUY calls. No edge to enter.",75.0,65.0,HOLD,bb_squeeze,Bollinger Band squeeze (width=0.0110). No directional trend — skipping.,1,bb_squeeze,79776.1,75.0,OK_HOLD,,0,65.0,risk_block_bb_squeeze,BUY,75.0,quality_high,79469.73,82169.38,70.0,bearish,"higher_timeframe_bearish, bearish_bos_or_choch, bullish_liquidity_sweep, price_in_discount, active_bearish_order_block, active_bullish_fvg, active_bearish_fvg, momentum_confirms_bearish",bearish: HH/LL/LH/HL,bullish_sweep,3 active,9 active,discount,bearish,SELL,70.0,bearish,"higher_timeframe_bearish, bearish_bos_or_choch, bullish_liquidity_sweep, price_in_discount, active_bearish_order_block, active_bullish_fvg, active_bearish_fvg, momentum_confirms_bearish",,,,,,,,,rsi_45_55|fg_fear|funding_positive|trigger_learning_only_scan|final_HOLD|claude_HOLD|candidate_BUY|candidate_source_trade_quality,"Multiple bearish signals converge: MACD deeply negative (-18.92 vs signal 5.77), price below EMA 20/50/200, near-zero volume ratio (0.04) indicating no conviction, and critically the historical 4h average return is -4.99% in similar conditions. AI feedback loop confirms 0.0 accuracy on recent BUY calls. No edge to enter."
77,2026-05-08T17:00:14+00:00,4h,SCORED,79776.1,2026-05-08T21:00:17+00:00,80124.4,decisions,0.4366,learning_only_scan,45.8,38,0.0015095,HOLD,65,OK_HOLD,,tq65_shadow60_risk_v1,BUY,trade_quality,65,"Trade Quality Score 75.0/100 is above BUY threshold 65.0. Primary reason: quality_high. Original Claude HOLD reason: Multiple bearish signals converge: MACD deeply negative (-18.92 vs signal 5.77), price below EMA 20/50/200, near-zero volume ratio (0.04) indicating no conviction, and critically the historical 4h average return is -4.99% in similar conditions. AI feedback loop confirms 0.0 accuracy on recent BUY calls. No edge to enter.",75.0,65.0,HOLD,bb_squeeze,Bollinger Band squeeze (width=0.0110). No directional trend — skipping.,1,bb_squeeze,79776.1,75.0,OK_HOLD,,0,65.0,risk_block_bb_squeeze,BUY,75.0,quality_high,79469.73,82169.38,70.0,bearish,"higher_timeframe_bearish, bearish_bos_or_choch, bullish_liquidity_sweep, price_in_discount, active_bearish_order_block, active_bullish_fvg, active_bearish_fvg, momentum_confirms_bearish",bearish: HH/LL/LH/HL,bullish_sweep,3 active,9 active,discount,bearish,SELL,70.0,bearish,"higher_timeframe_bearish, bearish_bos_or_choch, bullish_liquidity_sweep, price_in_discount, active_bearish_order_block, active_bullish_fvg, active_bearish_fvg, momentum_confirms_bearish",,,,,,,,,rsi_45_55|fg_fear|funding_positive|trigger_learning_only_scan|final_HOLD|claude_HOLD|candidate_BUY|candidate_source_trade_quality,"Multiple bearish signals converge: MACD deeply negative (-18.92 vs signal 5.77), price below EMA 20/50/200, near-zero volume ratio (0.04) indicating no conviction, and critically the historical 4h average return is -4.99% in similar conditions. AI feedback loop confirms 0.0 accuracy on recent BUY calls. No edge to enter."
77,2026-05-08T17:00:14+00:00,24h,SCORED,79776.1,2026-05-09T17:00:15+00:00,80607.7,decisions,1.0424,learning_only_scan,45.8,38,0.0015095,HOLD,65,OK_HOLD,,tq65_shadow60_risk_v1,BUY,trade_quality,65,"Trade Quality Score 75.0/100 is above BUY threshold 65.0. Primary reason: quality_high. Original Claude HOLD reason: Multiple bearish signals converge: MACD deeply negative (-18.92 vs signal 5.77), price below EMA 20/50/200, near-zero volume ratio (0.04) indicating no conviction, and critically the historical 4h average return is -4.99% in similar conditions. AI feedback loop confirms 0.0 accuracy on recent BUY calls. No edge to enter.",75.0,65.0,HOLD,bb_squeeze,Bollinger Band squeeze (width=0.0110). No directional trend — skipping.,1,bb_squeeze,79776.1,75.0,OK_HOLD,,0,65.0,risk_block_bb_squeeze,BUY,75.0,quality_high,79469.73,82169.38,70.0,bearish,"higher_timeframe_bearish, bearish_bos_or_choch, bullish_liquidity_sweep, price_in_discount, active_bearish_order_block, active_bullish_fvg, active_bearish_fvg, momentum_confirms_bearish",bearish: HH/LL/LH/HL,bullish_sweep,3 active,9 active,discount,bearish,SELL,70.0,bearish,"higher_timeframe_bearish, bearish_bos_or_choch, bullish_liquidity_sweep, price_in_discount, active_bearish_order_block, active_bullish_fvg, active_bearish_fvg, momentum_confirms_bearish",,,,,,,,,rsi_45_55|fg_fear|funding_positive|trigger_learning_only_scan|final_HOLD|claude_HOLD|candidate_BUY|candidate_source_trade_quality,"Multiple bearish signals converge: MACD deeply negative (-18.92 vs signal 5.77), price below EMA 20/50/200, near-zero volume ratio (0.04) indicating no conviction, and critically the historical 4h average return is -4.99% in similar conditions. AI feedback loop confirms 0.0 accuracy on recent BUY calls. No edge to enter."
78,2026-05-08T18:00:15+00:00,15m,SCORED,80059.4,2026-05-08T18:30:00+00:00,80153.8,live_15m_csv,0.1179,learning_only_scan,54.2,38,0.0015095,HOLD,72,OK_HOLD,,tq65_shadow60_risk_v1,BUY,trade_quality,72,"Trade Quality Score 82.0/100 is above BUY threshold 65.0. Primary reason: quality_high. Original Claude HOLD reason: Historical evidence is strongly against entry: 20% win rate with negative 1h average return (-0.57%) and all 20 similar past moments resulted in HOLD. AI feedback confirms Claude BUY accuracy at 4h is 0.0. Volume ratio is critically low at 0.01, indicating no conviction behind current price action. Price is below EMA 200 ($80,520), adding bearish structural pressure. BB squeeze may precede a move but direction is indeterminate without volume.",82.0,72.0,HOLD,bb_squeeze,Bollinger Band squeeze (width=0.0094). No directional trend — skipping.,1,bb_squeeze,80059.4,82.0,OK_HOLD,,0,72.0,risk_block_bb_squeeze,BUY,82.0,quality_high,79751.48,82461.18,60.0,bearish,"higher_timeframe_bearish, bearish_bos_or_choch, bullish_liquidity_sweep, price_in_discount, active_bearish_order_block, active_bullish_fvg, active_bearish_fvg, momentum_confirms_bullish",bearish: HH/LL/LH/HL,bullish_sweep,3 active,8 active,discount,bearish,SELL,60.0,bearish,"higher_timeframe_bearish, bearish_bos_or_choch, bullish_liquidity_sweep, price_in_discount, active_bearish_order_block, active_bullish_fvg, active_bearish_fvg, momentum_confirms_bullish",,,,,,,,,rsi_45_55|fg_fear|funding_positive|trigger_learning_only_scan|final_HOLD|claude_HOLD|candidate_BUY|candidate_source_trade_quality,"Historical evidence is strongly against entry: 20% win rate with negative 1h average return (-0.57%) and all 20 similar past moments resulted in HOLD. AI feedback confirms Claude BUY accuracy at 4h is 0.0. Volume ratio is critically low at 0.01, indicating no conviction behind current price action. Price is below EMA 200 ($80,520), adding bearish structural pressure. BB squeeze may precede a move but direction is indeterminate without volume."
78,2026-05-08T18:00:15+00:00,1h,SCORED,80059.4,2026-05-08T19:15:00+00:00,80007.1,live_15m_csv,-0.0653,learning_only_scan,54.2,38,0.0015095,HOLD,72,OK_HOLD,,tq65_shadow60_risk_v1,BUY,trade_quality,72,"Trade Quality Score 82.0/100 is above BUY threshold 65.0. Primary reason: quality_high. Original Claude HOLD reason: Historical evidence is strongly against entry: 20% win rate with negative 1h average return (-0.57%) and all 20 similar past moments resulted in HOLD. AI feedback confirms Claude BUY accuracy at 4h is 0.0. Volume ratio is critically low at 0.01, indicating no conviction behind current price action. Price is below EMA 200 ($80,520), adding bearish structural pressure. BB squeeze may precede a move but direction is indeterminate without volume.",82.0,72.0,HOLD,bb_squeeze,Bollinger Band squeeze (width=0.0094). No directional trend — skipping.,1,bb_squeeze,80059.4,82.0,OK_HOLD,,0,72.0,risk_block_bb_squeeze,BUY,82.0,quality_high,79751.48,82461.18,60.0,bearish,"higher_timeframe_bearish, bearish_bos_or_choch, bullish_liquidity_sweep, price_in_discount, active_bearish_order_block, active_bullish_fvg, active_bearish_fvg, momentum_confirms_bullish",bearish: HH/LL/LH/HL,bullish_sweep,3 active,8 active,discount,bearish,SELL,60.0,bearish,"higher_timeframe_bearish, bearish_bos_or_choch, bullish_liquidity_sweep, price_in_discount, active_bearish_order_block, active_bullish_fvg, active_bearish_fvg, momentum_confirms_bullish",,,,,,,,,rsi_45_55|fg_fear|funding_positive|trigger_learning_only_scan|final_HOLD|claude_HOLD|candidate_BUY|candidate_source_trade_quality,"Historical evidence is strongly against entry: 20% win rate with negative 1h average return (-0.57%) and all 20 similar past moments resulted in HOLD. AI feedback confirms Claude BUY accuracy at 4h is 0.0. Volume ratio is critically low at 0.01, indicating no conviction behind current price action. Price is below EMA 200 ($80,520), adding bearish structural pressure. BB squeeze may precede a move but direction is indeterminate without volume."
78,2026-05-08T18:00:15+00:00,4h,SCORED,80059.4,2026-05-08T22:15:00+00:00,80347.2,live_15m_csv,0.3595,learning_only_scan,54.2,38,0.0015095,HOLD,72,OK_HOLD,,tq65_shadow60_risk_v1,BUY,trade_quality,72,"Trade Quality Score 82.0/100 is above BUY threshold 65.0. Primary reason: quality_high. Original Claude HOLD reason: Historical evidence is strongly against entry: 20% win rate with negative 1h average return (-0.57%) and all 20 similar past moments resulted in HOLD. AI feedback confirms Claude BUY accuracy at 4h is 0.0. Volume ratio is critically low at 0.01, indicating no conviction behind current price action. Price is below EMA 200 ($80,520), adding bearish structural pressure. BB squeeze may precede a move but direction is indeterminate without volume.",82.0,72.0,HOLD,bb_squeeze,Bollinger Band squeeze (width=0.0094). No directional trend — skipping.,1,bb_squeeze,80059.4,82.0,OK_HOLD,,0,72.0,risk_block_bb_squeeze,BUY,82.0,quality_high,79751.48,82461.18,60.0,bearish,"higher_timeframe_bearish, bearish_bos_or_choch, bullish_liquidity_sweep, price_in_discount, active_bearish_order_block, active_bullish_fvg, active_bearish_fvg, momentum_confirms_bullish",bearish: HH/LL/LH/HL,bullish_sweep,3 active,8 active,discount,bearish,SELL,60.0,bearish,"higher_timeframe_bearish, bearish_bos_or_choch, bullish_liquidity_sweep, price_in_discount, active_bearish_order_block, active_bullish_fvg, active_bearish_fvg, momentum_confirms_bullish",,,,,,,,,rsi_45_55|fg_fear|funding_positive|trigger_learning_only_scan|final_HOLD|claude_HOLD|candidate_BUY|candidate_source_trade_quality,"Historical evidence is strongly against entry: 20% win rate with negative 1h average return (-0.57%) and all 20 similar past moments resulted in HOLD. AI feedback confirms Claude BUY accuracy at 4h is 0.0. Volume ratio is critically low at 0.01, indicating no conviction behind current price action. Price is below EMA 200 ($80,520), adding bearish structural pressure. BB squeeze may precede a move but direction is indeterminate without volume."
78,2026-05-08T18:00:15+00:00,24h,SCORED,80059.4,2026-05-09T18:00:24+00:00,80800.0,decisions,0.9251,learning_only_scan,54.2,38,0.0015095,HOLD,72,OK_HOLD,,tq65_shadow60_risk_v1,BUY,trade_quality,72,"Trade Quality Score 82.0/100 is above BUY threshold 65.0. Primary reason: quality_high. Original Claude HOLD reason: Historical evidence is strongly against entry: 20% win rate with negative 1h average return (-0.57%) and all 20 similar past moments resulted in HOLD. AI feedback confirms Claude BUY accuracy at 4h is 0.0. Volume ratio is critically low at 0.01, indicating no conviction behind current price action. Price is below EMA 200 ($80,520), adding bearish structural pressure. BB squeeze may precede a move but direction is indeterminate without volume.",82.0,72.0,HOLD,bb_squeeze,Bollinger Band squeeze (width=0.0094). No directional trend — skipping.,1,bb_squeeze,80059.4,82.0,OK_HOLD,,0,72.0,risk_block_bb_squeeze,BUY,82.0,quality_high,79751.48,82461.18,60.0,bearish,"higher_timeframe_bearish, bearish_bos_or_choch, bullish_liquidity_sweep, price_in_discount, active_bearish_order_block, active_bullish_fvg, active_bearish_fvg, momentum_confirms_bullish",bearish: HH/LL/LH/HL,bullish_sweep,3 active,8 active,discount,bearish,SELL,60.0,bearish,"higher_timeframe_bearish, bearish_bos_or_choch, bullish_liquidity_sweep, price_in_discount, active_bearish_order_block, active_bullish_fvg, active_bearish_fvg, momentum_confirms_bullish",,,,,,,,,rsi_45_55|fg_fear|funding_positive|trigger_learning_only_scan|final_HOLD|claude_HOLD|candidate_BUY|candidate_source_trade_quality,"Historical evidence is strongly against entry: 20% win rate with negative 1h average return (-0.57%) and all 20 similar past moments resulted in HOLD. AI feedback confirms Claude BUY accuracy at 4h is 0.0. Volume ratio is critically low at 0.01, indicating no conviction behind current price action. Price is below EMA 200 ($80,520), adding bearish structural pressure. BB squeeze may precede a move but direction is indeterminate without volume."
79,2026-05-08T19:00:14+00:00,15m,SCORED,80059.4,2026-05-08T19:30:00+00:00,80080.9,live_15m_csv,0.0269,learning_only_scan,52.5,38,0.0015095,HOLD,55,OK_HOLD,,tq65_shadow60_risk_v1,BUY,trade_quality,65,"Trade Quality Score 78.0/100 is above BUY threshold 65.0. Primary reason: quality_high. Original Claude HOLD reason: Historical evidence is decisive: 20% win rate at similar moments with avg 1h return of -0.57%, all 20 past signals were HOLD, and 4h Claude BUY accuracy is 0.0 — no credible edge to enter. While MACD is bullish, volume ratio is 0.0 (no participation), price is below EMA 200, and Bollinger Band squeeze has not resolved direction.",78.0,68.0,HOLD,bb_squeeze,Bollinger Band squeeze (width=0.0078). No directional trend — skipping.,1,bb_squeeze,80059.4,78.0,OK_HOLD,,0,68.0,risk_block_bb_squeeze,BUY,78.0,quality_high,79774.94,82461.18,60.0,bearish,"higher_timeframe_bearish, bearish_bos_or_choch, bullish_liquidity_sweep, price_in_discount, active_bearish_order_block, active_bullish_fvg, active_bearish_fvg, momentum_confirms_bullish",bearish: LL/LH/HL/HL,bullish_sweep,3 active,8 active,discount,bearish,SELL,60.0,bearish,"higher_timeframe_bearish, bearish_bos_or_choch, bullish_liquidity_sweep, price_in_discount, active_bearish_order_block, active_bullish_fvg, active_bearish_fvg, momentum_confirms_bullish",,,,,,,,,rsi_45_55|fg_fear|funding_positive|trigger_learning_only_scan|final_HOLD|claude_HOLD|candidate_BUY|candidate_source_trade_quality,"Historical evidence is decisive: 20% win rate at similar moments with avg 1h return of -0.57%, all 20 past signals were HOLD, and 4h Claude BUY accuracy is 0.0 — no credible edge to enter. While MACD is bullish, volume ratio is 0.0 (no participation), price is below EMA 200, and Bollinger Band squeeze has not resolved direction."
79,2026-05-08T19:00:14+00:00,1h,SCORED,80059.4,2026-05-08T20:00:14+00:00,80156.6,decisions,0.1214,learning_only_scan,52.5,38,0.0015095,HOLD,55,OK_HOLD,,tq65_shadow60_risk_v1,BUY,trade_quality,65,"Trade Quality Score 78.0/100 is above BUY threshold 65.0. Primary reason: quality_high. Original Claude HOLD reason: Historical evidence is decisive: 20% win rate at similar moments with avg 1h return of -0.57%, all 20 past signals were HOLD, and 4h Claude BUY accuracy is 0.0 — no credible edge to enter. While MACD is bullish, volume ratio is 0.0 (no participation), price is below EMA 200, and Bollinger Band squeeze has not resolved direction.",78.0,68.0,HOLD,bb_squeeze,Bollinger Band squeeze (width=0.0078). No directional trend — skipping.,1,bb_squeeze,80059.4,78.0,OK_HOLD,,0,68.0,risk_block_bb_squeeze,BUY,78.0,quality_high,79774.94,82461.18,60.0,bearish,"higher_timeframe_bearish, bearish_bos_or_choch, bullish_liquidity_sweep, price_in_discount, active_bearish_order_block, active_bullish_fvg, active_bearish_fvg, momentum_confirms_bullish",bearish: LL/LH/HL/HL,bullish_sweep,3 active,8 active,discount,bearish,SELL,60.0,bearish,"higher_timeframe_bearish, bearish_bos_or_choch, bullish_liquidity_sweep, price_in_discount, active_bearish_order_block, active_bullish_fvg, active_bearish_fvg, momentum_confirms_bullish",,,,,,,,,rsi_45_55|fg_fear|funding_positive|trigger_learning_only_scan|final_HOLD|claude_HOLD|candidate_BUY|candidate_source_trade_quality,"Historical evidence is decisive: 20% win rate at similar moments with avg 1h return of -0.57%, all 20 past signals were HOLD, and 4h Claude BUY accuracy is 0.0 — no credible edge to enter. While MACD is bullish, volume ratio is 0.0 (no participation), price is below EMA 200, and Bollinger Band squeeze has not resolved direction."
79,2026-05-08T19:00:14+00:00,4h,SCORED,80059.4,2026-05-08T23:00:14+00:00,80273.4,decisions,0.2673,learning_only_scan,52.5,38,0.0015095,HOLD,55,OK_HOLD,,tq65_shadow60_risk_v1,BUY,trade_quality,65,"Trade Quality Score 78.0/100 is above BUY threshold 65.0. Primary reason: quality_high. Original Claude HOLD reason: Historical evidence is decisive: 20% win rate at similar moments with avg 1h return of -0.57%, all 20 past signals were HOLD, and 4h Claude BUY accuracy is 0.0 — no credible edge to enter. While MACD is bullish, volume ratio is 0.0 (no participation), price is below EMA 200, and Bollinger Band squeeze has not resolved direction.",78.0,68.0,HOLD,bb_squeeze,Bollinger Band squeeze (width=0.0078). No directional trend — skipping.,1,bb_squeeze,80059.4,78.0,OK_HOLD,,0,68.0,risk_block_bb_squeeze,BUY,78.0,quality_high,79774.94,82461.18,60.0,bearish,"higher_timeframe_bearish, bearish_bos_or_choch, bullish_liquidity_sweep, price_in_discount, active_bearish_order_block, active_bullish_fvg, active_bearish_fvg, momentum_confirms_bullish",bearish: LL/LH/HL/HL,bullish_sweep,3 active,8 active,discount,bearish,SELL,60.0,bearish,"higher_timeframe_bearish, bearish_bos_or_choch, bullish_liquidity_sweep, price_in_discount, active_bearish_order_block, active_bullish_fvg, active_bearish_fvg, momentum_confirms_bullish",,,,,,,,,rsi_45_55|fg_fear|funding_positive|trigger_learning_only_scan|final_HOLD|claude_HOLD|candidate_BUY|candidate_source_trade_quality,"Historical evidence is decisive: 20% win rate at similar moments with avg 1h return of -0.57%, all 20 past signals were HOLD, and 4h Claude BUY accuracy is 0.0 — no credible edge to enter. While MACD is bullish, volume ratio is 0.0 (no participation), price is below EMA 200, and Bollinger Band squeeze has not resolved direction."
79,2026-05-08T19:00:14+00:00,24h,SCORED,80059.4,2026-05-09T19:00:21+00:00,80891.9,decisions,1.0399,learning_only_scan,52.5,38,0.0015095,HOLD,55,OK_HOLD,,tq65_shadow60_risk_v1,BUY,trade_quality,65,"Trade Quality Score 78.0/100 is above BUY threshold 65.0. Primary reason: quality_high. Original Claude HOLD reason: Historical evidence is decisive: 20% win rate at similar moments with avg 1h return of -0.57%, all 20 past signals were HOLD, and 4h Claude BUY accuracy is 0.0 — no credible edge to enter. While MACD is bullish, volume ratio is 0.0 (no participation), price is below EMA 200, and Bollinger Band squeeze has not resolved direction.",78.0,68.0,HOLD,bb_squeeze,Bollinger Band squeeze (width=0.0078). No directional trend — skipping.,1,bb_squeeze,80059.4,78.0,OK_HOLD,,0,68.0,risk_block_bb_squeeze,BUY,78.0,quality_high,79774.94,82461.18,60.0,bearish,"higher_timeframe_bearish, bearish_bos_or_choch, bullish_liquidity_sweep, price_in_discount, active_bearish_order_block, active_bullish_fvg, active_bearish_fvg, momentum_confirms_bullish",bearish: LL/LH/HL/HL,bullish_sweep,3 active,8 active,discount,bearish,SELL,60.0,bearish,"higher_timeframe_bearish, bearish_bos_or_choch, bullish_liquidity_sweep, price_in_discount, active_bearish_order_block, active_bullish_fvg, active_bearish_fvg, momentum_confirms_bullish",,,,,,,,,rsi_45_55|fg_fear|funding_positive|trigger_learning_only_scan|final_HOLD|claude_HOLD|candidate_BUY|candidate_source_trade_quality,"Historical evidence is decisive: 20% win rate at similar moments with avg 1h return of -0.57%, all 20 past signals were HOLD, and 4h Claude BUY accuracy is 0.0 — no credible edge to enter. While MACD is bullish, volume ratio is 0.0 (no participation), price is below EMA 200, and Bollinger Band squeeze has not resolved direction."
80,2026-05-08T20:00:14+00:00,15m,SCORED,80156.6,2026-05-08T20:30:00+00:00,80242.9,live_15m_csv,0.1077,learning_only_scan,56.0,38,0.0015095,HOLD,55,OK_HOLD,,tq65_shadow60_risk_v1,BUY,trade_quality,65,"Trade Quality Score 74.0/100 is above BUY threshold 65.0. Primary reason: quality_high. Original Claude HOLD reason: Historical evidence is strongly against entry: 20% win rate with avg 1h return of -0.57%, and all 20 similar past moments resulted in HOLD. Volume ratio of 0.0 indicates no conviction. Price is below EMA 200 ($80,511) signaling structural weakness. AI feedback loop explicitly flags weak BUY accuracy at 4h (0.0). While MACD is bullish and short liquidations slightly dominate, these are insufficient to override the weak historical base and missing volume.",74.0,64.0,HOLD,bb_squeeze,Bollinger Band squeeze (width=0.0076). No directional trend — skipping.,1,bb_squeeze,80156.6,74.0,OK_HOLD,,0,64.0,risk_block_bb_squeeze,BUY,74.0,quality_high,79905.37,82561.3,60.0,bearish,"higher_timeframe_bearish, bearish_bos_or_choch, bullish_liquidity_sweep, price_in_discount, active_bearish_order_block, active_bullish_fvg, active_bearish_fvg, momentum_confirms_bullish",bearish: LH/HL/HL/LH,bullish_sweep,3 active,8 active,discount,bearish,SELL,60.0,bearish,"higher_timeframe_bearish, bearish_bos_or_choch, bullish_liquidity_sweep, price_in_discount, active_bearish_order_block, active_bullish_fvg, active_bearish_fvg, momentum_confirms_bullish",,,,,,,,,rsi_55_65|fg_fear|funding_positive|trigger_learning_only_scan|final_HOLD|claude_HOLD|candidate_BUY|candidate_source_trade_quality,"Historical evidence is strongly against entry: 20% win rate with avg 1h return of -0.57%, and all 20 similar past moments resulted in HOLD. Volume ratio of 0.0 indicates no conviction. Price is below EMA 200 ($80,511) signaling structural weakness. AI feedback loop explicitly flags weak BUY accuracy at 4h (0.0). While MACD is bullish and short liquidations slightly dominate, these are insufficient to override the weak historical base and missing volume."
80,2026-05-08T20:00:14+00:00,1h,SCORED,80156.6,2026-05-08T21:00:17+00:00,80124.4,decisions,-0.0402,learning_only_scan,56.0,38,0.0015095,HOLD,55,OK_HOLD,,tq65_shadow60_risk_v1,BUY,trade_quality,65,"Trade Quality Score 74.0/100 is above BUY threshold 65.0. Primary reason: quality_high. Original Claude HOLD reason: Historical evidence is strongly against entry: 20% win rate with avg 1h return of -0.57%, and all 20 similar past moments resulted in HOLD. Volume ratio of 0.0 indicates no conviction. Price is below EMA 200 ($80,511) signaling structural weakness. AI feedback loop explicitly flags weak BUY accuracy at 4h (0.0). While MACD is bullish and short liquidations slightly dominate, these are insufficient to override the weak historical base and missing volume.",74.0,64.0,HOLD,bb_squeeze,Bollinger Band squeeze (width=0.0076). No directional trend — skipping.,1,bb_squeeze,80156.6,74.0,OK_HOLD,,0,64.0,risk_block_bb_squeeze,BUY,74.0,quality_high,79905.37,82561.3,60.0,bearish,"higher_timeframe_bearish, bearish_bos_or_choch, bullish_liquidity_sweep, price_in_discount, active_bearish_order_block, active_bullish_fvg, active_bearish_fvg, momentum_confirms_bullish",bearish: LH/HL/HL/LH,bullish_sweep,3 active,8 active,discount,bearish,SELL,60.0,bearish,"higher_timeframe_bearish, bearish_bos_or_choch, bullish_liquidity_sweep, price_in_discount, active_bearish_order_block, active_bullish_fvg, active_bearish_fvg, momentum_confirms_bullish",,,,,,,,,rsi_55_65|fg_fear|funding_positive|trigger_learning_only_scan|final_HOLD|claude_HOLD|candidate_BUY|candidate_source_trade_quality,"Historical evidence is strongly against entry: 20% win rate with avg 1h return of -0.57%, and all 20 similar past moments resulted in HOLD. Volume ratio of 0.0 indicates no conviction. Price is below EMA 200 ($80,511) signaling structural weakness. AI feedback loop explicitly flags weak BUY accuracy at 4h (0.0). While MACD is bullish and short liquidations slightly dominate, these are insufficient to override the weak historical base and missing volume."
80,2026-05-08T20:00:14+00:00,4h,SCORED,80156.6,2026-05-09T00:00:14+00:00,80194.8,decisions,0.0477,learning_only_scan,56.0,38,0.0015095,HOLD,55,OK_HOLD,,tq65_shadow60_risk_v1,BUY,trade_quality,65,"Trade Quality Score 74.0/100 is above BUY threshold 65.0. Primary reason: quality_high. Original Claude HOLD reason: Historical evidence is strongly against entry: 20% win rate with avg 1h return of -0.57%, and all 20 similar past moments resulted in HOLD. Volume ratio of 0.0 indicates no conviction. Price is below EMA 200 ($80,511) signaling structural weakness. AI feedback loop explicitly flags weak BUY accuracy at 4h (0.0). While MACD is bullish and short liquidations slightly dominate, these are insufficient to override the weak historical base and missing volume.",74.0,64.0,HOLD,bb_squeeze,Bollinger Band squeeze (width=0.0076). No directional trend — skipping.,1,bb_squeeze,80156.6,74.0,OK_HOLD,,0,64.0,risk_block_bb_squeeze,BUY,74.0,quality_high,79905.37,82561.3,60.0,bearish,"higher_timeframe_bearish, bearish_bos_or_choch, bullish_liquidity_sweep, price_in_discount, active_bearish_order_block, active_bullish_fvg, active_bearish_fvg, momentum_confirms_bullish",bearish: LH/HL/HL/LH,bullish_sweep,3 active,8 active,discount,bearish,SELL,60.0,bearish,"higher_timeframe_bearish, bearish_bos_or_choch, bullish_liquidity_sweep, price_in_discount, active_bearish_order_block, active_bullish_fvg, active_bearish_fvg, momentum_confirms_bullish",,,,,,,,,rsi_55_65|fg_fear|funding_positive|trigger_learning_only_scan|final_HOLD|claude_HOLD|candidate_BUY|candidate_source_trade_quality,"Historical evidence is strongly against entry: 20% win rate with avg 1h return of -0.57%, and all 20 similar past moments resulted in HOLD. Volume ratio of 0.0 indicates no conviction. Price is below EMA 200 ($80,511) signaling structural weakness. AI feedback loop explicitly flags weak BUY accuracy at 4h (0.0). While MACD is bullish and short liquidations slightly dominate, these are insufficient to override the weak historical base and missing volume."
80,2026-05-08T20:00:14+00:00,24h,SCORED,80156.6,2026-05-09T20:00:18+00:00,80937.0,decisions,0.9736,learning_only_scan,56.0,38,0.0015095,HOLD,55,OK_HOLD,,tq65_shadow60_risk_v1,BUY,trade_quality,65,"Trade Quality Score 74.0/100 is above BUY threshold 65.0. Primary reason: quality_high. Original Claude HOLD reason: Historical evidence is strongly against entry: 20% win rate with avg 1h return of -0.57%, and all 20 similar past moments resulted in HOLD. Volume ratio of 0.0 indicates no conviction. Price is below EMA 200 ($80,511) signaling structural weakness. AI feedback loop explicitly flags weak BUY accuracy at 4h (0.0). While MACD is bullish and short liquidations slightly dominate, these are insufficient to override the weak historical base and missing volume.",74.0,64.0,HOLD,bb_squeeze,Bollinger Band squeeze (width=0.0076). No directional trend — skipping.,1,bb_squeeze,80156.6,74.0,OK_HOLD,,0,64.0,risk_block_bb_squeeze,BUY,74.0,quality_high,79905.37,82561.3,60.0,bearish,"higher_timeframe_bearish, bearish_bos_or_choch, bullish_liquidity_sweep, price_in_discount, active_bearish_order_block, active_bullish_fvg, active_bearish_fvg, momentum_confirms_bullish",bearish: LH/HL/HL/LH,bullish_sweep,3 active,8 active,discount,bearish,SELL,60.0,bearish,"higher_timeframe_bearish, bearish_bos_or_choch, bullish_liquidity_sweep, price_in_discount, active_bearish_order_block, active_bullish_fvg, active_bearish_fvg, momentum_confirms_bullish",,,,,,,,,rsi_55_65|fg_fear|funding_positive|trigger_learning_only_scan|final_HOLD|claude_HOLD|candidate_BUY|candidate_source_trade_quality,"Historical evidence is strongly against entry: 20% win rate with avg 1h return of -0.57%, and all 20 similar past moments resulted in HOLD. Volume ratio of 0.0 indicates no conviction. Price is below EMA 200 ($80,511) signaling structural weakness. AI feedback loop explicitly flags weak BUY accuracy at 4h (0.0). While MACD is bullish and short liquidations slightly dominate, these are insufficient to override the weak historical base and missing volume."
81,2026-05-08T21:00:17+00:00,15m,SCORED,80124.4,2026-05-08T21:30:00+00:00,80210.3,live_15m_csv,0.1072,learning_only_scan,52.8,38,0.0015095,HOLD,72,OK_HOLD,,tq65_shadow60_risk_v1,BUY,trade_quality,72,"Trade Quality Score 82.0/100 is above BUY threshold 65.0. Primary reason: quality_high. Original Claude HOLD reason: Historical evidence is decisively bearish: 20% win rate on 20 similar past moments, avg 1h return -0.57%, and all 20 prior signals resulted in HOLD. Combined with zero volume (ratio 0.0), BB squeeze indicating no directional commitment, BTC below EMA 200, and AI feedback showing 0.0 accuracy on BUY calls — there is no credible edge to enter.",82.0,72.0,HOLD,bb_squeeze,Bollinger Band squeeze (width=0.0072). No directional trend — skipping.,1,bb_squeeze,80124.4,82.0,OK_HOLD,,0,72.0,risk_block_bb_squeeze,BUY,82.0,quality_high,79893.89,82528.13,60.0,bearish,"higher_timeframe_bearish, bearish_bos_or_choch, bullish_liquidity_sweep, price_in_discount, active_bearish_order_block, active_bullish_fvg, active_bearish_fvg, momentum_confirms_bullish",bearish: HL/HL/LH/HL,bullish_sweep,3 active,8 active,discount,bearish,SELL,60.0,bearish,"higher_timeframe_bearish, bearish_bos_or_choch, bullish_liquidity_sweep, price_in_discount, active_bearish_order_block, active_bullish_fvg, active_bearish_fvg, momentum_confirms_bullish",,,,,,,,,rsi_45_55|fg_fear|funding_positive|trigger_learning_only_scan|final_HOLD|claude_HOLD|candidate_BUY|candidate_source_trade_quality,"Historical evidence is decisively bearish: 20% win rate on 20 similar past moments, avg 1h return -0.57%, and all 20 prior signals resulted in HOLD. Combined with zero volume (ratio 0.0), BB squeeze indicating no directional commitment, BTC below EMA 200, and AI feedback showing 0.0 accuracy on BUY calls — there is no credible edge to enter."
81,2026-05-08T21:00:17+00:00,1h,SCORED,80124.4,2026-05-08T22:15:00+00:00,80347.2,live_15m_csv,0.2781,learning_only_scan,52.8,38,0.0015095,HOLD,72,OK_HOLD,,tq65_shadow60_risk_v1,BUY,trade_quality,72,"Trade Quality Score 82.0/100 is above BUY threshold 65.0. Primary reason: quality_high. Original Claude HOLD reason: Historical evidence is decisively bearish: 20% win rate on 20 similar past moments, avg 1h return -0.57%, and all 20 prior signals resulted in HOLD. Combined with zero volume (ratio 0.0), BB squeeze indicating no directional commitment, BTC below EMA 200, and AI feedback showing 0.0 accuracy on BUY calls — there is no credible edge to enter.",82.0,72.0,HOLD,bb_squeeze,Bollinger Band squeeze (width=0.0072). No directional trend — skipping.,1,bb_squeeze,80124.4,82.0,OK_HOLD,,0,72.0,risk_block_bb_squeeze,BUY,82.0,quality_high,79893.89,82528.13,60.0,bearish,"higher_timeframe_bearish, bearish_bos_or_choch, bullish_liquidity_sweep, price_in_discount, active_bearish_order_block, active_bullish_fvg, active_bearish_fvg, momentum_confirms_bullish",bearish: HL/HL/LH/HL,bullish_sweep,3 active,8 active,discount,bearish,SELL,60.0,bearish,"higher_timeframe_bearish, bearish_bos_or_choch, bullish_liquidity_sweep, price_in_discount, active_bearish_order_block, active_bullish_fvg, active_bearish_fvg, momentum_confirms_bullish",,,,,,,,,rsi_45_55|fg_fear|funding_positive|trigger_learning_only_scan|final_HOLD|claude_HOLD|candidate_BUY|candidate_source_trade_quality,"Historical evidence is decisively bearish: 20% win rate on 20 similar past moments, avg 1h return -0.57%, and all 20 prior signals resulted in HOLD. Combined with zero volume (ratio 0.0), BB squeeze indicating no directional commitment, BTC below EMA 200, and AI feedback showing 0.0 accuracy on BUY calls — there is no credible edge to enter."
81,2026-05-08T21:00:17+00:00,4h,SCORED,80124.4,2026-05-09T01:15:00+00:00,80267.2,live_15m_csv,0.1782,learning_only_scan,52.8,38,0.0015095,HOLD,72,OK_HOLD,,tq65_shadow60_risk_v1,BUY,trade_quality,72,"Trade Quality Score 82.0/100 is above BUY threshold 65.0. Primary reason: quality_high. Original Claude HOLD reason: Historical evidence is decisively bearish: 20% win rate on 20 similar past moments, avg 1h return -0.57%, and all 20 prior signals resulted in HOLD. Combined with zero volume (ratio 0.0), BB squeeze indicating no directional commitment, BTC below EMA 200, and AI feedback showing 0.0 accuracy on BUY calls — there is no credible edge to enter.",82.0,72.0,HOLD,bb_squeeze,Bollinger Band squeeze (width=0.0072). No directional trend — skipping.,1,bb_squeeze,80124.4,82.0,OK_HOLD,,0,72.0,risk_block_bb_squeeze,BUY,82.0,quality_high,79893.89,82528.13,60.0,bearish,"higher_timeframe_bearish, bearish_bos_or_choch, bullish_liquidity_sweep, price_in_discount, active_bearish_order_block, active_bullish_fvg, active_bearish_fvg, momentum_confirms_bullish",bearish: HL/HL/LH/HL,bullish_sweep,3 active,8 active,discount,bearish,SELL,60.0,bearish,"higher_timeframe_bearish, bearish_bos_or_choch, bullish_liquidity_sweep, price_in_discount, active_bearish_order_block, active_bullish_fvg, active_bearish_fvg, momentum_confirms_bullish",,,,,,,,,rsi_45_55|fg_fear|funding_positive|trigger_learning_only_scan|final_HOLD|claude_HOLD|candidate_BUY|candidate_source_trade_quality,"Historical evidence is decisively bearish: 20% win rate on 20 similar past moments, avg 1h return -0.57%, and all 20 prior signals resulted in HOLD. Combined with zero volume (ratio 0.0), BB squeeze indicating no directional commitment, BTC below EMA 200, and AI feedback showing 0.0 accuracy on BUY calls — there is no credible edge to enter."
81,2026-05-08T21:00:17+00:00,24h,SCORED,80124.4,2026-05-09T21:15:00+00:00,80780.4,live_15m_csv,0.8187,learning_only_scan,52.8,38,0.0015095,HOLD,72,OK_HOLD,,tq65_shadow60_risk_v1,BUY,trade_quality,72,"Trade Quality Score 82.0/100 is above BUY threshold 65.0. Primary reason: quality_high. Original Claude HOLD reason: Historical evidence is decisively bearish: 20% win rate on 20 similar past moments, avg 1h return -0.57%, and all 20 prior signals resulted in HOLD. Combined with zero volume (ratio 0.0), BB squeeze indicating no directional commitment, BTC below EMA 200, and AI feedback showing 0.0 accuracy on BUY calls — there is no credible edge to enter.",82.0,72.0,HOLD,bb_squeeze,Bollinger Band squeeze (width=0.0072). No directional trend — skipping.,1,bb_squeeze,80124.4,82.0,OK_HOLD,,0,72.0,risk_block_bb_squeeze,BUY,82.0,quality_high,79893.89,82528.13,60.0,bearish,"higher_timeframe_bearish, bearish_bos_or_choch, bullish_liquidity_sweep, price_in_discount, active_bearish_order_block, active_bullish_fvg, active_bearish_fvg, momentum_confirms_bullish",bearish: HL/HL/LH/HL,bullish_sweep,3 active,8 active,discount,bearish,SELL,60.0,bearish,"higher_timeframe_bearish, bearish_bos_or_choch, bullish_liquidity_sweep, price_in_discount, active_bearish_order_block, active_bullish_fvg, active_bearish_fvg, momentum_confirms_bullish",,,,,,,,,rsi_45_55|fg_fear|funding_positive|trigger_learning_only_scan|final_HOLD|claude_HOLD|candidate_BUY|candidate_source_trade_quality,"Historical evidence is decisively bearish: 20% win rate on 20 similar past moments, avg 1h return -0.57%, and all 20 prior signals resulted in HOLD. Combined with zero volume (ratio 0.0), BB squeeze indicating no directional commitment, BTC below EMA 200, and AI feedback showing 0.0 accuracy on BUY calls — there is no credible edge to enter."
82,2026-05-08T22:00:14+00:00,15m,SCORED,80236.6,2026-05-08T22:30:00+00:00,80312.3,live_15m_csv,0.0943,learning_only_scan,57.7,38,0.0015095,HOLD,72,OK_HOLD,,tq65_shadow60_risk_v1,BUY,trade_quality,72,"Trade Quality Score 74.5/100 is above BUY threshold 65.0. Primary reason: quality_high. Original Claude HOLD reason: Historical win rate at similar moments is only 25% with avg 1h return of -0.11%, triggering the hard HOLD rule (win rate < 35%, avg 4h return positive but avg 1h negative and worst case -21%). Additionally, volume ratio is 0.0 indicating no conviction, Stochastic K at 85.6 is overbought, price is below EMA 200, and Claude BUY accuracy at 4h is 0.0 per feedback loop.",74.5,64.5,HOLD,bb_squeeze,Bollinger Band squeeze (width=0.0042). No directional trend — skipping.,1,bb_squeeze,80236.6,74.5,OK_HOLD,,0,64.5,risk_block_bb_squeeze,BUY,74.5,quality_high,80038.09,82643.7,60.0,bearish,"higher_timeframe_bearish, bearish_bos_or_choch, bullish_liquidity_sweep, price_in_discount, active_bearish_order_block, active_bullish_fvg, active_bearish_fvg, momentum_confirms_bullish",bearish: HL/HL/LH/HL,bullish_sweep,3 active,8 active,discount,bearish,SELL,60.0,bearish,"higher_timeframe_bearish, bearish_bos_or_choch, bullish_liquidity_sweep, price_in_discount, active_bearish_order_block, active_bullish_fvg, active_bearish_fvg, momentum_confirms_bullish",,,,,,,,,rsi_55_65|fg_fear|funding_positive|trigger_learning_only_scan|final_HOLD|claude_HOLD|candidate_BUY|candidate_source_trade_quality,"Historical win rate at similar moments is only 25% with avg 1h return of -0.11%, triggering the hard HOLD rule (win rate < 35%, avg 4h return positive but avg 1h negative and worst case -21%). Additionally, volume ratio is 0.0 indicating no conviction, Stochastic K at 85.6 is overbought, price is below EMA 200, and Claude BUY accuracy at 4h is 0.0 per feedback loop."
82,2026-05-08T22:00:14+00:00,1h,SCORED,80236.6,2026-05-08T23:00:14+00:00,80273.4,decisions,0.0459,learning_only_scan,57.7,38,0.0015095,HOLD,72,OK_HOLD,,tq65_shadow60_risk_v1,BUY,trade_quality,72,"Trade Quality Score 74.5/100 is above BUY threshold 65.0. Primary reason: quality_high. Original Claude HOLD reason: Historical win rate at similar moments is only 25% with avg 1h return of -0.11%, triggering the hard HOLD rule (win rate < 35%, avg 4h return positive but avg 1h negative and worst case -21%). Additionally, volume ratio is 0.0 indicating no conviction, Stochastic K at 85.6 is overbought, price is below EMA 200, and Claude BUY accuracy at 4h is 0.0 per feedback loop.",74.5,64.5,HOLD,bb_squeeze,Bollinger Band squeeze (width=0.0042). No directional trend — skipping.,1,bb_squeeze,80236.6,74.5,OK_HOLD,,0,64.5,risk_block_bb_squeeze,BUY,74.5,quality_high,80038.09,82643.7,60.0,bearish,"higher_timeframe_bearish, bearish_bos_or_choch, bullish_liquidity_sweep, price_in_discount, active_bearish_order_block, active_bullish_fvg, active_bearish_fvg, momentum_confirms_bullish",bearish: HL/HL/LH/HL,bullish_sweep,3 active,8 active,discount,bearish,SELL,60.0,bearish,"higher_timeframe_bearish, bearish_bos_or_choch, bullish_liquidity_sweep, price_in_discount, active_bearish_order_block, active_bullish_fvg, active_bearish_fvg, momentum_confirms_bullish",,,,,,,,,rsi_55_65|fg_fear|funding_positive|trigger_learning_only_scan|final_HOLD|claude_HOLD|candidate_BUY|candidate_source_trade_quality,"Historical win rate at similar moments is only 25% with avg 1h return of -0.11%, triggering the hard HOLD rule (win rate < 35%, avg 4h return positive but avg 1h negative and worst case -21%). Additionally, volume ratio is 0.0 indicating no conviction, Stochastic K at 85.6 is overbought, price is below EMA 200, and Claude BUY accuracy at 4h is 0.0 per feedback loop."
82,2026-05-08T22:00:14+00:00,4h,SCORED,80236.6,2026-05-09T02:00:14+00:00,80324.6,decisions,0.1097,learning_only_scan,57.7,38,0.0015095,HOLD,72,OK_HOLD,,tq65_shadow60_risk_v1,BUY,trade_quality,72,"Trade Quality Score 74.5/100 is above BUY threshold 65.0. Primary reason: quality_high. Original Claude HOLD reason: Historical win rate at similar moments is only 25% with avg 1h return of -0.11%, triggering the hard HOLD rule (win rate < 35%, avg 4h return positive but avg 1h negative and worst case -21%). Additionally, volume ratio is 0.0 indicating no conviction, Stochastic K at 85.6 is overbought, price is below EMA 200, and Claude BUY accuracy at 4h is 0.0 per feedback loop.",74.5,64.5,HOLD,bb_squeeze,Bollinger Band squeeze (width=0.0042). No directional trend — skipping.,1,bb_squeeze,80236.6,74.5,OK_HOLD,,0,64.5,risk_block_bb_squeeze,BUY,74.5,quality_high,80038.09,82643.7,60.0,bearish,"higher_timeframe_bearish, bearish_bos_or_choch, bullish_liquidity_sweep, price_in_discount, active_bearish_order_block, active_bullish_fvg, active_bearish_fvg, momentum_confirms_bullish",bearish: HL/HL/LH/HL,bullish_sweep,3 active,8 active,discount,bearish,SELL,60.0,bearish,"higher_timeframe_bearish, bearish_bos_or_choch, bullish_liquidity_sweep, price_in_discount, active_bearish_order_block, active_bullish_fvg, active_bearish_fvg, momentum_confirms_bullish",,,,,,,,,rsi_55_65|fg_fear|funding_positive|trigger_learning_only_scan|final_HOLD|claude_HOLD|candidate_BUY|candidate_source_trade_quality,"Historical win rate at similar moments is only 25% with avg 1h return of -0.11%, triggering the hard HOLD rule (win rate < 35%, avg 4h return positive but avg 1h negative and worst case -21%). Additionally, volume ratio is 0.0 indicating no conviction, Stochastic K at 85.6 is overbought, price is below EMA 200, and Claude BUY accuracy at 4h is 0.0 per feedback loop."
82,2026-05-08T22:00:14+00:00,24h,SCORED,80236.6,2026-05-09T22:00:15+00:00,80782.0,decisions,0.6797,learning_only_scan,57.7,38,0.0015095,HOLD,72,OK_HOLD,,tq65_shadow60_risk_v1,BUY,trade_quality,72,"Trade Quality Score 74.5/100 is above BUY threshold 65.0. Primary reason: quality_high. Original Claude HOLD reason: Historical win rate at similar moments is only 25% with avg 1h return of -0.11%, triggering the hard HOLD rule (win rate < 35%, avg 4h return positive but avg 1h negative and worst case -21%). Additionally, volume ratio is 0.0 indicating no conviction, Stochastic K at 85.6 is overbought, price is below EMA 200, and Claude BUY accuracy at 4h is 0.0 per feedback loop.",74.5,64.5,HOLD,bb_squeeze,Bollinger Band squeeze (width=0.0042). No directional trend — skipping.,1,bb_squeeze,80236.6,74.5,OK_HOLD,,0,64.5,risk_block_bb_squeeze,BUY,74.5,quality_high,80038.09,82643.7,60.0,bearish,"higher_timeframe_bearish, bearish_bos_or_choch, bullish_liquidity_sweep, price_in_discount, active_bearish_order_block, active_bullish_fvg, active_bearish_fvg, momentum_confirms_bullish",bearish: HL/HL/LH/HL,bullish_sweep,3 active,8 active,discount,bearish,SELL,60.0,bearish,"higher_timeframe_bearish, bearish_bos_or_choch, bullish_liquidity_sweep, price_in_discount, active_bearish_order_block, active_bullish_fvg, active_bearish_fvg, momentum_confirms_bullish",,,,,,,,,rsi_55_65|fg_fear|funding_positive|trigger_learning_only_scan|final_HOLD|claude_HOLD|candidate_BUY|candidate_source_trade_quality,"Historical win rate at similar moments is only 25% with avg 1h return of -0.11%, triggering the hard HOLD rule (win rate < 35%, avg 4h return positive but avg 1h negative and worst case -21%). Additionally, volume ratio is 0.0 indicating no conviction, Stochastic K at 85.6 is overbought, price is below EMA 200, and Claude BUY accuracy at 4h is 0.0 per feedback loop."
83,2026-05-08T23:00:14+00:00,15m,SCORED,80273.4,2026-05-08T23:30:00+00:00,80126.1,live_15m_csv,-0.1835,learning_only_scan,57.0,38,0.0015095,HOLD,72,OK_HOLD,,tq65_shadow60_risk_v1,BUY,trade_quality,72,"Trade Quality Score 74.0/100 is above BUY threshold 65.0. Primary reason: quality_high. Original Claude HOLD reason: Historical evidence is a hard HOLD signal: win rate 20% (below 35% threshold) with avg 1h return of -0.57%, and all 20 similar past moments resulted in HOLD. Volume ratio at 0.0 indicates no conviction. Price is below EMA 200 ($80,492), signaling weakness. AI feedback loop explicitly flags weak BUY calls at 4h with 0.0 accuracy.",74.0,64.0,HOLD,bb_squeeze,Bollinger Band squeeze (width=0.0049). No directional trend — skipping.,1,bb_squeeze,80273.4,74.0,OK_HOLD,,0,64.0,risk_block_bb_squeeze,BUY,74.0,quality_high,80093.26,82681.6,55.0,bullish,"bearish_bos_or_choch, bullish_liquidity_sweep, price_in_discount, active_bearish_order_block, active_bullish_fvg, active_bearish_fvg, momentum_confirms_bullish",bullish: HL/HL/LH/HL,bullish_sweep,3 active,10 active,discount,mixed,,,,,,,,,,,,,rsi_55_65|fg_fear|funding_positive|trigger_learning_only_scan|final_HOLD|claude_HOLD|candidate_BUY|candidate_source_trade_quality,"Historical evidence is a hard HOLD signal: win rate 20% (below 35% threshold) with avg 1h return of -0.57%, and all 20 similar past moments resulted in HOLD. Volume ratio at 0.0 indicates no conviction. Price is below EMA 200 ($80,492), signaling weakness. AI feedback loop explicitly flags weak BUY calls at 4h with 0.0 accuracy."
83,2026-05-08T23:00:14+00:00,1h,SCORED,80273.4,2026-05-09T00:00:14+00:00,80194.8,decisions,-0.0979,learning_only_scan,57.0,38,0.0015095,HOLD,72,OK_HOLD,,tq65_shadow60_risk_v1,BUY,trade_quality,72,"Trade Quality Score 74.0/100 is above BUY threshold 65.0. Primary reason: quality_high. Original Claude HOLD reason: Historical evidence is a hard HOLD signal: win rate 20% (below 35% threshold) with avg 1h return of -0.57%, and all 20 similar past moments resulted in HOLD. Volume ratio at 0.0 indicates no conviction. Price is below EMA 200 ($80,492), signaling weakness. AI feedback loop explicitly flags weak BUY calls at 4h with 0.0 accuracy.",74.0,64.0,HOLD,bb_squeeze,Bollinger Band squeeze (width=0.0049). No directional trend — skipping.,1,bb_squeeze,80273.4,74.0,OK_HOLD,,0,64.0,risk_block_bb_squeeze,BUY,74.0,quality_high,80093.26,82681.6,55.0,bullish,"bearish_bos_or_choch, bullish_liquidity_sweep, price_in_discount, active_bearish_order_block, active_bullish_fvg, active_bearish_fvg, momentum_confirms_bullish",bullish: HL/HL/LH/HL,bullish_sweep,3 active,10 active,discount,mixed,,,,,,,,,,,,,rsi_55_65|fg_fear|funding_positive|trigger_learning_only_scan|final_HOLD|claude_HOLD|candidate_BUY|candidate_source_trade_quality,"Historical evidence is a hard HOLD signal: win rate 20% (below 35% threshold) with avg 1h return of -0.57%, and all 20 similar past moments resulted in HOLD. Volume ratio at 0.0 indicates no conviction. Price is below EMA 200 ($80,492), signaling weakness. AI feedback loop explicitly flags weak BUY calls at 4h with 0.0 accuracy."
83,2026-05-08T23:00:14+00:00,4h,SCORED,80273.4,2026-05-09T03:00:15+00:00,80415.5,decisions,0.177,learning_only_scan,57.0,38,0.0015095,HOLD,72,OK_HOLD,,tq65_shadow60_risk_v1,BUY,trade_quality,72,"Trade Quality Score 74.0/100 is above BUY threshold 65.0. Primary reason: quality_high. Original Claude HOLD reason: Historical evidence is a hard HOLD signal: win rate 20% (below 35% threshold) with avg 1h return of -0.57%, and all 20 similar past moments resulted in HOLD. Volume ratio at 0.0 indicates no conviction. Price is below EMA 200 ($80,492), signaling weakness. AI feedback loop explicitly flags weak BUY calls at 4h with 0.0 accuracy.",74.0,64.0,HOLD,bb_squeeze,Bollinger Band squeeze (width=0.0049). No directional trend — skipping.,1,bb_squeeze,80273.4,74.0,OK_HOLD,,0,64.0,risk_block_bb_squeeze,BUY,74.0,quality_high,80093.26,82681.6,55.0,bullish,"bearish_bos_or_choch, bullish_liquidity_sweep, price_in_discount, active_bearish_order_block, active_bullish_fvg, active_bearish_fvg, momentum_confirms_bullish",bullish: HL/HL/LH/HL,bullish_sweep,3 active,10 active,discount,mixed,,,,,,,,,,,,,rsi_55_65|fg_fear|funding_positive|trigger_learning_only_scan|final_HOLD|claude_HOLD|candidate_BUY|candidate_source_trade_quality,"Historical evidence is a hard HOLD signal: win rate 20% (below 35% threshold) with avg 1h return of -0.57%, and all 20 similar past moments resulted in HOLD. Volume ratio at 0.0 indicates no conviction. Price is below EMA 200 ($80,492), signaling weakness. AI feedback loop explicitly flags weak BUY calls at 4h with 0.0 accuracy."
83,2026-05-08T23:00:14+00:00,24h,SCORED,80273.4,2026-05-09T23:00:15+00:00,80750.8,decisions,0.5947,learning_only_scan,57.0,38,0.0015095,HOLD,72,OK_HOLD,,tq65_shadow60_risk_v1,BUY,trade_quality,72,"Trade Quality Score 74.0/100 is above BUY threshold 65.0. Primary reason: quality_high. Original Claude HOLD reason: Historical evidence is a hard HOLD signal: win rate 20% (below 35% threshold) with avg 1h return of -0.57%, and all 20 similar past moments resulted in HOLD. Volume ratio at 0.0 indicates no conviction. Price is below EMA 200 ($80,492), signaling weakness. AI feedback loop explicitly flags weak BUY calls at 4h with 0.0 accuracy.",74.0,64.0,HOLD,bb_squeeze,Bollinger Band squeeze (width=0.0049). No directional trend — skipping.,1,bb_squeeze,80273.4,74.0,OK_HOLD,,0,64.0,risk_block_bb_squeeze,BUY,74.0,quality_high,80093.26,82681.6,55.0,bullish,"bearish_bos_or_choch, bullish_liquidity_sweep, price_in_discount, active_bearish_order_block, active_bullish_fvg, active_bearish_fvg, momentum_confirms_bullish",bullish: HL/HL/LH/HL,bullish_sweep,3 active,10 active,discount,mixed,,,,,,,,,,,,,rsi_55_65|fg_fear|funding_positive|trigger_learning_only_scan|final_HOLD|claude_HOLD|candidate_BUY|candidate_source_trade_quality,"Historical evidence is a hard HOLD signal: win rate 20% (below 35% threshold) with avg 1h return of -0.57%, and all 20 similar past moments resulted in HOLD. Volume ratio at 0.0 indicates no conviction. Price is below EMA 200 ($80,492), signaling weakness. AI feedback loop explicitly flags weak BUY calls at 4h with 0.0 accuracy."
84,2026-05-09T00:00:14+00:00,15m,SCORED,80194.8,2026-05-09T00:30:00+00:00,80187.0,live_15m_csv,-0.0097,learning_only_scan,52.1,38,0.0015095,HOLD,72,OK_HOLD,,tq65_shadow60_risk_v1,BUY,trade_quality,72,"Trade Quality Score 81.0/100 is above BUY threshold 65.0. Primary reason: quality_high. Original Claude HOLD reason: Historical evidence is strongly bearish: avg 4h return -1.73%, avg 24h return -5.62% across 20 similar setups, with 17/20 past signals being HOLD. MACD is bearish (signal above MACD line), volume ratio is near-zero (0.02) indicating no conviction, and price is below EMA 200 ($80,472) signaling structural weakness. Despite 60% win rate on 3% profit target, the magnitude of losses (-21.11% worst case) and deeply negative average returns dominate the risk calculus.",81.0,71.0,HOLD,bb_squeeze,Bollinger Band squeeze (width=0.0043). No directional trend — skipping.,1,bb_squeeze,80194.8,81.0,OK_HOLD,,0,71.0,risk_block_bb_squeeze,BUY,81.0,quality_high,80032.34,82600.64,55.0,bearish,"bearish_bos_or_choch, bullish_liquidity_sweep, price_in_discount, active_bearish_order_block, active_bullish_fvg, active_bearish_fvg, momentum_confirms_bearish",bullish: HL/LH/HL/HH,bullish_sweep,3 active,11 active,discount,mixed,,,,,,,,,,,,,rsi_45_55|fg_fear|funding_positive|trigger_learning_only_scan|final_HOLD|claude_HOLD|candidate_BUY|candidate_source_trade_quality,"Historical evidence is strongly bearish: avg 4h return -1.73%, avg 24h return -5.62% across 20 similar setups, with 17/20 past signals being HOLD. MACD is bearish (signal above MACD line), volume ratio is near-zero (0.02) indicating no conviction, and price is below EMA 200 ($80,472) signaling structural weakness. Despite 60% win rate on 3% profit target, the magnitude of losses (-21.11% worst case) and deeply negative average returns dominate the risk calculus."
84,2026-05-09T00:00:14+00:00,1h,SCORED,80194.8,2026-05-09T01:15:00+00:00,80267.2,live_15m_csv,0.0903,learning_only_scan,52.1,38,0.0015095,HOLD,72,OK_HOLD,,tq65_shadow60_risk_v1,BUY,trade_quality,72,"Trade Quality Score 81.0/100 is above BUY threshold 65.0. Primary reason: quality_high. Original Claude HOLD reason: Historical evidence is strongly bearish: avg 4h return -1.73%, avg 24h return -5.62% across 20 similar setups, with 17/20 past signals being HOLD. MACD is bearish (signal above MACD line), volume ratio is near-zero (0.02) indicating no conviction, and price is below EMA 200 ($80,472) signaling structural weakness. Despite 60% win rate on 3% profit target, the magnitude of losses (-21.11% worst case) and deeply negative average returns dominate the risk calculus.",81.0,71.0,HOLD,bb_squeeze,Bollinger Band squeeze (width=0.0043). No directional trend — skipping.,1,bb_squeeze,80194.8,81.0,OK_HOLD,,0,71.0,risk_block_bb_squeeze,BUY,81.0,quality_high,80032.34,82600.64,55.0,bearish,"bearish_bos_or_choch, bullish_liquidity_sweep, price_in_discount, active_bearish_order_block, active_bullish_fvg, active_bearish_fvg, momentum_confirms_bearish",bullish: HL/LH/HL/HH,bullish_sweep,3 active,11 active,discount,mixed,,,,,,,,,,,,,rsi_45_55|fg_fear|funding_positive|trigger_learning_only_scan|final_HOLD|claude_HOLD|candidate_BUY|candidate_source_trade_quality,"Historical evidence is strongly bearish: avg 4h return -1.73%, avg 24h return -5.62% across 20 similar setups, with 17/20 past signals being HOLD. MACD is bearish (signal above MACD line), volume ratio is near-zero (0.02) indicating no conviction, and price is below EMA 200 ($80,472) signaling structural weakness. Despite 60% win rate on 3% profit target, the magnitude of losses (-21.11% worst case) and deeply negative average returns dominate the risk calculus."
84,2026-05-09T00:00:14+00:00,4h,SCORED,80194.8,2026-05-09T04:00:15+00:00,80384.6,decisions,0.2367,learning_only_scan,52.1,38,0.0015095,HOLD,72,OK_HOLD,,tq65_shadow60_risk_v1,BUY,trade_quality,72,"Trade Quality Score 81.0/100 is above BUY threshold 65.0. Primary reason: quality_high. Original Claude HOLD reason: Historical evidence is strongly bearish: avg 4h return -1.73%, avg 24h return -5.62% across 20 similar setups, with 17/20 past signals being HOLD. MACD is bearish (signal above MACD line), volume ratio is near-zero (0.02) indicating no conviction, and price is below EMA 200 ($80,472) signaling structural weakness. Despite 60% win rate on 3% profit target, the magnitude of losses (-21.11% worst case) and deeply negative average returns dominate the risk calculus.",81.0,71.0,HOLD,bb_squeeze,Bollinger Band squeeze (width=0.0043). No directional trend — skipping.,1,bb_squeeze,80194.8,81.0,OK_HOLD,,0,71.0,risk_block_bb_squeeze,BUY,81.0,quality_high,80032.34,82600.64,55.0,bearish,"bearish_bos_or_choch, bullish_liquidity_sweep, price_in_discount, active_bearish_order_block, active_bullish_fvg, active_bearish_fvg, momentum_confirms_bearish",bullish: HL/LH/HL/HH,bullish_sweep,3 active,11 active,discount,mixed,,,,,,,,,,,,,rsi_45_55|fg_fear|funding_positive|trigger_learning_only_scan|final_HOLD|claude_HOLD|candidate_BUY|candidate_source_trade_quality,"Historical evidence is strongly bearish: avg 4h return -1.73%, avg 24h return -5.62% across 20 similar setups, with 17/20 past signals being HOLD. MACD is bearish (signal above MACD line), volume ratio is near-zero (0.02) indicating no conviction, and price is below EMA 200 ($80,472) signaling structural weakness. Despite 60% win rate on 3% profit target, the magnitude of losses (-21.11% worst case) and deeply negative average returns dominate the risk calculus."
84,2026-05-09T00:00:14+00:00,24h,SCORED,80194.8,2026-05-10T00:00:17+00:00,80654.0,decisions,0.5726,learning_only_scan,52.1,38,0.0015095,HOLD,72,OK_HOLD,,tq65_shadow60_risk_v1,BUY,trade_quality,72,"Trade Quality Score 81.0/100 is above BUY threshold 65.0. Primary reason: quality_high. Original Claude HOLD reason: Historical evidence is strongly bearish: avg 4h return -1.73%, avg 24h return -5.62% across 20 similar setups, with 17/20 past signals being HOLD. MACD is bearish (signal above MACD line), volume ratio is near-zero (0.02) indicating no conviction, and price is below EMA 200 ($80,472) signaling structural weakness. Despite 60% win rate on 3% profit target, the magnitude of losses (-21.11% worst case) and deeply negative average returns dominate the risk calculus.",81.0,71.0,HOLD,bb_squeeze,Bollinger Band squeeze (width=0.0043). No directional trend — skipping.,1,bb_squeeze,80194.8,81.0,OK_HOLD,,0,71.0,risk_block_bb_squeeze,BUY,81.0,quality_high,80032.34,82600.64,55.0,bearish,"bearish_bos_or_choch, bullish_liquidity_sweep, price_in_discount, active_bearish_order_block, active_bullish_fvg, active_bearish_fvg, momentum_confirms_bearish",bullish: HL/LH/HL/HH,bullish_sweep,3 active,11 active,discount,mixed,,,,,,,,,,,,,rsi_45_55|fg_fear|funding_positive|trigger_learning_only_scan|final_HOLD|claude_HOLD|candidate_BUY|candidate_source_trade_quality,"Historical evidence is strongly bearish: avg 4h return -1.73%, avg 24h return -5.62% across 20 similar setups, with 17/20 past signals being HOLD. MACD is bearish (signal above MACD line), volume ratio is near-zero (0.02) indicating no conviction, and price is below EMA 200 ($80,472) signaling structural weakness. Despite 60% win rate on 3% profit target, the magnitude of losses (-21.11% worst case) and deeply negative average returns dominate the risk calculus."
85,2026-05-09T01:00:13+00:00,15m,SCORED,80215.1,2026-05-09T01:30:00+00:00,80384.5,live_15m_csv,0.2112,learning_only_scan,53.4,38,0.0015095,HOLD,72,OK_HOLD,,tq65_shadow60_risk_v1,BUY,trade_quality,72,"Trade Quality Score 77.0/100 is above BUY threshold 65.0. Primary reason: quality_high. Original Claude HOLD reason: Historical evidence is strongly bearish: avg 4h return -1.58%, avg 24h return -4.59%, with 50% win rate insufficient to overcome negative expected value. MACD bearish crossover, near-zero volume ratio, and AI feedback loop flagging 0.0 accuracy on BUY calls reinforce caution. No compelling entry signal exists.",77.0,67.0,HOLD,bb_squeeze,Bollinger Band squeeze (width=0.0035). No directional trend — skipping.,1,bb_squeeze,80215.1,77.0,OK_HOLD,,0,67.0,risk_block_bb_squeeze,BUY,77.0,quality_high,80071.19,82621.55,55.0,bearish,"bearish_bos_or_choch, bullish_liquidity_sweep, price_in_discount, active_bearish_order_block, active_bullish_fvg, active_bearish_fvg, momentum_confirms_bearish",bullish: LH/HL/HH/HL,bullish_sweep,3 active,10 active,discount,mixed,,,,,,,,,,,,,rsi_45_55|fg_fear|funding_positive|trigger_learning_only_scan|final_HOLD|claude_HOLD|candidate_BUY|candidate_source_trade_quality,"Historical evidence is strongly bearish: avg 4h return -1.58%, avg 24h return -4.59%, with 50% win rate insufficient to overcome negative expected value. MACD bearish crossover, near-zero volume ratio, and AI feedback loop flagging 0.0 accuracy on BUY calls reinforce caution. No compelling entry signal exists."
85,2026-05-09T01:00:13+00:00,1h,SCORED,80215.1,2026-05-09T02:00:14+00:00,80324.6,decisions,0.1365,learning_only_scan,53.4,38,0.0015095,HOLD,72,OK_HOLD,,tq65_shadow60_risk_v1,BUY,trade_quality,72,"Trade Quality Score 77.0/100 is above BUY threshold 65.0. Primary reason: quality_high. Original Claude HOLD reason: Historical evidence is strongly bearish: avg 4h return -1.58%, avg 24h return -4.59%, with 50% win rate insufficient to overcome negative expected value. MACD bearish crossover, near-zero volume ratio, and AI feedback loop flagging 0.0 accuracy on BUY calls reinforce caution. No compelling entry signal exists.",77.0,67.0,HOLD,bb_squeeze,Bollinger Band squeeze (width=0.0035). No directional trend — skipping.,1,bb_squeeze,80215.1,77.0,OK_HOLD,,0,67.0,risk_block_bb_squeeze,BUY,77.0,quality_high,80071.19,82621.55,55.0,bearish,"bearish_bos_or_choch, bullish_liquidity_sweep, price_in_discount, active_bearish_order_block, active_bullish_fvg, active_bearish_fvg, momentum_confirms_bearish",bullish: LH/HL/HH/HL,bullish_sweep,3 active,10 active,discount,mixed,,,,,,,,,,,,,rsi_45_55|fg_fear|funding_positive|trigger_learning_only_scan|final_HOLD|claude_HOLD|candidate_BUY|candidate_source_trade_quality,"Historical evidence is strongly bearish: avg 4h return -1.58%, avg 24h return -4.59%, with 50% win rate insufficient to overcome negative expected value. MACD bearish crossover, near-zero volume ratio, and AI feedback loop flagging 0.0 accuracy on BUY calls reinforce caution. No compelling entry signal exists."
85,2026-05-09T01:00:13+00:00,4h,SCORED,80215.1,2026-05-09T05:00:17+00:00,80382.3,decisions,0.2084,learning_only_scan,53.4,38,0.0015095,HOLD,72,OK_HOLD,,tq65_shadow60_risk_v1,BUY,trade_quality,72,"Trade Quality Score 77.0/100 is above BUY threshold 65.0. Primary reason: quality_high. Original Claude HOLD reason: Historical evidence is strongly bearish: avg 4h return -1.58%, avg 24h return -4.59%, with 50% win rate insufficient to overcome negative expected value. MACD bearish crossover, near-zero volume ratio, and AI feedback loop flagging 0.0 accuracy on BUY calls reinforce caution. No compelling entry signal exists.",77.0,67.0,HOLD,bb_squeeze,Bollinger Band squeeze (width=0.0035). No directional trend — skipping.,1,bb_squeeze,80215.1,77.0,OK_HOLD,,0,67.0,risk_block_bb_squeeze,BUY,77.0,quality_high,80071.19,82621.55,55.0,bearish,"bearish_bos_or_choch, bullish_liquidity_sweep, price_in_discount, active_bearish_order_block, active_bullish_fvg, active_bearish_fvg, momentum_confirms_bearish",bullish: LH/HL/HH/HL,bullish_sweep,3 active,10 active,discount,mixed,,,,,,,,,,,,,rsi_45_55|fg_fear|funding_positive|trigger_learning_only_scan|final_HOLD|claude_HOLD|candidate_BUY|candidate_source_trade_quality,"Historical evidence is strongly bearish: avg 4h return -1.58%, avg 24h return -4.59%, with 50% win rate insufficient to overcome negative expected value. MACD bearish crossover, near-zero volume ratio, and AI feedback loop flagging 0.0 accuracy on BUY calls reinforce caution. No compelling entry signal exists."
85,2026-05-09T01:00:13+00:00,24h,SCORED,80215.1,2026-05-10T01:00:14+00:00,80650.3,decisions,0.5425,learning_only_scan,53.4,38,0.0015095,HOLD,72,OK_HOLD,,tq65_shadow60_risk_v1,BUY,trade_quality,72,"Trade Quality Score 77.0/100 is above BUY threshold 65.0. Primary reason: quality_high. Original Claude HOLD reason: Historical evidence is strongly bearish: avg 4h return -1.58%, avg 24h return -4.59%, with 50% win rate insufficient to overcome negative expected value. MACD bearish crossover, near-zero volume ratio, and AI feedback loop flagging 0.0 accuracy on BUY calls reinforce caution. No compelling entry signal exists.",77.0,67.0,HOLD,bb_squeeze,Bollinger Band squeeze (width=0.0035). No directional trend — skipping.,1,bb_squeeze,80215.1,77.0,OK_HOLD,,0,67.0,risk_block_bb_squeeze,BUY,77.0,quality_high,80071.19,82621.55,55.0,bearish,"bearish_bos_or_choch, bullish_liquidity_sweep, price_in_discount, active_bearish_order_block, active_bullish_fvg, active_bearish_fvg, momentum_confirms_bearish",bullish: LH/HL/HH/HL,bullish_sweep,3 active,10 active,discount,mixed,,,,,,,,,,,,,rsi_45_55|fg_fear|funding_positive|trigger_learning_only_scan|final_HOLD|claude_HOLD|candidate_BUY|candidate_source_trade_quality,"Historical evidence is strongly bearish: avg 4h return -1.58%, avg 24h return -4.59%, with 50% win rate insufficient to overcome negative expected value. MACD bearish crossover, near-zero volume ratio, and AI feedback loop flagging 0.0 accuracy on BUY calls reinforce caution. No compelling entry signal exists."
86,2026-05-09T02:00:14+00:00,15m,SCORED,80324.6,2026-05-09T02:30:00+00:00,80395.7,live_15m_csv,0.0885,learning_only_scan,57.7,38,0.0015095,HOLD,72,OK_HOLD,,tq65_shadow60_risk_v1,BUY,trade_quality,72,"Trade Quality Score 74.5/100 is above BUY threshold 65.0. Primary reason: quality_high. Original Claude HOLD reason: Historical win rate of 25% at similar moments is below the 35% threshold, and combined with avg 1h return of -0.11%, this meets the hard HOLD criteria. Additionally, 4h Claude BUY accuracy is 0.0 per feedback loop, volume ratio is effectively zero indicating no momentum confirmation, and price is below EMA 200 — all pointing against entry.",74.5,64.5,HOLD,bb_squeeze,Bollinger Band squeeze (width=0.0039). No directional trend — skipping.,1,bb_squeeze,80324.6,74.5,OK_HOLD,,0,64.5,risk_block_bb_squeeze,BUY,74.5,quality_high,80183.21,82734.34,55.0,bullish,"bearish_bos_or_choch, bullish_liquidity_sweep, price_in_discount, active_bearish_order_block, active_bullish_fvg, active_bearish_fvg, momentum_confirms_bullish",bullish: LH/HL/HH/HL,bullish_sweep,3 active,10 active,discount,mixed,,,,,,,,,,,,,rsi_55_65|fg_fear|funding_positive|trigger_learning_only_scan|final_HOLD|claude_HOLD|candidate_BUY|candidate_source_trade_quality,"Historical win rate of 25% at similar moments is below the 35% threshold, and combined with avg 1h return of -0.11%, this meets the hard HOLD criteria. Additionally, 4h Claude BUY accuracy is 0.0 per feedback loop, volume ratio is effectively zero indicating no momentum confirmation, and price is below EMA 200 — all pointing against entry."
86,2026-05-09T02:00:14+00:00,1h,SCORED,80324.6,2026-05-09T03:00:15+00:00,80415.5,decisions,0.1132,learning_only_scan,57.7,38,0.0015095,HOLD,72,OK_HOLD,,tq65_shadow60_risk_v1,BUY,trade_quality,72,"Trade Quality Score 74.5/100 is above BUY threshold 65.0. Primary reason: quality_high. Original Claude HOLD reason: Historical win rate of 25% at similar moments is below the 35% threshold, and combined with avg 1h return of -0.11%, this meets the hard HOLD criteria. Additionally, 4h Claude BUY accuracy is 0.0 per feedback loop, volume ratio is effectively zero indicating no momentum confirmation, and price is below EMA 200 — all pointing against entry.",74.5,64.5,HOLD,bb_squeeze,Bollinger Band squeeze (width=0.0039). No directional trend — skipping.,1,bb_squeeze,80324.6,74.5,OK_HOLD,,0,64.5,risk_block_bb_squeeze,BUY,74.5,quality_high,80183.21,82734.34,55.0,bullish,"bearish_bos_or_choch, bullish_liquidity_sweep, price_in_discount, active_bearish_order_block, active_bullish_fvg, active_bearish_fvg, momentum_confirms_bullish",bullish: LH/HL/HH/HL,bullish_sweep,3 active,10 active,discount,mixed,,,,,,,,,,,,,rsi_55_65|fg_fear|funding_positive|trigger_learning_only_scan|final_HOLD|claude_HOLD|candidate_BUY|candidate_source_trade_quality,"Historical win rate of 25% at similar moments is below the 35% threshold, and combined with avg 1h return of -0.11%, this meets the hard HOLD criteria. Additionally, 4h Claude BUY accuracy is 0.0 per feedback loop, volume ratio is effectively zero indicating no momentum confirmation, and price is below EMA 200 — all pointing against entry."
86,2026-05-09T02:00:14+00:00,4h,SCORED,80324.6,2026-05-09T06:00:15+00:00,80368.7,decisions,0.0549,learning_only_scan,57.7,38,0.0015095,HOLD,72,OK_HOLD,,tq65_shadow60_risk_v1,BUY,trade_quality,72,"Trade Quality Score 74.5/100 is above BUY threshold 65.0. Primary reason: quality_high. Original Claude HOLD reason: Historical win rate of 25% at similar moments is below the 35% threshold, and combined with avg 1h return of -0.11%, this meets the hard HOLD criteria. Additionally, 4h Claude BUY accuracy is 0.0 per feedback loop, volume ratio is effectively zero indicating no momentum confirmation, and price is below EMA 200 — all pointing against entry.",74.5,64.5,HOLD,bb_squeeze,Bollinger Band squeeze (width=0.0039). No directional trend — skipping.,1,bb_squeeze,80324.6,74.5,OK_HOLD,,0,64.5,risk_block_bb_squeeze,BUY,74.5,quality_high,80183.21,82734.34,55.0,bullish,"bearish_bos_or_choch, bullish_liquidity_sweep, price_in_discount, active_bearish_order_block, active_bullish_fvg, active_bearish_fvg, momentum_confirms_bullish",bullish: LH/HL/HH/HL,bullish_sweep,3 active,10 active,discount,mixed,,,,,,,,,,,,,rsi_55_65|fg_fear|funding_positive|trigger_learning_only_scan|final_HOLD|claude_HOLD|candidate_BUY|candidate_source_trade_quality,"Historical win rate of 25% at similar moments is below the 35% threshold, and combined with avg 1h return of -0.11%, this meets the hard HOLD criteria. Additionally, 4h Claude BUY accuracy is 0.0 per feedback loop, volume ratio is effectively zero indicating no momentum confirmation, and price is below EMA 200 — all pointing against entry."
86,2026-05-09T02:00:14+00:00,24h,SCORED,80324.6,2026-05-10T02:00:17+00:00,80644.9,decisions,0.3988,learning_only_scan,57.7,38,0.0015095,HOLD,72,OK_HOLD,,tq65_shadow60_risk_v1,BUY,trade_quality,72,"Trade Quality Score 74.5/100 is above BUY threshold 65.0. Primary reason: quality_high. Original Claude HOLD reason: Historical win rate of 25% at similar moments is below the 35% threshold, and combined with avg 1h return of -0.11%, this meets the hard HOLD criteria. Additionally, 4h Claude BUY accuracy is 0.0 per feedback loop, volume ratio is effectively zero indicating no momentum confirmation, and price is below EMA 200 — all pointing against entry.",74.5,64.5,HOLD,bb_squeeze,Bollinger Band squeeze (width=0.0039). No directional trend — skipping.,1,bb_squeeze,80324.6,74.5,OK_HOLD,,0,64.5,risk_block_bb_squeeze,BUY,74.5,quality_high,80183.21,82734.34,55.0,bullish,"bearish_bos_or_choch, bullish_liquidity_sweep, price_in_discount, active_bearish_order_block, active_bullish_fvg, active_bearish_fvg, momentum_confirms_bullish",bullish: LH/HL/HH/HL,bullish_sweep,3 active,10 active,discount,mixed,,,,,,,,,,,,,rsi_55_65|fg_fear|funding_positive|trigger_learning_only_scan|final_HOLD|claude_HOLD|candidate_BUY|candidate_source_trade_quality,"Historical win rate of 25% at similar moments is below the 35% threshold, and combined with avg 1h return of -0.11%, this meets the hard HOLD criteria. Additionally, 4h Claude BUY accuracy is 0.0 per feedback loop, volume ratio is effectively zero indicating no momentum confirmation, and price is below EMA 200 — all pointing against entry."
87,2026-05-09T03:00:15+00:00,15m,SCORED,80415.5,2026-05-09T03:30:00+00:00,80348.1,live_15m_csv,-0.0838,learning_only_scan,61.1,38,0.0015095,HOLD,0,OK_HOLD,,tq65_shadow60_risk_v1,BUY,trade_quality,65,Trade Quality Score 74.5/100 is above BUY threshold 65.0. Primary reason: quality_high. Original Claude HOLD reason: Malformed AI response — holding to be safe,74.5,64.5,HOLD,bb_squeeze,Bollinger Band squeeze (width=0.0051). No directional trend — skipping.,1,bb_squeeze,80415.5,74.5,OK_HOLD,,0,64.5,risk_block_bb_squeeze,BUY,74.5,quality_high,80282.96,82827.96,55.0,bullish,"bearish_bos_or_choch, bullish_liquidity_sweep, price_in_discount, active_bearish_order_block, active_bullish_fvg, active_bearish_fvg, momentum_confirms_bullish",bullish: LH/HL/HH/HL,bullish_sweep,3 active,9 active,discount,mixed,,,,,,,,,,,,,rsi_55_65|fg_fear|funding_positive|trigger_learning_only_scan|final_HOLD|claude_HOLD|candidate_BUY|candidate_source_trade_quality,Malformed AI response — holding to be safe
87,2026-05-09T03:00:15+00:00,1h,SCORED,80415.5,2026-05-09T04:00:15+00:00,80384.6,decisions,-0.0384,learning_only_scan,61.1,38,0.0015095,HOLD,0,OK_HOLD,,tq65_shadow60_risk_v1,BUY,trade_quality,65,Trade Quality Score 74.5/100 is above BUY threshold 65.0. Primary reason: quality_high. Original Claude HOLD reason: Malformed AI response — holding to be safe,74.5,64.5,HOLD,bb_squeeze,Bollinger Band squeeze (width=0.0051). No directional trend — skipping.,1,bb_squeeze,80415.5,74.5,OK_HOLD,,0,64.5,risk_block_bb_squeeze,BUY,74.5,quality_high,80282.96,82827.96,55.0,bullish,"bearish_bos_or_choch, bullish_liquidity_sweep, price_in_discount, active_bearish_order_block, active_bullish_fvg, active_bearish_fvg, momentum_confirms_bullish",bullish: LH/HL/HH/HL,bullish_sweep,3 active,9 active,discount,mixed,,,,,,,,,,,,,rsi_55_65|fg_fear|funding_positive|trigger_learning_only_scan|final_HOLD|claude_HOLD|candidate_BUY|candidate_source_trade_quality,Malformed AI response — holding to be safe
87,2026-05-09T03:00:15+00:00,4h,SCORED,80415.5,2026-05-09T07:15:00+00:00,80240.5,live_15m_csv,-0.2176,learning_only_scan,61.1,38,0.0015095,HOLD,0,OK_HOLD,,tq65_shadow60_risk_v1,BUY,trade_quality,65,Trade Quality Score 74.5/100 is above BUY threshold 65.0. Primary reason: quality_high. Original Claude HOLD reason: Malformed AI response — holding to be safe,74.5,64.5,HOLD,bb_squeeze,Bollinger Band squeeze (width=0.0051). No directional trend — skipping.,1,bb_squeeze,80415.5,74.5,OK_HOLD,,0,64.5,risk_block_bb_squeeze,BUY,74.5,quality_high,80282.96,82827.96,55.0,bullish,"bearish_bos_or_choch, bullish_liquidity_sweep, price_in_discount, active_bearish_order_block, active_bullish_fvg, active_bearish_fvg, momentum_confirms_bullish",bullish: LH/HL/HH/HL,bullish_sweep,3 active,9 active,discount,mixed,,,,,,,,,,,,,rsi_55_65|fg_fear|funding_positive|trigger_learning_only_scan|final_HOLD|claude_HOLD|candidate_BUY|candidate_source_trade_quality,Malformed AI response — holding to be safe
87,2026-05-09T03:00:15+00:00,24h,SCORED,80415.5,2026-05-10T03:00:20+00:00,80754.5,decisions,0.4216,learning_only_scan,61.1,38,0.0015095,HOLD,0,OK_HOLD,,tq65_shadow60_risk_v1,BUY,trade_quality,65,Trade Quality Score 74.5/100 is above BUY threshold 65.0. Primary reason: quality_high. Original Claude HOLD reason: Malformed AI response — holding to be safe,74.5,64.5,HOLD,bb_squeeze,Bollinger Band squeeze (width=0.0051). No directional trend — skipping.,1,bb_squeeze,80415.5,74.5,OK_HOLD,,0,64.5,risk_block_bb_squeeze,BUY,74.5,quality_high,80282.96,82827.96,55.0,bullish,"bearish_bos_or_choch, bullish_liquidity_sweep, price_in_discount, active_bearish_order_block, active_bullish_fvg, active_bearish_fvg, momentum_confirms_bullish",bullish: LH/HL/HH/HL,bullish_sweep,3 active,9 active,discount,mixed,,,,,,,,,,,,,rsi_55_65|fg_fear|funding_positive|trigger_learning_only_scan|final_HOLD|claude_HOLD|candidate_BUY|candidate_source_trade_quality,Malformed AI response — holding to be safe
88,2026-05-09T04:00:15+00:00,15m,SCORED,80384.6,2026-05-09T04:30:00+00:00,80398.5,live_15m_csv,0.0173,learning_only_scan,56.7,38,0.0015095,HOLD,65,OK_HOLD,,tq65_shadow60_risk_v1,BUY,trade_quality,65,"Trade Quality Score 72.0/100 is above BUY threshold 65.0. Primary reason: quality_high. Original Claude HOLD reason: Historical evidence shows avg 4h return of -0.63% and avg 24h return of -2.05% at similar moments, with win rate of 40% — just above the hard-block threshold but still unfavorable. MACD is bearish with signal line cross, volume ratio is extremely low at 0.09 (no conviction), and the BB squeeze could resolve in either direction. Past signals at similar moments: 0 BUY, 3 SELL, 17 HOLD — strongly favoring inaction.",72.0,62.0,HOLD,bb_squeeze,Bollinger Band squeeze (width=0.0056). No directional trend — skipping.,1,bb_squeeze,80384.6,72.0,OK_HOLD,,0,62.0,risk_block_bb_squeeze,BUY,72.0,quality_high,80251.25,82796.14,60.0,bearish,"bearish_bos_or_choch, bullish_liquidity_sweep, price_in_discount, price_in_premium, active_bearish_order_block, active_bullish_fvg, active_bearish_fvg",bullish: LH/HL/HH/HL,bullish_sweep,2 active,8 active,discount,mixed,SELL,60.0,bearish,"bearish_bos_or_choch, bullish_liquidity_sweep, price_in_discount, price_in_premium, active_bearish_order_block, active_bullish_fvg, active_bearish_fvg",,,,,,,,,rsi_55_65|fg_fear|funding_positive|trigger_learning_only_scan|final_HOLD|claude_HOLD|candidate_BUY|candidate_source_trade_quality,"Historical evidence shows avg 4h return of -0.63% and avg 24h return of -2.05% at similar moments, with win rate of 40% — just above the hard-block threshold but still unfavorable. MACD is bearish with signal line cross, volume ratio is extremely low at 0.09 (no conviction), and the BB squeeze could resolve in either direction. Past signals at similar moments: 0 BUY, 3 SELL, 17 HOLD — strongly favoring inaction."
88,2026-05-09T04:00:15+00:00,1h,SCORED,80384.6,2026-05-09T05:00:17+00:00,80382.3,decisions,-0.0029,learning_only_scan,56.7,38,0.0015095,HOLD,65,OK_HOLD,,tq65_shadow60_risk_v1,BUY,trade_quality,65,"Trade Quality Score 72.0/100 is above BUY threshold 65.0. Primary reason: quality_high. Original Claude HOLD reason: Historical evidence shows avg 4h return of -0.63% and avg 24h return of -2.05% at similar moments, with win rate of 40% — just above the hard-block threshold but still unfavorable. MACD is bearish with signal line cross, volume ratio is extremely low at 0.09 (no conviction), and the BB squeeze could resolve in either direction. Past signals at similar moments: 0 BUY, 3 SELL, 17 HOLD — strongly favoring inaction.",72.0,62.0,HOLD,bb_squeeze,Bollinger Band squeeze (width=0.0056). No directional trend — skipping.,1,bb_squeeze,80384.6,72.0,OK_HOLD,,0,62.0,risk_block_bb_squeeze,BUY,72.0,quality_high,80251.25,82796.14,60.0,bearish,"bearish_bos_or_choch, bullish_liquidity_sweep, price_in_discount, price_in_premium, active_bearish_order_block, active_bullish_fvg, active_bearish_fvg",bullish: LH/HL/HH/HL,bullish_sweep,2 active,8 active,discount,mixed,SELL,60.0,bearish,"bearish_bos_or_choch, bullish_liquidity_sweep, price_in_discount, price_in_premium, active_bearish_order_block, active_bullish_fvg, active_bearish_fvg",,,,,,,,,rsi_55_65|fg_fear|funding_positive|trigger_learning_only_scan|final_HOLD|claude_HOLD|candidate_BUY|candidate_source_trade_quality,"Historical evidence shows avg 4h return of -0.63% and avg 24h return of -2.05% at similar moments, with win rate of 40% — just above the hard-block threshold but still unfavorable. MACD is bearish with signal line cross, volume ratio is extremely low at 0.09 (no conviction), and the BB squeeze could resolve in either direction. Past signals at similar moments: 0 BUY, 3 SELL, 17 HOLD — strongly favoring inaction."
88,2026-05-09T04:00:15+00:00,4h,SCORED,80384.6,2026-05-09T08:15:00+00:00,80375.6,live_15m_csv,-0.0112,learning_only_scan,56.7,38,0.0015095,HOLD,65,OK_HOLD,,tq65_shadow60_risk_v1,BUY,trade_quality,65,"Trade Quality Score 72.0/100 is above BUY threshold 65.0. Primary reason: quality_high. Original Claude HOLD reason: Historical evidence shows avg 4h return of -0.63% and avg 24h return of -2.05% at similar moments, with win rate of 40% — just above the hard-block threshold but still unfavorable. MACD is bearish with signal line cross, volume ratio is extremely low at 0.09 (no conviction), and the BB squeeze could resolve in either direction. Past signals at similar moments: 0 BUY, 3 SELL, 17 HOLD — strongly favoring inaction.",72.0,62.0,HOLD,bb_squeeze,Bollinger Band squeeze (width=0.0056). No directional trend — skipping.,1,bb_squeeze,80384.6,72.0,OK_HOLD,,0,62.0,risk_block_bb_squeeze,BUY,72.0,quality_high,80251.25,82796.14,60.0,bearish,"bearish_bos_or_choch, bullish_liquidity_sweep, price_in_discount, price_in_premium, active_bearish_order_block, active_bullish_fvg, active_bearish_fvg",bullish: LH/HL/HH/HL,bullish_sweep,2 active,8 active,discount,mixed,SELL,60.0,bearish,"bearish_bos_or_choch, bullish_liquidity_sweep, price_in_discount, price_in_premium, active_bearish_order_block, active_bullish_fvg, active_bearish_fvg",,,,,,,,,rsi_55_65|fg_fear|funding_positive|trigger_learning_only_scan|final_HOLD|claude_HOLD|candidate_BUY|candidate_source_trade_quality,"Historical evidence shows avg 4h return of -0.63% and avg 24h return of -2.05% at similar moments, with win rate of 40% — just above the hard-block threshold but still unfavorable. MACD is bearish with signal line cross, volume ratio is extremely low at 0.09 (no conviction), and the BB squeeze could resolve in either direction. Past signals at similar moments: 0 BUY, 3 SELL, 17 HOLD — strongly favoring inaction."
88,2026-05-09T04:00:15+00:00,24h,SCORED,80384.6,2026-05-10T04:00:28+00:00,80762.1,decisions,0.4696,learning_only_scan,56.7,38,0.0015095,HOLD,65,OK_HOLD,,tq65_shadow60_risk_v1,BUY,trade_quality,65,"Trade Quality Score 72.0/100 is above BUY threshold 65.0. Primary reason: quality_high. Original Claude HOLD reason: Historical evidence shows avg 4h return of -0.63% and avg 24h return of -2.05% at similar moments, with win rate of 40% — just above the hard-block threshold but still unfavorable. MACD is bearish with signal line cross, volume ratio is extremely low at 0.09 (no conviction), and the BB squeeze could resolve in either direction. Past signals at similar moments: 0 BUY, 3 SELL, 17 HOLD — strongly favoring inaction.",72.0,62.0,HOLD,bb_squeeze,Bollinger Band squeeze (width=0.0056). No directional trend — skipping.,1,bb_squeeze,80384.6,72.0,OK_HOLD,,0,62.0,risk_block_bb_squeeze,BUY,72.0,quality_high,80251.25,82796.14,60.0,bearish,"bearish_bos_or_choch, bullish_liquidity_sweep, price_in_discount, price_in_premium, active_bearish_order_block, active_bullish_fvg, active_bearish_fvg",bullish: LH/HL/HH/HL,bullish_sweep,2 active,8 active,discount,mixed,SELL,60.0,bearish,"bearish_bos_or_choch, bullish_liquidity_sweep, price_in_discount, price_in_premium, active_bearish_order_block, active_bullish_fvg, active_bearish_fvg",,,,,,,,,rsi_55_65|fg_fear|funding_positive|trigger_learning_only_scan|final_HOLD|claude_HOLD|candidate_BUY|candidate_source_trade_quality,"Historical evidence shows avg 4h return of -0.63% and avg 24h return of -2.05% at similar moments, with win rate of 40% — just above the hard-block threshold but still unfavorable. MACD is bearish with signal line cross, volume ratio is extremely low at 0.09 (no conviction), and the BB squeeze could resolve in either direction. Past signals at similar moments: 0 BUY, 3 SELL, 17 HOLD — strongly favoring inaction."
89,2026-05-09T05:00:17+00:00,15m,SCORED,80382.3,2026-05-09T05:30:00+00:00,80449.9,live_15m_csv,0.0841,learning_only_scan,53.2,38,0.0015095,HOLD,70,OK_HOLD,,tq65_shadow60_risk_v1,BUY,trade_quality,70,"Trade Quality Score 81.0/100 is above BUY threshold 65.0. Primary reason: quality_high. Original Claude HOLD reason: Historical evidence is strongly negative: avg 4h return -1.73%, avg 24h return -5.62%, with only 3 BUY signals vs 17 HOLDs in similar past moments. MACD is bearish, volume ratio is effectively zero (no conviction), and ATR is tight suggesting no breakout imminent. Despite 60% win rate on 3% profit target, the asymmetric downside (-21% worst case 4h) and deeply negative average returns outweigh short-term win probability.",81.0,71.0,HOLD,bb_squeeze,Bollinger Band squeeze (width=0.0049). No directional trend — skipping.,1,bb_squeeze,80382.3,81.0,OK_HOLD,,0,71.0,risk_block_bb_squeeze,BUY,81.0,quality_high,80235.75,82793.77,75.0,bullish,"higher_timeframe_bullish, bullish_bos_or_choch, bullish_liquidity_sweep, price_in_discount, price_in_premium, active_bearish_order_block, active_bullish_fvg, active_bearish_fvg",bullish: HL/HH/HL/HL,bullish_sweep,2 active,8 active,discount,bullish,BUY,75.0,bullish,"higher_timeframe_bullish, bullish_bos_or_choch, bullish_liquidity_sweep, price_in_discount, price_in_premium, active_bearish_order_block, active_bullish_fvg, active_bearish_fvg",,,,,,,,,rsi_45_55|fg_fear|funding_positive|trigger_learning_only_scan|final_HOLD|claude_HOLD|candidate_BUY|candidate_source_trade_quality,"Historical evidence is strongly negative: avg 4h return -1.73%, avg 24h return -5.62%, with only 3 BUY signals vs 17 HOLDs in similar past moments. MACD is bearish, volume ratio is effectively zero (no conviction), and ATR is tight suggesting no breakout imminent. Despite 60% win rate on 3% profit target, the asymmetric downside (-21% worst case 4h) and deeply negative average returns outweigh short-term win probability."
89,2026-05-09T05:00:17+00:00,1h,SCORED,80382.3,2026-05-09T06:15:00+00:00,80294.3,live_15m_csv,-0.1095,learning_only_scan,53.2,38,0.0015095,HOLD,70,OK_HOLD,,tq65_shadow60_risk_v1,BUY,trade_quality,70,"Trade Quality Score 81.0/100 is above BUY threshold 65.0. Primary reason: quality_high. Original Claude HOLD reason: Historical evidence is strongly negative: avg 4h return -1.73%, avg 24h return -5.62%, with only 3 BUY signals vs 17 HOLDs in similar past moments. MACD is bearish, volume ratio is effectively zero (no conviction), and ATR is tight suggesting no breakout imminent. Despite 60% win rate on 3% profit target, the asymmetric downside (-21% worst case 4h) and deeply negative average returns outweigh short-term win probability.",81.0,71.0,HOLD,bb_squeeze,Bollinger Band squeeze (width=0.0049). No directional trend — skipping.,1,bb_squeeze,80382.3,81.0,OK_HOLD,,0,71.0,risk_block_bb_squeeze,BUY,81.0,quality_high,80235.75,82793.77,75.0,bullish,"higher_timeframe_bullish, bullish_bos_or_choch, bullish_liquidity_sweep, price_in_discount, price_in_premium, active_bearish_order_block, active_bullish_fvg, active_bearish_fvg",bullish: HL/HH/HL/HL,bullish_sweep,2 active,8 active,discount,bullish,BUY,75.0,bullish,"higher_timeframe_bullish, bullish_bos_or_choch, bullish_liquidity_sweep, price_in_discount, price_in_premium, active_bearish_order_block, active_bullish_fvg, active_bearish_fvg",,,,,,,,,rsi_45_55|fg_fear|funding_positive|trigger_learning_only_scan|final_HOLD|claude_HOLD|candidate_BUY|candidate_source_trade_quality,"Historical evidence is strongly negative: avg 4h return -1.73%, avg 24h return -5.62%, with only 3 BUY signals vs 17 HOLDs in similar past moments. MACD is bearish, volume ratio is effectively zero (no conviction), and ATR is tight suggesting no breakout imminent. Despite 60% win rate on 3% profit target, the asymmetric downside (-21% worst case 4h) and deeply negative average returns outweigh short-term win probability."
89,2026-05-09T05:00:17+00:00,4h,SCORED,80382.3,2026-05-09T09:15:00+00:00,80248.3,live_15m_csv,-0.1667,learning_only_scan,53.2,38,0.0015095,HOLD,70,OK_HOLD,,tq65_shadow60_risk_v1,BUY,trade_quality,70,"Trade Quality Score 81.0/100 is above BUY threshold 65.0. Primary reason: quality_high. Original Claude HOLD reason: Historical evidence is strongly negative: avg 4h return -1.73%, avg 24h return -5.62%, with only 3 BUY signals vs 17 HOLDs in similar past moments. MACD is bearish, volume ratio is effectively zero (no conviction), and ATR is tight suggesting no breakout imminent. Despite 60% win rate on 3% profit target, the asymmetric downside (-21% worst case 4h) and deeply negative average returns outweigh short-term win probability.",81.0,71.0,HOLD,bb_squeeze,Bollinger Band squeeze (width=0.0049). No directional trend — skipping.,1,bb_squeeze,80382.3,81.0,OK_HOLD,,0,71.0,risk_block_bb_squeeze,BUY,81.0,quality_high,80235.75,82793.77,75.0,bullish,"higher_timeframe_bullish, bullish_bos_or_choch, bullish_liquidity_sweep, price_in_discount, price_in_premium, active_bearish_order_block, active_bullish_fvg, active_bearish_fvg",bullish: HL/HH/HL/HL,bullish_sweep,2 active,8 active,discount,bullish,BUY,75.0,bullish,"higher_timeframe_bullish, bullish_bos_or_choch, bullish_liquidity_sweep, price_in_discount, price_in_premium, active_bearish_order_block, active_bullish_fvg, active_bearish_fvg",,,,,,,,,rsi_45_55|fg_fear|funding_positive|trigger_learning_only_scan|final_HOLD|claude_HOLD|candidate_BUY|candidate_source_trade_quality,"Historical evidence is strongly negative: avg 4h return -1.73%, avg 24h return -5.62%, with only 3 BUY signals vs 17 HOLDs in similar past moments. MACD is bearish, volume ratio is effectively zero (no conviction), and ATR is tight suggesting no breakout imminent. Despite 60% win rate on 3% profit target, the asymmetric downside (-21% worst case 4h) and deeply negative average returns outweigh short-term win probability."
89,2026-05-09T05:00:17+00:00,24h,SCORED,80382.3,2026-05-10T05:00:18+00:00,80741.8,decisions,0.4472,learning_only_scan,53.2,38,0.0015095,HOLD,70,OK_HOLD,,tq65_shadow60_risk_v1,BUY,trade_quality,70,"Trade Quality Score 81.0/100 is above BUY threshold 65.0. Primary reason: quality_high. Original Claude HOLD reason: Historical evidence is strongly negative: avg 4h return -1.73%, avg 24h return -5.62%, with only 3 BUY signals vs 17 HOLDs in similar past moments. MACD is bearish, volume ratio is effectively zero (no conviction), and ATR is tight suggesting no breakout imminent. Despite 60% win rate on 3% profit target, the asymmetric downside (-21% worst case 4h) and deeply negative average returns outweigh short-term win probability.",81.0,71.0,HOLD,bb_squeeze,Bollinger Band squeeze (width=0.0049). No directional trend — skipping.,1,bb_squeeze,80382.3,81.0,OK_HOLD,,0,71.0,risk_block_bb_squeeze,BUY,81.0,quality_high,80235.75,82793.77,75.0,bullish,"higher_timeframe_bullish, bullish_bos_or_choch, bullish_liquidity_sweep, price_in_discount, price_in_premium, active_bearish_order_block, active_bullish_fvg, active_bearish_fvg",bullish: HL/HH/HL/HL,bullish_sweep,2 active,8 active,discount,bullish,BUY,75.0,bullish,"higher_timeframe_bullish, bullish_bos_or_choch, bullish_liquidity_sweep, price_in_discount, price_in_premium, active_bearish_order_block, active_bullish_fvg, active_bearish_fvg",,,,,,,,,rsi_45_55|fg_fear|funding_positive|trigger_learning_only_scan|final_HOLD|claude_HOLD|candidate_BUY|candidate_source_trade_quality,"Historical evidence is strongly negative: avg 4h return -1.73%, avg 24h return -5.62%, with only 3 BUY signals vs 17 HOLDs in similar past moments. MACD is bearish, volume ratio is effectively zero (no conviction), and ATR is tight suggesting no breakout imminent. Despite 60% win rate on 3% profit target, the asymmetric downside (-21% worst case 4h) and deeply negative average returns outweigh short-term win probability."
90,2026-05-09T06:00:15+00:00,15m,SCORED,80368.7,2026-05-09T06:30:00+00:00,80207.1,live_15m_csv,-0.2011,learning_only_scan,51.2,38,0.0015095,HOLD,72,OK_HOLD,,tq65_shadow60_risk_v1,BUY,trade_quality,72,"Trade Quality Score 80.5/100 is above BUY threshold 65.0. Primary reason: quality_high. Original Claude HOLD reason: Historical evidence is strongly bearish: avg 4h return -1.54%, avg 24h return -4.87%, and past signals at similar moments show 0 BUY, 3 SELL, 17 HOLD out of 20 cases. MACD is bearish, volume ratio is effectively zero indicating no conviction, BB squeeze suggests indecision not breakout, and 4h Claude BUY accuracy is 0.0 per feedback loop.",80.5,70.5,HOLD,bb_squeeze,Bollinger Band squeeze (width=0.0030). No directional trend — skipping.,1,bb_squeeze,80368.7,80.5,OK_HOLD,,0,70.5,risk_block_bb_squeeze,BUY,80.5,quality_high,80238.46,82779.76,75.0,bullish,"higher_timeframe_bullish, bullish_bos_or_choch, bullish_liquidity_sweep, bearish_liquidity_sweep, price_in_discount, active_bearish_order_block, active_bullish_fvg, active_bearish_fvg",bullish: HH/HL/HL/HH,bullish_sweep,2 active,8 active,discount,bullish,BUY,75.0,bullish,"higher_timeframe_bullish, bullish_bos_or_choch, bullish_liquidity_sweep, bearish_liquidity_sweep, price_in_discount, active_bearish_order_block, active_bullish_fvg, active_bearish_fvg",,,,,,,,,rsi_45_55|fg_fear|funding_positive|trigger_learning_only_scan|final_HOLD|claude_HOLD|candidate_BUY|candidate_source_trade_quality,"Historical evidence is strongly bearish: avg 4h return -1.54%, avg 24h return -4.87%, and past signals at similar moments show 0 BUY, 3 SELL, 17 HOLD out of 20 cases. MACD is bearish, volume ratio is effectively zero indicating no conviction, BB squeeze suggests indecision not breakout, and 4h Claude BUY accuracy is 0.0 per feedback loop."
90,2026-05-09T06:00:15+00:00,1h,SCORED,80368.7,2026-05-09T07:15:00+00:00,80240.5,live_15m_csv,-0.1595,learning_only_scan,51.2,38,0.0015095,HOLD,72,OK_HOLD,,tq65_shadow60_risk_v1,BUY,trade_quality,72,"Trade Quality Score 80.5/100 is above BUY threshold 65.0. Primary reason: quality_high. Original Claude HOLD reason: Historical evidence is strongly bearish: avg 4h return -1.54%, avg 24h return -4.87%, and past signals at similar moments show 0 BUY, 3 SELL, 17 HOLD out of 20 cases. MACD is bearish, volume ratio is effectively zero indicating no conviction, BB squeeze suggests indecision not breakout, and 4h Claude BUY accuracy is 0.0 per feedback loop.",80.5,70.5,HOLD,bb_squeeze,Bollinger Band squeeze (width=0.0030). No directional trend — skipping.,1,bb_squeeze,80368.7,80.5,OK_HOLD,,0,70.5,risk_block_bb_squeeze,BUY,80.5,quality_high,80238.46,82779.76,75.0,bullish,"higher_timeframe_bullish, bullish_bos_or_choch, bullish_liquidity_sweep, bearish_liquidity_sweep, price_in_discount, active_bearish_order_block, active_bullish_fvg, active_bearish_fvg",bullish: HH/HL/HL/HH,bullish_sweep,2 active,8 active,discount,bullish,BUY,75.0,bullish,"higher_timeframe_bullish, bullish_bos_or_choch, bullish_liquidity_sweep, bearish_liquidity_sweep, price_in_discount, active_bearish_order_block, active_bullish_fvg, active_bearish_fvg",,,,,,,,,rsi_45_55|fg_fear|funding_positive|trigger_learning_only_scan|final_HOLD|claude_HOLD|candidate_BUY|candidate_source_trade_quality,"Historical evidence is strongly bearish: avg 4h return -1.54%, avg 24h return -4.87%, and past signals at similar moments show 0 BUY, 3 SELL, 17 HOLD out of 20 cases. MACD is bearish, volume ratio is effectively zero indicating no conviction, BB squeeze suggests indecision not breakout, and 4h Claude BUY accuracy is 0.0 per feedback loop."
90,2026-05-09T06:00:15+00:00,4h,SCORED,80368.7,2026-05-09T10:00:15+00:00,80231.0,decisions,-0.1713,learning_only_scan,51.2,38,0.0015095,HOLD,72,OK_HOLD,,tq65_shadow60_risk_v1,BUY,trade_quality,72,"Trade Quality Score 80.5/100 is above BUY threshold 65.0. Primary reason: quality_high. Original Claude HOLD reason: Historical evidence is strongly bearish: avg 4h return -1.54%, avg 24h return -4.87%, and past signals at similar moments show 0 BUY, 3 SELL, 17 HOLD out of 20 cases. MACD is bearish, volume ratio is effectively zero indicating no conviction, BB squeeze suggests indecision not breakout, and 4h Claude BUY accuracy is 0.0 per feedback loop.",80.5,70.5,HOLD,bb_squeeze,Bollinger Band squeeze (width=0.0030). No directional trend — skipping.,1,bb_squeeze,80368.7,80.5,OK_HOLD,,0,70.5,risk_block_bb_squeeze,BUY,80.5,quality_high,80238.46,82779.76,75.0,bullish,"higher_timeframe_bullish, bullish_bos_or_choch, bullish_liquidity_sweep, bearish_liquidity_sweep, price_in_discount, active_bearish_order_block, active_bullish_fvg, active_bearish_fvg",bullish: HH/HL/HL/HH,bullish_sweep,2 active,8 active,discount,bullish,BUY,75.0,bullish,"higher_timeframe_bullish, bullish_bos_or_choch, bullish_liquidity_sweep, bearish_liquidity_sweep, price_in_discount, active_bearish_order_block, active_bullish_fvg, active_bearish_fvg",,,,,,,,,rsi_45_55|fg_fear|funding_positive|trigger_learning_only_scan|final_HOLD|claude_HOLD|candidate_BUY|candidate_source_trade_quality,"Historical evidence is strongly bearish: avg 4h return -1.54%, avg 24h return -4.87%, and past signals at similar moments show 0 BUY, 3 SELL, 17 HOLD out of 20 cases. MACD is bearish, volume ratio is effectively zero indicating no conviction, BB squeeze suggests indecision not breakout, and 4h Claude BUY accuracy is 0.0 per feedback loop."
90,2026-05-09T06:00:15+00:00,24h,SCORED,80368.7,2026-05-10T06:00:17+00:00,80670.0,decisions,0.3749,learning_only_scan,51.2,38,0.0015095,HOLD,72,OK_HOLD,,tq65_shadow60_risk_v1,BUY,trade_quality,72,"Trade Quality Score 80.5/100 is above BUY threshold 65.0. Primary reason: quality_high. Original Claude HOLD reason: Historical evidence is strongly bearish: avg 4h return -1.54%, avg 24h return -4.87%, and past signals at similar moments show 0 BUY, 3 SELL, 17 HOLD out of 20 cases. MACD is bearish, volume ratio is effectively zero indicating no conviction, BB squeeze suggests indecision not breakout, and 4h Claude BUY accuracy is 0.0 per feedback loop.",80.5,70.5,HOLD,bb_squeeze,Bollinger Band squeeze (width=0.0030). No directional trend — skipping.,1,bb_squeeze,80368.7,80.5,OK_HOLD,,0,70.5,risk_block_bb_squeeze,BUY,80.5,quality_high,80238.46,82779.76,75.0,bullish,"higher_timeframe_bullish, bullish_bos_or_choch, bullish_liquidity_sweep, bearish_liquidity_sweep, price_in_discount, active_bearish_order_block, active_bullish_fvg, active_bearish_fvg",bullish: HH/HL/HL/HH,bullish_sweep,2 active,8 active,discount,bullish,BUY,75.0,bullish,"higher_timeframe_bullish, bullish_bos_or_choch, bullish_liquidity_sweep, bearish_liquidity_sweep, price_in_discount, active_bearish_order_block, active_bullish_fvg, active_bearish_fvg",,,,,,,,,rsi_45_55|fg_fear|funding_positive|trigger_learning_only_scan|final_HOLD|claude_HOLD|candidate_BUY|candidate_source_trade_quality,"Historical evidence is strongly bearish: avg 4h return -1.54%, avg 24h return -4.87%, and past signals at similar moments show 0 BUY, 3 SELL, 17 HOLD out of 20 cases. MACD is bearish, volume ratio is effectively zero indicating no conviction, BB squeeze suggests indecision not breakout, and 4h Claude BUY accuracy is 0.0 per feedback loop."
91,2026-05-09T07:00:13+00:00,15m,SCORED,80247.2,2026-05-09T07:30:00+00:00,80220.1,live_15m_csv,-0.0338,learning_only_scan,44.2,38,0.0015095,HOLD,72,OK_HOLD,,tq65_shadow60_risk_v1,BUY,trade_quality,72,"Trade Quality Score 65.0/100 is above BUY threshold 65.0. Primary reason: quality_high. Original Claude HOLD reason: Historical evidence at similar moments shows avg 4h return of -5.59% with worst case -29%, MACD deeply bearish, price below all EMAs, volume ratio at zero indicating no conviction, and AI feedback loop flags 0.0 BUY accuracy at 4h — no basis to deviate from default HOLD.",65.0,65.0,HOLD,exchange_alert,Exchange alert: Senate Banking Committee’s Clarity Act Markup Brings Crypto Market Structure to the Moment  btcusa.com. Holding until market stabilises.,1,exchange_alert,80247.2,65.0,OK_HOLD,,0,65.0,risk_block_exchange_alert,BUY,65.0,quality_high,80119.26,82654.62,60.0,bullish,"bullish_bos_or_choch, bullish_liquidity_sweep, bearish_liquidity_sweep, price_in_discount, active_bearish_order_block, active_bullish_fvg, active_bearish_fvg, momentum_confirms_bearish",bearish: HH/HL/HL/HH,bullish_sweep,2 active,8 active,discount,mixed,BUY,60.0,bullish,"bullish_bos_or_choch, bullish_liquidity_sweep, bearish_liquidity_sweep, price_in_discount, active_bearish_order_block, active_bullish_fvg, active_bearish_fvg, momentum_confirms_bearish",,,,,,,,,rsi_35_45|fg_fear|funding_positive|trigger_learning_only_scan|final_HOLD|claude_HOLD|candidate_BUY|candidate_source_trade_quality,"Historical evidence at similar moments shows avg 4h return of -5.59% with worst case -29%, MACD deeply bearish, price below all EMAs, volume ratio at zero indicating no conviction, and AI feedback loop flags 0.0 BUY accuracy at 4h — no basis to deviate from default HOLD."
91,2026-05-09T07:00:13+00:00,1h,SCORED,80247.2,2026-05-09T08:00:14+00:00,80216.7,decisions,-0.038,learning_only_scan,44.2,38,0.0015095,HOLD,72,OK_HOLD,,tq65_shadow60_risk_v1,BUY,trade_quality,72,"Trade Quality Score 65.0/100 is above BUY threshold 65.0. Primary reason: quality_high. Original Claude HOLD reason: Historical evidence at similar moments shows avg 4h return of -5.59% with worst case -29%, MACD deeply bearish, price below all EMAs, volume ratio at zero indicating no conviction, and AI feedback loop flags 0.0 BUY accuracy at 4h — no basis to deviate from default HOLD.",65.0,65.0,HOLD,exchange_alert,Exchange alert: Senate Banking Committee’s Clarity Act Markup Brings Crypto Market Structure to the Moment  btcusa.com. Holding until market stabilises.,1,exchange_alert,80247.2,65.0,OK_HOLD,,0,65.0,risk_block_exchange_alert,BUY,65.0,quality_high,80119.26,82654.62,60.0,bullish,"bullish_bos_or_choch, bullish_liquidity_sweep, bearish_liquidity_sweep, price_in_discount, active_bearish_order_block, active_bullish_fvg, active_bearish_fvg, momentum_confirms_bearish",bearish: HH/HL/HL/HH,bullish_sweep,2 active,8 active,discount,mixed,BUY,60.0,bullish,"bullish_bos_or_choch, bullish_liquidity_sweep, bearish_liquidity_sweep, price_in_discount, active_bearish_order_block, active_bullish_fvg, active_bearish_fvg, momentum_confirms_bearish",,,,,,,,,rsi_35_45|fg_fear|funding_positive|trigger_learning_only_scan|final_HOLD|claude_HOLD|candidate_BUY|candidate_source_trade_quality,"Historical evidence at similar moments shows avg 4h return of -5.59% with worst case -29%, MACD deeply bearish, price below all EMAs, volume ratio at zero indicating no conviction, and AI feedback loop flags 0.0 BUY accuracy at 4h — no basis to deviate from default HOLD."
91,2026-05-09T07:00:13+00:00,4h,SCORED,80247.2,2026-05-09T11:00:13+00:00,80262.6,decisions,0.0192,learning_only_scan,44.2,38,0.0015095,HOLD,72,OK_HOLD,,tq65_shadow60_risk_v1,BUY,trade_quality,72,"Trade Quality Score 65.0/100 is above BUY threshold 65.0. Primary reason: quality_high. Original Claude HOLD reason: Historical evidence at similar moments shows avg 4h return of -5.59% with worst case -29%, MACD deeply bearish, price below all EMAs, volume ratio at zero indicating no conviction, and AI feedback loop flags 0.0 BUY accuracy at 4h — no basis to deviate from default HOLD.",65.0,65.0,HOLD,exchange_alert,Exchange alert: Senate Banking Committee’s Clarity Act Markup Brings Crypto Market Structure to the Moment  btcusa.com. Holding until market stabilises.,1,exchange_alert,80247.2,65.0,OK_HOLD,,0,65.0,risk_block_exchange_alert,BUY,65.0,quality_high,80119.26,82654.62,60.0,bullish,"bullish_bos_or_choch, bullish_liquidity_sweep, bearish_liquidity_sweep, price_in_discount, active_bearish_order_block, active_bullish_fvg, active_bearish_fvg, momentum_confirms_bearish",bearish: HH/HL/HL/HH,bullish_sweep,2 active,8 active,discount,mixed,BUY,60.0,bullish,"bullish_bos_or_choch, bullish_liquidity_sweep, bearish_liquidity_sweep, price_in_discount, active_bearish_order_block, active_bullish_fvg, active_bearish_fvg, momentum_confirms_bearish",,,,,,,,,rsi_35_45|fg_fear|funding_positive|trigger_learning_only_scan|final_HOLD|claude_HOLD|candidate_BUY|candidate_source_trade_quality,"Historical evidence at similar moments shows avg 4h return of -5.59% with worst case -29%, MACD deeply bearish, price below all EMAs, volume ratio at zero indicating no conviction, and AI feedback loop flags 0.0 BUY accuracy at 4h — no basis to deviate from default HOLD."
91,2026-05-09T07:00:13+00:00,24h,SCORED,80247.2,2026-05-10T07:00:14+00:00,80705.0,decisions,0.5705,learning_only_scan,44.2,38,0.0015095,HOLD,72,OK_HOLD,,tq65_shadow60_risk_v1,BUY,trade_quality,72,"Trade Quality Score 65.0/100 is above BUY threshold 65.0. Primary reason: quality_high. Original Claude HOLD reason: Historical evidence at similar moments shows avg 4h return of -5.59% with worst case -29%, MACD deeply bearish, price below all EMAs, volume ratio at zero indicating no conviction, and AI feedback loop flags 0.0 BUY accuracy at 4h — no basis to deviate from default HOLD.",65.0,65.0,HOLD,exchange_alert,Exchange alert: Senate Banking Committee’s Clarity Act Markup Brings Crypto Market Structure to the Moment  btcusa.com. Holding until market stabilises.,1,exchange_alert,80247.2,65.0,OK_HOLD,,0,65.0,risk_block_exchange_alert,BUY,65.0,quality_high,80119.26,82654.62,60.0,bullish,"bullish_bos_or_choch, bullish_liquidity_sweep, bearish_liquidity_sweep, price_in_discount, active_bearish_order_block, active_bullish_fvg, active_bearish_fvg, momentum_confirms_bearish",bearish: HH/HL/HL/HH,bullish_sweep,2 active,8 active,discount,mixed,BUY,60.0,bullish,"bullish_bos_or_choch, bullish_liquidity_sweep, bearish_liquidity_sweep, price_in_discount, active_bearish_order_block, active_bullish_fvg, active_bearish_fvg, momentum_confirms_bearish",,,,,,,,,rsi_35_45|fg_fear|funding_positive|trigger_learning_only_scan|final_HOLD|claude_HOLD|candidate_BUY|candidate_source_trade_quality,"Historical evidence at similar moments shows avg 4h return of -5.59% with worst case -29%, MACD deeply bearish, price below all EMAs, volume ratio at zero indicating no conviction, and AI feedback loop flags 0.0 BUY accuracy at 4h — no basis to deviate from default HOLD."
92,2026-05-09T08:00:14+00:00,15m,SCORED,80216.7,2026-05-09T08:30:00+00:00,80416.9,live_15m_csv,0.2496,learning_only_scan,44.0,38,0.0015095,HOLD,72,OK_HOLD,,tq65_shadow60_risk_v1,HOLD,none,72,"Historical evidence at similar moments shows average 4h return of -6.23% with a worst case of -29%, MACD is bearish, price is below all EMAs, volume ratio is essentially zero indicating no conviction, and the AI feedback loop explicitly warns that BUY calls are weak at 4h with 0.0 accuracy. No strong confirmation signals exist to override the bearish technical and historical picture.",64.5,64.5,HOLD,exchange_alert,Exchange alert: Senate Banking Committee’s Clarity Act Markup Brings Crypto Market Structure to the Moment  btcusa.com. Holding until market stabilises.,0,exchange_alert,,,OK_HOLD,,0,64.5,risk_block_exchange_alert,BUY,64.5,quality_not_high_enough,80090.55,82623.2,60.0,bullish,"bullish_bos_or_choch, bullish_liquidity_sweep, bearish_liquidity_sweep, price_in_discount, active_bearish_order_block, active_bullish_fvg, active_bearish_fvg, momentum_confirms_bearish",bearish: HH/HL/HL/HH,bullish_sweep,2 active,8 active,discount,mixed,BUY,60.0,bullish,"bullish_bos_or_choch, bullish_liquidity_sweep, bearish_liquidity_sweep, price_in_discount, active_bearish_order_block, active_bullish_fvg, active_bearish_fvg, momentum_confirms_bearish",,,,,,,,,rsi_35_45|fg_fear|funding_positive|trigger_learning_only_scan|final_HOLD|claude_HOLD|candidate_HOLD|candidate_source_none,"Historical evidence at similar moments shows average 4h return of -6.23% with a worst case of -29%, MACD is bearish, price is below all EMAs, volume ratio is essentially zero indicating no conviction, and the AI feedback loop explicitly warns that BUY calls are weak at 4h with 0.0 accuracy. No strong confirmation signals exist to override the bearish technical and historical picture."
92,2026-05-09T08:00:14+00:00,1h,SCORED,80216.7,2026-05-09T09:00:15+00:00,80394.9,decisions,0.2221,learning_only_scan,44.0,38,0.0015095,HOLD,72,OK_HOLD,,tq65_shadow60_risk_v1,HOLD,none,72,"Historical evidence at similar moments shows average 4h return of -6.23% with a worst case of -29%, MACD is bearish, price is below all EMAs, volume ratio is essentially zero indicating no conviction, and the AI feedback loop explicitly warns that BUY calls are weak at 4h with 0.0 accuracy. No strong confirmation signals exist to override the bearish technical and historical picture.",64.5,64.5,HOLD,exchange_alert,Exchange alert: Senate Banking Committee’s Clarity Act Markup Brings Crypto Market Structure to the Moment  btcusa.com. Holding until market stabilises.,0,exchange_alert,,,OK_HOLD,,0,64.5,risk_block_exchange_alert,BUY,64.5,quality_not_high_enough,80090.55,82623.2,60.0,bullish,"bullish_bos_or_choch, bullish_liquidity_sweep, bearish_liquidity_sweep, price_in_discount, active_bearish_order_block, active_bullish_fvg, active_bearish_fvg, momentum_confirms_bearish",bearish: HH/HL/HL/HH,bullish_sweep,2 active,8 active,discount,mixed,BUY,60.0,bullish,"bullish_bos_or_choch, bullish_liquidity_sweep, bearish_liquidity_sweep, price_in_discount, active_bearish_order_block, active_bullish_fvg, active_bearish_fvg, momentum_confirms_bearish",,,,,,,,,rsi_35_45|fg_fear|funding_positive|trigger_learning_only_scan|final_HOLD|claude_HOLD|candidate_HOLD|candidate_source_none,"Historical evidence at similar moments shows average 4h return of -6.23% with a worst case of -29%, MACD is bearish, price is below all EMAs, volume ratio is essentially zero indicating no conviction, and the AI feedback loop explicitly warns that BUY calls are weak at 4h with 0.0 accuracy. No strong confirmation signals exist to override the bearish technical and historical picture."
92,2026-05-09T08:00:14+00:00,4h,SCORED,80216.7,2026-05-09T12:00:14+00:00,80324.2,decisions,0.134,learning_only_scan,44.0,38,0.0015095,HOLD,72,OK_HOLD,,tq65_shadow60_risk_v1,HOLD,none,72,"Historical evidence at similar moments shows average 4h return of -6.23% with a worst case of -29%, MACD is bearish, price is below all EMAs, volume ratio is essentially zero indicating no conviction, and the AI feedback loop explicitly warns that BUY calls are weak at 4h with 0.0 accuracy. No strong confirmation signals exist to override the bearish technical and historical picture.",64.5,64.5,HOLD,exchange_alert,Exchange alert: Senate Banking Committee’s Clarity Act Markup Brings Crypto Market Structure to the Moment  btcusa.com. Holding until market stabilises.,0,exchange_alert,,,OK_HOLD,,0,64.5,risk_block_exchange_alert,BUY,64.5,quality_not_high_enough,80090.55,82623.2,60.0,bullish,"bullish_bos_or_choch, bullish_liquidity_sweep, bearish_liquidity_sweep, price_in_discount, active_bearish_order_block, active_bullish_fvg, active_bearish_fvg, momentum_confirms_bearish",bearish: HH/HL/HL/HH,bullish_sweep,2 active,8 active,discount,mixed,BUY,60.0,bullish,"bullish_bos_or_choch, bullish_liquidity_sweep, bearish_liquidity_sweep, price_in_discount, active_bearish_order_block, active_bullish_fvg, active_bearish_fvg, momentum_confirms_bearish",,,,,,,,,rsi_35_45|fg_fear|funding_positive|trigger_learning_only_scan|final_HOLD|claude_HOLD|candidate_HOLD|candidate_source_none,"Historical evidence at similar moments shows average 4h return of -6.23% with a worst case of -29%, MACD is bearish, price is below all EMAs, volume ratio is essentially zero indicating no conviction, and the AI feedback loop explicitly warns that BUY calls are weak at 4h with 0.0 accuracy. No strong confirmation signals exist to override the bearish technical and historical picture."
92,2026-05-09T08:00:14+00:00,24h,SCORED,80216.7,2026-05-10T08:00:16+00:00,80728.0,decisions,0.6374,learning_only_scan,44.0,38,0.0015095,HOLD,72,OK_HOLD,,tq65_shadow60_risk_v1,HOLD,none,72,"Historical evidence at similar moments shows average 4h return of -6.23% with a worst case of -29%, MACD is bearish, price is below all EMAs, volume ratio is essentially zero indicating no conviction, and the AI feedback loop explicitly warns that BUY calls are weak at 4h with 0.0 accuracy. No strong confirmation signals exist to override the bearish technical and historical picture.",64.5,64.5,HOLD,exchange_alert,Exchange alert: Senate Banking Committee’s Clarity Act Markup Brings Crypto Market Structure to the Moment  btcusa.com. Holding until market stabilises.,0,exchange_alert,,,OK_HOLD,,0,64.5,risk_block_exchange_alert,BUY,64.5,quality_not_high_enough,80090.55,82623.2,60.0,bullish,"bullish_bos_or_choch, bullish_liquidity_sweep, bearish_liquidity_sweep, price_in_discount, active_bearish_order_block, active_bullish_fvg, active_bearish_fvg, momentum_confirms_bearish",bearish: HH/HL/HL/HH,bullish_sweep,2 active,8 active,discount,mixed,BUY,60.0,bullish,"bullish_bos_or_choch, bullish_liquidity_sweep, bearish_liquidity_sweep, price_in_discount, active_bearish_order_block, active_bullish_fvg, active_bearish_fvg, momentum_confirms_bearish",,,,,,,,,rsi_35_45|fg_fear|funding_positive|trigger_learning_only_scan|final_HOLD|claude_HOLD|candidate_HOLD|candidate_source_none,"Historical evidence at similar moments shows average 4h return of -6.23% with a worst case of -29%, MACD is bearish, price is below all EMAs, volume ratio is essentially zero indicating no conviction, and the AI feedback loop explicitly warns that BUY calls are weak at 4h with 0.0 accuracy. No strong confirmation signals exist to override the bearish technical and historical picture."
93,2026-05-09T09:00:15+00:00,15m,SCORED,80394.9,2026-05-09T09:30:00+00:00,80224.2,live_15m_csv,-0.2123,learning_only_scan,54.9,38,0.0015095,HOLD,52,OK_HOLD,,tq65_shadow60_risk_v1,BUY,trade_quality,65,"Trade Quality Score 76.0/100 is above BUY threshold 65.0. Primary reason: quality_high. Original Claude HOLD reason: Mixed signals prevent a high-confidence entry: while MACD is bullish, EMAs are tightly clustered (near-flat trend), volume ratio is critically low at 0.03 (no conviction), Stochastic at 85 signals overbought short-term, and 24h historical average return is -5.19% in similar setups. The BB squeeze suggests a move is coming but direction is unclear.",76.0,76.0,HOLD,exchange_alert,Exchange alert: Senate Banking Committee’s Clarity Act Markup Brings Crypto Market Structure to the Moment  btcusa.com. Holding until market stabilises.,1,exchange_alert,80394.9,76.0,OK_HOLD,,0,76.0,risk_block_exchange_alert,BUY,76.0,quality_high,80278.57,82806.75,70.0,bullish,"bullish_bos_or_choch, bullish_liquidity_sweep, bearish_liquidity_sweep, price_in_discount, active_bearish_order_block, active_bullish_fvg, active_bearish_fvg, momentum_confirms_bullish",bearish: HL/HL/HH/LL,bullish_sweep,1 active,7 active,discount,mixed,BUY,70.0,bullish,"bullish_bos_or_choch, bullish_liquidity_sweep, bearish_liquidity_sweep, price_in_discount, active_bearish_order_block, active_bullish_fvg, active_bearish_fvg, momentum_confirms_bullish",,,,,,,,,rsi_45_55|fg_fear|funding_positive|trigger_learning_only_scan|final_HOLD|claude_HOLD|candidate_BUY|candidate_source_trade_quality,"Mixed signals prevent a high-confidence entry: while MACD is bullish, EMAs are tightly clustered (near-flat trend), volume ratio is critically low at 0.03 (no conviction), Stochastic at 85 signals overbought short-term, and 24h historical average return is -5.19% in similar setups. The BB squeeze suggests a move is coming but direction is unclear."
93,2026-05-09T09:00:15+00:00,1h,SCORED,80394.9,2026-05-09T10:00:15+00:00,80231.0,decisions,-0.2039,learning_only_scan,54.9,38,0.0015095,HOLD,52,OK_HOLD,,tq65_shadow60_risk_v1,BUY,trade_quality,65,"Trade Quality Score 76.0/100 is above BUY threshold 65.0. Primary reason: quality_high. Original Claude HOLD reason: Mixed signals prevent a high-confidence entry: while MACD is bullish, EMAs are tightly clustered (near-flat trend), volume ratio is critically low at 0.03 (no conviction), Stochastic at 85 signals overbought short-term, and 24h historical average return is -5.19% in similar setups. The BB squeeze suggests a move is coming but direction is unclear.",76.0,76.0,HOLD,exchange_alert,Exchange alert: Senate Banking Committee’s Clarity Act Markup Brings Crypto Market Structure to the Moment  btcusa.com. Holding until market stabilises.,1,exchange_alert,80394.9,76.0,OK_HOLD,,0,76.0,risk_block_exchange_alert,BUY,76.0,quality_high,80278.57,82806.75,70.0,bullish,"bullish_bos_or_choch, bullish_liquidity_sweep, bearish_liquidity_sweep, price_in_discount, active_bearish_order_block, active_bullish_fvg, active_bearish_fvg, momentum_confirms_bullish",bearish: HL/HL/HH/LL,bullish_sweep,1 active,7 active,discount,mixed,BUY,70.0,bullish,"bullish_bos_or_choch, bullish_liquidity_sweep, bearish_liquidity_sweep, price_in_discount, active_bearish_order_block, active_bullish_fvg, active_bearish_fvg, momentum_confirms_bullish",,,,,,,,,rsi_45_55|fg_fear|funding_positive|trigger_learning_only_scan|final_HOLD|claude_HOLD|candidate_BUY|candidate_source_trade_quality,"Mixed signals prevent a high-confidence entry: while MACD is bullish, EMAs are tightly clustered (near-flat trend), volume ratio is critically low at 0.03 (no conviction), Stochastic at 85 signals overbought short-term, and 24h historical average return is -5.19% in similar setups. The BB squeeze suggests a move is coming but direction is unclear."
93,2026-05-09T09:00:15+00:00,4h,SCORED,80394.9,2026-05-09T13:15:00+00:00,80337.9,live_15m_csv,-0.0709,learning_only_scan,54.9,38,0.0015095,HOLD,52,OK_HOLD,,tq65_shadow60_risk_v1,BUY,trade_quality,65,"Trade Quality Score 76.0/100 is above BUY threshold 65.0. Primary reason: quality_high. Original Claude HOLD reason: Mixed signals prevent a high-confidence entry: while MACD is bullish, EMAs are tightly clustered (near-flat trend), volume ratio is critically low at 0.03 (no conviction), Stochastic at 85 signals overbought short-term, and 24h historical average return is -5.19% in similar setups. The BB squeeze suggests a move is coming but direction is unclear.",76.0,76.0,HOLD,exchange_alert,Exchange alert: Senate Banking Committee’s Clarity Act Markup Brings Crypto Market Structure to the Moment  btcusa.com. Holding until market stabilises.,1,exchange_alert,80394.9,76.0,OK_HOLD,,0,76.0,risk_block_exchange_alert,BUY,76.0,quality_high,80278.57,82806.75,70.0,bullish,"bullish_bos_or_choch, bullish_liquidity_sweep, bearish_liquidity_sweep, price_in_discount, active_bearish_order_block, active_bullish_fvg, active_bearish_fvg, momentum_confirms_bullish",bearish: HL/HL/HH/LL,bullish_sweep,1 active,7 active,discount,mixed,BUY,70.0,bullish,"bullish_bos_or_choch, bullish_liquidity_sweep, bearish_liquidity_sweep, price_in_discount, active_bearish_order_block, active_bullish_fvg, active_bearish_fvg, momentum_confirms_bullish",,,,,,,,,rsi_45_55|fg_fear|funding_positive|trigger_learning_only_scan|final_HOLD|claude_HOLD|candidate_BUY|candidate_source_trade_quality,"Mixed signals prevent a high-confidence entry: while MACD is bullish, EMAs are tightly clustered (near-flat trend), volume ratio is critically low at 0.03 (no conviction), Stochastic at 85 signals overbought short-term, and 24h historical average return is -5.19% in similar setups. The BB squeeze suggests a move is coming but direction is unclear."
93,2026-05-09T09:00:15+00:00,24h,SCORED,80394.9,2026-05-10T09:00:19+00:00,80803.9,decisions,0.5087,learning_only_scan,54.9,38,0.0015095,HOLD,52,OK_HOLD,,tq65_shadow60_risk_v1,BUY,trade_quality,65,"Trade Quality Score 76.0/100 is above BUY threshold 65.0. Primary reason: quality_high. Original Claude HOLD reason: Mixed signals prevent a high-confidence entry: while MACD is bullish, EMAs are tightly clustered (near-flat trend), volume ratio is critically low at 0.03 (no conviction), Stochastic at 85 signals overbought short-term, and 24h historical average return is -5.19% in similar setups. The BB squeeze suggests a move is coming but direction is unclear.",76.0,76.0,HOLD,exchange_alert,Exchange alert: Senate Banking Committee’s Clarity Act Markup Brings Crypto Market Structure to the Moment  btcusa.com. Holding until market stabilises.,1,exchange_alert,80394.9,76.0,OK_HOLD,,0,76.0,risk_block_exchange_alert,BUY,76.0,quality_high,80278.57,82806.75,70.0,bullish,"bullish_bos_or_choch, bullish_liquidity_sweep, bearish_liquidity_sweep, price_in_discount, active_bearish_order_block, active_bullish_fvg, active_bearish_fvg, momentum_confirms_bullish",bearish: HL/HL/HH/LL,bullish_sweep,1 active,7 active,discount,mixed,BUY,70.0,bullish,"bullish_bos_or_choch, bullish_liquidity_sweep, bearish_liquidity_sweep, price_in_discount, active_bearish_order_block, active_bullish_fvg, active_bearish_fvg, momentum_confirms_bullish",,,,,,,,,rsi_45_55|fg_fear|funding_positive|trigger_learning_only_scan|final_HOLD|claude_HOLD|candidate_BUY|candidate_source_trade_quality,"Mixed signals prevent a high-confidence entry: while MACD is bullish, EMAs are tightly clustered (near-flat trend), volume ratio is critically low at 0.03 (no conviction), Stochastic at 85 signals overbought short-term, and 24h historical average return is -5.19% in similar setups. The BB squeeze suggests a move is coming but direction is unclear."
94,2026-05-09T10:00:15+00:00,15m,SCORED,80231.0,2026-05-09T10:30:00+00:00,80320.7,live_15m_csv,0.1118,learning_only_scan,44.3,38,0.0015095,HOLD,72,OK_HOLD,,tq65_shadow60_risk_v1,HOLD,none,72,"Multiple bearish signals converge: MACD deeply negative, price below all EMAs (20/50/200), near-zero volume ratio indicating no conviction, and historical evidence shows avg 4h return of -4.99% in similar conditions. AI feedback confirms Claude BUY accuracy at 0.0 for 4h — no BUY warranted.",62.0,62.0,HOLD,exchange_alert,"Exchange alert: Bitcoin Ownership: Your Asset, Not a Bank's Claim!  SimplyBitcoin. Holding until market stabilises.",0,exchange_alert,,,OK_HOLD,,0,62.0,risk_block_exchange_alert,BUY,62.0,quality_not_high_enough,80121.99,82637.93,60.0,bullish,"bullish_bos_or_choch, bullish_liquidity_sweep, bearish_liquidity_sweep, price_in_discount, active_bearish_order_block, active_bullish_fvg, active_bearish_fvg, momentum_confirms_bearish",bearish: HL/HH/LL/LH,bullish_sweep,1 active,8 active,discount,mixed,BUY,60.0,bullish,"bullish_bos_or_choch, bullish_liquidity_sweep, bearish_liquidity_sweep, price_in_discount, active_bearish_order_block, active_bullish_fvg, active_bearish_fvg, momentum_confirms_bearish",,,,,,,,,rsi_35_45|fg_fear|funding_positive|trigger_learning_only_scan|final_HOLD|claude_HOLD|candidate_HOLD|candidate_source_none,"Multiple bearish signals converge: MACD deeply negative, price below all EMAs (20/50/200), near-zero volume ratio indicating no conviction, and historical evidence shows avg 4h return of -4.99% in similar conditions. AI feedback confirms Claude BUY accuracy at 0.0 for 4h — no BUY warranted."
94,2026-05-09T10:00:15+00:00,1h,SCORED,80231.0,2026-05-09T11:15:00+00:00,80351.6,live_15m_csv,0.1503,learning_only_scan,44.3,38,0.0015095,HOLD,72,OK_HOLD,,tq65_shadow60_risk_v1,HOLD,none,72,"Multiple bearish signals converge: MACD deeply negative, price below all EMAs (20/50/200), near-zero volume ratio indicating no conviction, and historical evidence shows avg 4h return of -4.99% in similar conditions. AI feedback confirms Claude BUY accuracy at 0.0 for 4h — no BUY warranted.",62.0,62.0,HOLD,exchange_alert,"Exchange alert: Bitcoin Ownership: Your Asset, Not a Bank's Claim!  SimplyBitcoin. Holding until market stabilises.",0,exchange_alert,,,OK_HOLD,,0,62.0,risk_block_exchange_alert,BUY,62.0,quality_not_high_enough,80121.99,82637.93,60.0,bullish,"bullish_bos_or_choch, bullish_liquidity_sweep, bearish_liquidity_sweep, price_in_discount, active_bearish_order_block, active_bullish_fvg, active_bearish_fvg, momentum_confirms_bearish",bearish: HL/HH/LL/LH,bullish_sweep,1 active,8 active,discount,mixed,BUY,60.0,bullish,"bullish_bos_or_choch, bullish_liquidity_sweep, bearish_liquidity_sweep, price_in_discount, active_bearish_order_block, active_bullish_fvg, active_bearish_fvg, momentum_confirms_bearish",,,,,,,,,rsi_35_45|fg_fear|funding_positive|trigger_learning_only_scan|final_HOLD|claude_HOLD|candidate_HOLD|candidate_source_none,"Multiple bearish signals converge: MACD deeply negative, price below all EMAs (20/50/200), near-zero volume ratio indicating no conviction, and historical evidence shows avg 4h return of -4.99% in similar conditions. AI feedback confirms Claude BUY accuracy at 0.0 for 4h — no BUY warranted."
94,2026-05-09T10:00:15+00:00,4h,SCORED,80231.0,2026-05-09T14:15:00+00:00,80328.4,live_15m_csv,0.1214,learning_only_scan,44.3,38,0.0015095,HOLD,72,OK_HOLD,,tq65_shadow60_risk_v1,HOLD,none,72,"Multiple bearish signals converge: MACD deeply negative, price below all EMAs (20/50/200), near-zero volume ratio indicating no conviction, and historical evidence shows avg 4h return of -4.99% in similar conditions. AI feedback confirms Claude BUY accuracy at 0.0 for 4h — no BUY warranted.",62.0,62.0,HOLD,exchange_alert,"Exchange alert: Bitcoin Ownership: Your Asset, Not a Bank's Claim!  SimplyBitcoin. Holding until market stabilises.",0,exchange_alert,,,OK_HOLD,,0,62.0,risk_block_exchange_alert,BUY,62.0,quality_not_high_enough,80121.99,82637.93,60.0,bullish,"bullish_bos_or_choch, bullish_liquidity_sweep, bearish_liquidity_sweep, price_in_discount, active_bearish_order_block, active_bullish_fvg, active_bearish_fvg, momentum_confirms_bearish",bearish: HL/HH/LL/LH,bullish_sweep,1 active,8 active,discount,mixed,BUY,60.0,bullish,"bullish_bos_or_choch, bullish_liquidity_sweep, bearish_liquidity_sweep, price_in_discount, active_bearish_order_block, active_bullish_fvg, active_bearish_fvg, momentum_confirms_bearish",,,,,,,,,rsi_35_45|fg_fear|funding_positive|trigger_learning_only_scan|final_HOLD|claude_HOLD|candidate_HOLD|candidate_source_none,"Multiple bearish signals converge: MACD deeply negative, price below all EMAs (20/50/200), near-zero volume ratio indicating no conviction, and historical evidence shows avg 4h return of -4.99% in similar conditions. AI feedback confirms Claude BUY accuracy at 0.0 for 4h — no BUY warranted."
94,2026-05-09T10:00:15+00:00,24h,SCORED,80231.0,2026-05-10T10:00:17+00:00,80790.4,decisions,0.6972,learning_only_scan,44.3,38,0.0015095,HOLD,72,OK_HOLD,,tq65_shadow60_risk_v1,HOLD,none,72,"Multiple bearish signals converge: MACD deeply negative, price below all EMAs (20/50/200), near-zero volume ratio indicating no conviction, and historical evidence shows avg 4h return of -4.99% in similar conditions. AI feedback confirms Claude BUY accuracy at 0.0 for 4h — no BUY warranted.",62.0,62.0,HOLD,exchange_alert,"Exchange alert: Bitcoin Ownership: Your Asset, Not a Bank's Claim!  SimplyBitcoin. Holding until market stabilises.",0,exchange_alert,,,OK_HOLD,,0,62.0,risk_block_exchange_alert,BUY,62.0,quality_not_high_enough,80121.99,82637.93,60.0,bullish,"bullish_bos_or_choch, bullish_liquidity_sweep, bearish_liquidity_sweep, price_in_discount, active_bearish_order_block, active_bullish_fvg, active_bearish_fvg, momentum_confirms_bearish",bearish: HL/HH/LL/LH,bullish_sweep,1 active,8 active,discount,mixed,BUY,60.0,bullish,"bullish_bos_or_choch, bullish_liquidity_sweep, bearish_liquidity_sweep, price_in_discount, active_bearish_order_block, active_bullish_fvg, active_bearish_fvg, momentum_confirms_bearish",,,,,,,,,rsi_35_45|fg_fear|funding_positive|trigger_learning_only_scan|final_HOLD|claude_HOLD|candidate_HOLD|candidate_source_none,"Multiple bearish signals converge: MACD deeply negative, price below all EMAs (20/50/200), near-zero volume ratio indicating no conviction, and historical evidence shows avg 4h return of -4.99% in similar conditions. AI feedback confirms Claude BUY accuracy at 0.0 for 4h — no BUY warranted."
95,2026-05-09T11:00:13+00:00,15m,SCORED,80262.6,2026-05-09T11:30:00+00:00,80339.6,live_15m_csv,0.0959,learning_only_scan,47.8,38,0.0015095,HOLD,55,OK_HOLD,,tq65_shadow60_risk_v1,HOLD,none,55,"Multiple bearish technicals converge: price below EMA 20/50/200, bearish MACD, near-zero volume ratio indicating lack of conviction, and historical 4h average return of -3.13% in similar setups. BB squeeze suggests a move is coming but direction is unclear.",64.5,64.5,HOLD,exchange_alert,"Exchange alert: Bitcoin Ownership: Your Asset, Not a Bank's Claim!  SimplyBitcoin. Holding until market stabilises.",0,exchange_alert,,,OK_HOLD,,0,64.5,risk_block_exchange_alert,BUY,64.5,quality_not_high_enough,80153.72,82670.48,60.0,bullish,"bullish_bos_or_choch, bullish_liquidity_sweep, bearish_liquidity_sweep, price_in_discount, active_bearish_order_block, active_bullish_fvg, active_bearish_fvg, momentum_confirms_bearish",bearish: HL/HH/LL/LH,bullish_sweep,1 active,9 active,discount,mixed,BUY,60.0,bullish,"bullish_bos_or_choch, bullish_liquidity_sweep, bearish_liquidity_sweep, price_in_discount, active_bearish_order_block, active_bullish_fvg, active_bearish_fvg, momentum_confirms_bearish",,,,,,,,,rsi_45_55|fg_fear|funding_positive|trigger_learning_only_scan|final_HOLD|claude_HOLD|candidate_HOLD|candidate_source_none,"Multiple bearish technicals converge: price below EMA 20/50/200, bearish MACD, near-zero volume ratio indicating lack of conviction, and historical 4h average return of -3.13% in similar setups. BB squeeze suggests a move is coming but direction is unclear."
95,2026-05-09T11:00:13+00:00,1h,SCORED,80262.6,2026-05-09T12:00:14+00:00,80324.2,decisions,0.0767,learning_only_scan,47.8,38,0.0015095,HOLD,55,OK_HOLD,,tq65_shadow60_risk_v1,HOLD,none,55,"Multiple bearish technicals converge: price below EMA 20/50/200, bearish MACD, near-zero volume ratio indicating lack of conviction, and historical 4h average return of -3.13% in similar setups. BB squeeze suggests a move is coming but direction is unclear.",64.5,64.5,HOLD,exchange_alert,"Exchange alert: Bitcoin Ownership: Your Asset, Not a Bank's Claim!  SimplyBitcoin. Holding until market stabilises.",0,exchange_alert,,,OK_HOLD,,0,64.5,risk_block_exchange_alert,BUY,64.5,quality_not_high_enough,80153.72,82670.48,60.0,bullish,"bullish_bos_or_choch, bullish_liquidity_sweep, bearish_liquidity_sweep, price_in_discount, active_bearish_order_block, active_bullish_fvg, active_bearish_fvg, momentum_confirms_bearish",bearish: HL/HH/LL/LH,bullish_sweep,1 active,9 active,discount,mixed,BUY,60.0,bullish,"bullish_bos_or_choch, bullish_liquidity_sweep, bearish_liquidity_sweep, price_in_discount, active_bearish_order_block, active_bullish_fvg, active_bearish_fvg, momentum_confirms_bearish",,,,,,,,,rsi_45_55|fg_fear|funding_positive|trigger_learning_only_scan|final_HOLD|claude_HOLD|candidate_HOLD|candidate_source_none,"Multiple bearish technicals converge: price below EMA 20/50/200, bearish MACD, near-zero volume ratio indicating lack of conviction, and historical 4h average return of -3.13% in similar setups. BB squeeze suggests a move is coming but direction is unclear."
95,2026-05-09T11:00:13+00:00,4h,SCORED,80262.6,2026-05-09T15:00:14+00:00,80321.9,decisions,0.0739,learning_only_scan,47.8,38,0.0015095,HOLD,55,OK_HOLD,,tq65_shadow60_risk_v1,HOLD,none,55,"Multiple bearish technicals converge: price below EMA 20/50/200, bearish MACD, near-zero volume ratio indicating lack of conviction, and historical 4h average return of -3.13% in similar setups. BB squeeze suggests a move is coming but direction is unclear.",64.5,64.5,HOLD,exchange_alert,"Exchange alert: Bitcoin Ownership: Your Asset, Not a Bank's Claim!  SimplyBitcoin. Holding until market stabilises.",0,exchange_alert,,,OK_HOLD,,0,64.5,risk_block_exchange_alert,BUY,64.5,quality_not_high_enough,80153.72,82670.48,60.0,bullish,"bullish_bos_or_choch, bullish_liquidity_sweep, bearish_liquidity_sweep, price_in_discount, active_bearish_order_block, active_bullish_fvg, active_bearish_fvg, momentum_confirms_bearish",bearish: HL/HH/LL/LH,bullish_sweep,1 active,9 active,discount,mixed,BUY,60.0,bullish,"bullish_bos_or_choch, bullish_liquidity_sweep, bearish_liquidity_sweep, price_in_discount, active_bearish_order_block, active_bullish_fvg, active_bearish_fvg, momentum_confirms_bearish",,,,,,,,,rsi_45_55|fg_fear|funding_positive|trigger_learning_only_scan|final_HOLD|claude_HOLD|candidate_HOLD|candidate_source_none,"Multiple bearish technicals converge: price below EMA 20/50/200, bearish MACD, near-zero volume ratio indicating lack of conviction, and historical 4h average return of -3.13% in similar setups. BB squeeze suggests a move is coming but direction is unclear."
95,2026-05-09T11:00:13+00:00,24h,SCORED,80262.6,2026-05-10T11:00:17+00:00,80848.5,decisions,0.73,learning_only_scan,47.8,38,0.0015095,HOLD,55,OK_HOLD,,tq65_shadow60_risk_v1,HOLD,none,55,"Multiple bearish technicals converge: price below EMA 20/50/200, bearish MACD, near-zero volume ratio indicating lack of conviction, and historical 4h average return of -3.13% in similar setups. BB squeeze suggests a move is coming but direction is unclear.",64.5,64.5,HOLD,exchange_alert,"Exchange alert: Bitcoin Ownership: Your Asset, Not a Bank's Claim!  SimplyBitcoin. Holding until market stabilises.",0,exchange_alert,,,OK_HOLD,,0,64.5,risk_block_exchange_alert,BUY,64.5,quality_not_high_enough,80153.72,82670.48,60.0,bullish,"bullish_bos_or_choch, bullish_liquidity_sweep, bearish_liquidity_sweep, price_in_discount, active_bearish_order_block, active_bullish_fvg, active_bearish_fvg, momentum_confirms_bearish",bearish: HL/HH/LL/LH,bullish_sweep,1 active,9 active,discount,mixed,BUY,60.0,bullish,"bullish_bos_or_choch, bullish_liquidity_sweep, bearish_liquidity_sweep, price_in_discount, active_bearish_order_block, active_bullish_fvg, active_bearish_fvg, momentum_confirms_bearish",,,,,,,,,rsi_45_55|fg_fear|funding_positive|trigger_learning_only_scan|final_HOLD|claude_HOLD|candidate_HOLD|candidate_source_none,"Multiple bearish technicals converge: price below EMA 20/50/200, bearish MACD, near-zero volume ratio indicating lack of conviction, and historical 4h average return of -3.13% in similar setups. BB squeeze suggests a move is coming but direction is unclear."
96,2026-05-09T12:00:14+00:00,15m,SCORED,80324.2,2026-05-09T12:30:00+00:00,80348.5,live_15m_csv,0.0303,learning_only_scan,51.8,38,0.0015095,HOLD,52,OK_HOLD,,tq65_shadow60_risk_v1,BUY,trade_quality,65,"Trade Quality Score 80.0/100 is above BUY threshold 65.0. Primary reason: quality_high. Original Claude HOLD reason: Mixed signals with no strong directional conviction: RSI neutral at 51.8, Bollinger Band squeeze suggests indecision, volume ratio near zero indicating no momentum, and 24h historical return is deeply negative (-5.19%) despite positive 4h avg. AI feedback loop flags 0.0 BUY accuracy at 4h — no edge to exploit here.",80.0,80.0,HOLD,exchange_alert,"Exchange alert: Bitcoin Ownership: Your Asset, Not a Bank's Claim!  SimplyBitcoin. Holding until market stabilises.",1,exchange_alert,80324.2,80.0,OK_HOLD,,0,80.0,risk_block_exchange_alert,BUY,80.0,quality_high,80229.49,82733.93,70.0,bullish,"bullish_bos_or_choch, bullish_liquidity_sweep, bearish_liquidity_sweep, price_in_discount, active_bearish_order_block, active_bullish_fvg, active_bearish_fvg, momentum_confirms_bullish",bearish: HH/LL/LH/HL,bullish_sweep,1 active,8 active,discount,mixed,BUY,70.0,bullish,"bullish_bos_or_choch, bullish_liquidity_sweep, bearish_liquidity_sweep, price_in_discount, active_bearish_order_block, active_bullish_fvg, active_bearish_fvg, momentum_confirms_bullish",,,,,,,,,rsi_45_55|fg_fear|funding_positive|trigger_learning_only_scan|final_HOLD|claude_HOLD|candidate_BUY|candidate_source_trade_quality,"Mixed signals with no strong directional conviction: RSI neutral at 51.8, Bollinger Band squeeze suggests indecision, volume ratio near zero indicating no momentum, and 24h historical return is deeply negative (-5.19%) despite positive 4h avg. AI feedback loop flags 0.0 BUY accuracy at 4h — no edge to exploit here."
96,2026-05-09T12:00:14+00:00,1h,SCORED,80324.2,2026-05-09T13:00:14+00:00,80392.7,decisions,0.0853,learning_only_scan,51.8,38,0.0015095,HOLD,52,OK_HOLD,,tq65_shadow60_risk_v1,BUY,trade_quality,65,"Trade Quality Score 80.0/100 is above BUY threshold 65.0. Primary reason: quality_high. Original Claude HOLD reason: Mixed signals with no strong directional conviction: RSI neutral at 51.8, Bollinger Band squeeze suggests indecision, volume ratio near zero indicating no momentum, and 24h historical return is deeply negative (-5.19%) despite positive 4h avg. AI feedback loop flags 0.0 BUY accuracy at 4h — no edge to exploit here.",80.0,80.0,HOLD,exchange_alert,"Exchange alert: Bitcoin Ownership: Your Asset, Not a Bank's Claim!  SimplyBitcoin. Holding until market stabilises.",1,exchange_alert,80324.2,80.0,OK_HOLD,,0,80.0,risk_block_exchange_alert,BUY,80.0,quality_high,80229.49,82733.93,70.0,bullish,"bullish_bos_or_choch, bullish_liquidity_sweep, bearish_liquidity_sweep, price_in_discount, active_bearish_order_block, active_bullish_fvg, active_bearish_fvg, momentum_confirms_bullish",bearish: HH/LL/LH/HL,bullish_sweep,1 active,8 active,discount,mixed,BUY,70.0,bullish,"bullish_bos_or_choch, bullish_liquidity_sweep, bearish_liquidity_sweep, price_in_discount, active_bearish_order_block, active_bullish_fvg, active_bearish_fvg, momentum_confirms_bullish",,,,,,,,,rsi_45_55|fg_fear|funding_positive|trigger_learning_only_scan|final_HOLD|claude_HOLD|candidate_BUY|candidate_source_trade_quality,"Mixed signals with no strong directional conviction: RSI neutral at 51.8, Bollinger Band squeeze suggests indecision, volume ratio near zero indicating no momentum, and 24h historical return is deeply negative (-5.19%) despite positive 4h avg. AI feedback loop flags 0.0 BUY accuracy at 4h — no edge to exploit here."
96,2026-05-09T12:00:14+00:00,4h,SCORED,80324.2,2026-05-09T16:00:15+00:00,80528.8,decisions,0.2547,learning_only_scan,51.8,38,0.0015095,HOLD,52,OK_HOLD,,tq65_shadow60_risk_v1,BUY,trade_quality,65,"Trade Quality Score 80.0/100 is above BUY threshold 65.0. Primary reason: quality_high. Original Claude HOLD reason: Mixed signals with no strong directional conviction: RSI neutral at 51.8, Bollinger Band squeeze suggests indecision, volume ratio near zero indicating no momentum, and 24h historical return is deeply negative (-5.19%) despite positive 4h avg. AI feedback loop flags 0.0 BUY accuracy at 4h — no edge to exploit here.",80.0,80.0,HOLD,exchange_alert,"Exchange alert: Bitcoin Ownership: Your Asset, Not a Bank's Claim!  SimplyBitcoin. Holding until market stabilises.",1,exchange_alert,80324.2,80.0,OK_HOLD,,0,80.0,risk_block_exchange_alert,BUY,80.0,quality_high,80229.49,82733.93,70.0,bullish,"bullish_bos_or_choch, bullish_liquidity_sweep, bearish_liquidity_sweep, price_in_discount, active_bearish_order_block, active_bullish_fvg, active_bearish_fvg, momentum_confirms_bullish",bearish: HH/LL/LH/HL,bullish_sweep,1 active,8 active,discount,mixed,BUY,70.0,bullish,"bullish_bos_or_choch, bullish_liquidity_sweep, bearish_liquidity_sweep, price_in_discount, active_bearish_order_block, active_bullish_fvg, active_bearish_fvg, momentum_confirms_bullish",,,,,,,,,rsi_45_55|fg_fear|funding_positive|trigger_learning_only_scan|final_HOLD|claude_HOLD|candidate_BUY|candidate_source_trade_quality,"Mixed signals with no strong directional conviction: RSI neutral at 51.8, Bollinger Band squeeze suggests indecision, volume ratio near zero indicating no momentum, and 24h historical return is deeply negative (-5.19%) despite positive 4h avg. AI feedback loop flags 0.0 BUY accuracy at 4h — no edge to exploit here."
96,2026-05-09T12:00:14+00:00,24h,SCORED,80324.2,2026-05-10T12:00:16+00:00,80797.2,decisions,0.5889,learning_only_scan,51.8,38,0.0015095,HOLD,52,OK_HOLD,,tq65_shadow60_risk_v1,BUY,trade_quality,65,"Trade Quality Score 80.0/100 is above BUY threshold 65.0. Primary reason: quality_high. Original Claude HOLD reason: Mixed signals with no strong directional conviction: RSI neutral at 51.8, Bollinger Band squeeze suggests indecision, volume ratio near zero indicating no momentum, and 24h historical return is deeply negative (-5.19%) despite positive 4h avg. AI feedback loop flags 0.0 BUY accuracy at 4h — no edge to exploit here.",80.0,80.0,HOLD,exchange_alert,"Exchange alert: Bitcoin Ownership: Your Asset, Not a Bank's Claim!  SimplyBitcoin. Holding until market stabilises.",1,exchange_alert,80324.2,80.0,OK_HOLD,,0,80.0,risk_block_exchange_alert,BUY,80.0,quality_high,80229.49,82733.93,70.0,bullish,"bullish_bos_or_choch, bullish_liquidity_sweep, bearish_liquidity_sweep, price_in_discount, active_bearish_order_block, active_bullish_fvg, active_bearish_fvg, momentum_confirms_bullish",bearish: HH/LL/LH/HL,bullish_sweep,1 active,8 active,discount,mixed,BUY,70.0,bullish,"bullish_bos_or_choch, bullish_liquidity_sweep, bearish_liquidity_sweep, price_in_discount, active_bearish_order_block, active_bullish_fvg, active_bearish_fvg, momentum_confirms_bullish",,,,,,,,,rsi_45_55|fg_fear|funding_positive|trigger_learning_only_scan|final_HOLD|claude_HOLD|candidate_BUY|candidate_source_trade_quality,"Mixed signals with no strong directional conviction: RSI neutral at 51.8, Bollinger Band squeeze suggests indecision, volume ratio near zero indicating no momentum, and 24h historical return is deeply negative (-5.19%) despite positive 4h avg. AI feedback loop flags 0.0 BUY accuracy at 4h — no edge to exploit here."
97,2026-05-09T13:00:14+00:00,15m,SCORED,80392.7,2026-05-09T13:30:00+00:00,80329.2,live_15m_csv,-0.079,learning_only_scan,56.0,38,0.0015095,HOLD,0,OK_HOLD,,tq65_shadow60_risk_v1,BUY,trade_quality,65,Trade Quality Score 72.0/100 is above BUY threshold 65.0. Primary reason: quality_high. Original Claude HOLD reason: Malformed AI response — holding to be safe,72.0,72.0,HOLD,exchange_alert,"Exchange alert: Bitcoin Ownership: Your Asset, Not a Bank's Claim!  SimplyBitcoin. Holding until market stabilises.",1,exchange_alert,80392.7,72.0,OK_HOLD,,0,72.0,risk_block_exchange_alert,BUY,72.0,quality_high,80296.7,82804.48,70.0,bullish,"bullish_bos_or_choch, bullish_liquidity_sweep, bearish_liquidity_sweep, price_in_discount, active_bearish_order_block, active_bullish_fvg, active_bearish_fvg, momentum_confirms_bullish",bearish: HH/LL/LH/HL,bullish_sweep,1 active,7 active,discount,mixed,BUY,70.0,bullish,"bullish_bos_or_choch, bullish_liquidity_sweep, bearish_liquidity_sweep, price_in_discount, active_bearish_order_block, active_bullish_fvg, active_bearish_fvg, momentum_confirms_bullish",,,,,,,,,rsi_55_65|fg_fear|funding_positive|trigger_learning_only_scan|final_HOLD|claude_HOLD|candidate_BUY|candidate_source_trade_quality,Malformed AI response — holding to be safe
97,2026-05-09T13:00:14+00:00,1h,SCORED,80392.7,2026-05-09T14:15:00+00:00,80328.4,live_15m_csv,-0.08,learning_only_scan,56.0,38,0.0015095,HOLD,0,OK_HOLD,,tq65_shadow60_risk_v1,BUY,trade_quality,65,Trade Quality Score 72.0/100 is above BUY threshold 65.0. Primary reason: quality_high. Original Claude HOLD reason: Malformed AI response — holding to be safe,72.0,72.0,HOLD,exchange_alert,"Exchange alert: Bitcoin Ownership: Your Asset, Not a Bank's Claim!  SimplyBitcoin. Holding until market stabilises.",1,exchange_alert,80392.7,72.0,OK_HOLD,,0,72.0,risk_block_exchange_alert,BUY,72.0,quality_high,80296.7,82804.48,70.0,bullish,"bullish_bos_or_choch, bullish_liquidity_sweep, bearish_liquidity_sweep, price_in_discount, active_bearish_order_block, active_bullish_fvg, active_bearish_fvg, momentum_confirms_bullish",bearish: HH/LL/LH/HL,bullish_sweep,1 active,7 active,discount,mixed,BUY,70.0,bullish,"bullish_bos_or_choch, bullish_liquidity_sweep, bearish_liquidity_sweep, price_in_discount, active_bearish_order_block, active_bullish_fvg, active_bearish_fvg, momentum_confirms_bullish",,,,,,,,,rsi_55_65|fg_fear|funding_positive|trigger_learning_only_scan|final_HOLD|claude_HOLD|candidate_BUY|candidate_source_trade_quality,Malformed AI response — holding to be safe
97,2026-05-09T13:00:14+00:00,4h,SCORED,80392.7,2026-05-09T17:00:15+00:00,80607.7,decisions,0.2674,learning_only_scan,56.0,38,0.0015095,HOLD,0,OK_HOLD,,tq65_shadow60_risk_v1,BUY,trade_quality,65,Trade Quality Score 72.0/100 is above BUY threshold 65.0. Primary reason: quality_high. Original Claude HOLD reason: Malformed AI response — holding to be safe,72.0,72.0,HOLD,exchange_alert,"Exchange alert: Bitcoin Ownership: Your Asset, Not a Bank's Claim!  SimplyBitcoin. Holding until market stabilises.",1,exchange_alert,80392.7,72.0,OK_HOLD,,0,72.0,risk_block_exchange_alert,BUY,72.0,quality_high,80296.7,82804.48,70.0,bullish,"bullish_bos_or_choch, bullish_liquidity_sweep, bearish_liquidity_sweep, price_in_discount, active_bearish_order_block, active_bullish_fvg, active_bearish_fvg, momentum_confirms_bullish",bearish: HH/LL/LH/HL,bullish_sweep,1 active,7 active,discount,mixed,BUY,70.0,bullish,"bullish_bos_or_choch, bullish_liquidity_sweep, bearish_liquidity_sweep, price_in_discount, active_bearish_order_block, active_bullish_fvg, active_bearish_fvg, momentum_confirms_bullish",,,,,,,,,rsi_55_65|fg_fear|funding_positive|trigger_learning_only_scan|final_HOLD|claude_HOLD|candidate_BUY|candidate_source_trade_quality,Malformed AI response — holding to be safe
97,2026-05-09T13:00:14+00:00,24h,SCORED,80392.7,2026-05-10T13:00:17+00:00,80905.6,decisions,0.638,learning_only_scan,56.0,38,0.0015095,HOLD,0,OK_HOLD,,tq65_shadow60_risk_v1,BUY,trade_quality,65,Trade Quality Score 72.0/100 is above BUY threshold 65.0. Primary reason: quality_high. Original Claude HOLD reason: Malformed AI response — holding to be safe,72.0,72.0,HOLD,exchange_alert,"Exchange alert: Bitcoin Ownership: Your Asset, Not a Bank's Claim!  SimplyBitcoin. Holding until market stabilises.",1,exchange_alert,80392.7,72.0,OK_HOLD,,0,72.0,risk_block_exchange_alert,BUY,72.0,quality_high,80296.7,82804.48,70.0,bullish,"bullish_bos_or_choch, bullish_liquidity_sweep, bearish_liquidity_sweep, price_in_discount, active_bearish_order_block, active_bullish_fvg, active_bearish_fvg, momentum_confirms_bullish",bearish: HH/LL/LH/HL,bullish_sweep,1 active,7 active,discount,mixed,BUY,70.0,bullish,"bullish_bos_or_choch, bullish_liquidity_sweep, bearish_liquidity_sweep, price_in_discount, active_bearish_order_block, active_bullish_fvg, active_bearish_fvg, momentum_confirms_bullish",,,,,,,,,rsi_55_65|fg_fear|funding_positive|trigger_learning_only_scan|final_HOLD|claude_HOLD|candidate_BUY|candidate_source_trade_quality,Malformed AI response — holding to be safe
98,2026-05-09T14:00:13+00:00,15m,SCORED,80377.7,2026-05-09T14:30:00+00:00,80334.3,live_15m_csv,-0.054,learning_only_scan,54.0,38,0.0015095,HOLD,55,OK_HOLD,,tq65_shadow60_risk_v1,BUY,trade_quality,65,"Trade Quality Score 76.0/100 is above BUY threshold 65.0. Primary reason: quality_high. Original Claude HOLD reason: Mixed signals dominate: technicals are modestly bullish (MACD bullish, above all EMAs, BB squeeze suggesting potential move) but volume ratio is effectively zero indicating no conviction, 24h historical average return is -5.19% in similar setups, all 20 historical analogs chose HOLD, and 4h BUY accuracy is 0.0 per AI feedback loop.",76.0,76.0,HOLD,exchange_alert,Exchange alert: Fractional Reserve Banks vs. Bitcoin  SimplyBitcoin. Holding until market stabilises.,1,exchange_alert,80377.7,76.0,OK_HOLD,,0,76.0,risk_block_exchange_alert,BUY,76.0,quality_high,80285.87,82789.03,70.0,bullish,"bullish_bos_or_choch, bullish_liquidity_sweep, bearish_liquidity_sweep, price_in_discount, active_bearish_order_block, active_bullish_fvg, active_bearish_fvg, momentum_confirms_bullish",bearish: HH/LL/LH/HL,bullish_sweep,1 active,7 active,discount,mixed,BUY,70.0,bullish,"bullish_bos_or_choch, bullish_liquidity_sweep, bearish_liquidity_sweep, price_in_discount, active_bearish_order_block, active_bullish_fvg, active_bearish_fvg, momentum_confirms_bullish",,,,,,,,,rsi_45_55|fg_fear|funding_positive|trigger_learning_only_scan|final_HOLD|claude_HOLD|candidate_BUY|candidate_source_trade_quality,"Mixed signals dominate: technicals are modestly bullish (MACD bullish, above all EMAs, BB squeeze suggesting potential move) but volume ratio is effectively zero indicating no conviction, 24h historical average return is -5.19% in similar setups, all 20 historical analogs chose HOLD, and 4h BUY accuracy is 0.0 per AI feedback loop."
98,2026-05-09T14:00:13+00:00,1h,SCORED,80377.7,2026-05-09T15:00:14+00:00,80321.9,decisions,-0.0694,learning_only_scan,54.0,38,0.0015095,HOLD,55,OK_HOLD,,tq65_shadow60_risk_v1,BUY,trade_quality,65,"Trade Quality Score 76.0/100 is above BUY threshold 65.0. Primary reason: quality_high. Original Claude HOLD reason: Mixed signals dominate: technicals are modestly bullish (MACD bullish, above all EMAs, BB squeeze suggesting potential move) but volume ratio is effectively zero indicating no conviction, 24h historical average return is -5.19% in similar setups, all 20 historical analogs chose HOLD, and 4h BUY accuracy is 0.0 per AI feedback loop.",76.0,76.0,HOLD,exchange_alert,Exchange alert: Fractional Reserve Banks vs. Bitcoin  SimplyBitcoin. Holding until market stabilises.,1,exchange_alert,80377.7,76.0,OK_HOLD,,0,76.0,risk_block_exchange_alert,BUY,76.0,quality_high,80285.87,82789.03,70.0,bullish,"bullish_bos_or_choch, bullish_liquidity_sweep, bearish_liquidity_sweep, price_in_discount, active_bearish_order_block, active_bullish_fvg, active_bearish_fvg, momentum_confirms_bullish",bearish: HH/LL/LH/HL,bullish_sweep,1 active,7 active,discount,mixed,BUY,70.0,bullish,"bullish_bos_or_choch, bullish_liquidity_sweep, bearish_liquidity_sweep, price_in_discount, active_bearish_order_block, active_bullish_fvg, active_bearish_fvg, momentum_confirms_bullish",,,,,,,,,rsi_45_55|fg_fear|funding_positive|trigger_learning_only_scan|final_HOLD|claude_HOLD|candidate_BUY|candidate_source_trade_quality,"Mixed signals dominate: technicals are modestly bullish (MACD bullish, above all EMAs, BB squeeze suggesting potential move) but volume ratio is effectively zero indicating no conviction, 24h historical average return is -5.19% in similar setups, all 20 historical analogs chose HOLD, and 4h BUY accuracy is 0.0 per AI feedback loop."
98,2026-05-09T14:00:13+00:00,4h,SCORED,80377.7,2026-05-09T18:00:24+00:00,80800.0,decisions,0.5254,learning_only_scan,54.0,38,0.0015095,HOLD,55,OK_HOLD,,tq65_shadow60_risk_v1,BUY,trade_quality,65,"Trade Quality Score 76.0/100 is above BUY threshold 65.0. Primary reason: quality_high. Original Claude HOLD reason: Mixed signals dominate: technicals are modestly bullish (MACD bullish, above all EMAs, BB squeeze suggesting potential move) but volume ratio is effectively zero indicating no conviction, 24h historical average return is -5.19% in similar setups, all 20 historical analogs chose HOLD, and 4h BUY accuracy is 0.0 per AI feedback loop.",76.0,76.0,HOLD,exchange_alert,Exchange alert: Fractional Reserve Banks vs. Bitcoin  SimplyBitcoin. Holding until market stabilises.,1,exchange_alert,80377.7,76.0,OK_HOLD,,0,76.0,risk_block_exchange_alert,BUY,76.0,quality_high,80285.87,82789.03,70.0,bullish,"bullish_bos_or_choch, bullish_liquidity_sweep, bearish_liquidity_sweep, price_in_discount, active_bearish_order_block, active_bullish_fvg, active_bearish_fvg, momentum_confirms_bullish",bearish: HH/LL/LH/HL,bullish_sweep,1 active,7 active,discount,mixed,BUY,70.0,bullish,"bullish_bos_or_choch, bullish_liquidity_sweep, bearish_liquidity_sweep, price_in_discount, active_bearish_order_block, active_bullish_fvg, active_bearish_fvg, momentum_confirms_bullish",,,,,,,,,rsi_45_55|fg_fear|funding_positive|trigger_learning_only_scan|final_HOLD|claude_HOLD|candidate_BUY|candidate_source_trade_quality,"Mixed signals dominate: technicals are modestly bullish (MACD bullish, above all EMAs, BB squeeze suggesting potential move) but volume ratio is effectively zero indicating no conviction, 24h historical average return is -5.19% in similar setups, all 20 historical analogs chose HOLD, and 4h BUY accuracy is 0.0 per AI feedback loop."
98,2026-05-09T14:00:13+00:00,24h,SCORED,80377.7,2026-05-10T14:00:16+00:00,80938.0,decisions,0.6971,learning_only_scan,54.0,38,0.0015095,HOLD,55,OK_HOLD,,tq65_shadow60_risk_v1,BUY,trade_quality,65,"Trade Quality Score 76.0/100 is above BUY threshold 65.0. Primary reason: quality_high. Original Claude HOLD reason: Mixed signals dominate: technicals are modestly bullish (MACD bullish, above all EMAs, BB squeeze suggesting potential move) but volume ratio is effectively zero indicating no conviction, 24h historical average return is -5.19% in similar setups, all 20 historical analogs chose HOLD, and 4h BUY accuracy is 0.0 per AI feedback loop.",76.0,76.0,HOLD,exchange_alert,Exchange alert: Fractional Reserve Banks vs. Bitcoin  SimplyBitcoin. Holding until market stabilises.,1,exchange_alert,80377.7,76.0,OK_HOLD,,0,76.0,risk_block_exchange_alert,BUY,76.0,quality_high,80285.87,82789.03,70.0,bullish,"bullish_bos_or_choch, bullish_liquidity_sweep, bearish_liquidity_sweep, price_in_discount, active_bearish_order_block, active_bullish_fvg, active_bearish_fvg, momentum_confirms_bullish",bearish: HH/LL/LH/HL,bullish_sweep,1 active,7 active,discount,mixed,BUY,70.0,bullish,"bullish_bos_or_choch, bullish_liquidity_sweep, bearish_liquidity_sweep, price_in_discount, active_bearish_order_block, active_bullish_fvg, active_bearish_fvg, momentum_confirms_bullish",,,,,,,,,rsi_45_55|fg_fear|funding_positive|trigger_learning_only_scan|final_HOLD|claude_HOLD|candidate_BUY|candidate_source_trade_quality,"Mixed signals dominate: technicals are modestly bullish (MACD bullish, above all EMAs, BB squeeze suggesting potential move) but volume ratio is effectively zero indicating no conviction, 24h historical average return is -5.19% in similar setups, all 20 historical analogs chose HOLD, and 4h BUY accuracy is 0.0 per AI feedback loop."
99,2026-05-09T15:00:14+00:00,15m,SCORED,80321.9,2026-05-09T15:30:00+00:00,80471.8,live_15m_csv,0.1866,learning_only_scan,49.0,38,0.0015095,HOLD,72,OK_HOLD,,tq65_shadow60_risk_v1,BUY,trade_quality,72,"Trade Quality Score 73.5/100 is above BUY threshold 65.0. Primary reason: quality_high. Original Claude HOLD reason: Historical evidence is decisively bearish: 35% win rate combined with avg 4h return of -0.46% and avg 24h return of -6.14% at similar setups. MACD is bearish, volume ratio is effectively zero (no conviction), and the long/short ratio below 1.0 signals market skepticism. No strong confirmation exists to override the base case.",73.5,73.5,HOLD,exchange_alert,Exchange alert: Fractional Reserve Banks vs. Bitcoin  SimplyBitcoin. Holding until market stabilises.,1,exchange_alert,80321.9,73.5,OK_HOLD,,0,73.5,risk_block_exchange_alert,BUY,73.5,quality_high,80222.38,82731.56,60.0,bullish,"bullish_bos_or_choch, bullish_liquidity_sweep, bearish_liquidity_sweep, price_in_discount, active_bearish_order_block, active_bullish_fvg, active_bearish_fvg, momentum_confirms_bearish",bearish: LL/LH/HL/LH,bullish_sweep,1 active,7 active,discount,mixed,BUY,60.0,bullish,"bullish_bos_or_choch, bullish_liquidity_sweep, bearish_liquidity_sweep, price_in_discount, active_bearish_order_block, active_bullish_fvg, active_bearish_fvg, momentum_confirms_bearish",,,,,,,,,rsi_45_55|fg_fear|funding_positive|trigger_learning_only_scan|final_HOLD|claude_HOLD|candidate_BUY|candidate_source_trade_quality,"Historical evidence is decisively bearish: 35% win rate combined with avg 4h return of -0.46% and avg 24h return of -6.14% at similar setups. MACD is bearish, volume ratio is effectively zero (no conviction), and the long/short ratio below 1.0 signals market skepticism. No strong confirmation exists to override the base case."
99,2026-05-09T15:00:14+00:00,1h,SCORED,80321.9,2026-05-09T16:00:15+00:00,80528.8,decisions,0.2576,learning_only_scan,49.0,38,0.0015095,HOLD,72,OK_HOLD,,tq65_shadow60_risk_v1,BUY,trade_quality,72,"Trade Quality Score 73.5/100 is above BUY threshold 65.0. Primary reason: quality_high. Original Claude HOLD reason: Historical evidence is decisively bearish: 35% win rate combined with avg 4h return of -0.46% and avg 24h return of -6.14% at similar setups. MACD is bearish, volume ratio is effectively zero (no conviction), and the long/short ratio below 1.0 signals market skepticism. No strong confirmation exists to override the base case.",73.5,73.5,HOLD,exchange_alert,Exchange alert: Fractional Reserve Banks vs. Bitcoin  SimplyBitcoin. Holding until market stabilises.,1,exchange_alert,80321.9,73.5,OK_HOLD,,0,73.5,risk_block_exchange_alert,BUY,73.5,quality_high,80222.38,82731.56,60.0,bullish,"bullish_bos_or_choch, bullish_liquidity_sweep, bearish_liquidity_sweep, price_in_discount, active_bearish_order_block, active_bullish_fvg, active_bearish_fvg, momentum_confirms_bearish",bearish: LL/LH/HL/LH,bullish_sweep,1 active,7 active,discount,mixed,BUY,60.0,bullish,"bullish_bos_or_choch, bullish_liquidity_sweep, bearish_liquidity_sweep, price_in_discount, active_bearish_order_block, active_bullish_fvg, active_bearish_fvg, momentum_confirms_bearish",,,,,,,,,rsi_45_55|fg_fear|funding_positive|trigger_learning_only_scan|final_HOLD|claude_HOLD|candidate_BUY|candidate_source_trade_quality,"Historical evidence is decisively bearish: 35% win rate combined with avg 4h return of -0.46% and avg 24h return of -6.14% at similar setups. MACD is bearish, volume ratio is effectively zero (no conviction), and the long/short ratio below 1.0 signals market skepticism. No strong confirmation exists to override the base case."
99,2026-05-09T15:00:14+00:00,4h,SCORED,80321.9,2026-05-09T19:00:21+00:00,80891.9,decisions,0.7096,learning_only_scan,49.0,38,0.0015095,HOLD,72,OK_HOLD,,tq65_shadow60_risk_v1,BUY,trade_quality,72,"Trade Quality Score 73.5/100 is above BUY threshold 65.0. Primary reason: quality_high. Original Claude HOLD reason: Historical evidence is decisively bearish: 35% win rate combined with avg 4h return of -0.46% and avg 24h return of -6.14% at similar setups. MACD is bearish, volume ratio is effectively zero (no conviction), and the long/short ratio below 1.0 signals market skepticism. No strong confirmation exists to override the base case.",73.5,73.5,HOLD,exchange_alert,Exchange alert: Fractional Reserve Banks vs. Bitcoin  SimplyBitcoin. Holding until market stabilises.,1,exchange_alert,80321.9,73.5,OK_HOLD,,0,73.5,risk_block_exchange_alert,BUY,73.5,quality_high,80222.38,82731.56,60.0,bullish,"bullish_bos_or_choch, bullish_liquidity_sweep, bearish_liquidity_sweep, price_in_discount, active_bearish_order_block, active_bullish_fvg, active_bearish_fvg, momentum_confirms_bearish",bearish: LL/LH/HL/LH,bullish_sweep,1 active,7 active,discount,mixed,BUY,60.0,bullish,"bullish_bos_or_choch, bullish_liquidity_sweep, bearish_liquidity_sweep, price_in_discount, active_bearish_order_block, active_bullish_fvg, active_bearish_fvg, momentum_confirms_bearish",,,,,,,,,rsi_45_55|fg_fear|funding_positive|trigger_learning_only_scan|final_HOLD|claude_HOLD|candidate_BUY|candidate_source_trade_quality,"Historical evidence is decisively bearish: 35% win rate combined with avg 4h return of -0.46% and avg 24h return of -6.14% at similar setups. MACD is bearish, volume ratio is effectively zero (no conviction), and the long/short ratio below 1.0 signals market skepticism. No strong confirmation exists to override the base case."
99,2026-05-09T15:00:14+00:00,24h,SCORED,80321.9,2026-05-10T15:00:16+00:00,80980.6,decisions,0.8201,learning_only_scan,49.0,38,0.0015095,HOLD,72,OK_HOLD,,tq65_shadow60_risk_v1,BUY,trade_quality,72,"Trade Quality Score 73.5/100 is above BUY threshold 65.0. Primary reason: quality_high. Original Claude HOLD reason: Historical evidence is decisively bearish: 35% win rate combined with avg 4h return of -0.46% and avg 24h return of -6.14% at similar setups. MACD is bearish, volume ratio is effectively zero (no conviction), and the long/short ratio below 1.0 signals market skepticism. No strong confirmation exists to override the base case.",73.5,73.5,HOLD,exchange_alert,Exchange alert: Fractional Reserve Banks vs. Bitcoin  SimplyBitcoin. Holding until market stabilises.,1,exchange_alert,80321.9,73.5,OK_HOLD,,0,73.5,risk_block_exchange_alert,BUY,73.5,quality_high,80222.38,82731.56,60.0,bullish,"bullish_bos_or_choch, bullish_liquidity_sweep, bearish_liquidity_sweep, price_in_discount, active_bearish_order_block, active_bullish_fvg, active_bearish_fvg, momentum_confirms_bearish",bearish: LL/LH/HL/LH,bullish_sweep,1 active,7 active,discount,mixed,BUY,60.0,bullish,"bullish_bos_or_choch, bullish_liquidity_sweep, bearish_liquidity_sweep, price_in_discount, active_bearish_order_block, active_bullish_fvg, active_bearish_fvg, momentum_confirms_bearish",,,,,,,,,rsi_45_55|fg_fear|funding_positive|trigger_learning_only_scan|final_HOLD|claude_HOLD|candidate_BUY|candidate_source_trade_quality,"Historical evidence is decisively bearish: 35% win rate combined with avg 4h return of -0.46% and avg 24h return of -6.14% at similar setups. MACD is bearish, volume ratio is effectively zero (no conviction), and the long/short ratio below 1.0 signals market skepticism. No strong confirmation exists to override the base case."
100,2026-05-09T16:00:15+00:00,15m,SCORED,80528.8,2026-05-09T16:30:00+00:00,80629.1,live_15m_csv,0.1246,learning_only_scan,63.8,38,0.0015095,HOLD,45,OK_HOLD,,tq65_shadow60_risk_v1,BUY,trade_quality,65,"Trade Quality Score 72.0/100 is above BUY threshold 65.0. Primary reason: quality_high. Original Claude HOLD reason: Mixed signals dominate: technicals are modestly bullish (EMAs aligned, MACD positive, above EMA200) but volume ratio is critically low at 0.03 — no conviction behind the move. 24h historical return averages -5.19% at similar setups, and all 20 historical analogs resulted in HOLD. AI feedback explicitly flags weak BUY accuracy at 4h. Fear & Greed at 38 is neutral-fear, not a contrarian extreme. No strong catalyst.",72.0,72.0,HOLD,exchange_alert,Exchange alert: Swiss central bank bitcoin reserve push fails over signature shortfall  coindesk.com. Holding until market stabilises.,1,exchange_alert,80528.8,72.0,OK_HOLD,,0,72.0,risk_block_exchange_alert,BUY,72.0,quality_high,80408.6,82944.66,100.0,bullish,"higher_timeframe_bullish, bullish_bos_or_choch, bullish_liquidity_sweep, bearish_liquidity_sweep, price_in_discount, price_in_premium, active_bullish_order_block, active_bearish_order_block",bullish: LL/LH/HL/LH,bullish_sweep,2 active,8 active,premium,bullish,BUY,100.0,bullish,"higher_timeframe_bullish, bullish_bos_or_choch, bullish_liquidity_sweep, bearish_liquidity_sweep, price_in_discount, price_in_premium, active_bullish_order_block, active_bearish_order_block",,,,,,,,,rsi_55_65|fg_fear|funding_positive|trigger_learning_only_scan|final_HOLD|claude_HOLD|candidate_BUY|candidate_source_trade_quality,"Mixed signals dominate: technicals are modestly bullish (EMAs aligned, MACD positive, above EMA200) but volume ratio is critically low at 0.03 — no conviction behind the move. 24h historical return averages -5.19% at similar setups, and all 20 historical analogs resulted in HOLD. AI feedback explicitly flags weak BUY accuracy at 4h. Fear & Greed at 38 is neutral-fear, not a contrarian extreme. No strong catalyst."
100,2026-05-09T16:00:15+00:00,1h,SCORED,80528.8,2026-05-09T17:00:15+00:00,80607.7,decisions,0.098,learning_only_scan,63.8,38,0.0015095,HOLD,45,OK_HOLD,,tq65_shadow60_risk_v1,BUY,trade_quality,65,"Trade Quality Score 72.0/100 is above BUY threshold 65.0. Primary reason: quality_high. Original Claude HOLD reason: Mixed signals dominate: technicals are modestly bullish (EMAs aligned, MACD positive, above EMA200) but volume ratio is critically low at 0.03 — no conviction behind the move. 24h historical return averages -5.19% at similar setups, and all 20 historical analogs resulted in HOLD. AI feedback explicitly flags weak BUY accuracy at 4h. Fear & Greed at 38 is neutral-fear, not a contrarian extreme. No strong catalyst.",72.0,72.0,HOLD,exchange_alert,Exchange alert: Swiss central bank bitcoin reserve push fails over signature shortfall  coindesk.com. Holding until market stabilises.,1,exchange_alert,80528.8,72.0,OK_HOLD,,0,72.0,risk_block_exchange_alert,BUY,72.0,quality_high,80408.6,82944.66,100.0,bullish,"higher_timeframe_bullish, bullish_bos_or_choch, bullish_liquidity_sweep, bearish_liquidity_sweep, price_in_discount, price_in_premium, active_bullish_order_block, active_bearish_order_block",bullish: LL/LH/HL/LH,bullish_sweep,2 active,8 active,premium,bullish,BUY,100.0,bullish,"higher_timeframe_bullish, bullish_bos_or_choch, bullish_liquidity_sweep, bearish_liquidity_sweep, price_in_discount, price_in_premium, active_bullish_order_block, active_bearish_order_block",,,,,,,,,rsi_55_65|fg_fear|funding_positive|trigger_learning_only_scan|final_HOLD|claude_HOLD|candidate_BUY|candidate_source_trade_quality,"Mixed signals dominate: technicals are modestly bullish (EMAs aligned, MACD positive, above EMA200) but volume ratio is critically low at 0.03 — no conviction behind the move. 24h historical return averages -5.19% at similar setups, and all 20 historical analogs resulted in HOLD. AI feedback explicitly flags weak BUY accuracy at 4h. Fear & Greed at 38 is neutral-fear, not a contrarian extreme. No strong catalyst."
100,2026-05-09T16:00:15+00:00,4h,SCORED,80528.8,2026-05-09T20:00:18+00:00,80937.0,decisions,0.5069,learning_only_scan,63.8,38,0.0015095,HOLD,45,OK_HOLD,,tq65_shadow60_risk_v1,BUY,trade_quality,65,"Trade Quality Score 72.0/100 is above BUY threshold 65.0. Primary reason: quality_high. Original Claude HOLD reason: Mixed signals dominate: technicals are modestly bullish (EMAs aligned, MACD positive, above EMA200) but volume ratio is critically low at 0.03 — no conviction behind the move. 24h historical return averages -5.19% at similar setups, and all 20 historical analogs resulted in HOLD. AI feedback explicitly flags weak BUY accuracy at 4h. Fear & Greed at 38 is neutral-fear, not a contrarian extreme. No strong catalyst.",72.0,72.0,HOLD,exchange_alert,Exchange alert: Swiss central bank bitcoin reserve push fails over signature shortfall  coindesk.com. Holding until market stabilises.,1,exchange_alert,80528.8,72.0,OK_HOLD,,0,72.0,risk_block_exchange_alert,BUY,72.0,quality_high,80408.6,82944.66,100.0,bullish,"higher_timeframe_bullish, bullish_bos_or_choch, bullish_liquidity_sweep, bearish_liquidity_sweep, price_in_discount, price_in_premium, active_bullish_order_block, active_bearish_order_block",bullish: LL/LH/HL/LH,bullish_sweep,2 active,8 active,premium,bullish,BUY,100.0,bullish,"higher_timeframe_bullish, bullish_bos_or_choch, bullish_liquidity_sweep, bearish_liquidity_sweep, price_in_discount, price_in_premium, active_bullish_order_block, active_bearish_order_block",,,,,,,,,rsi_55_65|fg_fear|funding_positive|trigger_learning_only_scan|final_HOLD|claude_HOLD|candidate_BUY|candidate_source_trade_quality,"Mixed signals dominate: technicals are modestly bullish (EMAs aligned, MACD positive, above EMA200) but volume ratio is critically low at 0.03 — no conviction behind the move. 24h historical return averages -5.19% at similar setups, and all 20 historical analogs resulted in HOLD. AI feedback explicitly flags weak BUY accuracy at 4h. Fear & Greed at 38 is neutral-fear, not a contrarian extreme. No strong catalyst."
100,2026-05-09T16:00:15+00:00,24h,SCORED,80528.8,2026-05-10T16:00:35+00:00,81411.7,decisions,1.0964,learning_only_scan,63.8,38,0.0015095,HOLD,45,OK_HOLD,,tq65_shadow60_risk_v1,BUY,trade_quality,65,"Trade Quality Score 72.0/100 is above BUY threshold 65.0. Primary reason: quality_high. Original Claude HOLD reason: Mixed signals dominate: technicals are modestly bullish (EMAs aligned, MACD positive, above EMA200) but volume ratio is critically low at 0.03 — no conviction behind the move. 24h historical return averages -5.19% at similar setups, and all 20 historical analogs resulted in HOLD. AI feedback explicitly flags weak BUY accuracy at 4h. Fear & Greed at 38 is neutral-fear, not a contrarian extreme. No strong catalyst.",72.0,72.0,HOLD,exchange_alert,Exchange alert: Swiss central bank bitcoin reserve push fails over signature shortfall  coindesk.com. Holding until market stabilises.,1,exchange_alert,80528.8,72.0,OK_HOLD,,0,72.0,risk_block_exchange_alert,BUY,72.0,quality_high,80408.6,82944.66,100.0,bullish,"higher_timeframe_bullish, bullish_bos_or_choch, bullish_liquidity_sweep, bearish_liquidity_sweep, price_in_discount, price_in_premium, active_bullish_order_block, active_bearish_order_block",bullish: LL/LH/HL/LH,bullish_sweep,2 active,8 active,premium,bullish,BUY,100.0,bullish,"higher_timeframe_bullish, bullish_bos_or_choch, bullish_liquidity_sweep, bearish_liquidity_sweep, price_in_discount, price_in_premium, active_bullish_order_block, active_bearish_order_block",,,,,,,,,rsi_55_65|fg_fear|funding_positive|trigger_learning_only_scan|final_HOLD|claude_HOLD|candidate_BUY|candidate_source_trade_quality,"Mixed signals dominate: technicals are modestly bullish (EMAs aligned, MACD positive, above EMA200) but volume ratio is critically low at 0.03 — no conviction behind the move. 24h historical return averages -5.19% at similar setups, and all 20 historical analogs resulted in HOLD. AI feedback explicitly flags weak BUY accuracy at 4h. Fear & Greed at 38 is neutral-fear, not a contrarian extreme. No strong catalyst."
101,2026-05-09T17:00:15+00:00,15m,SCORED,80607.7,2026-05-09T17:30:00+00:00,80831.0,live_15m_csv,0.277,learning_only_scan,66.2,38,0.0015095,HOLD,45,OK_HOLD,,tq65_shadow60_risk_v1,BUY,trade_quality,65,"Trade Quality Score 67.0/100 is above BUY threshold 65.0. Primary reason: quality_high. Original Claude HOLD reason: Mixed signals dominate: technicals are mildly bullish (price above all EMAs, MACD bullish, BB squeeze suggesting potential breakout) but volume ratio is effectively zero indicating no conviction behind the move. Historical evidence shows 40% win rate with strong 4h average return (+6.26%) but deeply negative 24h return (-5.19%), suggesting any rally fades. AI feedback loop explicitly flags Claude BUY calls as weak at 4h with 0.0 accuracy. All 20 historical analogs resulted in HOLD.",67.0,67.0,HOLD,exchange_alert,Exchange alert: Swiss central bank bitcoin reserve push fails over signature shortfall  coindesk.com. Holding until market stabilises.,1,exchange_alert,80607.7,67.0,OK_HOLD,,0,67.0,risk_block_exchange_alert,BUY,67.0,quality_high,80486.24,83025.93,85.0,bullish,"higher_timeframe_bullish, bullish_bos_or_choch, bullish_liquidity_sweep, bearish_liquidity_sweep, price_in_premium, active_bullish_order_block, active_bearish_order_block, active_bullish_fvg",bullish: LH/HL/LH/HL,bullish_sweep,2 active,9 active,premium,bullish,BUY,85.0,bullish,"higher_timeframe_bullish, bullish_bos_or_choch, bullish_liquidity_sweep, bearish_liquidity_sweep, price_in_premium, active_bullish_order_block, active_bearish_order_block, active_bullish_fvg",,,,,,,,,rsi_gte_65|fg_fear|funding_positive|trigger_learning_only_scan|final_HOLD|claude_HOLD|candidate_BUY|candidate_source_trade_quality,"Mixed signals dominate: technicals are mildly bullish (price above all EMAs, MACD bullish, BB squeeze suggesting potential breakout) but volume ratio is effectively zero indicating no conviction behind the move. Historical evidence shows 40% win rate with strong 4h average return (+6.26%) but deeply negative 24h return (-5.19%), suggesting any rally fades. AI feedback loop explicitly flags Claude BUY calls as weak at 4h with 0.0 accuracy. All 20 historical analogs resulted in HOLD."
101,2026-05-09T17:00:15+00:00,1h,SCORED,80607.7,2026-05-09T18:00:24+00:00,80800.0,decisions,0.2386,learning_only_scan,66.2,38,0.0015095,HOLD,45,OK_HOLD,,tq65_shadow60_risk_v1,BUY,trade_quality,65,"Trade Quality Score 67.0/100 is above BUY threshold 65.0. Primary reason: quality_high. Original Claude HOLD reason: Mixed signals dominate: technicals are mildly bullish (price above all EMAs, MACD bullish, BB squeeze suggesting potential breakout) but volume ratio is effectively zero indicating no conviction behind the move. Historical evidence shows 40% win rate with strong 4h average return (+6.26%) but deeply negative 24h return (-5.19%), suggesting any rally fades. AI feedback loop explicitly flags Claude BUY calls as weak at 4h with 0.0 accuracy. All 20 historical analogs resulted in HOLD.",67.0,67.0,HOLD,exchange_alert,Exchange alert: Swiss central bank bitcoin reserve push fails over signature shortfall  coindesk.com. Holding until market stabilises.,1,exchange_alert,80607.7,67.0,OK_HOLD,,0,67.0,risk_block_exchange_alert,BUY,67.0,quality_high,80486.24,83025.93,85.0,bullish,"higher_timeframe_bullish, bullish_bos_or_choch, bullish_liquidity_sweep, bearish_liquidity_sweep, price_in_premium, active_bullish_order_block, active_bearish_order_block, active_bullish_fvg",bullish: LH/HL/LH/HL,bullish_sweep,2 active,9 active,premium,bullish,BUY,85.0,bullish,"higher_timeframe_bullish, bullish_bos_or_choch, bullish_liquidity_sweep, bearish_liquidity_sweep, price_in_premium, active_bullish_order_block, active_bearish_order_block, active_bullish_fvg",,,,,,,,,rsi_gte_65|fg_fear|funding_positive|trigger_learning_only_scan|final_HOLD|claude_HOLD|candidate_BUY|candidate_source_trade_quality,"Mixed signals dominate: technicals are mildly bullish (price above all EMAs, MACD bullish, BB squeeze suggesting potential breakout) but volume ratio is effectively zero indicating no conviction behind the move. Historical evidence shows 40% win rate with strong 4h average return (+6.26%) but deeply negative 24h return (-5.19%), suggesting any rally fades. AI feedback loop explicitly flags Claude BUY calls as weak at 4h with 0.0 accuracy. All 20 historical analogs resulted in HOLD."
101,2026-05-09T17:00:15+00:00,4h,SCORED,80607.7,2026-05-09T21:15:00+00:00,80780.4,live_15m_csv,0.2142,learning_only_scan,66.2,38,0.0015095,HOLD,45,OK_HOLD,,tq65_shadow60_risk_v1,BUY,trade_quality,65,"Trade Quality Score 67.0/100 is above BUY threshold 65.0. Primary reason: quality_high. Original Claude HOLD reason: Mixed signals dominate: technicals are mildly bullish (price above all EMAs, MACD bullish, BB squeeze suggesting potential breakout) but volume ratio is effectively zero indicating no conviction behind the move. Historical evidence shows 40% win rate with strong 4h average return (+6.26%) but deeply negative 24h return (-5.19%), suggesting any rally fades. AI feedback loop explicitly flags Claude BUY calls as weak at 4h with 0.0 accuracy. All 20 historical analogs resulted in HOLD.",67.0,67.0,HOLD,exchange_alert,Exchange alert: Swiss central bank bitcoin reserve push fails over signature shortfall  coindesk.com. Holding until market stabilises.,1,exchange_alert,80607.7,67.0,OK_HOLD,,0,67.0,risk_block_exchange_alert,BUY,67.0,quality_high,80486.24,83025.93,85.0,bullish,"higher_timeframe_bullish, bullish_bos_or_choch, bullish_liquidity_sweep, bearish_liquidity_sweep, price_in_premium, active_bullish_order_block, active_bearish_order_block, active_bullish_fvg",bullish: LH/HL/LH/HL,bullish_sweep,2 active,9 active,premium,bullish,BUY,85.0,bullish,"higher_timeframe_bullish, bullish_bos_or_choch, bullish_liquidity_sweep, bearish_liquidity_sweep, price_in_premium, active_bullish_order_block, active_bearish_order_block, active_bullish_fvg",,,,,,,,,rsi_gte_65|fg_fear|funding_positive|trigger_learning_only_scan|final_HOLD|claude_HOLD|candidate_BUY|candidate_source_trade_quality,"Mixed signals dominate: technicals are mildly bullish (price above all EMAs, MACD bullish, BB squeeze suggesting potential breakout) but volume ratio is effectively zero indicating no conviction behind the move. Historical evidence shows 40% win rate with strong 4h average return (+6.26%) but deeply negative 24h return (-5.19%), suggesting any rally fades. AI feedback loop explicitly flags Claude BUY calls as weak at 4h with 0.0 accuracy. All 20 historical analogs resulted in HOLD."
101,2026-05-09T17:00:15+00:00,24h,SCORED,80607.7,2026-05-10T17:00:41+00:00,81338.1,decisions,0.9061,learning_only_scan,66.2,38,0.0015095,HOLD,45,OK_HOLD,,tq65_shadow60_risk_v1,BUY,trade_quality,65,"Trade Quality Score 67.0/100 is above BUY threshold 65.0. Primary reason: quality_high. Original Claude HOLD reason: Mixed signals dominate: technicals are mildly bullish (price above all EMAs, MACD bullish, BB squeeze suggesting potential breakout) but volume ratio is effectively zero indicating no conviction behind the move. Historical evidence shows 40% win rate with strong 4h average return (+6.26%) but deeply negative 24h return (-5.19%), suggesting any rally fades. AI feedback loop explicitly flags Claude BUY calls as weak at 4h with 0.0 accuracy. All 20 historical analogs resulted in HOLD.",67.0,67.0,HOLD,exchange_alert,Exchange alert: Swiss central bank bitcoin reserve push fails over signature shortfall  coindesk.com. Holding until market stabilises.,1,exchange_alert,80607.7,67.0,OK_HOLD,,0,67.0,risk_block_exchange_alert,BUY,67.0,quality_high,80486.24,83025.93,85.0,bullish,"higher_timeframe_bullish, bullish_bos_or_choch, bullish_liquidity_sweep, bearish_liquidity_sweep, price_in_premium, active_bullish_order_block, active_bearish_order_block, active_bullish_fvg",bullish: LH/HL/LH/HL,bullish_sweep,2 active,9 active,premium,bullish,BUY,85.0,bullish,"higher_timeframe_bullish, bullish_bos_or_choch, bullish_liquidity_sweep, bearish_liquidity_sweep, price_in_premium, active_bullish_order_block, active_bearish_order_block, active_bullish_fvg",,,,,,,,,rsi_gte_65|fg_fear|funding_positive|trigger_learning_only_scan|final_HOLD|claude_HOLD|candidate_BUY|candidate_source_trade_quality,"Mixed signals dominate: technicals are mildly bullish (price above all EMAs, MACD bullish, BB squeeze suggesting potential breakout) but volume ratio is effectively zero indicating no conviction behind the move. Historical evidence shows 40% win rate with strong 4h average return (+6.26%) but deeply negative 24h return (-5.19%), suggesting any rally fades. AI feedback loop explicitly flags Claude BUY calls as weak at 4h with 0.0 accuracy. All 20 historical analogs resulted in HOLD."
102,2026-05-09T18:00:24+00:00,15m,SCORED,80800.0,2026-05-09T18:30:00+00:00,80894.3,live_15m_csv,0.1167,learning_only_scan,72.4,38,0.0015095,HOLD,55,OK_HOLD,,tq65_shadow60_risk_v1,BUY,trade_quality,65,"Trade Quality Score 67.0/100 is above BUY threshold 65.0. Primary reason: quality_high. Original Claude HOLD reason: Mixed signals dominate: RSI at 72.4 and Stoch K at 86.9 indicate overbought conditions, volume ratio is effectively zero (no conviction behind the move), and 24h historical return averages -7.01% in similar setups. Despite strong 4h average return (+5.40%), the 24h drawdown risk is severe and the AI feedback loop flags 0.0 accuracy on BUY calls at 4h.",67.0,67.0,HOLD,exchange_alert,Exchange alert: Crypto Regulation 2026: Did China Ban Bitcoin?  u.today. Holding until market stabilises.,1,exchange_alert,80800.0,67.0,OK_HOLD,,0,67.0,risk_block_exchange_alert,BUY,67.0,quality_high,80665.91,83224.0,85.0,bullish,"higher_timeframe_bullish, bullish_bos_or_choch, bullish_liquidity_sweep, bearish_liquidity_sweep, price_in_premium, active_bullish_order_block, active_bullish_fvg, active_bearish_fvg",bullish: LH/HL/LH/HL,bullish_sweep,3 active,9 active,premium,bullish,BUY,85.0,bullish,"higher_timeframe_bullish, bullish_bos_or_choch, bullish_liquidity_sweep, bearish_liquidity_sweep, price_in_premium, active_bullish_order_block, active_bullish_fvg, active_bearish_fvg",,,,,,,,,rsi_gte_65|fg_fear|funding_positive|trigger_learning_only_scan|final_HOLD|claude_HOLD|candidate_BUY|candidate_source_trade_quality,"Mixed signals dominate: RSI at 72.4 and Stoch K at 86.9 indicate overbought conditions, volume ratio is effectively zero (no conviction behind the move), and 24h historical return averages -7.01% in similar setups. Despite strong 4h average return (+5.40%), the 24h drawdown risk is severe and the AI feedback loop flags 0.0 accuracy on BUY calls at 4h."
102,2026-05-09T18:00:24+00:00,1h,SCORED,80800.0,2026-05-09T19:15:00+00:00,80802.6,live_15m_csv,0.0032,learning_only_scan,72.4,38,0.0015095,HOLD,55,OK_HOLD,,tq65_shadow60_risk_v1,BUY,trade_quality,65,"Trade Quality Score 67.0/100 is above BUY threshold 65.0. Primary reason: quality_high. Original Claude HOLD reason: Mixed signals dominate: RSI at 72.4 and Stoch K at 86.9 indicate overbought conditions, volume ratio is effectively zero (no conviction behind the move), and 24h historical return averages -7.01% in similar setups. Despite strong 4h average return (+5.40%), the 24h drawdown risk is severe and the AI feedback loop flags 0.0 accuracy on BUY calls at 4h.",67.0,67.0,HOLD,exchange_alert,Exchange alert: Crypto Regulation 2026: Did China Ban Bitcoin?  u.today. Holding until market stabilises.,1,exchange_alert,80800.0,67.0,OK_HOLD,,0,67.0,risk_block_exchange_alert,BUY,67.0,quality_high,80665.91,83224.0,85.0,bullish,"higher_timeframe_bullish, bullish_bos_or_choch, bullish_liquidity_sweep, bearish_liquidity_sweep, price_in_premium, active_bullish_order_block, active_bullish_fvg, active_bearish_fvg",bullish: LH/HL/LH/HL,bullish_sweep,3 active,9 active,premium,bullish,BUY,85.0,bullish,"higher_timeframe_bullish, bullish_bos_or_choch, bullish_liquidity_sweep, bearish_liquidity_sweep, price_in_premium, active_bullish_order_block, active_bullish_fvg, active_bearish_fvg",,,,,,,,,rsi_gte_65|fg_fear|funding_positive|trigger_learning_only_scan|final_HOLD|claude_HOLD|candidate_BUY|candidate_source_trade_quality,"Mixed signals dominate: RSI at 72.4 and Stoch K at 86.9 indicate overbought conditions, volume ratio is effectively zero (no conviction behind the move), and 24h historical return averages -7.01% in similar setups. Despite strong 4h average return (+5.40%), the 24h drawdown risk is severe and the AI feedback loop flags 0.0 accuracy on BUY calls at 4h."
102,2026-05-09T18:00:24+00:00,4h,SCORED,80800.0,2026-05-09T22:15:00+00:00,80741.1,live_15m_csv,-0.0729,learning_only_scan,72.4,38,0.0015095,HOLD,55,OK_HOLD,,tq65_shadow60_risk_v1,BUY,trade_quality,65,"Trade Quality Score 67.0/100 is above BUY threshold 65.0. Primary reason: quality_high. Original Claude HOLD reason: Mixed signals dominate: RSI at 72.4 and Stoch K at 86.9 indicate overbought conditions, volume ratio is effectively zero (no conviction behind the move), and 24h historical return averages -7.01% in similar setups. Despite strong 4h average return (+5.40%), the 24h drawdown risk is severe and the AI feedback loop flags 0.0 accuracy on BUY calls at 4h.",67.0,67.0,HOLD,exchange_alert,Exchange alert: Crypto Regulation 2026: Did China Ban Bitcoin?  u.today. Holding until market stabilises.,1,exchange_alert,80800.0,67.0,OK_HOLD,,0,67.0,risk_block_exchange_alert,BUY,67.0,quality_high,80665.91,83224.0,85.0,bullish,"higher_timeframe_bullish, bullish_bos_or_choch, bullish_liquidity_sweep, bearish_liquidity_sweep, price_in_premium, active_bullish_order_block, active_bullish_fvg, active_bearish_fvg",bullish: LH/HL/LH/HL,bullish_sweep,3 active,9 active,premium,bullish,BUY,85.0,bullish,"higher_timeframe_bullish, bullish_bos_or_choch, bullish_liquidity_sweep, bearish_liquidity_sweep, price_in_premium, active_bullish_order_block, active_bullish_fvg, active_bearish_fvg",,,,,,,,,rsi_gte_65|fg_fear|funding_positive|trigger_learning_only_scan|final_HOLD|claude_HOLD|candidate_BUY|candidate_source_trade_quality,"Mixed signals dominate: RSI at 72.4 and Stoch K at 86.9 indicate overbought conditions, volume ratio is effectively zero (no conviction behind the move), and 24h historical return averages -7.01% in similar setups. Despite strong 4h average return (+5.40%), the 24h drawdown risk is severe and the AI feedback loop flags 0.0 accuracy on BUY calls at 4h."
102,2026-05-09T18:00:24+00:00,24h,SCORED,80800.0,2026-05-10T18:15:00+00:00,81348.8,live_15m_csv,0.6792,learning_only_scan,72.4,38,0.0015095,HOLD,55,OK_HOLD,,tq65_shadow60_risk_v1,BUY,trade_quality,65,"Trade Quality Score 67.0/100 is above BUY threshold 65.0. Primary reason: quality_high. Original Claude HOLD reason: Mixed signals dominate: RSI at 72.4 and Stoch K at 86.9 indicate overbought conditions, volume ratio is effectively zero (no conviction behind the move), and 24h historical return averages -7.01% in similar setups. Despite strong 4h average return (+5.40%), the 24h drawdown risk is severe and the AI feedback loop flags 0.0 accuracy on BUY calls at 4h.",67.0,67.0,HOLD,exchange_alert,Exchange alert: Crypto Regulation 2026: Did China Ban Bitcoin?  u.today. Holding until market stabilises.,1,exchange_alert,80800.0,67.0,OK_HOLD,,0,67.0,risk_block_exchange_alert,BUY,67.0,quality_high,80665.91,83224.0,85.0,bullish,"higher_timeframe_bullish, bullish_bos_or_choch, bullish_liquidity_sweep, bearish_liquidity_sweep, price_in_premium, active_bullish_order_block, active_bullish_fvg, active_bearish_fvg",bullish: LH/HL/LH/HL,bullish_sweep,3 active,9 active,premium,bullish,BUY,85.0,bullish,"higher_timeframe_bullish, bullish_bos_or_choch, bullish_liquidity_sweep, bearish_liquidity_sweep, price_in_premium, active_bullish_order_block, active_bullish_fvg, active_bearish_fvg",,,,,,,,,rsi_gte_65|fg_fear|funding_positive|trigger_learning_only_scan|final_HOLD|claude_HOLD|candidate_BUY|candidate_source_trade_quality,"Mixed signals dominate: RSI at 72.4 and Stoch K at 86.9 indicate overbought conditions, volume ratio is effectively zero (no conviction behind the move), and 24h historical return averages -7.01% in similar setups. Despite strong 4h average return (+5.40%), the 24h drawdown risk is severe and the AI feedback loop flags 0.0 accuracy on BUY calls at 4h."
103,2026-05-09T19:00:21+00:00,15m,SCORED,80891.9,2026-05-09T19:30:00+00:00,80840.9,live_15m_csv,-0.063,learning_only_scan,67.8,38,0.0015095,HOLD,45,OK_HOLD,,tq65_shadow60_risk_v1,BUY,trade_quality,65,"Trade Quality Score 67.0/100 is above BUY threshold 65.0. Primary reason: quality_high. Original Claude HOLD reason: Mixed signals prevent conviction: bullish short-term technicals (MACD, EMAs stacked, short liquidations dominating) conflict with a 24h average return of -5.19% in similar setups, near-zero volume ratio (0.0) indicating no momentum confirmation, and all 20 historical analogs resulted in HOLD. The AI feedback loop flags 0.0 accuracy on 4h BUY calls, making any BUY entry unjustifiable.",67.0,67.0,HOLD,exchange_alert,Exchange alert: Crypto Regulation 2026: Did China Ban Bitcoin?  u.today. Holding until market stabilises.,1,exchange_alert,80891.9,67.0,OK_HOLD,,0,67.0,risk_block_exchange_alert,BUY,67.0,quality_high,80750.22,83318.66,85.0,bullish,"higher_timeframe_bullish, bullish_bos_or_choch, bullish_liquidity_sweep, bearish_liquidity_sweep, price_in_premium, active_bullish_order_block, active_bullish_fvg, active_bearish_fvg",bullish: LH/HL/LH/HL,bullish_sweep,3 active,10 active,premium,bullish,BUY,85.0,bullish,"higher_timeframe_bullish, bullish_bos_or_choch, bullish_liquidity_sweep, bearish_liquidity_sweep, price_in_premium, active_bullish_order_block, active_bullish_fvg, active_bearish_fvg",,,,,,,,,rsi_gte_65|fg_fear|funding_positive|trigger_learning_only_scan|final_HOLD|claude_HOLD|candidate_BUY|candidate_source_trade_quality,"Mixed signals prevent conviction: bullish short-term technicals (MACD, EMAs stacked, short liquidations dominating) conflict with a 24h average return of -5.19% in similar setups, near-zero volume ratio (0.0) indicating no momentum confirmation, and all 20 historical analogs resulted in HOLD. The AI feedback loop flags 0.0 accuracy on 4h BUY calls, making any BUY entry unjustifiable."
103,2026-05-09T19:00:21+00:00,1h,SCORED,80891.9,2026-05-09T20:15:00+00:00,80783.8,live_15m_csv,-0.1336,learning_only_scan,67.8,38,0.0015095,HOLD,45,OK_HOLD,,tq65_shadow60_risk_v1,BUY,trade_quality,65,"Trade Quality Score 67.0/100 is above BUY threshold 65.0. Primary reason: quality_high. Original Claude HOLD reason: Mixed signals prevent conviction: bullish short-term technicals (MACD, EMAs stacked, short liquidations dominating) conflict with a 24h average return of -5.19% in similar setups, near-zero volume ratio (0.0) indicating no momentum confirmation, and all 20 historical analogs resulted in HOLD. The AI feedback loop flags 0.0 accuracy on 4h BUY calls, making any BUY entry unjustifiable.",67.0,67.0,HOLD,exchange_alert,Exchange alert: Crypto Regulation 2026: Did China Ban Bitcoin?  u.today. Holding until market stabilises.,1,exchange_alert,80891.9,67.0,OK_HOLD,,0,67.0,risk_block_exchange_alert,BUY,67.0,quality_high,80750.22,83318.66,85.0,bullish,"higher_timeframe_bullish, bullish_bos_or_choch, bullish_liquidity_sweep, bearish_liquidity_sweep, price_in_premium, active_bullish_order_block, active_bullish_fvg, active_bearish_fvg",bullish: LH/HL/LH/HL,bullish_sweep,3 active,10 active,premium,bullish,BUY,85.0,bullish,"higher_timeframe_bullish, bullish_bos_or_choch, bullish_liquidity_sweep, bearish_liquidity_sweep, price_in_premium, active_bullish_order_block, active_bullish_fvg, active_bearish_fvg",,,,,,,,,rsi_gte_65|fg_fear|funding_positive|trigger_learning_only_scan|final_HOLD|claude_HOLD|candidate_BUY|candidate_source_trade_quality,"Mixed signals prevent conviction: bullish short-term technicals (MACD, EMAs stacked, short liquidations dominating) conflict with a 24h average return of -5.19% in similar setups, near-zero volume ratio (0.0) indicating no momentum confirmation, and all 20 historical analogs resulted in HOLD. The AI feedback loop flags 0.0 accuracy on 4h BUY calls, making any BUY entry unjustifiable."
103,2026-05-09T19:00:21+00:00,4h,SCORED,80891.9,2026-05-09T23:15:00+00:00,80650.3,live_15m_csv,-0.2987,learning_only_scan,67.8,38,0.0015095,HOLD,45,OK_HOLD,,tq65_shadow60_risk_v1,BUY,trade_quality,65,"Trade Quality Score 67.0/100 is above BUY threshold 65.0. Primary reason: quality_high. Original Claude HOLD reason: Mixed signals prevent conviction: bullish short-term technicals (MACD, EMAs stacked, short liquidations dominating) conflict with a 24h average return of -5.19% in similar setups, near-zero volume ratio (0.0) indicating no momentum confirmation, and all 20 historical analogs resulted in HOLD. The AI feedback loop flags 0.0 accuracy on 4h BUY calls, making any BUY entry unjustifiable.",67.0,67.0,HOLD,exchange_alert,Exchange alert: Crypto Regulation 2026: Did China Ban Bitcoin?  u.today. Holding until market stabilises.,1,exchange_alert,80891.9,67.0,OK_HOLD,,0,67.0,risk_block_exchange_alert,BUY,67.0,quality_high,80750.22,83318.66,85.0,bullish,"higher_timeframe_bullish, bullish_bos_or_choch, bullish_liquidity_sweep, bearish_liquidity_sweep, price_in_premium, active_bullish_order_block, active_bullish_fvg, active_bearish_fvg",bullish: LH/HL/LH/HL,bullish_sweep,3 active,10 active,premium,bullish,BUY,85.0,bullish,"higher_timeframe_bullish, bullish_bos_or_choch, bullish_liquidity_sweep, bearish_liquidity_sweep, price_in_premium, active_bullish_order_block, active_bullish_fvg, active_bearish_fvg",,,,,,,,,rsi_gte_65|fg_fear|funding_positive|trigger_learning_only_scan|final_HOLD|claude_HOLD|candidate_BUY|candidate_source_trade_quality,"Mixed signals prevent conviction: bullish short-term technicals (MACD, EMAs stacked, short liquidations dominating) conflict with a 24h average return of -5.19% in similar setups, near-zero volume ratio (0.0) indicating no momentum confirmation, and all 20 historical analogs resulted in HOLD. The AI feedback loop flags 0.0 accuracy on 4h BUY calls, making any BUY entry unjustifiable."
103,2026-05-09T19:00:21+00:00,24h,PENDING,80891.9,,,,,learning_only_scan,67.8,38,0.0015095,HOLD,45,PENDING,,tq65_shadow60_risk_v1,BUY,trade_quality,65,"Trade Quality Score 67.0/100 is above BUY threshold 65.0. Primary reason: quality_high. Original Claude HOLD reason: Mixed signals prevent conviction: bullish short-term technicals (MACD, EMAs stacked, short liquidations dominating) conflict with a 24h average return of -5.19% in similar setups, near-zero volume ratio (0.0) indicating no momentum confirmation, and all 20 historical analogs resulted in HOLD. The AI feedback loop flags 0.0 accuracy on 4h BUY calls, making any BUY entry unjustifiable.",67.0,67.0,HOLD,exchange_alert,Exchange alert: Crypto Regulation 2026: Did China Ban Bitcoin?  u.today. Holding until market stabilises.,1,exchange_alert,80891.9,67.0,PENDING,,0,67.0,risk_block_exchange_alert,BUY,67.0,quality_high,80750.22,83318.66,85.0,bullish,"higher_timeframe_bullish, bullish_bos_or_choch, bullish_liquidity_sweep, bearish_liquidity_sweep, price_in_premium, active_bullish_order_block, active_bullish_fvg, active_bearish_fvg",bullish: LH/HL/LH/HL,bullish_sweep,3 active,10 active,premium,bullish,BUY,85.0,bullish,"higher_timeframe_bullish, bullish_bos_or_choch, bullish_liquidity_sweep, bearish_liquidity_sweep, price_in_premium, active_bullish_order_block, active_bullish_fvg, active_bearish_fvg",,,,,,,,,rsi_gte_65|fg_fear|funding_positive|trigger_learning_only_scan|final_HOLD|claude_HOLD|candidate_BUY|candidate_source_trade_quality,"Mixed signals prevent conviction: bullish short-term technicals (MACD, EMAs stacked, short liquidations dominating) conflict with a 24h average return of -5.19% in similar setups, near-zero volume ratio (0.0) indicating no momentum confirmation, and all 20 historical analogs resulted in HOLD. The AI feedback loop flags 0.0 accuracy on 4h BUY calls, making any BUY entry unjustifiable."
104,2026-05-09T20:00:18+00:00,15m,SCORED,80937.0,2026-05-09T20:30:00+00:00,80800.0,live_15m_csv,-0.1693,learning_only_scan,66.6,38,0.0015095,HOLD,45,OK_HOLD,,tq65_shadow60_risk_v1,BUY,trade_quality,65,"Trade Quality Score 71.0/100 is above BUY threshold 65.0. Primary reason: quality_high. Original Claude HOLD reason: Mixed signals dominate: bullish short-term technicals (price above all EMAs, bullish MACD, short liquidations exceeding longs) are offset by near-zero volume ratio (0.0), negative 24h historical return (-5.19%), 4h BUY accuracy at 0.0% per feedback loop, and all 20 historical analogs returned HOLD. The BB squeeze suggests a move is pending but direction is unconfirmed.",71.0,71.0,HOLD,exchange_alert,Exchange alert: Crypto Regulation 2026: Did China Ban Bitcoin?  u.today. Holding until market stabilises.,1,exchange_alert,80937.0,71.0,OK_HOLD,,0,71.0,risk_block_exchange_alert,BUY,71.0,quality_high,80800.66,83365.11,85.0,bullish,"higher_timeframe_bullish, bullish_bos_or_choch, bullish_liquidity_sweep, bearish_liquidity_sweep, price_in_premium, active_bullish_order_block, active_bullish_fvg, active_bearish_fvg",bullish: HL/LH/HL/HH,bullish_sweep,3 active,9 active,premium,bullish,BUY,85.0,bullish,"higher_timeframe_bullish, bullish_bos_or_choch, bullish_liquidity_sweep, bearish_liquidity_sweep, price_in_premium, active_bullish_order_block, active_bullish_fvg, active_bearish_fvg",,,,,,,,,rsi_gte_65|fg_fear|funding_positive|trigger_learning_only_scan|final_HOLD|claude_HOLD|candidate_BUY|candidate_source_trade_quality,"Mixed signals dominate: bullish short-term technicals (price above all EMAs, bullish MACD, short liquidations exceeding longs) are offset by near-zero volume ratio (0.0), negative 24h historical return (-5.19%), 4h BUY accuracy at 0.0% per feedback loop, and all 20 historical analogs returned HOLD. The BB squeeze suggests a move is pending but direction is unconfirmed."
104,2026-05-09T20:00:18+00:00,1h,SCORED,80937.0,2026-05-09T21:15:00+00:00,80780.4,live_15m_csv,-0.1935,learning_only_scan,66.6,38,0.0015095,HOLD,45,OK_HOLD,,tq65_shadow60_risk_v1,BUY,trade_quality,65,"Trade Quality Score 71.0/100 is above BUY threshold 65.0. Primary reason: quality_high. Original Claude HOLD reason: Mixed signals dominate: bullish short-term technicals (price above all EMAs, bullish MACD, short liquidations exceeding longs) are offset by near-zero volume ratio (0.0), negative 24h historical return (-5.19%), 4h BUY accuracy at 0.0% per feedback loop, and all 20 historical analogs returned HOLD. The BB squeeze suggests a move is pending but direction is unconfirmed.",71.0,71.0,HOLD,exchange_alert,Exchange alert: Crypto Regulation 2026: Did China Ban Bitcoin?  u.today. Holding until market stabilises.,1,exchange_alert,80937.0,71.0,OK_HOLD,,0,71.0,risk_block_exchange_alert,BUY,71.0,quality_high,80800.66,83365.11,85.0,bullish,"higher_timeframe_bullish, bullish_bos_or_choch, bullish_liquidity_sweep, bearish_liquidity_sweep, price_in_premium, active_bullish_order_block, active_bullish_fvg, active_bearish_fvg",bullish: HL/LH/HL/HH,bullish_sweep,3 active,9 active,premium,bullish,BUY,85.0,bullish,"higher_timeframe_bullish, bullish_bos_or_choch, bullish_liquidity_sweep, bearish_liquidity_sweep, price_in_premium, active_bullish_order_block, active_bullish_fvg, active_bearish_fvg",,,,,,,,,rsi_gte_65|fg_fear|funding_positive|trigger_learning_only_scan|final_HOLD|claude_HOLD|candidate_BUY|candidate_source_trade_quality,"Mixed signals dominate: bullish short-term technicals (price above all EMAs, bullish MACD, short liquidations exceeding longs) are offset by near-zero volume ratio (0.0), negative 24h historical return (-5.19%), 4h BUY accuracy at 0.0% per feedback loop, and all 20 historical analogs returned HOLD. The BB squeeze suggests a move is pending but direction is unconfirmed."
104,2026-05-09T20:00:18+00:00,4h,SCORED,80937.0,2026-05-10T00:15:00+00:00,80693.6,live_15m_csv,-0.3007,learning_only_scan,66.6,38,0.0015095,HOLD,45,OK_HOLD,,tq65_shadow60_risk_v1,BUY,trade_quality,65,"Trade Quality Score 71.0/100 is above BUY threshold 65.0. Primary reason: quality_high. Original Claude HOLD reason: Mixed signals dominate: bullish short-term technicals (price above all EMAs, bullish MACD, short liquidations exceeding longs) are offset by near-zero volume ratio (0.0), negative 24h historical return (-5.19%), 4h BUY accuracy at 0.0% per feedback loop, and all 20 historical analogs returned HOLD. The BB squeeze suggests a move is pending but direction is unconfirmed.",71.0,71.0,HOLD,exchange_alert,Exchange alert: Crypto Regulation 2026: Did China Ban Bitcoin?  u.today. Holding until market stabilises.,1,exchange_alert,80937.0,71.0,OK_HOLD,,0,71.0,risk_block_exchange_alert,BUY,71.0,quality_high,80800.66,83365.11,85.0,bullish,"higher_timeframe_bullish, bullish_bos_or_choch, bullish_liquidity_sweep, bearish_liquidity_sweep, price_in_premium, active_bullish_order_block, active_bullish_fvg, active_bearish_fvg",bullish: HL/LH/HL/HH,bullish_sweep,3 active,9 active,premium,bullish,BUY,85.0,bullish,"higher_timeframe_bullish, bullish_bos_or_choch, bullish_liquidity_sweep, bearish_liquidity_sweep, price_in_premium, active_bullish_order_block, active_bullish_fvg, active_bearish_fvg",,,,,,,,,rsi_gte_65|fg_fear|funding_positive|trigger_learning_only_scan|final_HOLD|claude_HOLD|candidate_BUY|candidate_source_trade_quality,"Mixed signals dominate: bullish short-term technicals (price above all EMAs, bullish MACD, short liquidations exceeding longs) are offset by near-zero volume ratio (0.0), negative 24h historical return (-5.19%), 4h BUY accuracy at 0.0% per feedback loop, and all 20 historical analogs returned HOLD. The BB squeeze suggests a move is pending but direction is unconfirmed."
104,2026-05-09T20:00:18+00:00,24h,PENDING,80937.0,,,,,learning_only_scan,66.6,38,0.0015095,HOLD,45,PENDING,,tq65_shadow60_risk_v1,BUY,trade_quality,65,"Trade Quality Score 71.0/100 is above BUY threshold 65.0. Primary reason: quality_high. Original Claude HOLD reason: Mixed signals dominate: bullish short-term technicals (price above all EMAs, bullish MACD, short liquidations exceeding longs) are offset by near-zero volume ratio (0.0), negative 24h historical return (-5.19%), 4h BUY accuracy at 0.0% per feedback loop, and all 20 historical analogs returned HOLD. The BB squeeze suggests a move is pending but direction is unconfirmed.",71.0,71.0,HOLD,exchange_alert,Exchange alert: Crypto Regulation 2026: Did China Ban Bitcoin?  u.today. Holding until market stabilises.,1,exchange_alert,80937.0,71.0,PENDING,,0,71.0,risk_block_exchange_alert,BUY,71.0,quality_high,80800.66,83365.11,85.0,bullish,"higher_timeframe_bullish, bullish_bos_or_choch, bullish_liquidity_sweep, bearish_liquidity_sweep, price_in_premium, active_bullish_order_block, active_bullish_fvg, active_bearish_fvg",bullish: HL/LH/HL/HH,bullish_sweep,3 active,9 active,premium,bullish,BUY,85.0,bullish,"higher_timeframe_bullish, bullish_bos_or_choch, bullish_liquidity_sweep, bearish_liquidity_sweep, price_in_premium, active_bullish_order_block, active_bullish_fvg, active_bearish_fvg",,,,,,,,,rsi_gte_65|fg_fear|funding_positive|trigger_learning_only_scan|final_HOLD|claude_HOLD|candidate_BUY|candidate_source_trade_quality,"Mixed signals dominate: bullish short-term technicals (price above all EMAs, bullish MACD, short liquidations exceeding longs) are offset by near-zero volume ratio (0.0), negative 24h historical return (-5.19%), 4h BUY accuracy at 0.0% per feedback loop, and all 20 historical analogs returned HOLD. The BB squeeze suggests a move is pending but direction is unconfirmed."
105,2026-05-09T21:00:13+00:00,15m,SCORED,80801.5,2026-05-09T21:30:00+00:00,80731.6,live_15m_csv,-0.0865,learning_only_scan,56.2,38,0.0015095,HOLD,72,OK_HOLD,,tq65_shadow60_risk_v1,BUY,trade_quality,72,"Trade Quality Score 72.5/100 is above BUY threshold 65.0. Primary reason: quality_high. Original Claude HOLD reason: Historical evidence is strongly bearish: 35% win rate, avg 4h return -0.51%, avg 24h return -5.86%, with zero BUY signals and 18 HOLDs in similar past moments. MACD is bearish, volume ratio is effectively zero indicating no conviction, and the BB squeeze has yet to resolve directionally. Short liquidations exceeding longs slightly favors upside but is insufficient to override the weight of negative historical precedent and weak momentum.",72.5,72.5,HOLD,exchange_alert,Exchange alert: Crypto Regulation 2026: Did China Ban Bitcoin?  u.today. Holding until market stabilises.,1,exchange_alert,80801.5,72.5,OK_HOLD,,0,72.5,risk_block_exchange_alert,BUY,72.5,quality_high,80675.82,83225.54,75.0,bullish,"higher_timeframe_bullish, bullish_bos_or_choch, bullish_liquidity_sweep, bearish_liquidity_sweep, price_in_premium, active_bullish_order_block, active_bullish_fvg, active_bearish_fvg",bullish: HL/LH/HL/HH,bullish_sweep,3 active,10 active,premium,bullish,BUY,75.0,bullish,"higher_timeframe_bullish, bullish_bos_or_choch, bullish_liquidity_sweep, bearish_liquidity_sweep, price_in_premium, active_bullish_order_block, active_bullish_fvg, active_bearish_fvg",,,,,,,,,rsi_55_65|fg_fear|funding_positive|trigger_learning_only_scan|final_HOLD|claude_HOLD|candidate_BUY|candidate_source_trade_quality,"Historical evidence is strongly bearish: 35% win rate, avg 4h return -0.51%, avg 24h return -5.86%, with zero BUY signals and 18 HOLDs in similar past moments. MACD is bearish, volume ratio is effectively zero indicating no conviction, and the BB squeeze has yet to resolve directionally. Short liquidations exceeding longs slightly favors upside but is insufficient to override the weight of negative historical precedent and weak momentum."
105,2026-05-09T21:00:13+00:00,1h,SCORED,80801.5,2026-05-09T22:00:15+00:00,80782.0,decisions,-0.0241,learning_only_scan,56.2,38,0.0015095,HOLD,72,OK_HOLD,,tq65_shadow60_risk_v1,BUY,trade_quality,72,"Trade Quality Score 72.5/100 is above BUY threshold 65.0. Primary reason: quality_high. Original Claude HOLD reason: Historical evidence is strongly bearish: 35% win rate, avg 4h return -0.51%, avg 24h return -5.86%, with zero BUY signals and 18 HOLDs in similar past moments. MACD is bearish, volume ratio is effectively zero indicating no conviction, and the BB squeeze has yet to resolve directionally. Short liquidations exceeding longs slightly favors upside but is insufficient to override the weight of negative historical precedent and weak momentum.",72.5,72.5,HOLD,exchange_alert,Exchange alert: Crypto Regulation 2026: Did China Ban Bitcoin?  u.today. Holding until market stabilises.,1,exchange_alert,80801.5,72.5,OK_HOLD,,0,72.5,risk_block_exchange_alert,BUY,72.5,quality_high,80675.82,83225.54,75.0,bullish,"higher_timeframe_bullish, bullish_bos_or_choch, bullish_liquidity_sweep, bearish_liquidity_sweep, price_in_premium, active_bullish_order_block, active_bullish_fvg, active_bearish_fvg",bullish: HL/LH/HL/HH,bullish_sweep,3 active,10 active,premium,bullish,BUY,75.0,bullish,"higher_timeframe_bullish, bullish_bos_or_choch, bullish_liquidity_sweep, bearish_liquidity_sweep, price_in_premium, active_bullish_order_block, active_bullish_fvg, active_bearish_fvg",,,,,,,,,rsi_55_65|fg_fear|funding_positive|trigger_learning_only_scan|final_HOLD|claude_HOLD|candidate_BUY|candidate_source_trade_quality,"Historical evidence is strongly bearish: 35% win rate, avg 4h return -0.51%, avg 24h return -5.86%, with zero BUY signals and 18 HOLDs in similar past moments. MACD is bearish, volume ratio is effectively zero indicating no conviction, and the BB squeeze has yet to resolve directionally. Short liquidations exceeding longs slightly favors upside but is insufficient to override the weight of negative historical precedent and weak momentum."
105,2026-05-09T21:00:13+00:00,4h,SCORED,80801.5,2026-05-10T01:00:14+00:00,80650.3,decisions,-0.1871,learning_only_scan,56.2,38,0.0015095,HOLD,72,OK_HOLD,,tq65_shadow60_risk_v1,BUY,trade_quality,72,"Trade Quality Score 72.5/100 is above BUY threshold 65.0. Primary reason: quality_high. Original Claude HOLD reason: Historical evidence is strongly bearish: 35% win rate, avg 4h return -0.51%, avg 24h return -5.86%, with zero BUY signals and 18 HOLDs in similar past moments. MACD is bearish, volume ratio is effectively zero indicating no conviction, and the BB squeeze has yet to resolve directionally. Short liquidations exceeding longs slightly favors upside but is insufficient to override the weight of negative historical precedent and weak momentum.",72.5,72.5,HOLD,exchange_alert,Exchange alert: Crypto Regulation 2026: Did China Ban Bitcoin?  u.today. Holding until market stabilises.,1,exchange_alert,80801.5,72.5,OK_HOLD,,0,72.5,risk_block_exchange_alert,BUY,72.5,quality_high,80675.82,83225.54,75.0,bullish,"higher_timeframe_bullish, bullish_bos_or_choch, bullish_liquidity_sweep, bearish_liquidity_sweep, price_in_premium, active_bullish_order_block, active_bullish_fvg, active_bearish_fvg",bullish: HL/LH/HL/HH,bullish_sweep,3 active,10 active,premium,bullish,BUY,75.0,bullish,"higher_timeframe_bullish, bullish_bos_or_choch, bullish_liquidity_sweep, bearish_liquidity_sweep, price_in_premium, active_bullish_order_block, active_bullish_fvg, active_bearish_fvg",,,,,,,,,rsi_55_65|fg_fear|funding_positive|trigger_learning_only_scan|final_HOLD|claude_HOLD|candidate_BUY|candidate_source_trade_quality,"Historical evidence is strongly bearish: 35% win rate, avg 4h return -0.51%, avg 24h return -5.86%, with zero BUY signals and 18 HOLDs in similar past moments. MACD is bearish, volume ratio is effectively zero indicating no conviction, and the BB squeeze has yet to resolve directionally. Short liquidations exceeding longs slightly favors upside but is insufficient to override the weight of negative historical precedent and weak momentum."
105,2026-05-09T21:00:13+00:00,24h,PENDING,80801.5,,,,,learning_only_scan,56.2,38,0.0015095,HOLD,72,PENDING,,tq65_shadow60_risk_v1,BUY,trade_quality,72,"Trade Quality Score 72.5/100 is above BUY threshold 65.0. Primary reason: quality_high. Original Claude HOLD reason: Historical evidence is strongly bearish: 35% win rate, avg 4h return -0.51%, avg 24h return -5.86%, with zero BUY signals and 18 HOLDs in similar past moments. MACD is bearish, volume ratio is effectively zero indicating no conviction, and the BB squeeze has yet to resolve directionally. Short liquidations exceeding longs slightly favors upside but is insufficient to override the weight of negative historical precedent and weak momentum.",72.5,72.5,HOLD,exchange_alert,Exchange alert: Crypto Regulation 2026: Did China Ban Bitcoin?  u.today. Holding until market stabilises.,1,exchange_alert,80801.5,72.5,PENDING,,0,72.5,risk_block_exchange_alert,BUY,72.5,quality_high,80675.82,83225.54,75.0,bullish,"higher_timeframe_bullish, bullish_bos_or_choch, bullish_liquidity_sweep, bearish_liquidity_sweep, price_in_premium, active_bullish_order_block, active_bullish_fvg, active_bearish_fvg",bullish: HL/LH/HL/HH,bullish_sweep,3 active,10 active,premium,bullish,BUY,75.0,bullish,"higher_timeframe_bullish, bullish_bos_or_choch, bullish_liquidity_sweep, bearish_liquidity_sweep, price_in_premium, active_bullish_order_block, active_bullish_fvg, active_bearish_fvg",,,,,,,,,rsi_55_65|fg_fear|funding_positive|trigger_learning_only_scan|final_HOLD|claude_HOLD|candidate_BUY|candidate_source_trade_quality,"Historical evidence is strongly bearish: 35% win rate, avg 4h return -0.51%, avg 24h return -5.86%, with zero BUY signals and 18 HOLDs in similar past moments. MACD is bearish, volume ratio is effectively zero indicating no conviction, and the BB squeeze has yet to resolve directionally. Short liquidations exceeding longs slightly favors upside but is insufficient to override the weight of negative historical precedent and weak momentum."
106,2026-05-09T22:00:15+00:00,15m,SCORED,80782.0,2026-05-09T22:30:00+00:00,80790.2,live_15m_csv,0.0102,learning_only_scan,53.4,38,0.0015095,HOLD,55,OK_HOLD,,tq65_shadow60_risk_v1,BUY,trade_quality,65,"Trade Quality Score 77.5/100 is above BUY threshold 65.0. Primary reason: quality_high. Original Claude HOLD reason: Mixed signals with no strong conviction: MACD is bearish, volume ratio is extremely low at 0.02 (no momentum), Stoch K at 13.3 is oversold but not a reliable standalone trigger, and historical evidence shows 24h avg return of -3.73% with only 35% win rate at similar moments. AI feedback loop explicitly flags BUY accuracy at 0.0 for 4h timeframe.",77.5,77.5,HOLD,exchange_alert,Exchange alert: Swiss Bitcoin Reserve Effort Withdrawn After Resistance From Central Bank  newsbtc.com. Holding until market stabilises.,1,exchange_alert,80782.0,77.5,OK_HOLD,,0,77.5,risk_block_exchange_alert,BUY,77.5,quality_high,80663.76,83205.46,75.0,bullish,"higher_timeframe_bullish, bullish_bos_or_choch, bullish_liquidity_sweep, bearish_liquidity_sweep, price_in_premium, active_bullish_order_block, active_bullish_fvg, active_bearish_fvg",bullish: HL/LH/HL/HH,bullish_sweep,3 active,10 active,premium,bullish,BUY,75.0,bullish,"higher_timeframe_bullish, bullish_bos_or_choch, bullish_liquidity_sweep, bearish_liquidity_sweep, price_in_premium, active_bullish_order_block, active_bullish_fvg, active_bearish_fvg",,,,,,,,,rsi_45_55|fg_fear|funding_positive|trigger_learning_only_scan|final_HOLD|claude_HOLD|candidate_BUY|candidate_source_trade_quality,"Mixed signals with no strong conviction: MACD is bearish, volume ratio is extremely low at 0.02 (no momentum), Stoch K at 13.3 is oversold but not a reliable standalone trigger, and historical evidence shows 24h avg return of -3.73% with only 35% win rate at similar moments. AI feedback loop explicitly flags BUY accuracy at 0.0 for 4h timeframe."
106,2026-05-09T22:00:15+00:00,1h,SCORED,80782.0,2026-05-09T23:00:15+00:00,80750.8,decisions,-0.0386,learning_only_scan,53.4,38,0.0015095,HOLD,55,OK_HOLD,,tq65_shadow60_risk_v1,BUY,trade_quality,65,"Trade Quality Score 77.5/100 is above BUY threshold 65.0. Primary reason: quality_high. Original Claude HOLD reason: Mixed signals with no strong conviction: MACD is bearish, volume ratio is extremely low at 0.02 (no momentum), Stoch K at 13.3 is oversold but not a reliable standalone trigger, and historical evidence shows 24h avg return of -3.73% with only 35% win rate at similar moments. AI feedback loop explicitly flags BUY accuracy at 0.0 for 4h timeframe.",77.5,77.5,HOLD,exchange_alert,Exchange alert: Swiss Bitcoin Reserve Effort Withdrawn After Resistance From Central Bank  newsbtc.com. Holding until market stabilises.,1,exchange_alert,80782.0,77.5,OK_HOLD,,0,77.5,risk_block_exchange_alert,BUY,77.5,quality_high,80663.76,83205.46,75.0,bullish,"higher_timeframe_bullish, bullish_bos_or_choch, bullish_liquidity_sweep, bearish_liquidity_sweep, price_in_premium, active_bullish_order_block, active_bullish_fvg, active_bearish_fvg",bullish: HL/LH/HL/HH,bullish_sweep,3 active,10 active,premium,bullish,BUY,75.0,bullish,"higher_timeframe_bullish, bullish_bos_or_choch, bullish_liquidity_sweep, bearish_liquidity_sweep, price_in_premium, active_bullish_order_block, active_bullish_fvg, active_bearish_fvg",,,,,,,,,rsi_45_55|fg_fear|funding_positive|trigger_learning_only_scan|final_HOLD|claude_HOLD|candidate_BUY|candidate_source_trade_quality,"Mixed signals with no strong conviction: MACD is bearish, volume ratio is extremely low at 0.02 (no momentum), Stoch K at 13.3 is oversold but not a reliable standalone trigger, and historical evidence shows 24h avg return of -3.73% with only 35% win rate at similar moments. AI feedback loop explicitly flags BUY accuracy at 0.0 for 4h timeframe."
106,2026-05-09T22:00:15+00:00,4h,SCORED,80782.0,2026-05-10T02:00:17+00:00,80644.9,decisions,-0.1697,learning_only_scan,53.4,38,0.0015095,HOLD,55,OK_HOLD,,tq65_shadow60_risk_v1,BUY,trade_quality,65,"Trade Quality Score 77.5/100 is above BUY threshold 65.0. Primary reason: quality_high. Original Claude HOLD reason: Mixed signals with no strong conviction: MACD is bearish, volume ratio is extremely low at 0.02 (no momentum), Stoch K at 13.3 is oversold but not a reliable standalone trigger, and historical evidence shows 24h avg return of -3.73% with only 35% win rate at similar moments. AI feedback loop explicitly flags BUY accuracy at 0.0 for 4h timeframe.",77.5,77.5,HOLD,exchange_alert,Exchange alert: Swiss Bitcoin Reserve Effort Withdrawn After Resistance From Central Bank  newsbtc.com. Holding until market stabilises.,1,exchange_alert,80782.0,77.5,OK_HOLD,,0,77.5,risk_block_exchange_alert,BUY,77.5,quality_high,80663.76,83205.46,75.0,bullish,"higher_timeframe_bullish, bullish_bos_or_choch, bullish_liquidity_sweep, bearish_liquidity_sweep, price_in_premium, active_bullish_order_block, active_bullish_fvg, active_bearish_fvg",bullish: HL/LH/HL/HH,bullish_sweep,3 active,10 active,premium,bullish,BUY,75.0,bullish,"higher_timeframe_bullish, bullish_bos_or_choch, bullish_liquidity_sweep, bearish_liquidity_sweep, price_in_premium, active_bullish_order_block, active_bullish_fvg, active_bearish_fvg",,,,,,,,,rsi_45_55|fg_fear|funding_positive|trigger_learning_only_scan|final_HOLD|claude_HOLD|candidate_BUY|candidate_source_trade_quality,"Mixed signals with no strong conviction: MACD is bearish, volume ratio is extremely low at 0.02 (no momentum), Stoch K at 13.3 is oversold but not a reliable standalone trigger, and historical evidence shows 24h avg return of -3.73% with only 35% win rate at similar moments. AI feedback loop explicitly flags BUY accuracy at 0.0 for 4h timeframe."
106,2026-05-09T22:00:15+00:00,24h,PENDING,80782.0,,,,,learning_only_scan,53.4,38,0.0015095,HOLD,55,PENDING,,tq65_shadow60_risk_v1,BUY,trade_quality,65,"Trade Quality Score 77.5/100 is above BUY threshold 65.0. Primary reason: quality_high. Original Claude HOLD reason: Mixed signals with no strong conviction: MACD is bearish, volume ratio is extremely low at 0.02 (no momentum), Stoch K at 13.3 is oversold but not a reliable standalone trigger, and historical evidence shows 24h avg return of -3.73% with only 35% win rate at similar moments. AI feedback loop explicitly flags BUY accuracy at 0.0 for 4h timeframe.",77.5,77.5,HOLD,exchange_alert,Exchange alert: Swiss Bitcoin Reserve Effort Withdrawn After Resistance From Central Bank  newsbtc.com. Holding until market stabilises.,1,exchange_alert,80782.0,77.5,PENDING,,0,77.5,risk_block_exchange_alert,BUY,77.5,quality_high,80663.76,83205.46,75.0,bullish,"higher_timeframe_bullish, bullish_bos_or_choch, bullish_liquidity_sweep, bearish_liquidity_sweep, price_in_premium, active_bullish_order_block, active_bullish_fvg, active_bearish_fvg",bullish: HL/LH/HL/HH,bullish_sweep,3 active,10 active,premium,bullish,BUY,75.0,bullish,"higher_timeframe_bullish, bullish_bos_or_choch, bullish_liquidity_sweep, bearish_liquidity_sweep, price_in_premium, active_bullish_order_block, active_bullish_fvg, active_bearish_fvg",,,,,,,,,rsi_45_55|fg_fear|funding_positive|trigger_learning_only_scan|final_HOLD|claude_HOLD|candidate_BUY|candidate_source_trade_quality,"Mixed signals with no strong conviction: MACD is bearish, volume ratio is extremely low at 0.02 (no momentum), Stoch K at 13.3 is oversold but not a reliable standalone trigger, and historical evidence shows 24h avg return of -3.73% with only 35% win rate at similar moments. AI feedback loop explicitly flags BUY accuracy at 0.0 for 4h timeframe."
107,2026-05-09T23:00:15+00:00,15m,SCORED,80750.8,2026-05-09T23:30:00+00:00,80624.8,live_15m_csv,-0.156,learning_only_scan,51.0,38,0.0015095,HOLD,72,OK_HOLD,,tq65_shadow60_risk_v1,BUY,trade_quality,72,"Trade Quality Score 83.5/100 is above BUY threshold 65.0. Primary reason: quality_high. Original Claude HOLD reason: Historical evidence is strongly against entry: 35% win rate, avg 24h return of -4.58%, and 18/20 past similar moments resulted in HOLD. MACD is bearish, volume ratio is essentially zero (no conviction), and Bollinger Band squeeze hasn't broken direction. Short liquidations exceeding longs suggests some upward pressure, but not enough to overcome the overwhelmingly negative historical pattern and weak technicals.",83.5,73.5,HOLD,bb_squeeze,Bollinger Band squeeze (width=0.0038). No directional trend — skipping.,1,bb_squeeze,80750.8,83.5,OK_HOLD,,0,73.5,risk_block_bb_squeeze,BUY,83.5,quality_high,80640.94,83173.32,75.0,bullish,"higher_timeframe_bullish, bullish_bos_or_choch, bullish_liquidity_sweep, bearish_liquidity_sweep, price_in_premium, active_bullish_order_block, active_bullish_fvg, active_bearish_fvg",bullish: HL/LH/HL/HH,bullish_sweep,3 active,8 active,premium,bullish,BUY,75.0,bullish,"higher_timeframe_bullish, bullish_bos_or_choch, bullish_liquidity_sweep, bearish_liquidity_sweep, price_in_premium, active_bullish_order_block, active_bullish_fvg, active_bearish_fvg",,,,,,,,,rsi_45_55|fg_fear|funding_positive|trigger_learning_only_scan|final_HOLD|claude_HOLD|candidate_BUY|candidate_source_trade_quality,"Historical evidence is strongly against entry: 35% win rate, avg 24h return of -4.58%, and 18/20 past similar moments resulted in HOLD. MACD is bearish, volume ratio is essentially zero (no conviction), and Bollinger Band squeeze hasn't broken direction. Short liquidations exceeding longs suggests some upward pressure, but not enough to overcome the overwhelmingly negative historical pattern and weak technicals."
107,2026-05-09T23:00:15+00:00,1h,SCORED,80750.8,2026-05-10T00:00:17+00:00,80654.0,decisions,-0.1199,learning_only_scan,51.0,38,0.0015095,HOLD,72,OK_HOLD,,tq65_shadow60_risk_v1,BUY,trade_quality,72,"Trade Quality Score 83.5/100 is above BUY threshold 65.0. Primary reason: quality_high. Original Claude HOLD reason: Historical evidence is strongly against entry: 35% win rate, avg 24h return of -4.58%, and 18/20 past similar moments resulted in HOLD. MACD is bearish, volume ratio is essentially zero (no conviction), and Bollinger Band squeeze hasn't broken direction. Short liquidations exceeding longs suggests some upward pressure, but not enough to overcome the overwhelmingly negative historical pattern and weak technicals.",83.5,73.5,HOLD,bb_squeeze,Bollinger Band squeeze (width=0.0038). No directional trend — skipping.,1,bb_squeeze,80750.8,83.5,OK_HOLD,,0,73.5,risk_block_bb_squeeze,BUY,83.5,quality_high,80640.94,83173.32,75.0,bullish,"higher_timeframe_bullish, bullish_bos_or_choch, bullish_liquidity_sweep, bearish_liquidity_sweep, price_in_premium, active_bullish_order_block, active_bullish_fvg, active_bearish_fvg",bullish: HL/LH/HL/HH,bullish_sweep,3 active,8 active,premium,bullish,BUY,75.0,bullish,"higher_timeframe_bullish, bullish_bos_or_choch, bullish_liquidity_sweep, bearish_liquidity_sweep, price_in_premium, active_bullish_order_block, active_bullish_fvg, active_bearish_fvg",,,,,,,,,rsi_45_55|fg_fear|funding_positive|trigger_learning_only_scan|final_HOLD|claude_HOLD|candidate_BUY|candidate_source_trade_quality,"Historical evidence is strongly against entry: 35% win rate, avg 24h return of -4.58%, and 18/20 past similar moments resulted in HOLD. MACD is bearish, volume ratio is essentially zero (no conviction), and Bollinger Band squeeze hasn't broken direction. Short liquidations exceeding longs suggests some upward pressure, but not enough to overcome the overwhelmingly negative historical pattern and weak technicals."
107,2026-05-09T23:00:15+00:00,4h,SCORED,80750.8,2026-05-10T03:00:20+00:00,80754.5,decisions,0.0046,learning_only_scan,51.0,38,0.0015095,HOLD,72,OK_HOLD,,tq65_shadow60_risk_v1,BUY,trade_quality,72,"Trade Quality Score 83.5/100 is above BUY threshold 65.0. Primary reason: quality_high. Original Claude HOLD reason: Historical evidence is strongly against entry: 35% win rate, avg 24h return of -4.58%, and 18/20 past similar moments resulted in HOLD. MACD is bearish, volume ratio is essentially zero (no conviction), and Bollinger Band squeeze hasn't broken direction. Short liquidations exceeding longs suggests some upward pressure, but not enough to overcome the overwhelmingly negative historical pattern and weak technicals.",83.5,73.5,HOLD,bb_squeeze,Bollinger Band squeeze (width=0.0038). No directional trend — skipping.,1,bb_squeeze,80750.8,83.5,OK_HOLD,,0,73.5,risk_block_bb_squeeze,BUY,83.5,quality_high,80640.94,83173.32,75.0,bullish,"higher_timeframe_bullish, bullish_bos_or_choch, bullish_liquidity_sweep, bearish_liquidity_sweep, price_in_premium, active_bullish_order_block, active_bullish_fvg, active_bearish_fvg",bullish: HL/LH/HL/HH,bullish_sweep,3 active,8 active,premium,bullish,BUY,75.0,bullish,"higher_timeframe_bullish, bullish_bos_or_choch, bullish_liquidity_sweep, bearish_liquidity_sweep, price_in_premium, active_bullish_order_block, active_bullish_fvg, active_bearish_fvg",,,,,,,,,rsi_45_55|fg_fear|funding_positive|trigger_learning_only_scan|final_HOLD|claude_HOLD|candidate_BUY|candidate_source_trade_quality,"Historical evidence is strongly against entry: 35% win rate, avg 24h return of -4.58%, and 18/20 past similar moments resulted in HOLD. MACD is bearish, volume ratio is essentially zero (no conviction), and Bollinger Band squeeze hasn't broken direction. Short liquidations exceeding longs suggests some upward pressure, but not enough to overcome the overwhelmingly negative historical pattern and weak technicals."
107,2026-05-09T23:00:15+00:00,24h,PENDING,80750.8,,,,,learning_only_scan,51.0,38,0.0015095,HOLD,72,PENDING,,tq65_shadow60_risk_v1,BUY,trade_quality,72,"Trade Quality Score 83.5/100 is above BUY threshold 65.0. Primary reason: quality_high. Original Claude HOLD reason: Historical evidence is strongly against entry: 35% win rate, avg 24h return of -4.58%, and 18/20 past similar moments resulted in HOLD. MACD is bearish, volume ratio is essentially zero (no conviction), and Bollinger Band squeeze hasn't broken direction. Short liquidations exceeding longs suggests some upward pressure, but not enough to overcome the overwhelmingly negative historical pattern and weak technicals.",83.5,73.5,HOLD,bb_squeeze,Bollinger Band squeeze (width=0.0038). No directional trend — skipping.,1,bb_squeeze,80750.8,83.5,PENDING,,0,73.5,risk_block_bb_squeeze,BUY,83.5,quality_high,80640.94,83173.32,75.0,bullish,"higher_timeframe_bullish, bullish_bos_or_choch, bullish_liquidity_sweep, bearish_liquidity_sweep, price_in_premium, active_bullish_order_block, active_bullish_fvg, active_bearish_fvg",bullish: HL/LH/HL/HH,bullish_sweep,3 active,8 active,premium,bullish,BUY,75.0,bullish,"higher_timeframe_bullish, bullish_bos_or_choch, bullish_liquidity_sweep, bearish_liquidity_sweep, price_in_premium, active_bullish_order_block, active_bullish_fvg, active_bearish_fvg",,,,,,,,,rsi_45_55|fg_fear|funding_positive|trigger_learning_only_scan|final_HOLD|claude_HOLD|candidate_BUY|candidate_source_trade_quality,"Historical evidence is strongly against entry: 35% win rate, avg 24h return of -4.58%, and 18/20 past similar moments resulted in HOLD. MACD is bearish, volume ratio is essentially zero (no conviction), and Bollinger Band squeeze hasn't broken direction. Short liquidations exceeding longs suggests some upward pressure, but not enough to overcome the overwhelmingly negative historical pattern and weak technicals."
108,2026-05-10T00:00:17+00:00,15m,SCORED,80654.0,2026-05-10T00:30:00+00:00,80731.9,live_15m_csv,0.0966,learning_only_scan,45.0,47,0.0015095,HOLD,72,OK_HOLD,,tq65_shadow60_risk_v1,BUY,trade_quality,72,"Trade Quality Score 78.5/100 is above BUY threshold 65.0. Primary reason: quality_high. Original Claude HOLD reason: Multiple converging bearish signals: MACD deeply negative (-5.66 vs signal 23.14), RSI at 45 showing no momentum, near-zero volume ratio (0.01) indicating no conviction, and 24h historical return of -3.82% at similar setups. Historical win rate exactly at the 35% threshold with strongly negative 24h outcomes. AI feedback loop explicitly flags weak BUY accuracy at 4h (0.0). No clear entry catalyst.",78.5,78.5,HOLD,exchange_alert,Exchange alert: Swiss Bitcoin Reserve Effort Withdrawn After Resistance From Central Bank  newsbtc.com. Holding until market stabilises.,1,exchange_alert,80654.0,78.5,OK_HOLD,,0,78.5,risk_block_exchange_alert,BUY,78.5,quality_high,80546.24,83073.62,75.0,bullish,"higher_timeframe_bullish, bullish_bos_or_choch, bullish_liquidity_sweep, bearish_liquidity_sweep, price_in_premium, active_bullish_order_block, active_bullish_fvg, active_bearish_fvg",bullish: HL/LH/HL/HH,bullish_sweep,2 active,7 active,premium,bullish,BUY,75.0,bullish,"higher_timeframe_bullish, bullish_bos_or_choch, bullish_liquidity_sweep, bearish_liquidity_sweep, price_in_premium, active_bullish_order_block, active_bullish_fvg, active_bearish_fvg",,,,,,,,,rsi_45_55|fg_neutral|funding_positive|trigger_learning_only_scan|final_HOLD|claude_HOLD|candidate_BUY|candidate_source_trade_quality,"Multiple converging bearish signals: MACD deeply negative (-5.66 vs signal 23.14), RSI at 45 showing no momentum, near-zero volume ratio (0.01) indicating no conviction, and 24h historical return of -3.82% at similar setups. Historical win rate exactly at the 35% threshold with strongly negative 24h outcomes. AI feedback loop explicitly flags weak BUY accuracy at 4h (0.0). No clear entry catalyst."
108,2026-05-10T00:00:17+00:00,1h,SCORED,80654.0,2026-05-10T01:15:00+00:00,80585.0,live_15m_csv,-0.0856,learning_only_scan,45.0,47,0.0015095,HOLD,72,OK_HOLD,,tq65_shadow60_risk_v1,BUY,trade_quality,72,"Trade Quality Score 78.5/100 is above BUY threshold 65.0. Primary reason: quality_high. Original Claude HOLD reason: Multiple converging bearish signals: MACD deeply negative (-5.66 vs signal 23.14), RSI at 45 showing no momentum, near-zero volume ratio (0.01) indicating no conviction, and 24h historical return of -3.82% at similar setups. Historical win rate exactly at the 35% threshold with strongly negative 24h outcomes. AI feedback loop explicitly flags weak BUY accuracy at 4h (0.0). No clear entry catalyst.",78.5,78.5,HOLD,exchange_alert,Exchange alert: Swiss Bitcoin Reserve Effort Withdrawn After Resistance From Central Bank  newsbtc.com. Holding until market stabilises.,1,exchange_alert,80654.0,78.5,OK_HOLD,,0,78.5,risk_block_exchange_alert,BUY,78.5,quality_high,80546.24,83073.62,75.0,bullish,"higher_timeframe_bullish, bullish_bos_or_choch, bullish_liquidity_sweep, bearish_liquidity_sweep, price_in_premium, active_bullish_order_block, active_bullish_fvg, active_bearish_fvg",bullish: HL/LH/HL/HH,bullish_sweep,2 active,7 active,premium,bullish,BUY,75.0,bullish,"higher_timeframe_bullish, bullish_bos_or_choch, bullish_liquidity_sweep, bearish_liquidity_sweep, price_in_premium, active_bullish_order_block, active_bullish_fvg, active_bearish_fvg",,,,,,,,,rsi_45_55|fg_neutral|funding_positive|trigger_learning_only_scan|final_HOLD|claude_HOLD|candidate_BUY|candidate_source_trade_quality,"Multiple converging bearish signals: MACD deeply negative (-5.66 vs signal 23.14), RSI at 45 showing no momentum, near-zero volume ratio (0.01) indicating no conviction, and 24h historical return of -3.82% at similar setups. Historical win rate exactly at the 35% threshold with strongly negative 24h outcomes. AI feedback loop explicitly flags weak BUY accuracy at 4h (0.0). No clear entry catalyst."
108,2026-05-10T00:00:17+00:00,4h,SCORED,80654.0,2026-05-10T04:00:28+00:00,80762.1,decisions,0.134,learning_only_scan,45.0,47,0.0015095,HOLD,72,OK_HOLD,,tq65_shadow60_risk_v1,BUY,trade_quality,72,"Trade Quality Score 78.5/100 is above BUY threshold 65.0. Primary reason: quality_high. Original Claude HOLD reason: Multiple converging bearish signals: MACD deeply negative (-5.66 vs signal 23.14), RSI at 45 showing no momentum, near-zero volume ratio (0.01) indicating no conviction, and 24h historical return of -3.82% at similar setups. Historical win rate exactly at the 35% threshold with strongly negative 24h outcomes. AI feedback loop explicitly flags weak BUY accuracy at 4h (0.0). No clear entry catalyst.",78.5,78.5,HOLD,exchange_alert,Exchange alert: Swiss Bitcoin Reserve Effort Withdrawn After Resistance From Central Bank  newsbtc.com. Holding until market stabilises.,1,exchange_alert,80654.0,78.5,OK_HOLD,,0,78.5,risk_block_exchange_alert,BUY,78.5,quality_high,80546.24,83073.62,75.0,bullish,"higher_timeframe_bullish, bullish_bos_or_choch, bullish_liquidity_sweep, bearish_liquidity_sweep, price_in_premium, active_bullish_order_block, active_bullish_fvg, active_bearish_fvg",bullish: HL/LH/HL/HH,bullish_sweep,2 active,7 active,premium,bullish,BUY,75.0,bullish,"higher_timeframe_bullish, bullish_bos_or_choch, bullish_liquidity_sweep, bearish_liquidity_sweep, price_in_premium, active_bullish_order_block, active_bullish_fvg, active_bearish_fvg",,,,,,,,,rsi_45_55|fg_neutral|funding_positive|trigger_learning_only_scan|final_HOLD|claude_HOLD|candidate_BUY|candidate_source_trade_quality,"Multiple converging bearish signals: MACD deeply negative (-5.66 vs signal 23.14), RSI at 45 showing no momentum, near-zero volume ratio (0.01) indicating no conviction, and 24h historical return of -3.82% at similar setups. Historical win rate exactly at the 35% threshold with strongly negative 24h outcomes. AI feedback loop explicitly flags weak BUY accuracy at 4h (0.0). No clear entry catalyst."
108,2026-05-10T00:00:17+00:00,24h,PENDING,80654.0,,,,,learning_only_scan,45.0,47,0.0015095,HOLD,72,PENDING,,tq65_shadow60_risk_v1,BUY,trade_quality,72,"Trade Quality Score 78.5/100 is above BUY threshold 65.0. Primary reason: quality_high. Original Claude HOLD reason: Multiple converging bearish signals: MACD deeply negative (-5.66 vs signal 23.14), RSI at 45 showing no momentum, near-zero volume ratio (0.01) indicating no conviction, and 24h historical return of -3.82% at similar setups. Historical win rate exactly at the 35% threshold with strongly negative 24h outcomes. AI feedback loop explicitly flags weak BUY accuracy at 4h (0.0). No clear entry catalyst.",78.5,78.5,HOLD,exchange_alert,Exchange alert: Swiss Bitcoin Reserve Effort Withdrawn After Resistance From Central Bank  newsbtc.com. Holding until market stabilises.,1,exchange_alert,80654.0,78.5,PENDING,,0,78.5,risk_block_exchange_alert,BUY,78.5,quality_high,80546.24,83073.62,75.0,bullish,"higher_timeframe_bullish, bullish_bos_or_choch, bullish_liquidity_sweep, bearish_liquidity_sweep, price_in_premium, active_bullish_order_block, active_bullish_fvg, active_bearish_fvg",bullish: HL/LH/HL/HH,bullish_sweep,2 active,7 active,premium,bullish,BUY,75.0,bullish,"higher_timeframe_bullish, bullish_bos_or_choch, bullish_liquidity_sweep, bearish_liquidity_sweep, price_in_premium, active_bullish_order_block, active_bullish_fvg, active_bearish_fvg",,,,,,,,,rsi_45_55|fg_neutral|funding_positive|trigger_learning_only_scan|final_HOLD|claude_HOLD|candidate_BUY|candidate_source_trade_quality,"Multiple converging bearish signals: MACD deeply negative (-5.66 vs signal 23.14), RSI at 45 showing no momentum, near-zero volume ratio (0.01) indicating no conviction, and 24h historical return of -3.82% at similar setups. Historical win rate exactly at the 35% threshold with strongly negative 24h outcomes. AI feedback loop explicitly flags weak BUY accuracy at 4h (0.0). No clear entry catalyst."
109,2026-05-10T01:00:14+00:00,15m,SCORED,80650.3,2026-05-10T01:30:00+00:00,80596.4,live_15m_csv,-0.0668,learning_only_scan,44.8,47,0.0015095,HOLD,45,OK_HOLD,,tq65_shadow60_risk_v1,BUY,trade_quality,65,"Trade Quality Score 73.5/100 is above BUY threshold 65.0. Primary reason: quality_high. Original Claude HOLD reason: Multiple conflicting signals prevent a confident entry: RSI at 44.8 and bearish MACD argue against buying, volume ratio is effectively zero indicating no momentum, and the 24h historical return of -10.23% at similar setups is severely negative. While short-term (1h/4h) returns look mildly positive, the daily drawdown risk is too large to ignore. The AI feedback loop also flags 0.0 accuracy on 4h BUY calls.",73.5,73.5,HOLD,exchange_alert,Exchange alert: Swiss Bitcoin Reserve Effort Withdrawn After Resistance From Central Bank  newsbtc.com. Holding until market stabilises.,1,exchange_alert,80650.3,73.5,OK_HOLD,,0,73.5,risk_block_exchange_alert,BUY,73.5,quality_high,80541.4,83069.81,75.0,bullish,"higher_timeframe_bullish, bullish_bos_or_choch, bullish_liquidity_sweep, bearish_liquidity_sweep, price_in_premium, active_bullish_order_block, active_bullish_fvg, active_bearish_fvg",bullish: LH/HL/HH/LH,bullish_sweep,2 active,6 active,premium,bullish,BUY,75.0,bullish,"higher_timeframe_bullish, bullish_bos_or_choch, bullish_liquidity_sweep, bearish_liquidity_sweep, price_in_premium, active_bullish_order_block, active_bullish_fvg, active_bearish_fvg",,,,,,,,,rsi_35_45|fg_neutral|funding_positive|trigger_learning_only_scan|final_HOLD|claude_HOLD|candidate_BUY|candidate_source_trade_quality,"Multiple conflicting signals prevent a confident entry: RSI at 44.8 and bearish MACD argue against buying, volume ratio is effectively zero indicating no momentum, and the 24h historical return of -10.23% at similar setups is severely negative. While short-term (1h/4h) returns look mildly positive, the daily drawdown risk is too large to ignore. The AI feedback loop also flags 0.0 accuracy on 4h BUY calls."
109,2026-05-10T01:00:14+00:00,1h,SCORED,80650.3,2026-05-10T02:00:17+00:00,80644.9,decisions,-0.0067,learning_only_scan,44.8,47,0.0015095,HOLD,45,OK_HOLD,,tq65_shadow60_risk_v1,BUY,trade_quality,65,"Trade Quality Score 73.5/100 is above BUY threshold 65.0. Primary reason: quality_high. Original Claude HOLD reason: Multiple conflicting signals prevent a confident entry: RSI at 44.8 and bearish MACD argue against buying, volume ratio is effectively zero indicating no momentum, and the 24h historical return of -10.23% at similar setups is severely negative. While short-term (1h/4h) returns look mildly positive, the daily drawdown risk is too large to ignore. The AI feedback loop also flags 0.0 accuracy on 4h BUY calls.",73.5,73.5,HOLD,exchange_alert,Exchange alert: Swiss Bitcoin Reserve Effort Withdrawn After Resistance From Central Bank  newsbtc.com. Holding until market stabilises.,1,exchange_alert,80650.3,73.5,OK_HOLD,,0,73.5,risk_block_exchange_alert,BUY,73.5,quality_high,80541.4,83069.81,75.0,bullish,"higher_timeframe_bullish, bullish_bos_or_choch, bullish_liquidity_sweep, bearish_liquidity_sweep, price_in_premium, active_bullish_order_block, active_bullish_fvg, active_bearish_fvg",bullish: LH/HL/HH/LH,bullish_sweep,2 active,6 active,premium,bullish,BUY,75.0,bullish,"higher_timeframe_bullish, bullish_bos_or_choch, bullish_liquidity_sweep, bearish_liquidity_sweep, price_in_premium, active_bullish_order_block, active_bullish_fvg, active_bearish_fvg",,,,,,,,,rsi_35_45|fg_neutral|funding_positive|trigger_learning_only_scan|final_HOLD|claude_HOLD|candidate_BUY|candidate_source_trade_quality,"Multiple conflicting signals prevent a confident entry: RSI at 44.8 and bearish MACD argue against buying, volume ratio is effectively zero indicating no momentum, and the 24h historical return of -10.23% at similar setups is severely negative. While short-term (1h/4h) returns look mildly positive, the daily drawdown risk is too large to ignore. The AI feedback loop also flags 0.0 accuracy on 4h BUY calls."
109,2026-05-10T01:00:14+00:00,4h,SCORED,80650.3,2026-05-10T05:00:18+00:00,80741.8,decisions,0.1135,learning_only_scan,44.8,47,0.0015095,HOLD,45,OK_HOLD,,tq65_shadow60_risk_v1,BUY,trade_quality,65,"Trade Quality Score 73.5/100 is above BUY threshold 65.0. Primary reason: quality_high. Original Claude HOLD reason: Multiple conflicting signals prevent a confident entry: RSI at 44.8 and bearish MACD argue against buying, volume ratio is effectively zero indicating no momentum, and the 24h historical return of -10.23% at similar setups is severely negative. While short-term (1h/4h) returns look mildly positive, the daily drawdown risk is too large to ignore. The AI feedback loop also flags 0.0 accuracy on 4h BUY calls.",73.5,73.5,HOLD,exchange_alert,Exchange alert: Swiss Bitcoin Reserve Effort Withdrawn After Resistance From Central Bank  newsbtc.com. Holding until market stabilises.,1,exchange_alert,80650.3,73.5,OK_HOLD,,0,73.5,risk_block_exchange_alert,BUY,73.5,quality_high,80541.4,83069.81,75.0,bullish,"higher_timeframe_bullish, bullish_bos_or_choch, bullish_liquidity_sweep, bearish_liquidity_sweep, price_in_premium, active_bullish_order_block, active_bullish_fvg, active_bearish_fvg",bullish: LH/HL/HH/LH,bullish_sweep,2 active,6 active,premium,bullish,BUY,75.0,bullish,"higher_timeframe_bullish, bullish_bos_or_choch, bullish_liquidity_sweep, bearish_liquidity_sweep, price_in_premium, active_bullish_order_block, active_bullish_fvg, active_bearish_fvg",,,,,,,,,rsi_35_45|fg_neutral|funding_positive|trigger_learning_only_scan|final_HOLD|claude_HOLD|candidate_BUY|candidate_source_trade_quality,"Multiple conflicting signals prevent a confident entry: RSI at 44.8 and bearish MACD argue against buying, volume ratio is effectively zero indicating no momentum, and the 24h historical return of -10.23% at similar setups is severely negative. While short-term (1h/4h) returns look mildly positive, the daily drawdown risk is too large to ignore. The AI feedback loop also flags 0.0 accuracy on 4h BUY calls."
109,2026-05-10T01:00:14+00:00,24h,PENDING,80650.3,,,,,learning_only_scan,44.8,47,0.0015095,HOLD,45,PENDING,,tq65_shadow60_risk_v1,BUY,trade_quality,65,"Trade Quality Score 73.5/100 is above BUY threshold 65.0. Primary reason: quality_high. Original Claude HOLD reason: Multiple conflicting signals prevent a confident entry: RSI at 44.8 and bearish MACD argue against buying, volume ratio is effectively zero indicating no momentum, and the 24h historical return of -10.23% at similar setups is severely negative. While short-term (1h/4h) returns look mildly positive, the daily drawdown risk is too large to ignore. The AI feedback loop also flags 0.0 accuracy on 4h BUY calls.",73.5,73.5,HOLD,exchange_alert,Exchange alert: Swiss Bitcoin Reserve Effort Withdrawn After Resistance From Central Bank  newsbtc.com. Holding until market stabilises.,1,exchange_alert,80650.3,73.5,PENDING,,0,73.5,risk_block_exchange_alert,BUY,73.5,quality_high,80541.4,83069.81,75.0,bullish,"higher_timeframe_bullish, bullish_bos_or_choch, bullish_liquidity_sweep, bearish_liquidity_sweep, price_in_premium, active_bullish_order_block, active_bullish_fvg, active_bearish_fvg",bullish: LH/HL/HH/LH,bullish_sweep,2 active,6 active,premium,bullish,BUY,75.0,bullish,"higher_timeframe_bullish, bullish_bos_or_choch, bullish_liquidity_sweep, bearish_liquidity_sweep, price_in_premium, active_bullish_order_block, active_bullish_fvg, active_bearish_fvg",,,,,,,,,rsi_35_45|fg_neutral|funding_positive|trigger_learning_only_scan|final_HOLD|claude_HOLD|candidate_BUY|candidate_source_trade_quality,"Multiple conflicting signals prevent a confident entry: RSI at 44.8 and bearish MACD argue against buying, volume ratio is effectively zero indicating no momentum, and the 24h historical return of -10.23% at similar setups is severely negative. While short-term (1h/4h) returns look mildly positive, the daily drawdown risk is too large to ignore. The AI feedback loop also flags 0.0 accuracy on 4h BUY calls."
110,2026-05-10T02:00:17+00:00,15m,SCORED,80644.9,2026-05-10T02:30:00+00:00,80713.0,live_15m_csv,0.0844,learning_only_scan,46.3,47,0.0015095,HOLD,45,OK_HOLD,,tq65_shadow60_risk_v1,BUY,trade_quality,65,"Trade Quality Score 73.5/100 is above BUY threshold 65.0. Primary reason: quality_high. Original Claude HOLD reason: Despite neutral fear/greed and short-term positive returns, the 24h average return of -10.23% in similar historical moments is deeply negative, MACD is bearish with price below EMA 20/50, volume ratio is essentially zero (no conviction), and the AI feedback loop explicitly flags weak BUY accuracy at 4h. The confluence of bearish momentum, poor historical 24h outcomes, and zero volume provides no compelling entry case.",73.5,73.5,HOLD,exchange_alert,Exchange alert: Swiss Bitcoin Reserve Effort Withdrawn After Resistance From Central Bank  newsbtc.com. Holding until market stabilises.,1,exchange_alert,80644.9,73.5,OK_HOLD,,0,73.5,risk_block_exchange_alert,BUY,73.5,quality_high,80541.24,83064.25,75.0,bullish,"higher_timeframe_bullish, bullish_bos_or_choch, bullish_liquidity_sweep, bearish_liquidity_sweep, price_in_premium, active_bullish_order_block, active_bullish_fvg, active_bearish_fvg",bullish: LH/HL/HH/LH,bullish_sweep,2 active,5 active,premium,bullish,BUY,75.0,bullish,"higher_timeframe_bullish, bullish_bos_or_choch, bullish_liquidity_sweep, bearish_liquidity_sweep, price_in_premium, active_bullish_order_block, active_bullish_fvg, active_bearish_fvg",,,,,,,,,rsi_45_55|fg_neutral|funding_positive|trigger_learning_only_scan|final_HOLD|claude_HOLD|candidate_BUY|candidate_source_trade_quality,"Despite neutral fear/greed and short-term positive returns, the 24h average return of -10.23% in similar historical moments is deeply negative, MACD is bearish with price below EMA 20/50, volume ratio is essentially zero (no conviction), and the AI feedback loop explicitly flags weak BUY accuracy at 4h. The confluence of bearish momentum, poor historical 24h outcomes, and zero volume provides no compelling entry case."
110,2026-05-10T02:00:17+00:00,1h,SCORED,80644.9,2026-05-10T03:00:20+00:00,80754.5,decisions,0.1359,learning_only_scan,46.3,47,0.0015095,HOLD,45,OK_HOLD,,tq65_shadow60_risk_v1,BUY,trade_quality,65,"Trade Quality Score 73.5/100 is above BUY threshold 65.0. Primary reason: quality_high. Original Claude HOLD reason: Despite neutral fear/greed and short-term positive returns, the 24h average return of -10.23% in similar historical moments is deeply negative, MACD is bearish with price below EMA 20/50, volume ratio is essentially zero (no conviction), and the AI feedback loop explicitly flags weak BUY accuracy at 4h. The confluence of bearish momentum, poor historical 24h outcomes, and zero volume provides no compelling entry case.",73.5,73.5,HOLD,exchange_alert,Exchange alert: Swiss Bitcoin Reserve Effort Withdrawn After Resistance From Central Bank  newsbtc.com. Holding until market stabilises.,1,exchange_alert,80644.9,73.5,OK_HOLD,,0,73.5,risk_block_exchange_alert,BUY,73.5,quality_high,80541.24,83064.25,75.0,bullish,"higher_timeframe_bullish, bullish_bos_or_choch, bullish_liquidity_sweep, bearish_liquidity_sweep, price_in_premium, active_bullish_order_block, active_bullish_fvg, active_bearish_fvg",bullish: LH/HL/HH/LH,bullish_sweep,2 active,5 active,premium,bullish,BUY,75.0,bullish,"higher_timeframe_bullish, bullish_bos_or_choch, bullish_liquidity_sweep, bearish_liquidity_sweep, price_in_premium, active_bullish_order_block, active_bullish_fvg, active_bearish_fvg",,,,,,,,,rsi_45_55|fg_neutral|funding_positive|trigger_learning_only_scan|final_HOLD|claude_HOLD|candidate_BUY|candidate_source_trade_quality,"Despite neutral fear/greed and short-term positive returns, the 24h average return of -10.23% in similar historical moments is deeply negative, MACD is bearish with price below EMA 20/50, volume ratio is essentially zero (no conviction), and the AI feedback loop explicitly flags weak BUY accuracy at 4h. The confluence of bearish momentum, poor historical 24h outcomes, and zero volume provides no compelling entry case."
110,2026-05-10T02:00:17+00:00,4h,SCORED,80644.9,2026-05-10T06:00:17+00:00,80670.0,decisions,0.0311,learning_only_scan,46.3,47,0.0015095,HOLD,45,OK_HOLD,,tq65_shadow60_risk_v1,BUY,trade_quality,65,"Trade Quality Score 73.5/100 is above BUY threshold 65.0. Primary reason: quality_high. Original Claude HOLD reason: Despite neutral fear/greed and short-term positive returns, the 24h average return of -10.23% in similar historical moments is deeply negative, MACD is bearish with price below EMA 20/50, volume ratio is essentially zero (no conviction), and the AI feedback loop explicitly flags weak BUY accuracy at 4h. The confluence of bearish momentum, poor historical 24h outcomes, and zero volume provides no compelling entry case.",73.5,73.5,HOLD,exchange_alert,Exchange alert: Swiss Bitcoin Reserve Effort Withdrawn After Resistance From Central Bank  newsbtc.com. Holding until market stabilises.,1,exchange_alert,80644.9,73.5,OK_HOLD,,0,73.5,risk_block_exchange_alert,BUY,73.5,quality_high,80541.24,83064.25,75.0,bullish,"higher_timeframe_bullish, bullish_bos_or_choch, bullish_liquidity_sweep, bearish_liquidity_sweep, price_in_premium, active_bullish_order_block, active_bullish_fvg, active_bearish_fvg",bullish: LH/HL/HH/LH,bullish_sweep,2 active,5 active,premium,bullish,BUY,75.0,bullish,"higher_timeframe_bullish, bullish_bos_or_choch, bullish_liquidity_sweep, bearish_liquidity_sweep, price_in_premium, active_bullish_order_block, active_bullish_fvg, active_bearish_fvg",,,,,,,,,rsi_45_55|fg_neutral|funding_positive|trigger_learning_only_scan|final_HOLD|claude_HOLD|candidate_BUY|candidate_source_trade_quality,"Despite neutral fear/greed and short-term positive returns, the 24h average return of -10.23% in similar historical moments is deeply negative, MACD is bearish with price below EMA 20/50, volume ratio is essentially zero (no conviction), and the AI feedback loop explicitly flags weak BUY accuracy at 4h. The confluence of bearish momentum, poor historical 24h outcomes, and zero volume provides no compelling entry case."
110,2026-05-10T02:00:17+00:00,24h,PENDING,80644.9,,,,,learning_only_scan,46.3,47,0.0015095,HOLD,45,PENDING,,tq65_shadow60_risk_v1,BUY,trade_quality,65,"Trade Quality Score 73.5/100 is above BUY threshold 65.0. Primary reason: quality_high. Original Claude HOLD reason: Despite neutral fear/greed and short-term positive returns, the 24h average return of -10.23% in similar historical moments is deeply negative, MACD is bearish with price below EMA 20/50, volume ratio is essentially zero (no conviction), and the AI feedback loop explicitly flags weak BUY accuracy at 4h. The confluence of bearish momentum, poor historical 24h outcomes, and zero volume provides no compelling entry case.",73.5,73.5,HOLD,exchange_alert,Exchange alert: Swiss Bitcoin Reserve Effort Withdrawn After Resistance From Central Bank  newsbtc.com. Holding until market stabilises.,1,exchange_alert,80644.9,73.5,PENDING,,0,73.5,risk_block_exchange_alert,BUY,73.5,quality_high,80541.24,83064.25,75.0,bullish,"higher_timeframe_bullish, bullish_bos_or_choch, bullish_liquidity_sweep, bearish_liquidity_sweep, price_in_premium, active_bullish_order_block, active_bullish_fvg, active_bearish_fvg",bullish: LH/HL/HH/LH,bullish_sweep,2 active,5 active,premium,bullish,BUY,75.0,bullish,"higher_timeframe_bullish, bullish_bos_or_choch, bullish_liquidity_sweep, bearish_liquidity_sweep, price_in_premium, active_bullish_order_block, active_bullish_fvg, active_bearish_fvg",,,,,,,,,rsi_45_55|fg_neutral|funding_positive|trigger_learning_only_scan|final_HOLD|claude_HOLD|candidate_BUY|candidate_source_trade_quality,"Despite neutral fear/greed and short-term positive returns, the 24h average return of -10.23% in similar historical moments is deeply negative, MACD is bearish with price below EMA 20/50, volume ratio is essentially zero (no conviction), and the AI feedback loop explicitly flags weak BUY accuracy at 4h. The confluence of bearish momentum, poor historical 24h outcomes, and zero volume provides no compelling entry case."
111,2026-05-10T02:51:34+00:00,15m,SCORED,80748.8,2026-05-10T03:15:00+00:00,80730.9,live_15m_csv,-0.0222,scheduled,55.2,47,0.001543,HOLD,45,OK_HOLD,,tq65_shadow60_risk_v1,BUY,trade_quality,65,"Trade Quality Score 71.0/100 is above BUY threshold 65.0. Primary reason: quality_high. Original Claude HOLD reason: Mixed signals prevent conviction: MACD is bullish and price is above all EMAs, but volume ratio is extremely low (0.07) indicating no real participation, ETF flows are negative (-$145.7M), 24h historical average return is -5.19%, and the AI feedback loop explicitly warns that BUY calls are weak at 4h with 0.0 accuracy. The Bollinger Band squeeze may resolve either direction but with no volume confirmation, a breakout cannot be trusted.",71.0,71.0,HOLD,exchange_alert,Exchange alert: Swiss Bitcoin Reserve Effort Withdrawn After Resistance From Central Bank  newsbtc.com. Holding until market stabilises.,1,exchange_alert,80748.8,71.0,OK_HOLD,,0,71.0,risk_block_exchange_alert,BUY,71.0,quality_high,80639.15,83171.26,85.0,bullish,"higher_timeframe_bullish, bullish_bos_or_choch, bullish_liquidity_sweep, bearish_liquidity_sweep, price_in_premium, active_bullish_order_block, active_bullish_fvg, momentum_confirms_bullish",bullish: HL/HH/LH/HL,bullish_sweep,2 active,5 active,premium,bullish,BUY,85.0,bullish,"higher_timeframe_bullish, bullish_bos_or_choch, bullish_liquidity_sweep, bearish_liquidity_sweep, price_in_premium, active_bullish_order_block, active_bullish_fvg, momentum_confirms_bullish",BUY,100.0,bullish,15m trend bullish; 15m price above EMA20; 15m price above EMA50; 15m price above EMA200; 15m momentum bullish; 1h price above EMA20,BUY,100.0,bullish,15m trend bullish; 15m price above EMA20; 15m price above EMA50; 15m price above EMA200; 15m momentum bullish; 1h price above EMA20,rsi_55_65|fg_neutral|funding_positive|trigger_scheduled|final_HOLD|claude_HOLD|candidate_BUY|candidate_source_trade_quality,"Mixed signals prevent conviction: MACD is bullish and price is above all EMAs, but volume ratio is extremely low (0.07) indicating no real participation, ETF flows are negative (-$145.7M), 24h historical average return is -5.19%, and the AI feedback loop explicitly warns that BUY calls are weak at 4h with 0.0 accuracy. The Bollinger Band squeeze may resolve either direction but with no volume confirmation, a breakout cannot be trusted."
111,2026-05-10T02:51:34+00:00,1h,SCORED,80748.8,2026-05-10T04:00:00+00:00,80746.5,live_15m_csv,-0.0028,scheduled,55.2,47,0.001543,HOLD,45,OK_HOLD,,tq65_shadow60_risk_v1,BUY,trade_quality,65,"Trade Quality Score 71.0/100 is above BUY threshold 65.0. Primary reason: quality_high. Original Claude HOLD reason: Mixed signals prevent conviction: MACD is bullish and price is above all EMAs, but volume ratio is extremely low (0.07) indicating no real participation, ETF flows are negative (-$145.7M), 24h historical average return is -5.19%, and the AI feedback loop explicitly warns that BUY calls are weak at 4h with 0.0 accuracy. The Bollinger Band squeeze may resolve either direction but with no volume confirmation, a breakout cannot be trusted.",71.0,71.0,HOLD,exchange_alert,Exchange alert: Swiss Bitcoin Reserve Effort Withdrawn After Resistance From Central Bank  newsbtc.com. Holding until market stabilises.,1,exchange_alert,80748.8,71.0,OK_HOLD,,0,71.0,risk_block_exchange_alert,BUY,71.0,quality_high,80639.15,83171.26,85.0,bullish,"higher_timeframe_bullish, bullish_bos_or_choch, bullish_liquidity_sweep, bearish_liquidity_sweep, price_in_premium, active_bullish_order_block, active_bullish_fvg, momentum_confirms_bullish",bullish: HL/HH/LH/HL,bullish_sweep,2 active,5 active,premium,bullish,BUY,85.0,bullish,"higher_timeframe_bullish, bullish_bos_or_choch, bullish_liquidity_sweep, bearish_liquidity_sweep, price_in_premium, active_bullish_order_block, active_bullish_fvg, momentum_confirms_bullish",BUY,100.0,bullish,15m trend bullish; 15m price above EMA20; 15m price above EMA50; 15m price above EMA200; 15m momentum bullish; 1h price above EMA20,BUY,100.0,bullish,15m trend bullish; 15m price above EMA20; 15m price above EMA50; 15m price above EMA200; 15m momentum bullish; 1h price above EMA20,rsi_55_65|fg_neutral|funding_positive|trigger_scheduled|final_HOLD|claude_HOLD|candidate_BUY|candidate_source_trade_quality,"Mixed signals prevent conviction: MACD is bullish and price is above all EMAs, but volume ratio is extremely low (0.07) indicating no real participation, ETF flows are negative (-$145.7M), 24h historical average return is -5.19%, and the AI feedback loop explicitly warns that BUY calls are weak at 4h with 0.0 accuracy. The Bollinger Band squeeze may resolve either direction but with no volume confirmation, a breakout cannot be trusted."
111,2026-05-10T02:51:34+00:00,4h,SCORED,80748.8,2026-05-10T06:51:53+00:00,80704.9,decisions,-0.0544,scheduled,55.2,47,0.001543,HOLD,45,OK_HOLD,,tq65_shadow60_risk_v1,BUY,trade_quality,65,"Trade Quality Score 71.0/100 is above BUY threshold 65.0. Primary reason: quality_high. Original Claude HOLD reason: Mixed signals prevent conviction: MACD is bullish and price is above all EMAs, but volume ratio is extremely low (0.07) indicating no real participation, ETF flows are negative (-$145.7M), 24h historical average return is -5.19%, and the AI feedback loop explicitly warns that BUY calls are weak at 4h with 0.0 accuracy. The Bollinger Band squeeze may resolve either direction but with no volume confirmation, a breakout cannot be trusted.",71.0,71.0,HOLD,exchange_alert,Exchange alert: Swiss Bitcoin Reserve Effort Withdrawn After Resistance From Central Bank  newsbtc.com. Holding until market stabilises.,1,exchange_alert,80748.8,71.0,OK_HOLD,,0,71.0,risk_block_exchange_alert,BUY,71.0,quality_high,80639.15,83171.26,85.0,bullish,"higher_timeframe_bullish, bullish_bos_or_choch, bullish_liquidity_sweep, bearish_liquidity_sweep, price_in_premium, active_bullish_order_block, active_bullish_fvg, momentum_confirms_bullish",bullish: HL/HH/LH/HL,bullish_sweep,2 active,5 active,premium,bullish,BUY,85.0,bullish,"higher_timeframe_bullish, bullish_bos_or_choch, bullish_liquidity_sweep, bearish_liquidity_sweep, price_in_premium, active_bullish_order_block, active_bullish_fvg, momentum_confirms_bullish",BUY,100.0,bullish,15m trend bullish; 15m price above EMA20; 15m price above EMA50; 15m price above EMA200; 15m momentum bullish; 1h price above EMA20,BUY,100.0,bullish,15m trend bullish; 15m price above EMA20; 15m price above EMA50; 15m price above EMA200; 15m momentum bullish; 1h price above EMA20,rsi_55_65|fg_neutral|funding_positive|trigger_scheduled|final_HOLD|claude_HOLD|candidate_BUY|candidate_source_trade_quality,"Mixed signals prevent conviction: MACD is bullish and price is above all EMAs, but volume ratio is extremely low (0.07) indicating no real participation, ETF flows are negative (-$145.7M), 24h historical average return is -5.19%, and the AI feedback loop explicitly warns that BUY calls are weak at 4h with 0.0 accuracy. The Bollinger Band squeeze may resolve either direction but with no volume confirmation, a breakout cannot be trusted."
111,2026-05-10T02:51:34+00:00,24h,PENDING,80748.8,,,,,scheduled,55.2,47,0.001543,HOLD,45,PENDING,,tq65_shadow60_risk_v1,BUY,trade_quality,65,"Trade Quality Score 71.0/100 is above BUY threshold 65.0. Primary reason: quality_high. Original Claude HOLD reason: Mixed signals prevent conviction: MACD is bullish and price is above all EMAs, but volume ratio is extremely low (0.07) indicating no real participation, ETF flows are negative (-$145.7M), 24h historical average return is -5.19%, and the AI feedback loop explicitly warns that BUY calls are weak at 4h with 0.0 accuracy. The Bollinger Band squeeze may resolve either direction but with no volume confirmation, a breakout cannot be trusted.",71.0,71.0,HOLD,exchange_alert,Exchange alert: Swiss Bitcoin Reserve Effort Withdrawn After Resistance From Central Bank  newsbtc.com. Holding until market stabilises.,1,exchange_alert,80748.8,71.0,PENDING,,0,71.0,risk_block_exchange_alert,BUY,71.0,quality_high,80639.15,83171.26,85.0,bullish,"higher_timeframe_bullish, bullish_bos_or_choch, bullish_liquidity_sweep, bearish_liquidity_sweep, price_in_premium, active_bullish_order_block, active_bullish_fvg, momentum_confirms_bullish",bullish: HL/HH/LH/HL,bullish_sweep,2 active,5 active,premium,bullish,BUY,85.0,bullish,"higher_timeframe_bullish, bullish_bos_or_choch, bullish_liquidity_sweep, bearish_liquidity_sweep, price_in_premium, active_bullish_order_block, active_bullish_fvg, momentum_confirms_bullish",BUY,100.0,bullish,15m trend bullish; 15m price above EMA20; 15m price above EMA50; 15m price above EMA200; 15m momentum bullish; 1h price above EMA20,BUY,100.0,bullish,15m trend bullish; 15m price above EMA20; 15m price above EMA50; 15m price above EMA200; 15m momentum bullish; 1h price above EMA20,rsi_55_65|fg_neutral|funding_positive|trigger_scheduled|final_HOLD|claude_HOLD|candidate_BUY|candidate_source_trade_quality,"Mixed signals prevent conviction: MACD is bullish and price is above all EMAs, but volume ratio is extremely low (0.07) indicating no real participation, ETF flows are negative (-$145.7M), 24h historical average return is -5.19%, and the AI feedback loop explicitly warns that BUY calls are weak at 4h with 0.0 accuracy. The Bollinger Band squeeze may resolve either direction but with no volume confirmation, a breakout cannot be trusted."
112,2026-05-10T02:52:09+00:00,15m,SCORED,80748.8,2026-05-10T03:15:00+00:00,80730.9,live_15m_csv,-0.0222,learning_only_scan,55.2,47,0.001543,HOLD,45,OK_HOLD,,tq65_shadow60_risk_v1,BUY,trade_quality,65,"Trade Quality Score 71.0/100 is above BUY threshold 65.0. Primary reason: quality_high. Original Claude HOLD reason: Mixed signals prevent conviction: MACD bullish crossover and price above all EMAs are constructive, but volume ratio at 0.07 is extremely low indicating no conviction behind the move, 4h Claude BUY accuracy is 0.0 making BUY calls unreliable, ETF outflows of -$145.7M signal institutional selling, long/short ratio of 0.73 is bearish, and 24h historical return averages -5.19% at similar moments despite a 40% win rate.",71.0,71.0,HOLD,exchange_alert,Exchange alert: Swiss Bitcoin Reserve Effort Withdrawn After Resistance From Central Bank  newsbtc.com. Holding until market stabilises.,1,exchange_alert,80748.8,71.0,OK_HOLD,,0,71.0,risk_block_exchange_alert,BUY,71.0,quality_high,80639.15,83171.26,85.0,bullish,"higher_timeframe_bullish, bullish_bos_or_choch, bullish_liquidity_sweep, bearish_liquidity_sweep, price_in_premium, active_bullish_order_block, active_bullish_fvg, momentum_confirms_bullish",bullish: HL/HH/LH/HL,bullish_sweep,2 active,5 active,premium,bullish,BUY,85.0,bullish,"higher_timeframe_bullish, bullish_bos_or_choch, bullish_liquidity_sweep, bearish_liquidity_sweep, price_in_premium, active_bullish_order_block, active_bullish_fvg, momentum_confirms_bullish",BUY,100.0,bullish,15m trend bullish; 15m price above EMA20; 15m price above EMA50; 15m price above EMA200; 15m momentum bullish; 1h price above EMA20,BUY,100.0,bullish,15m trend bullish; 15m price above EMA20; 15m price above EMA50; 15m price above EMA200; 15m momentum bullish; 1h price above EMA20,rsi_55_65|fg_neutral|funding_positive|trigger_learning_only_scan|final_HOLD|claude_HOLD|candidate_BUY|candidate_source_trade_quality,"Mixed signals prevent conviction: MACD bullish crossover and price above all EMAs are constructive, but volume ratio at 0.07 is extremely low indicating no conviction behind the move, 4h Claude BUY accuracy is 0.0 making BUY calls unreliable, ETF outflows of -$145.7M signal institutional selling, long/short ratio of 0.73 is bearish, and 24h historical return averages -5.19% at similar moments despite a 40% win rate."
112,2026-05-10T02:52:09+00:00,1h,SCORED,80748.8,2026-05-10T04:00:00+00:00,80746.5,live_15m_csv,-0.0028,learning_only_scan,55.2,47,0.001543,HOLD,45,OK_HOLD,,tq65_shadow60_risk_v1,BUY,trade_quality,65,"Trade Quality Score 71.0/100 is above BUY threshold 65.0. Primary reason: quality_high. Original Claude HOLD reason: Mixed signals prevent conviction: MACD bullish crossover and price above all EMAs are constructive, but volume ratio at 0.07 is extremely low indicating no conviction behind the move, 4h Claude BUY accuracy is 0.0 making BUY calls unreliable, ETF outflows of -$145.7M signal institutional selling, long/short ratio of 0.73 is bearish, and 24h historical return averages -5.19% at similar moments despite a 40% win rate.",71.0,71.0,HOLD,exchange_alert,Exchange alert: Swiss Bitcoin Reserve Effort Withdrawn After Resistance From Central Bank  newsbtc.com. Holding until market stabilises.,1,exchange_alert,80748.8,71.0,OK_HOLD,,0,71.0,risk_block_exchange_alert,BUY,71.0,quality_high,80639.15,83171.26,85.0,bullish,"higher_timeframe_bullish, bullish_bos_or_choch, bullish_liquidity_sweep, bearish_liquidity_sweep, price_in_premium, active_bullish_order_block, active_bullish_fvg, momentum_confirms_bullish",bullish: HL/HH/LH/HL,bullish_sweep,2 active,5 active,premium,bullish,BUY,85.0,bullish,"higher_timeframe_bullish, bullish_bos_or_choch, bullish_liquidity_sweep, bearish_liquidity_sweep, price_in_premium, active_bullish_order_block, active_bullish_fvg, momentum_confirms_bullish",BUY,100.0,bullish,15m trend bullish; 15m price above EMA20; 15m price above EMA50; 15m price above EMA200; 15m momentum bullish; 1h price above EMA20,BUY,100.0,bullish,15m trend bullish; 15m price above EMA20; 15m price above EMA50; 15m price above EMA200; 15m momentum bullish; 1h price above EMA20,rsi_55_65|fg_neutral|funding_positive|trigger_learning_only_scan|final_HOLD|claude_HOLD|candidate_BUY|candidate_source_trade_quality,"Mixed signals prevent conviction: MACD bullish crossover and price above all EMAs are constructive, but volume ratio at 0.07 is extremely low indicating no conviction behind the move, 4h Claude BUY accuracy is 0.0 making BUY calls unreliable, ETF outflows of -$145.7M signal institutional selling, long/short ratio of 0.73 is bearish, and 24h historical return averages -5.19% at similar moments despite a 40% win rate."
112,2026-05-10T02:52:09+00:00,4h,SCORED,80748.8,2026-05-10T07:00:00+00:00,80731.0,live_15m_csv,-0.022,learning_only_scan,55.2,47,0.001543,HOLD,45,OK_HOLD,,tq65_shadow60_risk_v1,BUY,trade_quality,65,"Trade Quality Score 71.0/100 is above BUY threshold 65.0. Primary reason: quality_high. Original Claude HOLD reason: Mixed signals prevent conviction: MACD bullish crossover and price above all EMAs are constructive, but volume ratio at 0.07 is extremely low indicating no conviction behind the move, 4h Claude BUY accuracy is 0.0 making BUY calls unreliable, ETF outflows of -$145.7M signal institutional selling, long/short ratio of 0.73 is bearish, and 24h historical return averages -5.19% at similar moments despite a 40% win rate.",71.0,71.0,HOLD,exchange_alert,Exchange alert: Swiss Bitcoin Reserve Effort Withdrawn After Resistance From Central Bank  newsbtc.com. Holding until market stabilises.,1,exchange_alert,80748.8,71.0,OK_HOLD,,0,71.0,risk_block_exchange_alert,BUY,71.0,quality_high,80639.15,83171.26,85.0,bullish,"higher_timeframe_bullish, bullish_bos_or_choch, bullish_liquidity_sweep, bearish_liquidity_sweep, price_in_premium, active_bullish_order_block, active_bullish_fvg, momentum_confirms_bullish",bullish: HL/HH/LH/HL,bullish_sweep,2 active,5 active,premium,bullish,BUY,85.0,bullish,"higher_timeframe_bullish, bullish_bos_or_choch, bullish_liquidity_sweep, bearish_liquidity_sweep, price_in_premium, active_bullish_order_block, active_bullish_fvg, momentum_confirms_bullish",BUY,100.0,bullish,15m trend bullish; 15m price above EMA20; 15m price above EMA50; 15m price above EMA200; 15m momentum bullish; 1h price above EMA20,BUY,100.0,bullish,15m trend bullish; 15m price above EMA20; 15m price above EMA50; 15m price above EMA200; 15m momentum bullish; 1h price above EMA20,rsi_55_65|fg_neutral|funding_positive|trigger_learning_only_scan|final_HOLD|claude_HOLD|candidate_BUY|candidate_source_trade_quality,"Mixed signals prevent conviction: MACD bullish crossover and price above all EMAs are constructive, but volume ratio at 0.07 is extremely low indicating no conviction behind the move, 4h Claude BUY accuracy is 0.0 making BUY calls unreliable, ETF outflows of -$145.7M signal institutional selling, long/short ratio of 0.73 is bearish, and 24h historical return averages -5.19% at similar moments despite a 40% win rate."
112,2026-05-10T02:52:09+00:00,24h,PENDING,80748.8,,,,,learning_only_scan,55.2,47,0.001543,HOLD,45,PENDING,,tq65_shadow60_risk_v1,BUY,trade_quality,65,"Trade Quality Score 71.0/100 is above BUY threshold 65.0. Primary reason: quality_high. Original Claude HOLD reason: Mixed signals prevent conviction: MACD bullish crossover and price above all EMAs are constructive, but volume ratio at 0.07 is extremely low indicating no conviction behind the move, 4h Claude BUY accuracy is 0.0 making BUY calls unreliable, ETF outflows of -$145.7M signal institutional selling, long/short ratio of 0.73 is bearish, and 24h historical return averages -5.19% at similar moments despite a 40% win rate.",71.0,71.0,HOLD,exchange_alert,Exchange alert: Swiss Bitcoin Reserve Effort Withdrawn After Resistance From Central Bank  newsbtc.com. Holding until market stabilises.,1,exchange_alert,80748.8,71.0,PENDING,,0,71.0,risk_block_exchange_alert,BUY,71.0,quality_high,80639.15,83171.26,85.0,bullish,"higher_timeframe_bullish, bullish_bos_or_choch, bullish_liquidity_sweep, bearish_liquidity_sweep, price_in_premium, active_bullish_order_block, active_bullish_fvg, momentum_confirms_bullish",bullish: HL/HH/LH/HL,bullish_sweep,2 active,5 active,premium,bullish,BUY,85.0,bullish,"higher_timeframe_bullish, bullish_bos_or_choch, bullish_liquidity_sweep, bearish_liquidity_sweep, price_in_premium, active_bullish_order_block, active_bullish_fvg, momentum_confirms_bullish",BUY,100.0,bullish,15m trend bullish; 15m price above EMA20; 15m price above EMA50; 15m price above EMA200; 15m momentum bullish; 1h price above EMA20,BUY,100.0,bullish,15m trend bullish; 15m price above EMA20; 15m price above EMA50; 15m price above EMA200; 15m momentum bullish; 1h price above EMA20,rsi_55_65|fg_neutral|funding_positive|trigger_learning_only_scan|final_HOLD|claude_HOLD|candidate_BUY|candidate_source_trade_quality,"Mixed signals prevent conviction: MACD bullish crossover and price above all EMAs are constructive, but volume ratio at 0.07 is extremely low indicating no conviction behind the move, 4h Claude BUY accuracy is 0.0 making BUY calls unreliable, ETF outflows of -$145.7M signal institutional selling, long/short ratio of 0.73 is bearish, and 24h historical return averages -5.19% at similar moments despite a 40% win rate."
113,2026-05-10T03:00:20+00:00,15m,SCORED,80754.5,2026-05-10T03:30:00+00:00,80805.5,live_15m_csv,0.0632,learning_only_scan,55.6,47,0.001543,HOLD,45,OK_HOLD,,tq65_shadow60_risk_v1,BUY,trade_quality,65,"Trade Quality Score 71.0/100 is above BUY threshold 65.0. Primary reason: quality_high. Original Claude HOLD reason: Mixed signals dominate: Stochastic K at 93.4 signals overbought conditions, volume ratio is extremely low at 0.01 (no conviction), ETF outflows of -$145.7M are bearish, 24h historical return averages -5.19%, and the AI feedback loop explicitly flags weak 4h BUY accuracy at 0.0. While short-term (4h) historical average looks strong (+6.26%), the 24h mean reversion risk is significant and all 20 similar past moments resulted in HOLD signals.",71.0,71.0,HOLD,exchange_alert,Exchange alert: Swiss Bitcoin Reserve Effort Withdrawn After Resistance From Central Bank  newsbtc.com. Holding until market stabilises.,1,exchange_alert,80754.5,71.0,OK_HOLD,,0,71.0,risk_block_exchange_alert,BUY,71.0,quality_high,80652.11,83177.14,85.0,bullish,"higher_timeframe_bullish, bullish_bos_or_choch, bullish_liquidity_sweep, bearish_liquidity_sweep, price_in_premium, active_bullish_order_block, active_bullish_fvg, momentum_confirms_bullish",bullish: HL/HH/LH/HL,bullish_sweep,2 active,5 active,premium,bullish,BUY,85.0,bullish,"higher_timeframe_bullish, bullish_bos_or_choch, bullish_liquidity_sweep, bearish_liquidity_sweep, price_in_premium, active_bullish_order_block, active_bullish_fvg, momentum_confirms_bullish",,,,,,,,,rsi_55_65|fg_neutral|funding_positive|trigger_learning_only_scan|final_HOLD|claude_HOLD|candidate_BUY|candidate_source_trade_quality,"Mixed signals dominate: Stochastic K at 93.4 signals overbought conditions, volume ratio is extremely low at 0.01 (no conviction), ETF outflows of -$145.7M are bearish, 24h historical return averages -5.19%, and the AI feedback loop explicitly flags weak 4h BUY accuracy at 0.0. While short-term (4h) historical average looks strong (+6.26%), the 24h mean reversion risk is significant and all 20 similar past moments resulted in HOLD signals."
113,2026-05-10T03:00:20+00:00,1h,SCORED,80754.5,2026-05-10T04:00:28+00:00,80762.1,decisions,0.0094,learning_only_scan,55.6,47,0.001543,HOLD,45,OK_HOLD,,tq65_shadow60_risk_v1,BUY,trade_quality,65,"Trade Quality Score 71.0/100 is above BUY threshold 65.0. Primary reason: quality_high. Original Claude HOLD reason: Mixed signals dominate: Stochastic K at 93.4 signals overbought conditions, volume ratio is extremely low at 0.01 (no conviction), ETF outflows of -$145.7M are bearish, 24h historical return averages -5.19%, and the AI feedback loop explicitly flags weak 4h BUY accuracy at 0.0. While short-term (4h) historical average looks strong (+6.26%), the 24h mean reversion risk is significant and all 20 similar past moments resulted in HOLD signals.",71.0,71.0,HOLD,exchange_alert,Exchange alert: Swiss Bitcoin Reserve Effort Withdrawn After Resistance From Central Bank  newsbtc.com. Holding until market stabilises.,1,exchange_alert,80754.5,71.0,OK_HOLD,,0,71.0,risk_block_exchange_alert,BUY,71.0,quality_high,80652.11,83177.14,85.0,bullish,"higher_timeframe_bullish, bullish_bos_or_choch, bullish_liquidity_sweep, bearish_liquidity_sweep, price_in_premium, active_bullish_order_block, active_bullish_fvg, momentum_confirms_bullish",bullish: HL/HH/LH/HL,bullish_sweep,2 active,5 active,premium,bullish,BUY,85.0,bullish,"higher_timeframe_bullish, bullish_bos_or_choch, bullish_liquidity_sweep, bearish_liquidity_sweep, price_in_premium, active_bullish_order_block, active_bullish_fvg, momentum_confirms_bullish",,,,,,,,,rsi_55_65|fg_neutral|funding_positive|trigger_learning_only_scan|final_HOLD|claude_HOLD|candidate_BUY|candidate_source_trade_quality,"Mixed signals dominate: Stochastic K at 93.4 signals overbought conditions, volume ratio is extremely low at 0.01 (no conviction), ETF outflows of -$145.7M are bearish, 24h historical return averages -5.19%, and the AI feedback loop explicitly flags weak 4h BUY accuracy at 0.0. While short-term (4h) historical average looks strong (+6.26%), the 24h mean reversion risk is significant and all 20 similar past moments resulted in HOLD signals."
113,2026-05-10T03:00:20+00:00,4h,SCORED,80754.5,2026-05-10T07:15:00+00:00,80766.3,live_15m_csv,0.0146,learning_only_scan,55.6,47,0.001543,HOLD,45,OK_HOLD,,tq65_shadow60_risk_v1,BUY,trade_quality,65,"Trade Quality Score 71.0/100 is above BUY threshold 65.0. Primary reason: quality_high. Original Claude HOLD reason: Mixed signals dominate: Stochastic K at 93.4 signals overbought conditions, volume ratio is extremely low at 0.01 (no conviction), ETF outflows of -$145.7M are bearish, 24h historical return averages -5.19%, and the AI feedback loop explicitly flags weak 4h BUY accuracy at 0.0. While short-term (4h) historical average looks strong (+6.26%), the 24h mean reversion risk is significant and all 20 similar past moments resulted in HOLD signals.",71.0,71.0,HOLD,exchange_alert,Exchange alert: Swiss Bitcoin Reserve Effort Withdrawn After Resistance From Central Bank  newsbtc.com. Holding until market stabilises.,1,exchange_alert,80754.5,71.0,OK_HOLD,,0,71.0,risk_block_exchange_alert,BUY,71.0,quality_high,80652.11,83177.14,85.0,bullish,"higher_timeframe_bullish, bullish_bos_or_choch, bullish_liquidity_sweep, bearish_liquidity_sweep, price_in_premium, active_bullish_order_block, active_bullish_fvg, momentum_confirms_bullish",bullish: HL/HH/LH/HL,bullish_sweep,2 active,5 active,premium,bullish,BUY,85.0,bullish,"higher_timeframe_bullish, bullish_bos_or_choch, bullish_liquidity_sweep, bearish_liquidity_sweep, price_in_premium, active_bullish_order_block, active_bullish_fvg, momentum_confirms_bullish",,,,,,,,,rsi_55_65|fg_neutral|funding_positive|trigger_learning_only_scan|final_HOLD|claude_HOLD|candidate_BUY|candidate_source_trade_quality,"Mixed signals dominate: Stochastic K at 93.4 signals overbought conditions, volume ratio is extremely low at 0.01 (no conviction), ETF outflows of -$145.7M are bearish, 24h historical return averages -5.19%, and the AI feedback loop explicitly flags weak 4h BUY accuracy at 0.0. While short-term (4h) historical average looks strong (+6.26%), the 24h mean reversion risk is significant and all 20 similar past moments resulted in HOLD signals."
113,2026-05-10T03:00:20+00:00,24h,PENDING,80754.5,,,,,learning_only_scan,55.6,47,0.001543,HOLD,45,PENDING,,tq65_shadow60_risk_v1,BUY,trade_quality,65,"Trade Quality Score 71.0/100 is above BUY threshold 65.0. Primary reason: quality_high. Original Claude HOLD reason: Mixed signals dominate: Stochastic K at 93.4 signals overbought conditions, volume ratio is extremely low at 0.01 (no conviction), ETF outflows of -$145.7M are bearish, 24h historical return averages -5.19%, and the AI feedback loop explicitly flags weak 4h BUY accuracy at 0.0. While short-term (4h) historical average looks strong (+6.26%), the 24h mean reversion risk is significant and all 20 similar past moments resulted in HOLD signals.",71.0,71.0,HOLD,exchange_alert,Exchange alert: Swiss Bitcoin Reserve Effort Withdrawn After Resistance From Central Bank  newsbtc.com. Holding until market stabilises.,1,exchange_alert,80754.5,71.0,PENDING,,0,71.0,risk_block_exchange_alert,BUY,71.0,quality_high,80652.11,83177.14,85.0,bullish,"higher_timeframe_bullish, bullish_bos_or_choch, bullish_liquidity_sweep, bearish_liquidity_sweep, price_in_premium, active_bullish_order_block, active_bullish_fvg, momentum_confirms_bullish",bullish: HL/HH/LH/HL,bullish_sweep,2 active,5 active,premium,bullish,BUY,85.0,bullish,"higher_timeframe_bullish, bullish_bos_or_choch, bullish_liquidity_sweep, bearish_liquidity_sweep, price_in_premium, active_bullish_order_block, active_bullish_fvg, momentum_confirms_bullish",,,,,,,,,rsi_55_65|fg_neutral|funding_positive|trigger_learning_only_scan|final_HOLD|claude_HOLD|candidate_BUY|candidate_source_trade_quality,"Mixed signals dominate: Stochastic K at 93.4 signals overbought conditions, volume ratio is extremely low at 0.01 (no conviction), ETF outflows of -$145.7M are bearish, 24h historical return averages -5.19%, and the AI feedback loop explicitly flags weak 4h BUY accuracy at 0.0. While short-term (4h) historical average looks strong (+6.26%), the 24h mean reversion risk is significant and all 20 similar past moments resulted in HOLD signals."
114,2026-05-10T04:00:28+00:00,15m,SCORED,80762.1,2026-05-10T04:30:00+00:00,80766.8,live_15m_csv,0.0058,learning_only_scan,54.7,47,0.001543,HOLD,45,OK_HOLD,,tq65_shadow60_risk_v1,BUY,trade_quality,65,"Trade Quality Score 74.0/100 is above BUY threshold 65.0. Primary reason: quality_high. Original Claude HOLD reason: Mixed signals dominate: technicals are modestly bullish (price above all EMAs, bullish MACD, neutral RSI) but volume ratio is critically low at 0.01 — far below the 1.5 threshold — indicating no conviction behind any move. Historical evidence shows 40% win rate with strongly negative 24h average return (-5.19%), and all 20 past similar moments resulted in HOLD signals. ETF outflows of -$145.7M and negative long/short ratio (0.73) suggest institutional and retail lean bearish. BB squeeze suggests an imminent move but direction is unconfirmed. AI feedback loop explicitly flags w",74.0,74.0,HOLD,exchange_alert,Exchange alert: Swiss Bitcoin Reserve Effort Withdrawn After Resistance From Central Bank  newsbtc.com. Holding until market stabilises.,1,exchange_alert,80762.1,74.0,OK_HOLD,,0,74.0,risk_block_exchange_alert,BUY,74.0,quality_high,80660.28,83184.96,85.0,bullish,"higher_timeframe_bullish, bullish_bos_or_choch, bullish_liquidity_sweep, bearish_liquidity_sweep, price_in_premium, active_bullish_order_block, active_bullish_fvg, momentum_confirms_bullish",bullish: HL/HH/LH/HL,bullish_sweep,2 active,5 active,premium,bullish,BUY,85.0,bullish,"higher_timeframe_bullish, bullish_bos_or_choch, bullish_liquidity_sweep, bearish_liquidity_sweep, price_in_premium, active_bullish_order_block, active_bullish_fvg, momentum_confirms_bullish",BUY,100.0,bullish,15m trend bullish; 15m price above EMA20; 15m price above EMA50; 15m price above EMA200; 15m momentum bullish; 1h price above EMA20,BUY,100.0,bullish,15m trend bullish; 15m price above EMA20; 15m price above EMA50; 15m price above EMA200; 15m momentum bullish; 1h price above EMA20,rsi_45_55|fg_neutral|funding_positive|trigger_learning_only_scan|final_HOLD|claude_HOLD|candidate_BUY|candidate_source_trade_quality,"Mixed signals dominate: technicals are modestly bullish (price above all EMAs, bullish MACD, neutral RSI) but volume ratio is critically low at 0.01 — far below the 1.5 threshold — indicating no conviction behind any move. Historical evidence shows 40% win rate with strongly negative 24h average return (-5.19%), and all 20 past similar moments resulted in HOLD signals. ETF outflows of -$145.7M and negative long/short ratio (0.73) suggest institutional and retail lean bearish. BB squeeze suggests"
114,2026-05-10T04:00:28+00:00,1h,SCORED,80762.1,2026-05-10T05:15:00+00:00,80754.0,live_15m_csv,-0.01,learning_only_scan,54.7,47,0.001543,HOLD,45,OK_HOLD,,tq65_shadow60_risk_v1,BUY,trade_quality,65,"Trade Quality Score 74.0/100 is above BUY threshold 65.0. Primary reason: quality_high. Original Claude HOLD reason: Mixed signals dominate: technicals are modestly bullish (price above all EMAs, bullish MACD, neutral RSI) but volume ratio is critically low at 0.01 — far below the 1.5 threshold — indicating no conviction behind any move. Historical evidence shows 40% win rate with strongly negative 24h average return (-5.19%), and all 20 past similar moments resulted in HOLD signals. ETF outflows of -$145.7M and negative long/short ratio (0.73) suggest institutional and retail lean bearish. BB squeeze suggests an imminent move but direction is unconfirmed. AI feedback loop explicitly flags w",74.0,74.0,HOLD,exchange_alert,Exchange alert: Swiss Bitcoin Reserve Effort Withdrawn After Resistance From Central Bank  newsbtc.com. Holding until market stabilises.,1,exchange_alert,80762.1,74.0,OK_HOLD,,0,74.0,risk_block_exchange_alert,BUY,74.0,quality_high,80660.28,83184.96,85.0,bullish,"higher_timeframe_bullish, bullish_bos_or_choch, bullish_liquidity_sweep, bearish_liquidity_sweep, price_in_premium, active_bullish_order_block, active_bullish_fvg, momentum_confirms_bullish",bullish: HL/HH/LH/HL,bullish_sweep,2 active,5 active,premium,bullish,BUY,85.0,bullish,"higher_timeframe_bullish, bullish_bos_or_choch, bullish_liquidity_sweep, bearish_liquidity_sweep, price_in_premium, active_bullish_order_block, active_bullish_fvg, momentum_confirms_bullish",BUY,100.0,bullish,15m trend bullish; 15m price above EMA20; 15m price above EMA50; 15m price above EMA200; 15m momentum bullish; 1h price above EMA20,BUY,100.0,bullish,15m trend bullish; 15m price above EMA20; 15m price above EMA50; 15m price above EMA200; 15m momentum bullish; 1h price above EMA20,rsi_45_55|fg_neutral|funding_positive|trigger_learning_only_scan|final_HOLD|claude_HOLD|candidate_BUY|candidate_source_trade_quality,"Mixed signals dominate: technicals are modestly bullish (price above all EMAs, bullish MACD, neutral RSI) but volume ratio is critically low at 0.01 — far below the 1.5 threshold — indicating no conviction behind any move. Historical evidence shows 40% win rate with strongly negative 24h average return (-5.19%), and all 20 past similar moments resulted in HOLD signals. ETF outflows of -$145.7M and negative long/short ratio (0.73) suggest institutional and retail lean bearish. BB squeeze suggests"
114,2026-05-10T04:00:28+00:00,4h,SCORED,80762.1,2026-05-10T08:15:00+00:00,80856.3,live_15m_csv,0.1166,learning_only_scan,54.7,47,0.001543,HOLD,45,OK_HOLD,,tq65_shadow60_risk_v1,BUY,trade_quality,65,"Trade Quality Score 74.0/100 is above BUY threshold 65.0. Primary reason: quality_high. Original Claude HOLD reason: Mixed signals dominate: technicals are modestly bullish (price above all EMAs, bullish MACD, neutral RSI) but volume ratio is critically low at 0.01 — far below the 1.5 threshold — indicating no conviction behind any move. Historical evidence shows 40% win rate with strongly negative 24h average return (-5.19%), and all 20 past similar moments resulted in HOLD signals. ETF outflows of -$145.7M and negative long/short ratio (0.73) suggest institutional and retail lean bearish. BB squeeze suggests an imminent move but direction is unconfirmed. AI feedback loop explicitly flags w",74.0,74.0,HOLD,exchange_alert,Exchange alert: Swiss Bitcoin Reserve Effort Withdrawn After Resistance From Central Bank  newsbtc.com. Holding until market stabilises.,1,exchange_alert,80762.1,74.0,OK_HOLD,,0,74.0,risk_block_exchange_alert,BUY,74.0,quality_high,80660.28,83184.96,85.0,bullish,"higher_timeframe_bullish, bullish_bos_or_choch, bullish_liquidity_sweep, bearish_liquidity_sweep, price_in_premium, active_bullish_order_block, active_bullish_fvg, momentum_confirms_bullish",bullish: HL/HH/LH/HL,bullish_sweep,2 active,5 active,premium,bullish,BUY,85.0,bullish,"higher_timeframe_bullish, bullish_bos_or_choch, bullish_liquidity_sweep, bearish_liquidity_sweep, price_in_premium, active_bullish_order_block, active_bullish_fvg, momentum_confirms_bullish",BUY,100.0,bullish,15m trend bullish; 15m price above EMA20; 15m price above EMA50; 15m price above EMA200; 15m momentum bullish; 1h price above EMA20,BUY,100.0,bullish,15m trend bullish; 15m price above EMA20; 15m price above EMA50; 15m price above EMA200; 15m momentum bullish; 1h price above EMA20,rsi_45_55|fg_neutral|funding_positive|trigger_learning_only_scan|final_HOLD|claude_HOLD|candidate_BUY|candidate_source_trade_quality,"Mixed signals dominate: technicals are modestly bullish (price above all EMAs, bullish MACD, neutral RSI) but volume ratio is critically low at 0.01 — far below the 1.5 threshold — indicating no conviction behind any move. Historical evidence shows 40% win rate with strongly negative 24h average return (-5.19%), and all 20 past similar moments resulted in HOLD signals. ETF outflows of -$145.7M and negative long/short ratio (0.73) suggest institutional and retail lean bearish. BB squeeze suggests"
114,2026-05-10T04:00:28+00:00,24h,PENDING,80762.1,,,,,learning_only_scan,54.7,47,0.001543,HOLD,45,PENDING,,tq65_shadow60_risk_v1,BUY,trade_quality,65,"Trade Quality Score 74.0/100 is above BUY threshold 65.0. Primary reason: quality_high. Original Claude HOLD reason: Mixed signals dominate: technicals are modestly bullish (price above all EMAs, bullish MACD, neutral RSI) but volume ratio is critically low at 0.01 — far below the 1.5 threshold — indicating no conviction behind any move. Historical evidence shows 40% win rate with strongly negative 24h average return (-5.19%), and all 20 past similar moments resulted in HOLD signals. ETF outflows of -$145.7M and negative long/short ratio (0.73) suggest institutional and retail lean bearish. BB squeeze suggests an imminent move but direction is unconfirmed. AI feedback loop explicitly flags w",74.0,74.0,HOLD,exchange_alert,Exchange alert: Swiss Bitcoin Reserve Effort Withdrawn After Resistance From Central Bank  newsbtc.com. Holding until market stabilises.,1,exchange_alert,80762.1,74.0,PENDING,,0,74.0,risk_block_exchange_alert,BUY,74.0,quality_high,80660.28,83184.96,85.0,bullish,"higher_timeframe_bullish, bullish_bos_or_choch, bullish_liquidity_sweep, bearish_liquidity_sweep, price_in_premium, active_bullish_order_block, active_bullish_fvg, momentum_confirms_bullish",bullish: HL/HH/LH/HL,bullish_sweep,2 active,5 active,premium,bullish,BUY,85.0,bullish,"higher_timeframe_bullish, bullish_bos_or_choch, bullish_liquidity_sweep, bearish_liquidity_sweep, price_in_premium, active_bullish_order_block, active_bullish_fvg, momentum_confirms_bullish",BUY,100.0,bullish,15m trend bullish; 15m price above EMA20; 15m price above EMA50; 15m price above EMA200; 15m momentum bullish; 1h price above EMA20,BUY,100.0,bullish,15m trend bullish; 15m price above EMA20; 15m price above EMA50; 15m price above EMA200; 15m momentum bullish; 1h price above EMA20,rsi_45_55|fg_neutral|funding_positive|trigger_learning_only_scan|final_HOLD|claude_HOLD|candidate_BUY|candidate_source_trade_quality,"Mixed signals dominate: technicals are modestly bullish (price above all EMAs, bullish MACD, neutral RSI) but volume ratio is critically low at 0.01 — far below the 1.5 threshold — indicating no conviction behind any move. Historical evidence shows 40% win rate with strongly negative 24h average return (-5.19%), and all 20 past similar moments resulted in HOLD signals. ETF outflows of -$145.7M and negative long/short ratio (0.73) suggest institutional and retail lean bearish. BB squeeze suggests"
115,2026-05-10T05:00:18+00:00,15m,SCORED,80741.8,2026-05-10T05:30:00+00:00,80734.3,live_15m_csv,-0.0093,learning_only_scan,52.0,47,0.001543,HOLD,55,OK_HOLD,,tq65_shadow60_risk_v1,BUY,trade_quality,65,"Trade Quality Score 78.0/100 is above BUY threshold 65.0. Primary reason: quality_high. Original Claude HOLD reason: Mixed signals: technicals are modestly bullish (price above all EMAs, bullish MACD, neutral RSI) but volume ratio is extremely low at 0.01 suggesting no conviction, ETF outflows of -$145.7M signal institutional selling, long/short ratio of 0.73 is bearish-leaning, 24h historical return is -5.19% in similar setups, and AI feedback loop explicitly flags 0.0 accuracy on 4h BUY calls. The Bollinger Band squeeze could precede a move in either direction but without volume confirmation it's unreliable.",78.0,78.0,HOLD,exchange_alert,Exchange alert: Swiss Bitcoin Reserve Effort Withdrawn After Resistance From Central Bank  newsbtc.com. Holding until market stabilises.,1,exchange_alert,80741.8,78.0,OK_HOLD,,0,78.0,risk_block_exchange_alert,BUY,78.0,quality_high,80651.12,83164.05,85.0,bullish,"higher_timeframe_bullish, bullish_bos_or_choch, bullish_liquidity_sweep, bearish_liquidity_sweep, price_in_premium, active_bullish_order_block, active_bullish_fvg, momentum_confirms_bullish",bullish: HH/LH/HL/HH,bullish_sweep,2 active,5 active,premium,bullish,BUY,85.0,bullish,"higher_timeframe_bullish, bullish_bos_or_choch, bullish_liquidity_sweep, bearish_liquidity_sweep, price_in_premium, active_bullish_order_block, active_bullish_fvg, momentum_confirms_bullish",BUY,100.0,bullish,15m trend bullish; 15m price above EMA20; 15m price above EMA50; 15m price above EMA200; 15m momentum bullish; 1h price above EMA20,BUY,100.0,bullish,15m trend bullish; 15m price above EMA20; 15m price above EMA50; 15m price above EMA200; 15m momentum bullish; 1h price above EMA20,rsi_45_55|fg_neutral|funding_positive|trigger_learning_only_scan|final_HOLD|claude_HOLD|candidate_BUY|candidate_source_trade_quality,"Mixed signals: technicals are modestly bullish (price above all EMAs, bullish MACD, neutral RSI) but volume ratio is extremely low at 0.01 suggesting no conviction, ETF outflows of -$145.7M signal institutional selling, long/short ratio of 0.73 is bearish-leaning, 24h historical return is -5.19% in similar setups, and AI feedback loop explicitly flags 0.0 accuracy on 4h BUY calls. The Bollinger Band squeeze could precede a move in either direction but without volume confirmation it's unreliable."
115,2026-05-10T05:00:18+00:00,1h,SCORED,80741.8,2026-05-10T06:15:00+00:00,80636.9,live_15m_csv,-0.1299,learning_only_scan,52.0,47,0.001543,HOLD,55,OK_HOLD,,tq65_shadow60_risk_v1,BUY,trade_quality,65,"Trade Quality Score 78.0/100 is above BUY threshold 65.0. Primary reason: quality_high. Original Claude HOLD reason: Mixed signals: technicals are modestly bullish (price above all EMAs, bullish MACD, neutral RSI) but volume ratio is extremely low at 0.01 suggesting no conviction, ETF outflows of -$145.7M signal institutional selling, long/short ratio of 0.73 is bearish-leaning, 24h historical return is -5.19% in similar setups, and AI feedback loop explicitly flags 0.0 accuracy on 4h BUY calls. The Bollinger Band squeeze could precede a move in either direction but without volume confirmation it's unreliable.",78.0,78.0,HOLD,exchange_alert,Exchange alert: Swiss Bitcoin Reserve Effort Withdrawn After Resistance From Central Bank  newsbtc.com. Holding until market stabilises.,1,exchange_alert,80741.8,78.0,OK_HOLD,,0,78.0,risk_block_exchange_alert,BUY,78.0,quality_high,80651.12,83164.05,85.0,bullish,"higher_timeframe_bullish, bullish_bos_or_choch, bullish_liquidity_sweep, bearish_liquidity_sweep, price_in_premium, active_bullish_order_block, active_bullish_fvg, momentum_confirms_bullish",bullish: HH/LH/HL/HH,bullish_sweep,2 active,5 active,premium,bullish,BUY,85.0,bullish,"higher_timeframe_bullish, bullish_bos_or_choch, bullish_liquidity_sweep, bearish_liquidity_sweep, price_in_premium, active_bullish_order_block, active_bullish_fvg, momentum_confirms_bullish",BUY,100.0,bullish,15m trend bullish; 15m price above EMA20; 15m price above EMA50; 15m price above EMA200; 15m momentum bullish; 1h price above EMA20,BUY,100.0,bullish,15m trend bullish; 15m price above EMA20; 15m price above EMA50; 15m price above EMA200; 15m momentum bullish; 1h price above EMA20,rsi_45_55|fg_neutral|funding_positive|trigger_learning_only_scan|final_HOLD|claude_HOLD|candidate_BUY|candidate_source_trade_quality,"Mixed signals: technicals are modestly bullish (price above all EMAs, bullish MACD, neutral RSI) but volume ratio is extremely low at 0.01 suggesting no conviction, ETF outflows of -$145.7M signal institutional selling, long/short ratio of 0.73 is bearish-leaning, 24h historical return is -5.19% in similar setups, and AI feedback loop explicitly flags 0.0 accuracy on 4h BUY calls. The Bollinger Band squeeze could precede a move in either direction but without volume confirmation it's unreliable."
115,2026-05-10T05:00:18+00:00,4h,SCORED,80741.8,2026-05-10T09:00:19+00:00,80803.9,decisions,0.0769,learning_only_scan,52.0,47,0.001543,HOLD,55,OK_HOLD,,tq65_shadow60_risk_v1,BUY,trade_quality,65,"Trade Quality Score 78.0/100 is above BUY threshold 65.0. Primary reason: quality_high. Original Claude HOLD reason: Mixed signals: technicals are modestly bullish (price above all EMAs, bullish MACD, neutral RSI) but volume ratio is extremely low at 0.01 suggesting no conviction, ETF outflows of -$145.7M signal institutional selling, long/short ratio of 0.73 is bearish-leaning, 24h historical return is -5.19% in similar setups, and AI feedback loop explicitly flags 0.0 accuracy on 4h BUY calls. The Bollinger Band squeeze could precede a move in either direction but without volume confirmation it's unreliable.",78.0,78.0,HOLD,exchange_alert,Exchange alert: Swiss Bitcoin Reserve Effort Withdrawn After Resistance From Central Bank  newsbtc.com. Holding until market stabilises.,1,exchange_alert,80741.8,78.0,OK_HOLD,,0,78.0,risk_block_exchange_alert,BUY,78.0,quality_high,80651.12,83164.05,85.0,bullish,"higher_timeframe_bullish, bullish_bos_or_choch, bullish_liquidity_sweep, bearish_liquidity_sweep, price_in_premium, active_bullish_order_block, active_bullish_fvg, momentum_confirms_bullish",bullish: HH/LH/HL/HH,bullish_sweep,2 active,5 active,premium,bullish,BUY,85.0,bullish,"higher_timeframe_bullish, bullish_bos_or_choch, bullish_liquidity_sweep, bearish_liquidity_sweep, price_in_premium, active_bullish_order_block, active_bullish_fvg, momentum_confirms_bullish",BUY,100.0,bullish,15m trend bullish; 15m price above EMA20; 15m price above EMA50; 15m price above EMA200; 15m momentum bullish; 1h price above EMA20,BUY,100.0,bullish,15m trend bullish; 15m price above EMA20; 15m price above EMA50; 15m price above EMA200; 15m momentum bullish; 1h price above EMA20,rsi_45_55|fg_neutral|funding_positive|trigger_learning_only_scan|final_HOLD|claude_HOLD|candidate_BUY|candidate_source_trade_quality,"Mixed signals: technicals are modestly bullish (price above all EMAs, bullish MACD, neutral RSI) but volume ratio is extremely low at 0.01 suggesting no conviction, ETF outflows of -$145.7M signal institutional selling, long/short ratio of 0.73 is bearish-leaning, 24h historical return is -5.19% in similar setups, and AI feedback loop explicitly flags 0.0 accuracy on 4h BUY calls. The Bollinger Band squeeze could precede a move in either direction but without volume confirmation it's unreliable."
115,2026-05-10T05:00:18+00:00,24h,PENDING,80741.8,,,,,learning_only_scan,52.0,47,0.001543,HOLD,55,PENDING,,tq65_shadow60_risk_v1,BUY,trade_quality,65,"Trade Quality Score 78.0/100 is above BUY threshold 65.0. Primary reason: quality_high. Original Claude HOLD reason: Mixed signals: technicals are modestly bullish (price above all EMAs, bullish MACD, neutral RSI) but volume ratio is extremely low at 0.01 suggesting no conviction, ETF outflows of -$145.7M signal institutional selling, long/short ratio of 0.73 is bearish-leaning, 24h historical return is -5.19% in similar setups, and AI feedback loop explicitly flags 0.0 accuracy on 4h BUY calls. The Bollinger Band squeeze could precede a move in either direction but without volume confirmation it's unreliable.",78.0,78.0,HOLD,exchange_alert,Exchange alert: Swiss Bitcoin Reserve Effort Withdrawn After Resistance From Central Bank  newsbtc.com. Holding until market stabilises.,1,exchange_alert,80741.8,78.0,PENDING,,0,78.0,risk_block_exchange_alert,BUY,78.0,quality_high,80651.12,83164.05,85.0,bullish,"higher_timeframe_bullish, bullish_bos_or_choch, bullish_liquidity_sweep, bearish_liquidity_sweep, price_in_premium, active_bullish_order_block, active_bullish_fvg, momentum_confirms_bullish",bullish: HH/LH/HL/HH,bullish_sweep,2 active,5 active,premium,bullish,BUY,85.0,bullish,"higher_timeframe_bullish, bullish_bos_or_choch, bullish_liquidity_sweep, bearish_liquidity_sweep, price_in_premium, active_bullish_order_block, active_bullish_fvg, momentum_confirms_bullish",BUY,100.0,bullish,15m trend bullish; 15m price above EMA20; 15m price above EMA50; 15m price above EMA200; 15m momentum bullish; 1h price above EMA20,BUY,100.0,bullish,15m trend bullish; 15m price above EMA20; 15m price above EMA50; 15m price above EMA200; 15m momentum bullish; 1h price above EMA20,rsi_45_55|fg_neutral|funding_positive|trigger_learning_only_scan|final_HOLD|claude_HOLD|candidate_BUY|candidate_source_trade_quality,"Mixed signals: technicals are modestly bullish (price above all EMAs, bullish MACD, neutral RSI) but volume ratio is extremely low at 0.01 suggesting no conviction, ETF outflows of -$145.7M signal institutional selling, long/short ratio of 0.73 is bearish-leaning, 24h historical return is -5.19% in similar setups, and AI feedback loop explicitly flags 0.0 accuracy on 4h BUY calls. The Bollinger Band squeeze could precede a move in either direction but without volume confirmation it's unreliable."
116,2026-05-10T06:00:17+00:00,15m,SCORED,80670.0,2026-05-10T06:30:00+00:00,80692.1,live_15m_csv,0.0274,learning_only_scan,44.7,47,0.001543,HOLD,55,OK_HOLD,,tq65_shadow60_risk_v1,BUY,trade_quality,65,"Trade Quality Score 71.5/100 is above BUY threshold 65.0. Primary reason: quality_high. Original Claude HOLD reason: Historical 24h average return of -10.23% at similar moments is severely negative, overriding short-term positive signals. MACD is bearish, volume ratio is effectively zero indicating no conviction, ETF outflows of -$145.7M signal institutional selling, and the 4h BUY accuracy from the feedback loop is 0.0 — all pointing against entry.",71.5,71.5,HOLD,exchange_alert,Exchange alert: Swiss Bitcoin Reserve Effort Withdrawn After Resistance From Central Bank  newsbtc.com. Holding until market stabilises.,1,exchange_alert,80670.0,71.5,OK_HOLD,,0,71.5,risk_block_exchange_alert,BUY,71.5,quality_high,80587.01,83090.1,75.0,bullish,"higher_timeframe_bullish, bullish_bos_or_choch, bullish_liquidity_sweep, bearish_liquidity_sweep, price_in_premium, active_bullish_order_block, active_bullish_fvg, momentum_confirms_bearish",bullish: HH/LH/HL/HH,bullish_sweep,2 active,5 active,premium,bullish,BUY,75.0,bullish,"higher_timeframe_bullish, bullish_bos_or_choch, bullish_liquidity_sweep, bearish_liquidity_sweep, price_in_premium, active_bullish_order_block, active_bullish_fvg, momentum_confirms_bearish",,,,,,,,,rsi_35_45|fg_neutral|funding_positive|trigger_learning_only_scan|final_HOLD|claude_HOLD|candidate_BUY|candidate_source_trade_quality,"Historical 24h average return of -10.23% at similar moments is severely negative, overriding short-term positive signals. MACD is bearish, volume ratio is effectively zero indicating no conviction, ETF outflows of -$145.7M signal institutional selling, and the 4h BUY accuracy from the feedback loop is 0.0 — all pointing against entry."
116,2026-05-10T06:00:17+00:00,1h,SCORED,80670.0,2026-05-10T07:15:00+00:00,80766.3,live_15m_csv,0.1194,learning_only_scan,44.7,47,0.001543,HOLD,55,OK_HOLD,,tq65_shadow60_risk_v1,BUY,trade_quality,65,"Trade Quality Score 71.5/100 is above BUY threshold 65.0. Primary reason: quality_high. Original Claude HOLD reason: Historical 24h average return of -10.23% at similar moments is severely negative, overriding short-term positive signals. MACD is bearish, volume ratio is effectively zero indicating no conviction, ETF outflows of -$145.7M signal institutional selling, and the 4h BUY accuracy from the feedback loop is 0.0 — all pointing against entry.",71.5,71.5,HOLD,exchange_alert,Exchange alert: Swiss Bitcoin Reserve Effort Withdrawn After Resistance From Central Bank  newsbtc.com. Holding until market stabilises.,1,exchange_alert,80670.0,71.5,OK_HOLD,,0,71.5,risk_block_exchange_alert,BUY,71.5,quality_high,80587.01,83090.1,75.0,bullish,"higher_timeframe_bullish, bullish_bos_or_choch, bullish_liquidity_sweep, bearish_liquidity_sweep, price_in_premium, active_bullish_order_block, active_bullish_fvg, momentum_confirms_bearish",bullish: HH/LH/HL/HH,bullish_sweep,2 active,5 active,premium,bullish,BUY,75.0,bullish,"higher_timeframe_bullish, bullish_bos_or_choch, bullish_liquidity_sweep, bearish_liquidity_sweep, price_in_premium, active_bullish_order_block, active_bullish_fvg, momentum_confirms_bearish",,,,,,,,,rsi_35_45|fg_neutral|funding_positive|trigger_learning_only_scan|final_HOLD|claude_HOLD|candidate_BUY|candidate_source_trade_quality,"Historical 24h average return of -10.23% at similar moments is severely negative, overriding short-term positive signals. MACD is bearish, volume ratio is effectively zero indicating no conviction, ETF outflows of -$145.7M signal institutional selling, and the 4h BUY accuracy from the feedback loop is 0.0 — all pointing against entry."
116,2026-05-10T06:00:17+00:00,4h,SCORED,80670.0,2026-05-10T10:00:17+00:00,80790.4,decisions,0.1493,learning_only_scan,44.7,47,0.001543,HOLD,55,OK_HOLD,,tq65_shadow60_risk_v1,BUY,trade_quality,65,"Trade Quality Score 71.5/100 is above BUY threshold 65.0. Primary reason: quality_high. Original Claude HOLD reason: Historical 24h average return of -10.23% at similar moments is severely negative, overriding short-term positive signals. MACD is bearish, volume ratio is effectively zero indicating no conviction, ETF outflows of -$145.7M signal institutional selling, and the 4h BUY accuracy from the feedback loop is 0.0 — all pointing against entry.",71.5,71.5,HOLD,exchange_alert,Exchange alert: Swiss Bitcoin Reserve Effort Withdrawn After Resistance From Central Bank  newsbtc.com. Holding until market stabilises.,1,exchange_alert,80670.0,71.5,OK_HOLD,,0,71.5,risk_block_exchange_alert,BUY,71.5,quality_high,80587.01,83090.1,75.0,bullish,"higher_timeframe_bullish, bullish_bos_or_choch, bullish_liquidity_sweep, bearish_liquidity_sweep, price_in_premium, active_bullish_order_block, active_bullish_fvg, momentum_confirms_bearish",bullish: HH/LH/HL/HH,bullish_sweep,2 active,5 active,premium,bullish,BUY,75.0,bullish,"higher_timeframe_bullish, bullish_bos_or_choch, bullish_liquidity_sweep, bearish_liquidity_sweep, price_in_premium, active_bullish_order_block, active_bullish_fvg, momentum_confirms_bearish",,,,,,,,,rsi_35_45|fg_neutral|funding_positive|trigger_learning_only_scan|final_HOLD|claude_HOLD|candidate_BUY|candidate_source_trade_quality,"Historical 24h average return of -10.23% at similar moments is severely negative, overriding short-term positive signals. MACD is bearish, volume ratio is effectively zero indicating no conviction, ETF outflows of -$145.7M signal institutional selling, and the 4h BUY accuracy from the feedback loop is 0.0 — all pointing against entry."
116,2026-05-10T06:00:17+00:00,24h,PENDING,80670.0,,,,,learning_only_scan,44.7,47,0.001543,HOLD,55,PENDING,,tq65_shadow60_risk_v1,BUY,trade_quality,65,"Trade Quality Score 71.5/100 is above BUY threshold 65.0. Primary reason: quality_high. Original Claude HOLD reason: Historical 24h average return of -10.23% at similar moments is severely negative, overriding short-term positive signals. MACD is bearish, volume ratio is effectively zero indicating no conviction, ETF outflows of -$145.7M signal institutional selling, and the 4h BUY accuracy from the feedback loop is 0.0 — all pointing against entry.",71.5,71.5,HOLD,exchange_alert,Exchange alert: Swiss Bitcoin Reserve Effort Withdrawn After Resistance From Central Bank  newsbtc.com. Holding until market stabilises.,1,exchange_alert,80670.0,71.5,PENDING,,0,71.5,risk_block_exchange_alert,BUY,71.5,quality_high,80587.01,83090.1,75.0,bullish,"higher_timeframe_bullish, bullish_bos_or_choch, bullish_liquidity_sweep, bearish_liquidity_sweep, price_in_premium, active_bullish_order_block, active_bullish_fvg, momentum_confirms_bearish",bullish: HH/LH/HL/HH,bullish_sweep,2 active,5 active,premium,bullish,BUY,75.0,bullish,"higher_timeframe_bullish, bullish_bos_or_choch, bullish_liquidity_sweep, bearish_liquidity_sweep, price_in_premium, active_bullish_order_block, active_bullish_fvg, momentum_confirms_bearish",,,,,,,,,rsi_35_45|fg_neutral|funding_positive|trigger_learning_only_scan|final_HOLD|claude_HOLD|candidate_BUY|candidate_source_trade_quality,"Historical 24h average return of -10.23% at similar moments is severely negative, overriding short-term positive signals. MACD is bearish, volume ratio is effectively zero indicating no conviction, ETF outflows of -$145.7M signal institutional selling, and the 4h BUY accuracy from the feedback loop is 0.0 — all pointing against entry."
117,2026-05-10T06:51:53+00:00,15m,SCORED,80704.9,2026-05-10T07:15:00+00:00,80766.3,live_15m_csv,0.0761,scheduled,49.3,47,0.001543,HOLD,62,OK_HOLD,,tq65_shadow60_risk_v1,BUY,trade_quality,65,"Trade Quality Score 75.5/100 is above BUY threshold 65.0. Primary reason: quality_high. Original Claude HOLD reason: Historical evidence at similar moments shows avg 24h return of -6.55% with only 45% win rate, and past signals were 18/20 HOLDs. MACD is bearish, ETF flows are negative (-$145.7M), long/short ratio is below 1.0 (0.73 = bearish positioning), and the AI feedback loop explicitly flags BUY accuracy at 0.0 for 4h. Despite Stoch K oversold (20.6), high volume, and EMAs in bullish alignment, the weight of evidence strongly favors waiting.",75.5,75.5,HOLD,exchange_alert,Exchange alert: Swiss Bitcoin Reserve Effort Withdrawn After Resistance From Central Bank  newsbtc.com. Holding until market stabilises.,1,exchange_alert,80704.9,75.5,OK_HOLD,,0,75.5,risk_block_exchange_alert,BUY,75.5,quality_high,80621.74,83126.05,60.0,bullish,"higher_timeframe_bullish, bullish_bos_or_choch, bearish_liquidity_sweep, price_in_premium, active_bullish_order_block, active_bullish_fvg, active_bearish_fvg, momentum_confirms_bearish",bullish: HH/LH/HL/HH,bearish_sweep,2 active,5 active,premium,bullish,BUY,60.0,bullish,"higher_timeframe_bullish, bullish_bos_or_choch, bearish_liquidity_sweep, price_in_premium, active_bullish_order_block, active_bullish_fvg, active_bearish_fvg, momentum_confirms_bearish",,,,,,,,,rsi_45_55|fg_neutral|funding_positive|trigger_scheduled|final_HOLD|claude_HOLD|candidate_BUY|candidate_source_trade_quality,"Historical evidence at similar moments shows avg 24h return of -6.55% with only 45% win rate, and past signals were 18/20 HOLDs. MACD is bearish, ETF flows are negative (-$145.7M), long/short ratio is below 1.0 (0.73 = bearish positioning), and the AI feedback loop explicitly flags BUY accuracy at 0.0 for 4h. Despite Stoch K oversold (20.6), high volume, and EMAs in bullish alignment, the weight of evidence strongly favors waiting."
117,2026-05-10T06:51:53+00:00,1h,SCORED,80704.9,2026-05-10T08:00:00+00:00,80757.7,live_15m_csv,0.0654,scheduled,49.3,47,0.001543,HOLD,62,OK_HOLD,,tq65_shadow60_risk_v1,BUY,trade_quality,65,"Trade Quality Score 75.5/100 is above BUY threshold 65.0. Primary reason: quality_high. Original Claude HOLD reason: Historical evidence at similar moments shows avg 24h return of -6.55% with only 45% win rate, and past signals were 18/20 HOLDs. MACD is bearish, ETF flows are negative (-$145.7M), long/short ratio is below 1.0 (0.73 = bearish positioning), and the AI feedback loop explicitly flags BUY accuracy at 0.0 for 4h. Despite Stoch K oversold (20.6), high volume, and EMAs in bullish alignment, the weight of evidence strongly favors waiting.",75.5,75.5,HOLD,exchange_alert,Exchange alert: Swiss Bitcoin Reserve Effort Withdrawn After Resistance From Central Bank  newsbtc.com. Holding until market stabilises.,1,exchange_alert,80704.9,75.5,OK_HOLD,,0,75.5,risk_block_exchange_alert,BUY,75.5,quality_high,80621.74,83126.05,60.0,bullish,"higher_timeframe_bullish, bullish_bos_or_choch, bearish_liquidity_sweep, price_in_premium, active_bullish_order_block, active_bullish_fvg, active_bearish_fvg, momentum_confirms_bearish",bullish: HH/LH/HL/HH,bearish_sweep,2 active,5 active,premium,bullish,BUY,60.0,bullish,"higher_timeframe_bullish, bullish_bos_or_choch, bearish_liquidity_sweep, price_in_premium, active_bullish_order_block, active_bullish_fvg, active_bearish_fvg, momentum_confirms_bearish",,,,,,,,,rsi_45_55|fg_neutral|funding_positive|trigger_scheduled|final_HOLD|claude_HOLD|candidate_BUY|candidate_source_trade_quality,"Historical evidence at similar moments shows avg 24h return of -6.55% with only 45% win rate, and past signals were 18/20 HOLDs. MACD is bearish, ETF flows are negative (-$145.7M), long/short ratio is below 1.0 (0.73 = bearish positioning), and the AI feedback loop explicitly flags BUY accuracy at 0.0 for 4h. Despite Stoch K oversold (20.6), high volume, and EMAs in bullish alignment, the weight of evidence strongly favors waiting."
117,2026-05-10T06:51:53+00:00,4h,SCORED,80704.9,2026-05-10T10:52:09+00:00,80782.1,decisions,0.0957,scheduled,49.3,47,0.001543,HOLD,62,OK_HOLD,,tq65_shadow60_risk_v1,BUY,trade_quality,65,"Trade Quality Score 75.5/100 is above BUY threshold 65.0. Primary reason: quality_high. Original Claude HOLD reason: Historical evidence at similar moments shows avg 24h return of -6.55% with only 45% win rate, and past signals were 18/20 HOLDs. MACD is bearish, ETF flows are negative (-$145.7M), long/short ratio is below 1.0 (0.73 = bearish positioning), and the AI feedback loop explicitly flags BUY accuracy at 0.0 for 4h. Despite Stoch K oversold (20.6), high volume, and EMAs in bullish alignment, the weight of evidence strongly favors waiting.",75.5,75.5,HOLD,exchange_alert,Exchange alert: Swiss Bitcoin Reserve Effort Withdrawn After Resistance From Central Bank  newsbtc.com. Holding until market stabilises.,1,exchange_alert,80704.9,75.5,OK_HOLD,,0,75.5,risk_block_exchange_alert,BUY,75.5,quality_high,80621.74,83126.05,60.0,bullish,"higher_timeframe_bullish, bullish_bos_or_choch, bearish_liquidity_sweep, price_in_premium, active_bullish_order_block, active_bullish_fvg, active_bearish_fvg, momentum_confirms_bearish",bullish: HH/LH/HL/HH,bearish_sweep,2 active,5 active,premium,bullish,BUY,60.0,bullish,"higher_timeframe_bullish, bullish_bos_or_choch, bearish_liquidity_sweep, price_in_premium, active_bullish_order_block, active_bullish_fvg, active_bearish_fvg, momentum_confirms_bearish",,,,,,,,,rsi_45_55|fg_neutral|funding_positive|trigger_scheduled|final_HOLD|claude_HOLD|candidate_BUY|candidate_source_trade_quality,"Historical evidence at similar moments shows avg 24h return of -6.55% with only 45% win rate, and past signals were 18/20 HOLDs. MACD is bearish, ETF flows are negative (-$145.7M), long/short ratio is below 1.0 (0.73 = bearish positioning), and the AI feedback loop explicitly flags BUY accuracy at 0.0 for 4h. Despite Stoch K oversold (20.6), high volume, and EMAs in bullish alignment, the weight of evidence strongly favors waiting."
117,2026-05-10T06:51:53+00:00,24h,PENDING,80704.9,,,,,scheduled,49.3,47,0.001543,HOLD,62,PENDING,,tq65_shadow60_risk_v1,BUY,trade_quality,65,"Trade Quality Score 75.5/100 is above BUY threshold 65.0. Primary reason: quality_high. Original Claude HOLD reason: Historical evidence at similar moments shows avg 24h return of -6.55% with only 45% win rate, and past signals were 18/20 HOLDs. MACD is bearish, ETF flows are negative (-$145.7M), long/short ratio is below 1.0 (0.73 = bearish positioning), and the AI feedback loop explicitly flags BUY accuracy at 0.0 for 4h. Despite Stoch K oversold (20.6), high volume, and EMAs in bullish alignment, the weight of evidence strongly favors waiting.",75.5,75.5,HOLD,exchange_alert,Exchange alert: Swiss Bitcoin Reserve Effort Withdrawn After Resistance From Central Bank  newsbtc.com. Holding until market stabilises.,1,exchange_alert,80704.9,75.5,PENDING,,0,75.5,risk_block_exchange_alert,BUY,75.5,quality_high,80621.74,83126.05,60.0,bullish,"higher_timeframe_bullish, bullish_bos_or_choch, bearish_liquidity_sweep, price_in_premium, active_bullish_order_block, active_bullish_fvg, active_bearish_fvg, momentum_confirms_bearish",bullish: HH/LH/HL/HH,bearish_sweep,2 active,5 active,premium,bullish,BUY,60.0,bullish,"higher_timeframe_bullish, bullish_bos_or_choch, bearish_liquidity_sweep, price_in_premium, active_bullish_order_block, active_bullish_fvg, active_bearish_fvg, momentum_confirms_bearish",,,,,,,,,rsi_45_55|fg_neutral|funding_positive|trigger_scheduled|final_HOLD|claude_HOLD|candidate_BUY|candidate_source_trade_quality,"Historical evidence at similar moments shows avg 24h return of -6.55% with only 45% win rate, and past signals were 18/20 HOLDs. MACD is bearish, ETF flows are negative (-$145.7M), long/short ratio is below 1.0 (0.73 = bearish positioning), and the AI feedback loop explicitly flags BUY accuracy at 0.0 for 4h. Despite Stoch K oversold (20.6), high volume, and EMAs in bullish alignment, the weight of evidence strongly favors waiting."
118,2026-05-10T07:00:14+00:00,15m,SCORED,80705.0,2026-05-10T07:30:00+00:00,80750.3,live_15m_csv,0.0561,learning_only_scan,49.3,47,0.001543,HOLD,72,OK_HOLD,,tq65_shadow60_risk_v1,BUY,trade_quality,72,"Trade Quality Score 72.0/100 is above BUY threshold 65.0. Primary reason: quality_high. Original Claude HOLD reason: Historical evidence at similar moments shows avg 4h return of -0.33% and avg 24h return of -5.26% with only 40% win rate, combined with bearish MACD, near-zero volume ratio (extreme illiquidity), negative ETF outflows of -$145.7M, and long/short ratio below 1.0 indicating bearish positioning.",72.0,72.0,HOLD,exchange_alert,Exchange alert: Swiss Bitcoin Reserve Effort Withdrawn After Resistance From Central Bank  newsbtc.com. Holding until market stabilises.,1,exchange_alert,80705.0,72.0,OK_HOLD,,0,72.0,risk_block_exchange_alert,BUY,72.0,quality_high,80627.76,83126.15,60.0,bullish,"higher_timeframe_bullish, bullish_bos_or_choch, bearish_liquidity_sweep, price_in_premium, active_bullish_order_block, active_bullish_fvg, active_bearish_fvg, momentum_confirms_bearish",bullish: HH/LH/HL/HH,bearish_sweep,2 active,5 active,premium,bullish,BUY,60.0,bullish,"higher_timeframe_bullish, bullish_bos_or_choch, bearish_liquidity_sweep, price_in_premium, active_bullish_order_block, active_bullish_fvg, active_bearish_fvg, momentum_confirms_bearish",,,,,,,,,rsi_45_55|fg_neutral|funding_positive|trigger_learning_only_scan|final_HOLD|claude_HOLD|candidate_BUY|candidate_source_trade_quality,"Historical evidence at similar moments shows avg 4h return of -0.33% and avg 24h return of -5.26% with only 40% win rate, combined with bearish MACD, near-zero volume ratio (extreme illiquidity), negative ETF outflows of -$145.7M, and long/short ratio below 1.0 indicating bearish positioning."
118,2026-05-10T07:00:14+00:00,1h,SCORED,80705.0,2026-05-10T08:00:16+00:00,80728.0,decisions,0.0285,learning_only_scan,49.3,47,0.001543,HOLD,72,OK_HOLD,,tq65_shadow60_risk_v1,BUY,trade_quality,72,"Trade Quality Score 72.0/100 is above BUY threshold 65.0. Primary reason: quality_high. Original Claude HOLD reason: Historical evidence at similar moments shows avg 4h return of -0.33% and avg 24h return of -5.26% with only 40% win rate, combined with bearish MACD, near-zero volume ratio (extreme illiquidity), negative ETF outflows of -$145.7M, and long/short ratio below 1.0 indicating bearish positioning.",72.0,72.0,HOLD,exchange_alert,Exchange alert: Swiss Bitcoin Reserve Effort Withdrawn After Resistance From Central Bank  newsbtc.com. Holding until market stabilises.,1,exchange_alert,80705.0,72.0,OK_HOLD,,0,72.0,risk_block_exchange_alert,BUY,72.0,quality_high,80627.76,83126.15,60.0,bullish,"higher_timeframe_bullish, bullish_bos_or_choch, bearish_liquidity_sweep, price_in_premium, active_bullish_order_block, active_bullish_fvg, active_bearish_fvg, momentum_confirms_bearish",bullish: HH/LH/HL/HH,bearish_sweep,2 active,5 active,premium,bullish,BUY,60.0,bullish,"higher_timeframe_bullish, bullish_bos_or_choch, bearish_liquidity_sweep, price_in_premium, active_bullish_order_block, active_bullish_fvg, active_bearish_fvg, momentum_confirms_bearish",,,,,,,,,rsi_45_55|fg_neutral|funding_positive|trigger_learning_only_scan|final_HOLD|claude_HOLD|candidate_BUY|candidate_source_trade_quality,"Historical evidence at similar moments shows avg 4h return of -0.33% and avg 24h return of -5.26% with only 40% win rate, combined with bearish MACD, near-zero volume ratio (extreme illiquidity), negative ETF outflows of -$145.7M, and long/short ratio below 1.0 indicating bearish positioning."
118,2026-05-10T07:00:14+00:00,4h,SCORED,80705.0,2026-05-10T11:00:17+00:00,80848.5,decisions,0.1778,learning_only_scan,49.3,47,0.001543,HOLD,72,OK_HOLD,,tq65_shadow60_risk_v1,BUY,trade_quality,72,"Trade Quality Score 72.0/100 is above BUY threshold 65.0. Primary reason: quality_high. Original Claude HOLD reason: Historical evidence at similar moments shows avg 4h return of -0.33% and avg 24h return of -5.26% with only 40% win rate, combined with bearish MACD, near-zero volume ratio (extreme illiquidity), negative ETF outflows of -$145.7M, and long/short ratio below 1.0 indicating bearish positioning.",72.0,72.0,HOLD,exchange_alert,Exchange alert: Swiss Bitcoin Reserve Effort Withdrawn After Resistance From Central Bank  newsbtc.com. Holding until market stabilises.,1,exchange_alert,80705.0,72.0,OK_HOLD,,0,72.0,risk_block_exchange_alert,BUY,72.0,quality_high,80627.76,83126.15,60.0,bullish,"higher_timeframe_bullish, bullish_bos_or_choch, bearish_liquidity_sweep, price_in_premium, active_bullish_order_block, active_bullish_fvg, active_bearish_fvg, momentum_confirms_bearish",bullish: HH/LH/HL/HH,bearish_sweep,2 active,5 active,premium,bullish,BUY,60.0,bullish,"higher_timeframe_bullish, bullish_bos_or_choch, bearish_liquidity_sweep, price_in_premium, active_bullish_order_block, active_bullish_fvg, active_bearish_fvg, momentum_confirms_bearish",,,,,,,,,rsi_45_55|fg_neutral|funding_positive|trigger_learning_only_scan|final_HOLD|claude_HOLD|candidate_BUY|candidate_source_trade_quality,"Historical evidence at similar moments shows avg 4h return of -0.33% and avg 24h return of -5.26% with only 40% win rate, combined with bearish MACD, near-zero volume ratio (extreme illiquidity), negative ETF outflows of -$145.7M, and long/short ratio below 1.0 indicating bearish positioning."
118,2026-05-10T07:00:14+00:00,24h,PENDING,80705.0,,,,,learning_only_scan,49.3,47,0.001543,HOLD,72,PENDING,,tq65_shadow60_risk_v1,BUY,trade_quality,72,"Trade Quality Score 72.0/100 is above BUY threshold 65.0. Primary reason: quality_high. Original Claude HOLD reason: Historical evidence at similar moments shows avg 4h return of -0.33% and avg 24h return of -5.26% with only 40% win rate, combined with bearish MACD, near-zero volume ratio (extreme illiquidity), negative ETF outflows of -$145.7M, and long/short ratio below 1.0 indicating bearish positioning.",72.0,72.0,HOLD,exchange_alert,Exchange alert: Swiss Bitcoin Reserve Effort Withdrawn After Resistance From Central Bank  newsbtc.com. Holding until market stabilises.,1,exchange_alert,80705.0,72.0,PENDING,,0,72.0,risk_block_exchange_alert,BUY,72.0,quality_high,80627.76,83126.15,60.0,bullish,"higher_timeframe_bullish, bullish_bos_or_choch, bearish_liquidity_sweep, price_in_premium, active_bullish_order_block, active_bullish_fvg, active_bearish_fvg, momentum_confirms_bearish",bullish: HH/LH/HL/HH,bearish_sweep,2 active,5 active,premium,bullish,BUY,60.0,bullish,"higher_timeframe_bullish, bullish_bos_or_choch, bearish_liquidity_sweep, price_in_premium, active_bullish_order_block, active_bullish_fvg, active_bearish_fvg, momentum_confirms_bearish",,,,,,,,,rsi_45_55|fg_neutral|funding_positive|trigger_learning_only_scan|final_HOLD|claude_HOLD|candidate_BUY|candidate_source_trade_quality,"Historical evidence at similar moments shows avg 4h return of -0.33% and avg 24h return of -5.26% with only 40% win rate, combined with bearish MACD, near-zero volume ratio (extreme illiquidity), negative ETF outflows of -$145.7M, and long/short ratio below 1.0 indicating bearish positioning."
119,2026-05-10T08:00:16+00:00,15m,SCORED,80728.0,2026-05-10T08:30:00+00:00,80798.3,live_15m_csv,0.0871,learning_only_scan,50.9,47,0.001543,HOLD,45,OK_HOLD,,tq65_shadow60_risk_v1,BUY,trade_quality,65,"Trade Quality Score 88.0/100 is above BUY threshold 65.0. Primary reason: quality_high. Original Claude HOLD reason: Mixed signals dominate: technicals show a mild bullish setup (price above all EMAs, MACD bullish, neutral RSI ~51) but volume ratio is effectively zero indicating no conviction, BB squeeze suggests indecision, and the 24h historical return at similar moments is deeply negative (-7.04%). ETF outflows of -$145.7M today signal institutional selling pressure, and the long/short ratio of 0.73 is bearish. The feedback loop explicitly flags 0.0 accuracy on 4h BUY calls.",88.0,78.0,HOLD,bb_squeeze,Bollinger Band squeeze (width=0.0019). No directional trend — skipping.,1,bb_squeeze,80728.0,88.0,OK_HOLD,,0,78.0,risk_block_bb_squeeze,BUY,88.0,quality_high,80654.49,83149.84,70.0,bullish,"higher_timeframe_bullish, bullish_bos_or_choch, bearish_liquidity_sweep, price_in_premium, active_bullish_order_block, active_bullish_fvg, momentum_confirms_bullish",bullish: LH/HL/HH/HL,bearish_sweep,2 active,5 active,premium,bullish,BUY,70.0,bullish,"higher_timeframe_bullish, bullish_bos_or_choch, bearish_liquidity_sweep, price_in_premium, active_bullish_order_block, active_bullish_fvg, momentum_confirms_bullish",,,,,,,,,rsi_45_55|fg_neutral|funding_positive|trigger_learning_only_scan|final_HOLD|claude_HOLD|candidate_BUY|candidate_source_trade_quality,"Mixed signals dominate: technicals show a mild bullish setup (price above all EMAs, MACD bullish, neutral RSI ~51) but volume ratio is effectively zero indicating no conviction, BB squeeze suggests indecision, and the 24h historical return at similar moments is deeply negative (-7.04%). ETF outflows of -$145.7M today signal institutional selling pressure, and the long/short ratio of 0.73 is bearish. The feedback loop explicitly flags 0.0 accuracy on 4h BUY calls."
119,2026-05-10T08:00:16+00:00,1h,SCORED,80728.0,2026-05-10T09:00:19+00:00,80803.9,decisions,0.094,learning_only_scan,50.9,47,0.001543,HOLD,45,OK_HOLD,,tq65_shadow60_risk_v1,BUY,trade_quality,65,"Trade Quality Score 88.0/100 is above BUY threshold 65.0. Primary reason: quality_high. Original Claude HOLD reason: Mixed signals dominate: technicals show a mild bullish setup (price above all EMAs, MACD bullish, neutral RSI ~51) but volume ratio is effectively zero indicating no conviction, BB squeeze suggests indecision, and the 24h historical return at similar moments is deeply negative (-7.04%). ETF outflows of -$145.7M today signal institutional selling pressure, and the long/short ratio of 0.73 is bearish. The feedback loop explicitly flags 0.0 accuracy on 4h BUY calls.",88.0,78.0,HOLD,bb_squeeze,Bollinger Band squeeze (width=0.0019). No directional trend — skipping.,1,bb_squeeze,80728.0,88.0,OK_HOLD,,0,78.0,risk_block_bb_squeeze,BUY,88.0,quality_high,80654.49,83149.84,70.0,bullish,"higher_timeframe_bullish, bullish_bos_or_choch, bearish_liquidity_sweep, price_in_premium, active_bullish_order_block, active_bullish_fvg, momentum_confirms_bullish",bullish: LH/HL/HH/HL,bearish_sweep,2 active,5 active,premium,bullish,BUY,70.0,bullish,"higher_timeframe_bullish, bullish_bos_or_choch, bearish_liquidity_sweep, price_in_premium, active_bullish_order_block, active_bullish_fvg, momentum_confirms_bullish",,,,,,,,,rsi_45_55|fg_neutral|funding_positive|trigger_learning_only_scan|final_HOLD|claude_HOLD|candidate_BUY|candidate_source_trade_quality,"Mixed signals dominate: technicals show a mild bullish setup (price above all EMAs, MACD bullish, neutral RSI ~51) but volume ratio is effectively zero indicating no conviction, BB squeeze suggests indecision, and the 24h historical return at similar moments is deeply negative (-7.04%). ETF outflows of -$145.7M today signal institutional selling pressure, and the long/short ratio of 0.73 is bearish. The feedback loop explicitly flags 0.0 accuracy on 4h BUY calls."
119,2026-05-10T08:00:16+00:00,4h,SCORED,80728.0,2026-05-10T12:00:16+00:00,80797.2,decisions,0.0857,learning_only_scan,50.9,47,0.001543,HOLD,45,OK_HOLD,,tq65_shadow60_risk_v1,BUY,trade_quality,65,"Trade Quality Score 88.0/100 is above BUY threshold 65.0. Primary reason: quality_high. Original Claude HOLD reason: Mixed signals dominate: technicals show a mild bullish setup (price above all EMAs, MACD bullish, neutral RSI ~51) but volume ratio is effectively zero indicating no conviction, BB squeeze suggests indecision, and the 24h historical return at similar moments is deeply negative (-7.04%). ETF outflows of -$145.7M today signal institutional selling pressure, and the long/short ratio of 0.73 is bearish. The feedback loop explicitly flags 0.0 accuracy on 4h BUY calls.",88.0,78.0,HOLD,bb_squeeze,Bollinger Band squeeze (width=0.0019). No directional trend — skipping.,1,bb_squeeze,80728.0,88.0,OK_HOLD,,0,78.0,risk_block_bb_squeeze,BUY,88.0,quality_high,80654.49,83149.84,70.0,bullish,"higher_timeframe_bullish, bullish_bos_or_choch, bearish_liquidity_sweep, price_in_premium, active_bullish_order_block, active_bullish_fvg, momentum_confirms_bullish",bullish: LH/HL/HH/HL,bearish_sweep,2 active,5 active,premium,bullish,BUY,70.0,bullish,"higher_timeframe_bullish, bullish_bos_or_choch, bearish_liquidity_sweep, price_in_premium, active_bullish_order_block, active_bullish_fvg, momentum_confirms_bullish",,,,,,,,,rsi_45_55|fg_neutral|funding_positive|trigger_learning_only_scan|final_HOLD|claude_HOLD|candidate_BUY|candidate_source_trade_quality,"Mixed signals dominate: technicals show a mild bullish setup (price above all EMAs, MACD bullish, neutral RSI ~51) but volume ratio is effectively zero indicating no conviction, BB squeeze suggests indecision, and the 24h historical return at similar moments is deeply negative (-7.04%). ETF outflows of -$145.7M today signal institutional selling pressure, and the long/short ratio of 0.73 is bearish. The feedback loop explicitly flags 0.0 accuracy on 4h BUY calls."
119,2026-05-10T08:00:16+00:00,24h,PENDING,80728.0,,,,,learning_only_scan,50.9,47,0.001543,HOLD,45,PENDING,,tq65_shadow60_risk_v1,BUY,trade_quality,65,"Trade Quality Score 88.0/100 is above BUY threshold 65.0. Primary reason: quality_high. Original Claude HOLD reason: Mixed signals dominate: technicals show a mild bullish setup (price above all EMAs, MACD bullish, neutral RSI ~51) but volume ratio is effectively zero indicating no conviction, BB squeeze suggests indecision, and the 24h historical return at similar moments is deeply negative (-7.04%). ETF outflows of -$145.7M today signal institutional selling pressure, and the long/short ratio of 0.73 is bearish. The feedback loop explicitly flags 0.0 accuracy on 4h BUY calls.",88.0,78.0,HOLD,bb_squeeze,Bollinger Band squeeze (width=0.0019). No directional trend — skipping.,1,bb_squeeze,80728.0,88.0,PENDING,,0,78.0,risk_block_bb_squeeze,BUY,88.0,quality_high,80654.49,83149.84,70.0,bullish,"higher_timeframe_bullish, bullish_bos_or_choch, bearish_liquidity_sweep, price_in_premium, active_bullish_order_block, active_bullish_fvg, momentum_confirms_bullish",bullish: LH/HL/HH/HL,bearish_sweep,2 active,5 active,premium,bullish,BUY,70.0,bullish,"higher_timeframe_bullish, bullish_bos_or_choch, bearish_liquidity_sweep, price_in_premium, active_bullish_order_block, active_bullish_fvg, momentum_confirms_bullish",,,,,,,,,rsi_45_55|fg_neutral|funding_positive|trigger_learning_only_scan|final_HOLD|claude_HOLD|candidate_BUY|candidate_source_trade_quality,"Mixed signals dominate: technicals show a mild bullish setup (price above all EMAs, MACD bullish, neutral RSI ~51) but volume ratio is effectively zero indicating no conviction, BB squeeze suggests indecision, and the 24h historical return at similar moments is deeply negative (-7.04%). ETF outflows of -$145.7M today signal institutional selling pressure, and the long/short ratio of 0.73 is bearish. The feedback loop explicitly flags 0.0 accuracy on 4h BUY calls."
120,2026-05-10T09:00:19+00:00,15m,SCORED,80803.9,2026-05-10T09:30:00+00:00,80746.4,live_15m_csv,-0.0712,learning_only_scan,56.5,47,0.001543,HOLD,45,OK_HOLD,,tq65_shadow60_risk_v1,BUY,trade_quality,65,"Trade Quality Score 84.0/100 is above BUY threshold 65.0. Primary reason: quality_high. Original Claude HOLD reason: Mixed signals prevent conviction: technicals are mildly bullish (MACD bullish crossover, price above all EMAs, RSI neutral at 56.5) but volume ratio is extremely low at 0.02, indicating no conviction behind any move. BB squeeze suggests a breakout is pending but direction is unknown. ETF outflows of -$145.7M and a long/short ratio of 0.73 (more shorts than longs) add caution. 24h historical return is -5.19% at similar setups, and AI feedback explicitly flags weak BUY accuracy at 4h.",84.0,74.0,HOLD,bb_squeeze,Bollinger Band squeeze (width=0.0025). No directional trend — skipping.,1,bb_squeeze,80803.9,84.0,OK_HOLD,,0,74.0,risk_block_bb_squeeze,BUY,84.0,quality_high,80721.91,83228.02,70.0,bullish,"higher_timeframe_bullish, bullish_bos_or_choch, bearish_liquidity_sweep, price_in_premium, active_bullish_order_block, active_bullish_fvg, momentum_confirms_bullish",bullish: LH/HL/HH/HL,bearish_sweep,3 active,6 active,premium,bullish,BUY,70.0,bullish,"higher_timeframe_bullish, bullish_bos_or_choch, bearish_liquidity_sweep, price_in_premium, active_bullish_order_block, active_bullish_fvg, momentum_confirms_bullish",BUY,100.0,bullish,15m trend bullish; 15m price above EMA20; 15m price above EMA50; 15m price above EMA200; 15m momentum bullish; 1h price above EMA20,BUY,100.0,bullish,15m trend bullish; 15m price above EMA20; 15m price above EMA50; 15m price above EMA200; 15m momentum bullish; 1h price above EMA20,rsi_55_65|fg_neutral|funding_positive|trigger_learning_only_scan|final_HOLD|claude_HOLD|candidate_BUY|candidate_source_trade_quality,"Mixed signals prevent conviction: technicals are mildly bullish (MACD bullish crossover, price above all EMAs, RSI neutral at 56.5) but volume ratio is extremely low at 0.02, indicating no conviction behind any move. BB squeeze suggests a breakout is pending but direction is unknown. ETF outflows of -$145.7M and a long/short ratio of 0.73 (more shorts than longs) add caution. 24h historical return is -5.19% at similar setups, and AI feedback explicitly flags weak BUY accuracy at 4h."
120,2026-05-10T09:00:19+00:00,1h,SCORED,80803.9,2026-05-10T10:15:00+00:00,80797.4,live_15m_csv,-0.008,learning_only_scan,56.5,47,0.001543,HOLD,45,OK_HOLD,,tq65_shadow60_risk_v1,BUY,trade_quality,65,"Trade Quality Score 84.0/100 is above BUY threshold 65.0. Primary reason: quality_high. Original Claude HOLD reason: Mixed signals prevent conviction: technicals are mildly bullish (MACD bullish crossover, price above all EMAs, RSI neutral at 56.5) but volume ratio is extremely low at 0.02, indicating no conviction behind any move. BB squeeze suggests a breakout is pending but direction is unknown. ETF outflows of -$145.7M and a long/short ratio of 0.73 (more shorts than longs) add caution. 24h historical return is -5.19% at similar setups, and AI feedback explicitly flags weak BUY accuracy at 4h.",84.0,74.0,HOLD,bb_squeeze,Bollinger Band squeeze (width=0.0025). No directional trend — skipping.,1,bb_squeeze,80803.9,84.0,OK_HOLD,,0,74.0,risk_block_bb_squeeze,BUY,84.0,quality_high,80721.91,83228.02,70.0,bullish,"higher_timeframe_bullish, bullish_bos_or_choch, bearish_liquidity_sweep, price_in_premium, active_bullish_order_block, active_bullish_fvg, momentum_confirms_bullish",bullish: LH/HL/HH/HL,bearish_sweep,3 active,6 active,premium,bullish,BUY,70.0,bullish,"higher_timeframe_bullish, bullish_bos_or_choch, bearish_liquidity_sweep, price_in_premium, active_bullish_order_block, active_bullish_fvg, momentum_confirms_bullish",BUY,100.0,bullish,15m trend bullish; 15m price above EMA20; 15m price above EMA50; 15m price above EMA200; 15m momentum bullish; 1h price above EMA20,BUY,100.0,bullish,15m trend bullish; 15m price above EMA20; 15m price above EMA50; 15m price above EMA200; 15m momentum bullish; 1h price above EMA20,rsi_55_65|fg_neutral|funding_positive|trigger_learning_only_scan|final_HOLD|claude_HOLD|candidate_BUY|candidate_source_trade_quality,"Mixed signals prevent conviction: technicals are mildly bullish (MACD bullish crossover, price above all EMAs, RSI neutral at 56.5) but volume ratio is extremely low at 0.02, indicating no conviction behind any move. BB squeeze suggests a breakout is pending but direction is unknown. ETF outflows of -$145.7M and a long/short ratio of 0.73 (more shorts than longs) add caution. 24h historical return is -5.19% at similar setups, and AI feedback explicitly flags weak BUY accuracy at 4h."
120,2026-05-10T09:00:19+00:00,4h,SCORED,80803.9,2026-05-10T13:15:00+00:00,80982.5,live_15m_csv,0.221,learning_only_scan,56.5,47,0.001543,HOLD,45,OK_HOLD,,tq65_shadow60_risk_v1,BUY,trade_quality,65,"Trade Quality Score 84.0/100 is above BUY threshold 65.0. Primary reason: quality_high. Original Claude HOLD reason: Mixed signals prevent conviction: technicals are mildly bullish (MACD bullish crossover, price above all EMAs, RSI neutral at 56.5) but volume ratio is extremely low at 0.02, indicating no conviction behind any move. BB squeeze suggests a breakout is pending but direction is unknown. ETF outflows of -$145.7M and a long/short ratio of 0.73 (more shorts than longs) add caution. 24h historical return is -5.19% at similar setups, and AI feedback explicitly flags weak BUY accuracy at 4h.",84.0,74.0,HOLD,bb_squeeze,Bollinger Band squeeze (width=0.0025). No directional trend — skipping.,1,bb_squeeze,80803.9,84.0,OK_HOLD,,0,74.0,risk_block_bb_squeeze,BUY,84.0,quality_high,80721.91,83228.02,70.0,bullish,"higher_timeframe_bullish, bullish_bos_or_choch, bearish_liquidity_sweep, price_in_premium, active_bullish_order_block, active_bullish_fvg, momentum_confirms_bullish",bullish: LH/HL/HH/HL,bearish_sweep,3 active,6 active,premium,bullish,BUY,70.0,bullish,"higher_timeframe_bullish, bullish_bos_or_choch, bearish_liquidity_sweep, price_in_premium, active_bullish_order_block, active_bullish_fvg, momentum_confirms_bullish",BUY,100.0,bullish,15m trend bullish; 15m price above EMA20; 15m price above EMA50; 15m price above EMA200; 15m momentum bullish; 1h price above EMA20,BUY,100.0,bullish,15m trend bullish; 15m price above EMA20; 15m price above EMA50; 15m price above EMA200; 15m momentum bullish; 1h price above EMA20,rsi_55_65|fg_neutral|funding_positive|trigger_learning_only_scan|final_HOLD|claude_HOLD|candidate_BUY|candidate_source_trade_quality,"Mixed signals prevent conviction: technicals are mildly bullish (MACD bullish crossover, price above all EMAs, RSI neutral at 56.5) but volume ratio is extremely low at 0.02, indicating no conviction behind any move. BB squeeze suggests a breakout is pending but direction is unknown. ETF outflows of -$145.7M and a long/short ratio of 0.73 (more shorts than longs) add caution. 24h historical return is -5.19% at similar setups, and AI feedback explicitly flags weak BUY accuracy at 4h."
120,2026-05-10T09:00:19+00:00,24h,PENDING,80803.9,,,,,learning_only_scan,56.5,47,0.001543,HOLD,45,PENDING,,tq65_shadow60_risk_v1,BUY,trade_quality,65,"Trade Quality Score 84.0/100 is above BUY threshold 65.0. Primary reason: quality_high. Original Claude HOLD reason: Mixed signals prevent conviction: technicals are mildly bullish (MACD bullish crossover, price above all EMAs, RSI neutral at 56.5) but volume ratio is extremely low at 0.02, indicating no conviction behind any move. BB squeeze suggests a breakout is pending but direction is unknown. ETF outflows of -$145.7M and a long/short ratio of 0.73 (more shorts than longs) add caution. 24h historical return is -5.19% at similar setups, and AI feedback explicitly flags weak BUY accuracy at 4h.",84.0,74.0,HOLD,bb_squeeze,Bollinger Band squeeze (width=0.0025). No directional trend — skipping.,1,bb_squeeze,80803.9,84.0,PENDING,,0,74.0,risk_block_bb_squeeze,BUY,84.0,quality_high,80721.91,83228.02,70.0,bullish,"higher_timeframe_bullish, bullish_bos_or_choch, bearish_liquidity_sweep, price_in_premium, active_bullish_order_block, active_bullish_fvg, momentum_confirms_bullish",bullish: LH/HL/HH/HL,bearish_sweep,3 active,6 active,premium,bullish,BUY,70.0,bullish,"higher_timeframe_bullish, bullish_bos_or_choch, bearish_liquidity_sweep, price_in_premium, active_bullish_order_block, active_bullish_fvg, momentum_confirms_bullish",BUY,100.0,bullish,15m trend bullish; 15m price above EMA20; 15m price above EMA50; 15m price above EMA200; 15m momentum bullish; 1h price above EMA20,BUY,100.0,bullish,15m trend bullish; 15m price above EMA20; 15m price above EMA50; 15m price above EMA200; 15m momentum bullish; 1h price above EMA20,rsi_55_65|fg_neutral|funding_positive|trigger_learning_only_scan|final_HOLD|claude_HOLD|candidate_BUY|candidate_source_trade_quality,"Mixed signals prevent conviction: technicals are mildly bullish (MACD bullish crossover, price above all EMAs, RSI neutral at 56.5) but volume ratio is extremely low at 0.02, indicating no conviction behind any move. BB squeeze suggests a breakout is pending but direction is unknown. ETF outflows of -$145.7M and a long/short ratio of 0.73 (more shorts than longs) add caution. 24h historical return is -5.19% at similar setups, and AI feedback explicitly flags weak BUY accuracy at 4h."
121,2026-05-10T10:00:17+00:00,15m,SCORED,80790.4,2026-05-10T10:30:00+00:00,80793.3,live_15m_csv,0.0036,learning_only_scan,53.8,47,0.001543,HOLD,45,OK_HOLD,,tq65_shadow60_risk_v1,BUY,trade_quality,65,"Trade Quality Score 88.5/100 is above BUY threshold 65.0. Primary reason: quality_high. Original Claude HOLD reason: Mixed signals prevent a confident entry: while technicals show mild bullish momentum (MACD bullish, above all EMAs, neutral RSI/Stoch), volume ratio is essentially zero indicating no conviction, ETF outflows of -$145.7M signal institutional selling, long/short ratio of 0.73 is bearish-leaning, and historical 24h average return of -6.88% warns of significant downside risk despite positive 4h average. The AI feedback loop explicitly flags weak BUY accuracy at 4h with 0.0% success rate.",88.5,78.5,HOLD,bb_squeeze,Bollinger Band squeeze (width=0.0027). No directional trend — skipping.,1,bb_squeeze,80790.4,88.5,OK_HOLD,,0,78.5,risk_block_bb_squeeze,BUY,88.5,quality_high,80707.63,83214.11,70.0,bullish,"higher_timeframe_bullish, bullish_bos_or_choch, bearish_liquidity_sweep, price_in_premium, active_bullish_order_block, active_bullish_fvg, active_bearish_fvg, momentum_confirms_bullish",bullish: LH/HL/HH/HL,bearish_sweep,2 active,6 active,premium,bullish,BUY,70.0,bullish,"higher_timeframe_bullish, bullish_bos_or_choch, bearish_liquidity_sweep, price_in_premium, active_bullish_order_block, active_bullish_fvg, active_bearish_fvg, momentum_confirms_bullish",BUY,100.0,bullish,15m trend bullish; 15m price above EMA20; 15m price above EMA50; 15m price above EMA200; 15m momentum bullish; 1h price above EMA20,BUY,100.0,bullish,15m trend bullish; 15m price above EMA20; 15m price above EMA50; 15m price above EMA200; 15m momentum bullish; 1h price above EMA20,rsi_45_55|fg_neutral|funding_positive|trigger_learning_only_scan|final_HOLD|claude_HOLD|candidate_BUY|candidate_source_trade_quality,"Mixed signals prevent a confident entry: while technicals show mild bullish momentum (MACD bullish, above all EMAs, neutral RSI/Stoch), volume ratio is essentially zero indicating no conviction, ETF outflows of -$145.7M signal institutional selling, long/short ratio of 0.73 is bearish-leaning, and historical 24h average return of -6.88% warns of significant downside risk despite positive 4h average. The AI feedback loop explicitly flags weak BUY accuracy at 4h with 0.0% success rate."
121,2026-05-10T10:00:17+00:00,1h,SCORED,80790.4,2026-05-10T11:00:17+00:00,80848.5,decisions,0.0719,learning_only_scan,53.8,47,0.001543,HOLD,45,OK_HOLD,,tq65_shadow60_risk_v1,BUY,trade_quality,65,"Trade Quality Score 88.5/100 is above BUY threshold 65.0. Primary reason: quality_high. Original Claude HOLD reason: Mixed signals prevent a confident entry: while technicals show mild bullish momentum (MACD bullish, above all EMAs, neutral RSI/Stoch), volume ratio is essentially zero indicating no conviction, ETF outflows of -$145.7M signal institutional selling, long/short ratio of 0.73 is bearish-leaning, and historical 24h average return of -6.88% warns of significant downside risk despite positive 4h average. The AI feedback loop explicitly flags weak BUY accuracy at 4h with 0.0% success rate.",88.5,78.5,HOLD,bb_squeeze,Bollinger Band squeeze (width=0.0027). No directional trend — skipping.,1,bb_squeeze,80790.4,88.5,OK_HOLD,,0,78.5,risk_block_bb_squeeze,BUY,88.5,quality_high,80707.63,83214.11,70.0,bullish,"higher_timeframe_bullish, bullish_bos_or_choch, bearish_liquidity_sweep, price_in_premium, active_bullish_order_block, active_bullish_fvg, active_bearish_fvg, momentum_confirms_bullish",bullish: LH/HL/HH/HL,bearish_sweep,2 active,6 active,premium,bullish,BUY,70.0,bullish,"higher_timeframe_bullish, bullish_bos_or_choch, bearish_liquidity_sweep, price_in_premium, active_bullish_order_block, active_bullish_fvg, active_bearish_fvg, momentum_confirms_bullish",BUY,100.0,bullish,15m trend bullish; 15m price above EMA20; 15m price above EMA50; 15m price above EMA200; 15m momentum bullish; 1h price above EMA20,BUY,100.0,bullish,15m trend bullish; 15m price above EMA20; 15m price above EMA50; 15m price above EMA200; 15m momentum bullish; 1h price above EMA20,rsi_45_55|fg_neutral|funding_positive|trigger_learning_only_scan|final_HOLD|claude_HOLD|candidate_BUY|candidate_source_trade_quality,"Mixed signals prevent a confident entry: while technicals show mild bullish momentum (MACD bullish, above all EMAs, neutral RSI/Stoch), volume ratio is essentially zero indicating no conviction, ETF outflows of -$145.7M signal institutional selling, long/short ratio of 0.73 is bearish-leaning, and historical 24h average return of -6.88% warns of significant downside risk despite positive 4h average. The AI feedback loop explicitly flags weak BUY accuracy at 4h with 0.0% success rate."
121,2026-05-10T10:00:17+00:00,4h,SCORED,80790.4,2026-05-10T14:15:00+00:00,80894.9,live_15m_csv,0.1293,learning_only_scan,53.8,47,0.001543,HOLD,45,OK_HOLD,,tq65_shadow60_risk_v1,BUY,trade_quality,65,"Trade Quality Score 88.5/100 is above BUY threshold 65.0. Primary reason: quality_high. Original Claude HOLD reason: Mixed signals prevent a confident entry: while technicals show mild bullish momentum (MACD bullish, above all EMAs, neutral RSI/Stoch), volume ratio is essentially zero indicating no conviction, ETF outflows of -$145.7M signal institutional selling, long/short ratio of 0.73 is bearish-leaning, and historical 24h average return of -6.88% warns of significant downside risk despite positive 4h average. The AI feedback loop explicitly flags weak BUY accuracy at 4h with 0.0% success rate.",88.5,78.5,HOLD,bb_squeeze,Bollinger Band squeeze (width=0.0027). No directional trend — skipping.,1,bb_squeeze,80790.4,88.5,OK_HOLD,,0,78.5,risk_block_bb_squeeze,BUY,88.5,quality_high,80707.63,83214.11,70.0,bullish,"higher_timeframe_bullish, bullish_bos_or_choch, bearish_liquidity_sweep, price_in_premium, active_bullish_order_block, active_bullish_fvg, active_bearish_fvg, momentum_confirms_bullish",bullish: LH/HL/HH/HL,bearish_sweep,2 active,6 active,premium,bullish,BUY,70.0,bullish,"higher_timeframe_bullish, bullish_bos_or_choch, bearish_liquidity_sweep, price_in_premium, active_bullish_order_block, active_bullish_fvg, active_bearish_fvg, momentum_confirms_bullish",BUY,100.0,bullish,15m trend bullish; 15m price above EMA20; 15m price above EMA50; 15m price above EMA200; 15m momentum bullish; 1h price above EMA20,BUY,100.0,bullish,15m trend bullish; 15m price above EMA20; 15m price above EMA50; 15m price above EMA200; 15m momentum bullish; 1h price above EMA20,rsi_45_55|fg_neutral|funding_positive|trigger_learning_only_scan|final_HOLD|claude_HOLD|candidate_BUY|candidate_source_trade_quality,"Mixed signals prevent a confident entry: while technicals show mild bullish momentum (MACD bullish, above all EMAs, neutral RSI/Stoch), volume ratio is essentially zero indicating no conviction, ETF outflows of -$145.7M signal institutional selling, long/short ratio of 0.73 is bearish-leaning, and historical 24h average return of -6.88% warns of significant downside risk despite positive 4h average. The AI feedback loop explicitly flags weak BUY accuracy at 4h with 0.0% success rate."
121,2026-05-10T10:00:17+00:00,24h,PENDING,80790.4,,,,,learning_only_scan,53.8,47,0.001543,HOLD,45,PENDING,,tq65_shadow60_risk_v1,BUY,trade_quality,65,"Trade Quality Score 88.5/100 is above BUY threshold 65.0. Primary reason: quality_high. Original Claude HOLD reason: Mixed signals prevent a confident entry: while technicals show mild bullish momentum (MACD bullish, above all EMAs, neutral RSI/Stoch), volume ratio is essentially zero indicating no conviction, ETF outflows of -$145.7M signal institutional selling, long/short ratio of 0.73 is bearish-leaning, and historical 24h average return of -6.88% warns of significant downside risk despite positive 4h average. The AI feedback loop explicitly flags weak BUY accuracy at 4h with 0.0% success rate.",88.5,78.5,HOLD,bb_squeeze,Bollinger Band squeeze (width=0.0027). No directional trend — skipping.,1,bb_squeeze,80790.4,88.5,PENDING,,0,78.5,risk_block_bb_squeeze,BUY,88.5,quality_high,80707.63,83214.11,70.0,bullish,"higher_timeframe_bullish, bullish_bos_or_choch, bearish_liquidity_sweep, price_in_premium, active_bullish_order_block, active_bullish_fvg, active_bearish_fvg, momentum_confirms_bullish",bullish: LH/HL/HH/HL,bearish_sweep,2 active,6 active,premium,bullish,BUY,70.0,bullish,"higher_timeframe_bullish, bullish_bos_or_choch, bearish_liquidity_sweep, price_in_premium, active_bullish_order_block, active_bullish_fvg, active_bearish_fvg, momentum_confirms_bullish",BUY,100.0,bullish,15m trend bullish; 15m price above EMA20; 15m price above EMA50; 15m price above EMA200; 15m momentum bullish; 1h price above EMA20,BUY,100.0,bullish,15m trend bullish; 15m price above EMA20; 15m price above EMA50; 15m price above EMA200; 15m momentum bullish; 1h price above EMA20,rsi_45_55|fg_neutral|funding_positive|trigger_learning_only_scan|final_HOLD|claude_HOLD|candidate_BUY|candidate_source_trade_quality,"Mixed signals prevent a confident entry: while technicals show mild bullish momentum (MACD bullish, above all EMAs, neutral RSI/Stoch), volume ratio is essentially zero indicating no conviction, ETF outflows of -$145.7M signal institutional selling, long/short ratio of 0.73 is bearish-leaning, and historical 24h average return of -6.88% warns of significant downside risk despite positive 4h average. The AI feedback loop explicitly flags weak BUY accuracy at 4h with 0.0% success rate."
122,2026-05-10T10:52:09+00:00,15m,SCORED,80782.1,2026-05-10T11:15:00+00:00,80760.1,live_15m_csv,-0.0272,scheduled,52.4,47,0.001543,HOLD,72,OK_HOLD,,tq65_shadow60_risk_v1,BUY,trade_quality,72,"Trade Quality Score 83.5/100 is above BUY threshold 65.0. Primary reason: quality_high. Original Claude HOLD reason: Multiple converging bearish signals: MACD bearish crossover, extremely low volume ratio (0.11 indicating no conviction), negative ETF outflows (-$145.7M), long/short ratio below 1.0 (0.73 showing bears dominant in derivatives), and historical 24h avg return of -4.34% at similar setups. Win rate at exactly 35% threshold but negative average returns across 1h and 24h timeframes argue against entry.",83.5,73.5,HOLD,bb_squeeze,Bollinger Band squeeze (width=0.0026). No directional trend — skipping.,1,bb_squeeze,80782.1,83.5,OK_HOLD,,0,73.5,risk_block_bb_squeeze,BUY,83.5,quality_high,80690.0,83205.56,60.0,bullish,"higher_timeframe_bullish, bullish_bos_or_choch, bearish_liquidity_sweep, price_in_premium, active_bullish_order_block, active_bullish_fvg, momentum_confirms_bearish",bullish: HL/HH/HL/HH,bearish_sweep,2 active,4 active,premium,bullish,BUY,60.0,bullish,"higher_timeframe_bullish, bullish_bos_or_choch, bearish_liquidity_sweep, price_in_premium, active_bullish_order_block, active_bullish_fvg, momentum_confirms_bearish",,,,,,,,,rsi_45_55|fg_neutral|funding_positive|trigger_scheduled|final_HOLD|claude_HOLD|candidate_BUY|candidate_source_trade_quality,"Multiple converging bearish signals: MACD bearish crossover, extremely low volume ratio (0.11 indicating no conviction), negative ETF outflows (-$145.7M), long/short ratio below 1.0 (0.73 showing bears dominant in derivatives), and historical 24h avg return of -4.34% at similar setups. Win rate at exactly 35% threshold but negative average returns across 1h and 24h timeframes argue against entry."
122,2026-05-10T10:52:09+00:00,1h,SCORED,80782.1,2026-05-10T12:00:00+00:00,80819.3,live_15m_csv,0.046,scheduled,52.4,47,0.001543,HOLD,72,OK_HOLD,,tq65_shadow60_risk_v1,BUY,trade_quality,72,"Trade Quality Score 83.5/100 is above BUY threshold 65.0. Primary reason: quality_high. Original Claude HOLD reason: Multiple converging bearish signals: MACD bearish crossover, extremely low volume ratio (0.11 indicating no conviction), negative ETF outflows (-$145.7M), long/short ratio below 1.0 (0.73 showing bears dominant in derivatives), and historical 24h avg return of -4.34% at similar setups. Win rate at exactly 35% threshold but negative average returns across 1h and 24h timeframes argue against entry.",83.5,73.5,HOLD,bb_squeeze,Bollinger Band squeeze (width=0.0026). No directional trend — skipping.,1,bb_squeeze,80782.1,83.5,OK_HOLD,,0,73.5,risk_block_bb_squeeze,BUY,83.5,quality_high,80690.0,83205.56,60.0,bullish,"higher_timeframe_bullish, bullish_bos_or_choch, bearish_liquidity_sweep, price_in_premium, active_bullish_order_block, active_bullish_fvg, momentum_confirms_bearish",bullish: HL/HH/HL/HH,bearish_sweep,2 active,4 active,premium,bullish,BUY,60.0,bullish,"higher_timeframe_bullish, bullish_bos_or_choch, bearish_liquidity_sweep, price_in_premium, active_bullish_order_block, active_bullish_fvg, momentum_confirms_bearish",,,,,,,,,rsi_45_55|fg_neutral|funding_positive|trigger_scheduled|final_HOLD|claude_HOLD|candidate_BUY|candidate_source_trade_quality,"Multiple converging bearish signals: MACD bearish crossover, extremely low volume ratio (0.11 indicating no conviction), negative ETF outflows (-$145.7M), long/short ratio below 1.0 (0.73 showing bears dominant in derivatives), and historical 24h avg return of -4.34% at similar setups. Win rate at exactly 35% threshold but negative average returns across 1h and 24h timeframes argue against entry."
122,2026-05-10T10:52:09+00:00,4h,SCORED,80782.1,2026-05-10T14:52:26+00:00,80929.8,decisions,0.1828,scheduled,52.4,47,0.001543,HOLD,72,OK_HOLD,,tq65_shadow60_risk_v1,BUY,trade_quality,72,"Trade Quality Score 83.5/100 is above BUY threshold 65.0. Primary reason: quality_high. Original Claude HOLD reason: Multiple converging bearish signals: MACD bearish crossover, extremely low volume ratio (0.11 indicating no conviction), negative ETF outflows (-$145.7M), long/short ratio below 1.0 (0.73 showing bears dominant in derivatives), and historical 24h avg return of -4.34% at similar setups. Win rate at exactly 35% threshold but negative average returns across 1h and 24h timeframes argue against entry.",83.5,73.5,HOLD,bb_squeeze,Bollinger Band squeeze (width=0.0026). No directional trend — skipping.,1,bb_squeeze,80782.1,83.5,OK_HOLD,,0,73.5,risk_block_bb_squeeze,BUY,83.5,quality_high,80690.0,83205.56,60.0,bullish,"higher_timeframe_bullish, bullish_bos_or_choch, bearish_liquidity_sweep, price_in_premium, active_bullish_order_block, active_bullish_fvg, momentum_confirms_bearish",bullish: HL/HH/HL/HH,bearish_sweep,2 active,4 active,premium,bullish,BUY,60.0,bullish,"higher_timeframe_bullish, bullish_bos_or_choch, bearish_liquidity_sweep, price_in_premium, active_bullish_order_block, active_bullish_fvg, momentum_confirms_bearish",,,,,,,,,rsi_45_55|fg_neutral|funding_positive|trigger_scheduled|final_HOLD|claude_HOLD|candidate_BUY|candidate_source_trade_quality,"Multiple converging bearish signals: MACD bearish crossover, extremely low volume ratio (0.11 indicating no conviction), negative ETF outflows (-$145.7M), long/short ratio below 1.0 (0.73 showing bears dominant in derivatives), and historical 24h avg return of -4.34% at similar setups. Win rate at exactly 35% threshold but negative average returns across 1h and 24h timeframes argue against entry."
122,2026-05-10T10:52:09+00:00,24h,PENDING,80782.1,,,,,scheduled,52.4,47,0.001543,HOLD,72,PENDING,,tq65_shadow60_risk_v1,BUY,trade_quality,72,"Trade Quality Score 83.5/100 is above BUY threshold 65.0. Primary reason: quality_high. Original Claude HOLD reason: Multiple converging bearish signals: MACD bearish crossover, extremely low volume ratio (0.11 indicating no conviction), negative ETF outflows (-$145.7M), long/short ratio below 1.0 (0.73 showing bears dominant in derivatives), and historical 24h avg return of -4.34% at similar setups. Win rate at exactly 35% threshold but negative average returns across 1h and 24h timeframes argue against entry.",83.5,73.5,HOLD,bb_squeeze,Bollinger Band squeeze (width=0.0026). No directional trend — skipping.,1,bb_squeeze,80782.1,83.5,PENDING,,0,73.5,risk_block_bb_squeeze,BUY,83.5,quality_high,80690.0,83205.56,60.0,bullish,"higher_timeframe_bullish, bullish_bos_or_choch, bearish_liquidity_sweep, price_in_premium, active_bullish_order_block, active_bullish_fvg, momentum_confirms_bearish",bullish: HL/HH/HL/HH,bearish_sweep,2 active,4 active,premium,bullish,BUY,60.0,bullish,"higher_timeframe_bullish, bullish_bos_or_choch, bearish_liquidity_sweep, price_in_premium, active_bullish_order_block, active_bullish_fvg, momentum_confirms_bearish",,,,,,,,,rsi_45_55|fg_neutral|funding_positive|trigger_scheduled|final_HOLD|claude_HOLD|candidate_BUY|candidate_source_trade_quality,"Multiple converging bearish signals: MACD bearish crossover, extremely low volume ratio (0.11 indicating no conviction), negative ETF outflows (-$145.7M), long/short ratio below 1.0 (0.73 showing bears dominant in derivatives), and historical 24h avg return of -4.34% at similar setups. Win rate at exactly 35% threshold but negative average returns across 1h and 24h timeframes argue against entry."
123,2026-05-10T11:00:17+00:00,15m,SCORED,80848.5,2026-05-10T11:30:00+00:00,80797.9,live_15m_csv,-0.0626,learning_only_scan,58.4,47,0.001543,HOLD,45,OK_HOLD,,tq65_shadow60_risk_v1,BUY,trade_quality,65,"Trade Quality Score 80.0/100 is above BUY threshold 65.0. Primary reason: quality_high. Original Claude HOLD reason: Mixed signals with critical weaknesses: volume ratio of 0.01 is extremely low (well below 1.5 threshold), ETF outflows of -$145.7M signal institutional selling, 24h historical return is deeply negative at -5.19%, and AI feedback loop flags 4h BUY accuracy at 0.0. Despite bullish MACD, price above all EMAs, and a 40% win rate (above the 35% hard floor), the confluence of low conviction signals does not justify a trade.",80.0,70.0,HOLD,bb_squeeze,Bollinger Band squeeze (width=0.0028). No directional trend — skipping.,1,bb_squeeze,80848.5,80.0,OK_HOLD,,0,70.0,risk_block_bb_squeeze,BUY,80.0,quality_high,80757.33,83273.96,70.0,bullish,"higher_timeframe_bullish, bullish_bos_or_choch, bearish_liquidity_sweep, price_in_premium, active_bullish_order_block, active_bullish_fvg, momentum_confirms_bullish",bullish: HL/HH/HL/HH,bearish_sweep,2 active,4 active,premium,bullish,BUY,70.0,bullish,"higher_timeframe_bullish, bullish_bos_or_choch, bearish_liquidity_sweep, price_in_premium, active_bullish_order_block, active_bullish_fvg, momentum_confirms_bullish",,,,,,,,,rsi_55_65|fg_neutral|funding_positive|trigger_learning_only_scan|final_HOLD|claude_HOLD|candidate_BUY|candidate_source_trade_quality,"Mixed signals with critical weaknesses: volume ratio of 0.01 is extremely low (well below 1.5 threshold), ETF outflows of -$145.7M signal institutional selling, 24h historical return is deeply negative at -5.19%, and AI feedback loop flags 4h BUY accuracy at 0.0. Despite bullish MACD, price above all EMAs, and a 40% win rate (above the 35% hard floor), the confluence of low conviction signals does not justify a trade."
123,2026-05-10T11:00:17+00:00,1h,SCORED,80848.5,2026-05-10T12:15:00+00:00,80913.4,live_15m_csv,0.0803,learning_only_scan,58.4,47,0.001543,HOLD,45,OK_HOLD,,tq65_shadow60_risk_v1,BUY,trade_quality,65,"Trade Quality Score 80.0/100 is above BUY threshold 65.0. Primary reason: quality_high. Original Claude HOLD reason: Mixed signals with critical weaknesses: volume ratio of 0.01 is extremely low (well below 1.5 threshold), ETF outflows of -$145.7M signal institutional selling, 24h historical return is deeply negative at -5.19%, and AI feedback loop flags 4h BUY accuracy at 0.0. Despite bullish MACD, price above all EMAs, and a 40% win rate (above the 35% hard floor), the confluence of low conviction signals does not justify a trade.",80.0,70.0,HOLD,bb_squeeze,Bollinger Band squeeze (width=0.0028). No directional trend — skipping.,1,bb_squeeze,80848.5,80.0,OK_HOLD,,0,70.0,risk_block_bb_squeeze,BUY,80.0,quality_high,80757.33,83273.96,70.0,bullish,"higher_timeframe_bullish, bullish_bos_or_choch, bearish_liquidity_sweep, price_in_premium, active_bullish_order_block, active_bullish_fvg, momentum_confirms_bullish",bullish: HL/HH/HL/HH,bearish_sweep,2 active,4 active,premium,bullish,BUY,70.0,bullish,"higher_timeframe_bullish, bullish_bos_or_choch, bearish_liquidity_sweep, price_in_premium, active_bullish_order_block, active_bullish_fvg, momentum_confirms_bullish",,,,,,,,,rsi_55_65|fg_neutral|funding_positive|trigger_learning_only_scan|final_HOLD|claude_HOLD|candidate_BUY|candidate_source_trade_quality,"Mixed signals with critical weaknesses: volume ratio of 0.01 is extremely low (well below 1.5 threshold), ETF outflows of -$145.7M signal institutional selling, 24h historical return is deeply negative at -5.19%, and AI feedback loop flags 4h BUY accuracy at 0.0. Despite bullish MACD, price above all EMAs, and a 40% win rate (above the 35% hard floor), the confluence of low conviction signals does not justify a trade."
123,2026-05-10T11:00:17+00:00,4h,SCORED,80848.5,2026-05-10T15:15:00+00:00,80961.2,live_15m_csv,0.1394,learning_only_scan,58.4,47,0.001543,HOLD,45,OK_HOLD,,tq65_shadow60_risk_v1,BUY,trade_quality,65,"Trade Quality Score 80.0/100 is above BUY threshold 65.0. Primary reason: quality_high. Original Claude HOLD reason: Mixed signals with critical weaknesses: volume ratio of 0.01 is extremely low (well below 1.5 threshold), ETF outflows of -$145.7M signal institutional selling, 24h historical return is deeply negative at -5.19%, and AI feedback loop flags 4h BUY accuracy at 0.0. Despite bullish MACD, price above all EMAs, and a 40% win rate (above the 35% hard floor), the confluence of low conviction signals does not justify a trade.",80.0,70.0,HOLD,bb_squeeze,Bollinger Band squeeze (width=0.0028). No directional trend — skipping.,1,bb_squeeze,80848.5,80.0,OK_HOLD,,0,70.0,risk_block_bb_squeeze,BUY,80.0,quality_high,80757.33,83273.96,70.0,bullish,"higher_timeframe_bullish, bullish_bos_or_choch, bearish_liquidity_sweep, price_in_premium, active_bullish_order_block, active_bullish_fvg, momentum_confirms_bullish",bullish: HL/HH/HL/HH,bearish_sweep,2 active,4 active,premium,bullish,BUY,70.0,bullish,"higher_timeframe_bullish, bullish_bos_or_choch, bearish_liquidity_sweep, price_in_premium, active_bullish_order_block, active_bullish_fvg, momentum_confirms_bullish",,,,,,,,,rsi_55_65|fg_neutral|funding_positive|trigger_learning_only_scan|final_HOLD|claude_HOLD|candidate_BUY|candidate_source_trade_quality,"Mixed signals with critical weaknesses: volume ratio of 0.01 is extremely low (well below 1.5 threshold), ETF outflows of -$145.7M signal institutional selling, 24h historical return is deeply negative at -5.19%, and AI feedback loop flags 4h BUY accuracy at 0.0. Despite bullish MACD, price above all EMAs, and a 40% win rate (above the 35% hard floor), the confluence of low conviction signals does not justify a trade."
123,2026-05-10T11:00:17+00:00,24h,PENDING,80848.5,,,,,learning_only_scan,58.4,47,0.001543,HOLD,45,PENDING,,tq65_shadow60_risk_v1,BUY,trade_quality,65,"Trade Quality Score 80.0/100 is above BUY threshold 65.0. Primary reason: quality_high. Original Claude HOLD reason: Mixed signals with critical weaknesses: volume ratio of 0.01 is extremely low (well below 1.5 threshold), ETF outflows of -$145.7M signal institutional selling, 24h historical return is deeply negative at -5.19%, and AI feedback loop flags 4h BUY accuracy at 0.0. Despite bullish MACD, price above all EMAs, and a 40% win rate (above the 35% hard floor), the confluence of low conviction signals does not justify a trade.",80.0,70.0,HOLD,bb_squeeze,Bollinger Band squeeze (width=0.0028). No directional trend — skipping.,1,bb_squeeze,80848.5,80.0,PENDING,,0,70.0,risk_block_bb_squeeze,BUY,80.0,quality_high,80757.33,83273.96,70.0,bullish,"higher_timeframe_bullish, bullish_bos_or_choch, bearish_liquidity_sweep, price_in_premium, active_bullish_order_block, active_bullish_fvg, momentum_confirms_bullish",bullish: HL/HH/HL/HH,bearish_sweep,2 active,4 active,premium,bullish,BUY,70.0,bullish,"higher_timeframe_bullish, bullish_bos_or_choch, bearish_liquidity_sweep, price_in_premium, active_bullish_order_block, active_bullish_fvg, momentum_confirms_bullish",,,,,,,,,rsi_55_65|fg_neutral|funding_positive|trigger_learning_only_scan|final_HOLD|claude_HOLD|candidate_BUY|candidate_source_trade_quality,"Mixed signals with critical weaknesses: volume ratio of 0.01 is extremely low (well below 1.5 threshold), ETF outflows of -$145.7M signal institutional selling, 24h historical return is deeply negative at -5.19%, and AI feedback loop flags 4h BUY accuracy at 0.0. Despite bullish MACD, price above all EMAs, and a 40% win rate (above the 35% hard floor), the confluence of low conviction signals does not justify a trade."
124,2026-05-10T12:00:16+00:00,15m,SCORED,80797.2,2026-05-10T12:30:00+00:00,80903.8,live_15m_csv,0.1319,learning_only_scan,51.8,47,0.001543,HOLD,72,OK_HOLD,,tq65_shadow60_risk_v1,BUY,trade_quality,72,"Trade Quality Score 81.5/100 is above BUY threshold 65.0. Primary reason: quality_high. Original Claude HOLD reason: Historical evidence shows 35% win rate with avg 24h return of -4.37% in similar setups, MACD is bearish, volume ratio is effectively zero indicating no conviction, ETF outflows of $145.7M signal institutional selling, and AI feedback loop warns of weak BUY accuracy. No compelling edge exists to deviate from default.",81.5,71.5,HOLD,bb_squeeze,Bollinger Band squeeze (width=0.0021). No directional trend — skipping.,1,bb_squeeze,80797.2,81.5,OK_HOLD,,0,71.5,risk_block_bb_squeeze,BUY,81.5,quality_high,80699.37,83221.12,60.0,bullish,"higher_timeframe_bullish, bullish_bos_or_choch, bearish_liquidity_sweep, price_in_premium, active_bullish_order_block, active_bullish_fvg, active_bearish_fvg, momentum_confirms_bearish",bullish: HH/HL/HH/HL,bearish_sweep,2 active,5 active,premium,bullish,BUY,60.0,bullish,"higher_timeframe_bullish, bullish_bos_or_choch, bearish_liquidity_sweep, price_in_premium, active_bullish_order_block, active_bullish_fvg, active_bearish_fvg, momentum_confirms_bearish",BUY,100.0,bullish,15m trend bullish; 15m price above EMA20; 15m price above EMA50; 15m price above EMA200; 1h price above EMA20; 1h price above EMA50,BUY,100.0,bullish,15m trend bullish; 15m price above EMA20; 15m price above EMA50; 15m price above EMA200; 1h price above EMA20; 1h price above EMA50,rsi_45_55|fg_neutral|funding_positive|trigger_learning_only_scan|final_HOLD|claude_HOLD|candidate_BUY|candidate_source_trade_quality,"Historical evidence shows 35% win rate with avg 24h return of -4.37% in similar setups, MACD is bearish, volume ratio is effectively zero indicating no conviction, ETF outflows of $145.7M signal institutional selling, and AI feedback loop warns of weak BUY accuracy. No compelling edge exists to deviate from default."
124,2026-05-10T12:00:16+00:00,1h,SCORED,80797.2,2026-05-10T13:00:17+00:00,80905.6,decisions,0.1342,learning_only_scan,51.8,47,0.001543,HOLD,72,OK_HOLD,,tq65_shadow60_risk_v1,BUY,trade_quality,72,"Trade Quality Score 81.5/100 is above BUY threshold 65.0. Primary reason: quality_high. Original Claude HOLD reason: Historical evidence shows 35% win rate with avg 24h return of -4.37% in similar setups, MACD is bearish, volume ratio is effectively zero indicating no conviction, ETF outflows of $145.7M signal institutional selling, and AI feedback loop warns of weak BUY accuracy. No compelling edge exists to deviate from default.",81.5,71.5,HOLD,bb_squeeze,Bollinger Band squeeze (width=0.0021). No directional trend — skipping.,1,bb_squeeze,80797.2,81.5,OK_HOLD,,0,71.5,risk_block_bb_squeeze,BUY,81.5,quality_high,80699.37,83221.12,60.0,bullish,"higher_timeframe_bullish, bullish_bos_or_choch, bearish_liquidity_sweep, price_in_premium, active_bullish_order_block, active_bullish_fvg, active_bearish_fvg, momentum_confirms_bearish",bullish: HH/HL/HH/HL,bearish_sweep,2 active,5 active,premium,bullish,BUY,60.0,bullish,"higher_timeframe_bullish, bullish_bos_or_choch, bearish_liquidity_sweep, price_in_premium, active_bullish_order_block, active_bullish_fvg, active_bearish_fvg, momentum_confirms_bearish",BUY,100.0,bullish,15m trend bullish; 15m price above EMA20; 15m price above EMA50; 15m price above EMA200; 1h price above EMA20; 1h price above EMA50,BUY,100.0,bullish,15m trend bullish; 15m price above EMA20; 15m price above EMA50; 15m price above EMA200; 1h price above EMA20; 1h price above EMA50,rsi_45_55|fg_neutral|funding_positive|trigger_learning_only_scan|final_HOLD|claude_HOLD|candidate_BUY|candidate_source_trade_quality,"Historical evidence shows 35% win rate with avg 24h return of -4.37% in similar setups, MACD is bearish, volume ratio is effectively zero indicating no conviction, ETF outflows of $145.7M signal institutional selling, and AI feedback loop warns of weak BUY accuracy. No compelling edge exists to deviate from default."
124,2026-05-10T12:00:16+00:00,4h,SCORED,80797.2,2026-05-10T16:00:35+00:00,81411.7,decisions,0.7605,learning_only_scan,51.8,47,0.001543,HOLD,72,OK_HOLD,,tq65_shadow60_risk_v1,BUY,trade_quality,72,"Trade Quality Score 81.5/100 is above BUY threshold 65.0. Primary reason: quality_high. Original Claude HOLD reason: Historical evidence shows 35% win rate with avg 24h return of -4.37% in similar setups, MACD is bearish, volume ratio is effectively zero indicating no conviction, ETF outflows of $145.7M signal institutional selling, and AI feedback loop warns of weak BUY accuracy. No compelling edge exists to deviate from default.",81.5,71.5,HOLD,bb_squeeze,Bollinger Band squeeze (width=0.0021). No directional trend — skipping.,1,bb_squeeze,80797.2,81.5,OK_HOLD,,0,71.5,risk_block_bb_squeeze,BUY,81.5,quality_high,80699.37,83221.12,60.0,bullish,"higher_timeframe_bullish, bullish_bos_or_choch, bearish_liquidity_sweep, price_in_premium, active_bullish_order_block, active_bullish_fvg, active_bearish_fvg, momentum_confirms_bearish",bullish: HH/HL/HH/HL,bearish_sweep,2 active,5 active,premium,bullish,BUY,60.0,bullish,"higher_timeframe_bullish, bullish_bos_or_choch, bearish_liquidity_sweep, price_in_premium, active_bullish_order_block, active_bullish_fvg, active_bearish_fvg, momentum_confirms_bearish",BUY,100.0,bullish,15m trend bullish; 15m price above EMA20; 15m price above EMA50; 15m price above EMA200; 1h price above EMA20; 1h price above EMA50,BUY,100.0,bullish,15m trend bullish; 15m price above EMA20; 15m price above EMA50; 15m price above EMA200; 1h price above EMA20; 1h price above EMA50,rsi_45_55|fg_neutral|funding_positive|trigger_learning_only_scan|final_HOLD|claude_HOLD|candidate_BUY|candidate_source_trade_quality,"Historical evidence shows 35% win rate with avg 24h return of -4.37% in similar setups, MACD is bearish, volume ratio is effectively zero indicating no conviction, ETF outflows of $145.7M signal institutional selling, and AI feedback loop warns of weak BUY accuracy. No compelling edge exists to deviate from default."
124,2026-05-10T12:00:16+00:00,24h,PENDING,80797.2,,,,,learning_only_scan,51.8,47,0.001543,HOLD,72,PENDING,,tq65_shadow60_risk_v1,BUY,trade_quality,72,"Trade Quality Score 81.5/100 is above BUY threshold 65.0. Primary reason: quality_high. Original Claude HOLD reason: Historical evidence shows 35% win rate with avg 24h return of -4.37% in similar setups, MACD is bearish, volume ratio is effectively zero indicating no conviction, ETF outflows of $145.7M signal institutional selling, and AI feedback loop warns of weak BUY accuracy. No compelling edge exists to deviate from default.",81.5,71.5,HOLD,bb_squeeze,Bollinger Band squeeze (width=0.0021). No directional trend — skipping.,1,bb_squeeze,80797.2,81.5,PENDING,,0,71.5,risk_block_bb_squeeze,BUY,81.5,quality_high,80699.37,83221.12,60.0,bullish,"higher_timeframe_bullish, bullish_bos_or_choch, bearish_liquidity_sweep, price_in_premium, active_bullish_order_block, active_bullish_fvg, active_bearish_fvg, momentum_confirms_bearish",bullish: HH/HL/HH/HL,bearish_sweep,2 active,5 active,premium,bullish,BUY,60.0,bullish,"higher_timeframe_bullish, bullish_bos_or_choch, bearish_liquidity_sweep, price_in_premium, active_bullish_order_block, active_bullish_fvg, active_bearish_fvg, momentum_confirms_bearish",BUY,100.0,bullish,15m trend bullish; 15m price above EMA20; 15m price above EMA50; 15m price above EMA200; 1h price above EMA20; 1h price above EMA50,BUY,100.0,bullish,15m trend bullish; 15m price above EMA20; 15m price above EMA50; 15m price above EMA200; 1h price above EMA20; 1h price above EMA50,rsi_45_55|fg_neutral|funding_positive|trigger_learning_only_scan|final_HOLD|claude_HOLD|candidate_BUY|candidate_source_trade_quality,"Historical evidence shows 35% win rate with avg 24h return of -4.37% in similar setups, MACD is bearish, volume ratio is effectively zero indicating no conviction, ETF outflows of $145.7M signal institutional selling, and AI feedback loop warns of weak BUY accuracy. No compelling edge exists to deviate from default."
125,2026-05-10T13:00:17+00:00,15m,SCORED,80905.6,2026-05-10T13:30:00+00:00,80984.8,live_15m_csv,0.0979,learning_only_scan,59.1,47,0.001543,HOLD,0,OK_HOLD,,tq65_shadow60_risk_v1,BUY,trade_quality,65,Trade Quality Score 80.0/100 is above BUY threshold 65.0. Primary reason: quality_high. Original Claude HOLD reason: Malformed AI response — holding to be safe,80.0,70.0,HOLD,bb_squeeze,Bollinger Band squeeze (width=0.0028). No directional trend — skipping.,1,bb_squeeze,80905.6,80.0,OK_HOLD,,0,70.0,risk_block_bb_squeeze,BUY,80.0,quality_high,80813.15,83332.77,70.0,bullish,"higher_timeframe_bullish, bullish_bos_or_choch, bearish_liquidity_sweep, price_in_premium, active_bullish_order_block, active_bullish_fvg, momentum_confirms_bullish",bullish: HL/HH/HL/HH,bearish_sweep,2 active,5 active,premium,bullish,BUY,70.0,bullish,"higher_timeframe_bullish, bullish_bos_or_choch, bearish_liquidity_sweep, price_in_premium, active_bullish_order_block, active_bullish_fvg, momentum_confirms_bullish",,,,,,,,,rsi_55_65|fg_neutral|funding_positive|trigger_learning_only_scan|final_HOLD|claude_HOLD|candidate_BUY|candidate_source_trade_quality,Malformed AI response — holding to be safe
125,2026-05-10T13:00:17+00:00,1h,SCORED,80905.6,2026-05-10T14:15:00+00:00,80894.9,live_15m_csv,-0.0132,learning_only_scan,59.1,47,0.001543,HOLD,0,OK_HOLD,,tq65_shadow60_risk_v1,BUY,trade_quality,65,Trade Quality Score 80.0/100 is above BUY threshold 65.0. Primary reason: quality_high. Original Claude HOLD reason: Malformed AI response — holding to be safe,80.0,70.0,HOLD,bb_squeeze,Bollinger Band squeeze (width=0.0028). No directional trend — skipping.,1,bb_squeeze,80905.6,80.0,OK_HOLD,,0,70.0,risk_block_bb_squeeze,BUY,80.0,quality_high,80813.15,83332.77,70.0,bullish,"higher_timeframe_bullish, bullish_bos_or_choch, bearish_liquidity_sweep, price_in_premium, active_bullish_order_block, active_bullish_fvg, momentum_confirms_bullish",bullish: HL/HH/HL/HH,bearish_sweep,2 active,5 active,premium,bullish,BUY,70.0,bullish,"higher_timeframe_bullish, bullish_bos_or_choch, bearish_liquidity_sweep, price_in_premium, active_bullish_order_block, active_bullish_fvg, momentum_confirms_bullish",,,,,,,,,rsi_55_65|fg_neutral|funding_positive|trigger_learning_only_scan|final_HOLD|claude_HOLD|candidate_BUY|candidate_source_trade_quality,Malformed AI response — holding to be safe
125,2026-05-10T13:00:17+00:00,4h,SCORED,80905.6,2026-05-10T17:00:41+00:00,81338.1,decisions,0.5346,learning_only_scan,59.1,47,0.001543,HOLD,0,OK_HOLD,,tq65_shadow60_risk_v1,BUY,trade_quality,65,Trade Quality Score 80.0/100 is above BUY threshold 65.0. Primary reason: quality_high. Original Claude HOLD reason: Malformed AI response — holding to be safe,80.0,70.0,HOLD,bb_squeeze,Bollinger Band squeeze (width=0.0028). No directional trend — skipping.,1,bb_squeeze,80905.6,80.0,OK_HOLD,,0,70.0,risk_block_bb_squeeze,BUY,80.0,quality_high,80813.15,83332.77,70.0,bullish,"higher_timeframe_bullish, bullish_bos_or_choch, bearish_liquidity_sweep, price_in_premium, active_bullish_order_block, active_bullish_fvg, momentum_confirms_bullish",bullish: HL/HH/HL/HH,bearish_sweep,2 active,5 active,premium,bullish,BUY,70.0,bullish,"higher_timeframe_bullish, bullish_bos_or_choch, bearish_liquidity_sweep, price_in_premium, active_bullish_order_block, active_bullish_fvg, momentum_confirms_bullish",,,,,,,,,rsi_55_65|fg_neutral|funding_positive|trigger_learning_only_scan|final_HOLD|claude_HOLD|candidate_BUY|candidate_source_trade_quality,Malformed AI response — holding to be safe
125,2026-05-10T13:00:17+00:00,24h,PENDING,80905.6,,,,,learning_only_scan,59.1,47,0.001543,HOLD,0,PENDING,,tq65_shadow60_risk_v1,BUY,trade_quality,65,Trade Quality Score 80.0/100 is above BUY threshold 65.0. Primary reason: quality_high. Original Claude HOLD reason: Malformed AI response — holding to be safe,80.0,70.0,HOLD,bb_squeeze,Bollinger Band squeeze (width=0.0028). No directional trend — skipping.,1,bb_squeeze,80905.6,80.0,PENDING,,0,70.0,risk_block_bb_squeeze,BUY,80.0,quality_high,80813.15,83332.77,70.0,bullish,"higher_timeframe_bullish, bullish_bos_or_choch, bearish_liquidity_sweep, price_in_premium, active_bullish_order_block, active_bullish_fvg, momentum_confirms_bullish",bullish: HL/HH/HL/HH,bearish_sweep,2 active,5 active,premium,bullish,BUY,70.0,bullish,"higher_timeframe_bullish, bullish_bos_or_choch, bearish_liquidity_sweep, price_in_premium, active_bullish_order_block, active_bullish_fvg, momentum_confirms_bullish",,,,,,,,,rsi_55_65|fg_neutral|funding_positive|trigger_learning_only_scan|final_HOLD|claude_HOLD|candidate_BUY|candidate_source_trade_quality,Malformed AI response — holding to be safe
126,2026-05-10T14:00:16+00:00,15m,SCORED,80938.0,2026-05-10T14:30:00+00:00,80870.1,live_15m_csv,-0.0839,learning_only_scan,59.2,47,0.001543,HOLD,52,OK_HOLD,,tq65_shadow60_risk_v1,BUY,trade_quality,65,"Trade Quality Score 80.0/100 is above BUY threshold 65.0. Primary reason: quality_high. Original Claude HOLD reason: Mixed signals with no strong conviction: Bollinger Band squeeze suggests imminent move but direction unclear, volume ratio at 0.0 indicates no conviction, Stochastic at 86.5 is overbought, 24h historical return averages -5.19% in similar setups, ETF outflows of $145.7M today are bearish, and the AI feedback loop explicitly flags weak BUY accuracy at 4h. Historical evidence shows 20/20 similar moments all resulted in HOLD with a 40% win rate — marginal.",80.0,70.0,HOLD,bb_squeeze,Bollinger Band squeeze (width=0.0039). No directional trend — skipping.,1,bb_squeeze,80938.0,80.0,OK_HOLD,,0,70.0,risk_block_bb_squeeze,BUY,80.0,quality_high,80848.54,83366.14,70.0,bullish,"higher_timeframe_bullish, bullish_bos_or_choch, bearish_liquidity_sweep, price_in_premium, active_bullish_order_block, active_bullish_fvg, momentum_confirms_bullish",bullish: HL/HH/HL/HH,bearish_sweep,2 active,5 active,premium,bullish,BUY,70.0,bullish,"higher_timeframe_bullish, bullish_bos_or_choch, bearish_liquidity_sweep, price_in_premium, active_bullish_order_block, active_bullish_fvg, momentum_confirms_bullish",BUY,100.0,bullish,15m trend bullish; 15m price above EMA20; 15m price above EMA50; 15m price above EMA200; 15m momentum bullish; 1h price above EMA20,BUY,100.0,bullish,15m trend bullish; 15m price above EMA20; 15m price above EMA50; 15m price above EMA200; 15m momentum bullish; 1h price above EMA20,rsi_55_65|fg_neutral|funding_positive|trigger_learning_only_scan|final_HOLD|claude_HOLD|candidate_BUY|candidate_source_trade_quality,"Mixed signals with no strong conviction: Bollinger Band squeeze suggests imminent move but direction unclear, volume ratio at 0.0 indicates no conviction, Stochastic at 86.5 is overbought, 24h historical return averages -5.19% in similar setups, ETF outflows of $145.7M today are bearish, and the AI feedback loop explicitly flags weak BUY accuracy at 4h. Historical evidence shows 20/20 similar moments all resulted in HOLD with a 40% win rate — marginal."
126,2026-05-10T14:00:16+00:00,1h,SCORED,80938.0,2026-05-10T15:00:16+00:00,80980.6,decisions,0.0526,learning_only_scan,59.2,47,0.001543,HOLD,52,OK_HOLD,,tq65_shadow60_risk_v1,BUY,trade_quality,65,"Trade Quality Score 80.0/100 is above BUY threshold 65.0. Primary reason: quality_high. Original Claude HOLD reason: Mixed signals with no strong conviction: Bollinger Band squeeze suggests imminent move but direction unclear, volume ratio at 0.0 indicates no conviction, Stochastic at 86.5 is overbought, 24h historical return averages -5.19% in similar setups, ETF outflows of $145.7M today are bearish, and the AI feedback loop explicitly flags weak BUY accuracy at 4h. Historical evidence shows 20/20 similar moments all resulted in HOLD with a 40% win rate — marginal.",80.0,70.0,HOLD,bb_squeeze,Bollinger Band squeeze (width=0.0039). No directional trend — skipping.,1,bb_squeeze,80938.0,80.0,OK_HOLD,,0,70.0,risk_block_bb_squeeze,BUY,80.0,quality_high,80848.54,83366.14,70.0,bullish,"higher_timeframe_bullish, bullish_bos_or_choch, bearish_liquidity_sweep, price_in_premium, active_bullish_order_block, active_bullish_fvg, momentum_confirms_bullish",bullish: HL/HH/HL/HH,bearish_sweep,2 active,5 active,premium,bullish,BUY,70.0,bullish,"higher_timeframe_bullish, bullish_bos_or_choch, bearish_liquidity_sweep, price_in_premium, active_bullish_order_block, active_bullish_fvg, momentum_confirms_bullish",BUY,100.0,bullish,15m trend bullish; 15m price above EMA20; 15m price above EMA50; 15m price above EMA200; 15m momentum bullish; 1h price above EMA20,BUY,100.0,bullish,15m trend bullish; 15m price above EMA20; 15m price above EMA50; 15m price above EMA200; 15m momentum bullish; 1h price above EMA20,rsi_55_65|fg_neutral|funding_positive|trigger_learning_only_scan|final_HOLD|claude_HOLD|candidate_BUY|candidate_source_trade_quality,"Mixed signals with no strong conviction: Bollinger Band squeeze suggests imminent move but direction unclear, volume ratio at 0.0 indicates no conviction, Stochastic at 86.5 is overbought, 24h historical return averages -5.19% in similar setups, ETF outflows of $145.7M today are bearish, and the AI feedback loop explicitly flags weak BUY accuracy at 4h. Historical evidence shows 20/20 similar moments all resulted in HOLD with a 40% win rate — marginal."
126,2026-05-10T14:00:16+00:00,4h,SCORED,80938.0,2026-05-10T18:00:17+00:00,81478.1,decisions,0.6673,learning_only_scan,59.2,47,0.001543,HOLD,52,OK_HOLD,,tq65_shadow60_risk_v1,BUY,trade_quality,65,"Trade Quality Score 80.0/100 is above BUY threshold 65.0. Primary reason: quality_high. Original Claude HOLD reason: Mixed signals with no strong conviction: Bollinger Band squeeze suggests imminent move but direction unclear, volume ratio at 0.0 indicates no conviction, Stochastic at 86.5 is overbought, 24h historical return averages -5.19% in similar setups, ETF outflows of $145.7M today are bearish, and the AI feedback loop explicitly flags weak BUY accuracy at 4h. Historical evidence shows 20/20 similar moments all resulted in HOLD with a 40% win rate — marginal.",80.0,70.0,HOLD,bb_squeeze,Bollinger Band squeeze (width=0.0039). No directional trend — skipping.,1,bb_squeeze,80938.0,80.0,OK_HOLD,,0,70.0,risk_block_bb_squeeze,BUY,80.0,quality_high,80848.54,83366.14,70.0,bullish,"higher_timeframe_bullish, bullish_bos_or_choch, bearish_liquidity_sweep, price_in_premium, active_bullish_order_block, active_bullish_fvg, momentum_confirms_bullish",bullish: HL/HH/HL/HH,bearish_sweep,2 active,5 active,premium,bullish,BUY,70.0,bullish,"higher_timeframe_bullish, bullish_bos_or_choch, bearish_liquidity_sweep, price_in_premium, active_bullish_order_block, active_bullish_fvg, momentum_confirms_bullish",BUY,100.0,bullish,15m trend bullish; 15m price above EMA20; 15m price above EMA50; 15m price above EMA200; 15m momentum bullish; 1h price above EMA20,BUY,100.0,bullish,15m trend bullish; 15m price above EMA20; 15m price above EMA50; 15m price above EMA200; 15m momentum bullish; 1h price above EMA20,rsi_55_65|fg_neutral|funding_positive|trigger_learning_only_scan|final_HOLD|claude_HOLD|candidate_BUY|candidate_source_trade_quality,"Mixed signals with no strong conviction: Bollinger Band squeeze suggests imminent move but direction unclear, volume ratio at 0.0 indicates no conviction, Stochastic at 86.5 is overbought, 24h historical return averages -5.19% in similar setups, ETF outflows of $145.7M today are bearish, and the AI feedback loop explicitly flags weak BUY accuracy at 4h. Historical evidence shows 20/20 similar moments all resulted in HOLD with a 40% win rate — marginal."
126,2026-05-10T14:00:16+00:00,24h,PENDING,80938.0,,,,,learning_only_scan,59.2,47,0.001543,HOLD,52,PENDING,,tq65_shadow60_risk_v1,BUY,trade_quality,65,"Trade Quality Score 80.0/100 is above BUY threshold 65.0. Primary reason: quality_high. Original Claude HOLD reason: Mixed signals with no strong conviction: Bollinger Band squeeze suggests imminent move but direction unclear, volume ratio at 0.0 indicates no conviction, Stochastic at 86.5 is overbought, 24h historical return averages -5.19% in similar setups, ETF outflows of $145.7M today are bearish, and the AI feedback loop explicitly flags weak BUY accuracy at 4h. Historical evidence shows 20/20 similar moments all resulted in HOLD with a 40% win rate — marginal.",80.0,70.0,HOLD,bb_squeeze,Bollinger Band squeeze (width=0.0039). No directional trend — skipping.,1,bb_squeeze,80938.0,80.0,PENDING,,0,70.0,risk_block_bb_squeeze,BUY,80.0,quality_high,80848.54,83366.14,70.0,bullish,"higher_timeframe_bullish, bullish_bos_or_choch, bearish_liquidity_sweep, price_in_premium, active_bullish_order_block, active_bullish_fvg, momentum_confirms_bullish",bullish: HL/HH/HL/HH,bearish_sweep,2 active,5 active,premium,bullish,BUY,70.0,bullish,"higher_timeframe_bullish, bullish_bos_or_choch, bearish_liquidity_sweep, price_in_premium, active_bullish_order_block, active_bullish_fvg, momentum_confirms_bullish",BUY,100.0,bullish,15m trend bullish; 15m price above EMA20; 15m price above EMA50; 15m price above EMA200; 15m momentum bullish; 1h price above EMA20,BUY,100.0,bullish,15m trend bullish; 15m price above EMA20; 15m price above EMA50; 15m price above EMA200; 15m momentum bullish; 1h price above EMA20,rsi_55_65|fg_neutral|funding_positive|trigger_learning_only_scan|final_HOLD|claude_HOLD|candidate_BUY|candidate_source_trade_quality,"Mixed signals with no strong conviction: Bollinger Band squeeze suggests imminent move but direction unclear, volume ratio at 0.0 indicates no conviction, Stochastic at 86.5 is overbought, 24h historical return averages -5.19% in similar setups, ETF outflows of $145.7M today are bearish, and the AI feedback loop explicitly flags weak BUY accuracy at 4h. Historical evidence shows 20/20 similar moments all resulted in HOLD with a 40% win rate — marginal."
127,2026-05-10T14:52:26+00:00,15m,SCORED,80929.8,2026-05-10T15:15:00+00:00,80961.2,live_15m_csv,0.0388,scheduled,57.3,47,0.001543,HOLD,72,OK_HOLD,,tq65_shadow60_risk_v1,BUY,trade_quality,72,"Trade Quality Score 79.0/100 is above BUY threshold 65.0. Primary reason: quality_high. Original Claude HOLD reason: Historical evidence is decisively bearish: 30% win rate with avg 24h return of -1.72%, triggering the hard HOLD threshold (win rate < 35%, avg 24h return < 0). Additionally, ETF outflows of -$145.7M signal institutional selling, long/short ratio of 0.73 shows more shorts than longs, MACD is bearish (signal above MACD line), volume ratio is low at 0.82, and the AI feedback loop explicitly flags weak BUY accuracy at 4h.",79.0,69.0,HOLD,bb_squeeze,Bollinger Band squeeze (width=0.0035). No directional trend — skipping.,1,bb_squeeze,80929.8,79.0,OK_HOLD,,0,69.0,risk_block_bb_squeeze,BUY,79.0,quality_high,80829.84,83357.69,60.0,bullish,"higher_timeframe_bullish, bullish_bos_or_choch, bearish_liquidity_sweep, price_in_premium, active_bullish_order_block, active_bullish_fvg",bullish: HL/HH/HL/HH,bearish_sweep,2 active,5 active,premium,bullish,BUY,60.0,bullish,"higher_timeframe_bullish, bullish_bos_or_choch, bearish_liquidity_sweep, price_in_premium, active_bullish_order_block, active_bullish_fvg",,,,,,,,,rsi_55_65|fg_neutral|funding_positive|trigger_scheduled|final_HOLD|claude_HOLD|candidate_BUY|candidate_source_trade_quality,"Historical evidence is decisively bearish: 30% win rate with avg 24h return of -1.72%, triggering the hard HOLD threshold (win rate < 35%, avg 24h return < 0). Additionally, ETF outflows of -$145.7M signal institutional selling, long/short ratio of 0.73 shows more shorts than longs, MACD is bearish (signal above MACD line), volume ratio is low at 0.82, and the AI feedback loop explicitly flags weak BUY accuracy at 4h."
127,2026-05-10T14:52:26+00:00,1h,SCORED,80929.8,2026-05-10T16:00:00+00:00,81474.1,live_15m_csv,0.6726,scheduled,57.3,47,0.001543,HOLD,72,OK_HOLD,,tq65_shadow60_risk_v1,BUY,trade_quality,72,"Trade Quality Score 79.0/100 is above BUY threshold 65.0. Primary reason: quality_high. Original Claude HOLD reason: Historical evidence is decisively bearish: 30% win rate with avg 24h return of -1.72%, triggering the hard HOLD threshold (win rate < 35%, avg 24h return < 0). Additionally, ETF outflows of -$145.7M signal institutional selling, long/short ratio of 0.73 shows more shorts than longs, MACD is bearish (signal above MACD line), volume ratio is low at 0.82, and the AI feedback loop explicitly flags weak BUY accuracy at 4h.",79.0,69.0,HOLD,bb_squeeze,Bollinger Band squeeze (width=0.0035). No directional trend — skipping.,1,bb_squeeze,80929.8,79.0,OK_HOLD,,0,69.0,risk_block_bb_squeeze,BUY,79.0,quality_high,80829.84,83357.69,60.0,bullish,"higher_timeframe_bullish, bullish_bos_or_choch, bearish_liquidity_sweep, price_in_premium, active_bullish_order_block, active_bullish_fvg",bullish: HL/HH/HL/HH,bearish_sweep,2 active,5 active,premium,bullish,BUY,60.0,bullish,"higher_timeframe_bullish, bullish_bos_or_choch, bearish_liquidity_sweep, price_in_premium, active_bullish_order_block, active_bullish_fvg",,,,,,,,,rsi_55_65|fg_neutral|funding_positive|trigger_scheduled|final_HOLD|claude_HOLD|candidate_BUY|candidate_source_trade_quality,"Historical evidence is decisively bearish: 30% win rate with avg 24h return of -1.72%, triggering the hard HOLD threshold (win rate < 35%, avg 24h return < 0). Additionally, ETF outflows of -$145.7M signal institutional selling, long/short ratio of 0.73 shows more shorts than longs, MACD is bearish (signal above MACD line), volume ratio is low at 0.82, and the AI feedback loop explicitly flags weak BUY accuracy at 4h."
127,2026-05-10T14:52:26+00:00,4h,SCORED,80929.8,2026-05-10T18:54:23+00:00,81259.1,decisions,0.4069,scheduled,57.3,47,0.001543,HOLD,72,OK_HOLD,,tq65_shadow60_risk_v1,BUY,trade_quality,72,"Trade Quality Score 79.0/100 is above BUY threshold 65.0. Primary reason: quality_high. Original Claude HOLD reason: Historical evidence is decisively bearish: 30% win rate with avg 24h return of -1.72%, triggering the hard HOLD threshold (win rate < 35%, avg 24h return < 0). Additionally, ETF outflows of -$145.7M signal institutional selling, long/short ratio of 0.73 shows more shorts than longs, MACD is bearish (signal above MACD line), volume ratio is low at 0.82, and the AI feedback loop explicitly flags weak BUY accuracy at 4h.",79.0,69.0,HOLD,bb_squeeze,Bollinger Band squeeze (width=0.0035). No directional trend — skipping.,1,bb_squeeze,80929.8,79.0,OK_HOLD,,0,69.0,risk_block_bb_squeeze,BUY,79.0,quality_high,80829.84,83357.69,60.0,bullish,"higher_timeframe_bullish, bullish_bos_or_choch, bearish_liquidity_sweep, price_in_premium, active_bullish_order_block, active_bullish_fvg",bullish: HL/HH/HL/HH,bearish_sweep,2 active,5 active,premium,bullish,BUY,60.0,bullish,"higher_timeframe_bullish, bullish_bos_or_choch, bearish_liquidity_sweep, price_in_premium, active_bullish_order_block, active_bullish_fvg",,,,,,,,,rsi_55_65|fg_neutral|funding_positive|trigger_scheduled|final_HOLD|claude_HOLD|candidate_BUY|candidate_source_trade_quality,"Historical evidence is decisively bearish: 30% win rate with avg 24h return of -1.72%, triggering the hard HOLD threshold (win rate < 35%, avg 24h return < 0). Additionally, ETF outflows of -$145.7M signal institutional selling, long/short ratio of 0.73 shows more shorts than longs, MACD is bearish (signal above MACD line), volume ratio is low at 0.82, and the AI feedback loop explicitly flags weak BUY accuracy at 4h."
127,2026-05-10T14:52:26+00:00,24h,PENDING,80929.8,,,,,scheduled,57.3,47,0.001543,HOLD,72,PENDING,,tq65_shadow60_risk_v1,BUY,trade_quality,72,"Trade Quality Score 79.0/100 is above BUY threshold 65.0. Primary reason: quality_high. Original Claude HOLD reason: Historical evidence is decisively bearish: 30% win rate with avg 24h return of -1.72%, triggering the hard HOLD threshold (win rate < 35%, avg 24h return < 0). Additionally, ETF outflows of -$145.7M signal institutional selling, long/short ratio of 0.73 shows more shorts than longs, MACD is bearish (signal above MACD line), volume ratio is low at 0.82, and the AI feedback loop explicitly flags weak BUY accuracy at 4h.",79.0,69.0,HOLD,bb_squeeze,Bollinger Band squeeze (width=0.0035). No directional trend — skipping.,1,bb_squeeze,80929.8,79.0,PENDING,,0,69.0,risk_block_bb_squeeze,BUY,79.0,quality_high,80829.84,83357.69,60.0,bullish,"higher_timeframe_bullish, bullish_bos_or_choch, bearish_liquidity_sweep, price_in_premium, active_bullish_order_block, active_bullish_fvg",bullish: HL/HH/HL/HH,bearish_sweep,2 active,5 active,premium,bullish,BUY,60.0,bullish,"higher_timeframe_bullish, bullish_bos_or_choch, bearish_liquidity_sweep, price_in_premium, active_bullish_order_block, active_bullish_fvg",,,,,,,,,rsi_55_65|fg_neutral|funding_positive|trigger_scheduled|final_HOLD|claude_HOLD|candidate_BUY|candidate_source_trade_quality,"Historical evidence is decisively bearish: 30% win rate with avg 24h return of -1.72%, triggering the hard HOLD threshold (win rate < 35%, avg 24h return < 0). Additionally, ETF outflows of -$145.7M signal institutional selling, long/short ratio of 0.73 shows more shorts than longs, MACD is bearish (signal above MACD line), volume ratio is low at 0.82, and the AI feedback loop explicitly flags weak BUY accuracy at 4h."
128,2026-05-10T15:00:16+00:00,15m,SCORED,80980.6,2026-05-10T15:30:00+00:00,81112.5,live_15m_csv,0.1629,learning_only_scan,60.7,47,0.001543,HOLD,45,OK_HOLD,,tq65_shadow60_risk_v1,BUY,trade_quality,65,"Trade Quality Score 70.0/100 is above BUY threshold 65.0. Primary reason: quality_high. Original Claude HOLD reason: Mixed signals prevent conviction: technicals are constructive (price above all EMAs, bullish MACD, neutral Fear & Greed) but volume ratio is effectively zero indicating no real buying pressure, Stoch RSI is overbought at 82.1, 24h historical return is deeply negative at -5.19%, ETF outflows of -$145.7M signal institutional selling, and all 20 historical analogs resulted in HOLD. The BB squeeze could precede a move in either direction.",70.0,70.0,HOLD,exchange_alert,"Exchange alert: Ripple's 'North Star' XRP Doubles ETF Inflows Amid Tokenization Breakthrough; SHIB Decouples From Dogecoin; Bitcoin Eyes $94,500 as 'Sell in May' Trigger: Bollinger Bands - Morning Crypto Report  u.to. Holding until market stabilises.",1,exchange_alert,80980.6,70.0,OK_HOLD,,0,70.0,risk_block_exchange_alert,BUY,70.0,quality_high,80881.01,83410.02,70.0,bullish,"higher_timeframe_bullish, bullish_bos_or_choch, bearish_liquidity_sweep, price_in_premium, active_bullish_order_block, active_bullish_fvg, momentum_confirms_bullish",bullish: HL/HH/HL/HH,bearish_sweep,2 active,4 active,premium,bullish,BUY,70.0,bullish,"higher_timeframe_bullish, bullish_bos_or_choch, bearish_liquidity_sweep, price_in_premium, active_bullish_order_block, active_bullish_fvg, momentum_confirms_bullish",BUY,100.0,bullish,15m trend bullish; 15m price above EMA20; 15m price above EMA50; 15m price above EMA200; 15m momentum bullish; 1h price above EMA20,BUY,100.0,bullish,15m trend bullish; 15m price above EMA20; 15m price above EMA50; 15m price above EMA200; 15m momentum bullish; 1h price above EMA20,rsi_55_65|fg_neutral|funding_positive|trigger_learning_only_scan|final_HOLD|claude_HOLD|candidate_BUY|candidate_source_trade_quality,"Mixed signals prevent conviction: technicals are constructive (price above all EMAs, bullish MACD, neutral Fear & Greed) but volume ratio is effectively zero indicating no real buying pressure, Stoch RSI is overbought at 82.1, 24h historical return is deeply negative at -5.19%, ETF outflows of -$145.7M signal institutional selling, and all 20 historical analogs resulted in HOLD. The BB squeeze could precede a move in either direction."
128,2026-05-10T15:00:16+00:00,1h,SCORED,80980.6,2026-05-10T16:00:35+00:00,81411.7,decisions,0.5323,learning_only_scan,60.7,47,0.001543,HOLD,45,OK_HOLD,,tq65_shadow60_risk_v1,BUY,trade_quality,65,"Trade Quality Score 70.0/100 is above BUY threshold 65.0. Primary reason: quality_high. Original Claude HOLD reason: Mixed signals prevent conviction: technicals are constructive (price above all EMAs, bullish MACD, neutral Fear & Greed) but volume ratio is effectively zero indicating no real buying pressure, Stoch RSI is overbought at 82.1, 24h historical return is deeply negative at -5.19%, ETF outflows of -$145.7M signal institutional selling, and all 20 historical analogs resulted in HOLD. The BB squeeze could precede a move in either direction.",70.0,70.0,HOLD,exchange_alert,"Exchange alert: Ripple's 'North Star' XRP Doubles ETF Inflows Amid Tokenization Breakthrough; SHIB Decouples From Dogecoin; Bitcoin Eyes $94,500 as 'Sell in May' Trigger: Bollinger Bands - Morning Crypto Report  u.to. Holding until market stabilises.",1,exchange_alert,80980.6,70.0,OK_HOLD,,0,70.0,risk_block_exchange_alert,BUY,70.0,quality_high,80881.01,83410.02,70.0,bullish,"higher_timeframe_bullish, bullish_bos_or_choch, bearish_liquidity_sweep, price_in_premium, active_bullish_order_block, active_bullish_fvg, momentum_confirms_bullish",bullish: HL/HH/HL/HH,bearish_sweep,2 active,4 active,premium,bullish,BUY,70.0,bullish,"higher_timeframe_bullish, bullish_bos_or_choch, bearish_liquidity_sweep, price_in_premium, active_bullish_order_block, active_bullish_fvg, momentum_confirms_bullish",BUY,100.0,bullish,15m trend bullish; 15m price above EMA20; 15m price above EMA50; 15m price above EMA200; 15m momentum bullish; 1h price above EMA20,BUY,100.0,bullish,15m trend bullish; 15m price above EMA20; 15m price above EMA50; 15m price above EMA200; 15m momentum bullish; 1h price above EMA20,rsi_55_65|fg_neutral|funding_positive|trigger_learning_only_scan|final_HOLD|claude_HOLD|candidate_BUY|candidate_source_trade_quality,"Mixed signals prevent conviction: technicals are constructive (price above all EMAs, bullish MACD, neutral Fear & Greed) but volume ratio is effectively zero indicating no real buying pressure, Stoch RSI is overbought at 82.1, 24h historical return is deeply negative at -5.19%, ETF outflows of -$145.7M signal institutional selling, and all 20 historical analogs resulted in HOLD. The BB squeeze could precede a move in either direction."
128,2026-05-10T15:00:16+00:00,4h,PENDING,80980.6,,,,,learning_only_scan,60.7,47,0.001543,HOLD,45,PENDING,,tq65_shadow60_risk_v1,BUY,trade_quality,65,"Trade Quality Score 70.0/100 is above BUY threshold 65.0. Primary reason: quality_high. Original Claude HOLD reason: Mixed signals prevent conviction: technicals are constructive (price above all EMAs, bullish MACD, neutral Fear & Greed) but volume ratio is effectively zero indicating no real buying pressure, Stoch RSI is overbought at 82.1, 24h historical return is deeply negative at -5.19%, ETF outflows of -$145.7M signal institutional selling, and all 20 historical analogs resulted in HOLD. The BB squeeze could precede a move in either direction.",70.0,70.0,HOLD,exchange_alert,"Exchange alert: Ripple's 'North Star' XRP Doubles ETF Inflows Amid Tokenization Breakthrough; SHIB Decouples From Dogecoin; Bitcoin Eyes $94,500 as 'Sell in May' Trigger: Bollinger Bands - Morning Crypto Report  u.to. Holding until market stabilises.",1,exchange_alert,80980.6,70.0,PENDING,,0,70.0,risk_block_exchange_alert,BUY,70.0,quality_high,80881.01,83410.02,70.0,bullish,"higher_timeframe_bullish, bullish_bos_or_choch, bearish_liquidity_sweep, price_in_premium, active_bullish_order_block, active_bullish_fvg, momentum_confirms_bullish",bullish: HL/HH/HL/HH,bearish_sweep,2 active,4 active,premium,bullish,BUY,70.0,bullish,"higher_timeframe_bullish, bullish_bos_or_choch, bearish_liquidity_sweep, price_in_premium, active_bullish_order_block, active_bullish_fvg, momentum_confirms_bullish",BUY,100.0,bullish,15m trend bullish; 15m price above EMA20; 15m price above EMA50; 15m price above EMA200; 15m momentum bullish; 1h price above EMA20,BUY,100.0,bullish,15m trend bullish; 15m price above EMA20; 15m price above EMA50; 15m price above EMA200; 15m momentum bullish; 1h price above EMA20,rsi_55_65|fg_neutral|funding_positive|trigger_learning_only_scan|final_HOLD|claude_HOLD|candidate_BUY|candidate_source_trade_quality,"Mixed signals prevent conviction: technicals are constructive (price above all EMAs, bullish MACD, neutral Fear & Greed) but volume ratio is effectively zero indicating no real buying pressure, Stoch RSI is overbought at 82.1, 24h historical return is deeply negative at -5.19%, ETF outflows of -$145.7M signal institutional selling, and all 20 historical analogs resulted in HOLD. The BB squeeze could precede a move in either direction."
128,2026-05-10T15:00:16+00:00,24h,PENDING,80980.6,,,,,learning_only_scan,60.7,47,0.001543,HOLD,45,PENDING,,tq65_shadow60_risk_v1,BUY,trade_quality,65,"Trade Quality Score 70.0/100 is above BUY threshold 65.0. Primary reason: quality_high. Original Claude HOLD reason: Mixed signals prevent conviction: technicals are constructive (price above all EMAs, bullish MACD, neutral Fear & Greed) but volume ratio is effectively zero indicating no real buying pressure, Stoch RSI is overbought at 82.1, 24h historical return is deeply negative at -5.19%, ETF outflows of -$145.7M signal institutional selling, and all 20 historical analogs resulted in HOLD. The BB squeeze could precede a move in either direction.",70.0,70.0,HOLD,exchange_alert,"Exchange alert: Ripple's 'North Star' XRP Doubles ETF Inflows Amid Tokenization Breakthrough; SHIB Decouples From Dogecoin; Bitcoin Eyes $94,500 as 'Sell in May' Trigger: Bollinger Bands - Morning Crypto Report  u.to. Holding until market stabilises.",1,exchange_alert,80980.6,70.0,PENDING,,0,70.0,risk_block_exchange_alert,BUY,70.0,quality_high,80881.01,83410.02,70.0,bullish,"higher_timeframe_bullish, bullish_bos_or_choch, bearish_liquidity_sweep, price_in_premium, active_bullish_order_block, active_bullish_fvg, momentum_confirms_bullish",bullish: HL/HH/HL/HH,bearish_sweep,2 active,4 active,premium,bullish,BUY,70.0,bullish,"higher_timeframe_bullish, bullish_bos_or_choch, bearish_liquidity_sweep, price_in_premium, active_bullish_order_block, active_bullish_fvg, momentum_confirms_bullish",BUY,100.0,bullish,15m trend bullish; 15m price above EMA20; 15m price above EMA50; 15m price above EMA200; 15m momentum bullish; 1h price above EMA20,BUY,100.0,bullish,15m trend bullish; 15m price above EMA20; 15m price above EMA50; 15m price above EMA200; 15m momentum bullish; 1h price above EMA20,rsi_55_65|fg_neutral|funding_positive|trigger_learning_only_scan|final_HOLD|claude_HOLD|candidate_BUY|candidate_source_trade_quality,"Mixed signals prevent conviction: technicals are constructive (price above all EMAs, bullish MACD, neutral Fear & Greed) but volume ratio is effectively zero indicating no real buying pressure, Stoch RSI is overbought at 82.1, 24h historical return is deeply negative at -5.19%, ETF outflows of -$145.7M signal institutional selling, and all 20 historical analogs resulted in HOLD. The BB squeeze could precede a move in either direction."
129,2026-05-10T16:00:35+00:00,15m,SCORED,81411.7,2026-05-10T16:30:00+00:00,81236.6,live_15m_csv,-0.2151,learning_only_scan,76.2,47,0.001543,HOLD,55,OK_HOLD,,tq65_shadow60_risk_v1,HOLD,none,55,"Multiple overbought signals (RSI 76.2, Stoch K 95.3) combined with extremely low volume ratio (0.27) suggest weak momentum behind the move. The 24h historical average return is -7.31% in similar setups, and all 20 historical analogs resulted in HOLD. ETF outflows of -$145.7M and negative long/short ratio (0.73) indicate institutional caution. AI feedback loop explicitly flags Claude BUY calls as weak at 4h with 0.0 accuracy.",64.5,64.5,HOLD,exchange_alert,"Exchange alert: Bitcoin Network Flooded With 200,000 'Ghosts', Core Dev Jameson Lopp Warns About Stealth Sybil Attack  u.today. Holding until market stabilises.",0,exchange_alert,,,OK_HOLD,,0,64.5,risk_block_exchange_alert,BUY,64.5,quality_not_high_enough,81272.57,83854.05,70.0,bullish,"higher_timeframe_bullish, bullish_bos_or_choch, bearish_liquidity_sweep, price_in_premium, active_bullish_order_block, active_bullish_fvg, momentum_confirms_bullish",bullish: HL/HH/HL/HH,bearish_sweep,3 active,5 active,premium,bullish,BUY,70.0,bullish,"higher_timeframe_bullish, bullish_bos_or_choch, bearish_liquidity_sweep, price_in_premium, active_bullish_order_block, active_bullish_fvg, momentum_confirms_bullish",BUY,100.0,bullish,15m trend bullish; 15m price above EMA20; 15m price above EMA50; 15m price above EMA200; 1h price above EMA20; 1h price above EMA50,BUY,100.0,bullish,15m trend bullish; 15m price above EMA20; 15m price above EMA50; 15m price above EMA200; 1h price above EMA20; 1h price above EMA50,rsi_gte_65|fg_neutral|funding_positive|trigger_learning_only_scan|final_HOLD|claude_HOLD|candidate_HOLD|candidate_source_none,"Multiple overbought signals (RSI 76.2, Stoch K 95.3) combined with extremely low volume ratio (0.27) suggest weak momentum behind the move. The 24h historical average return is -7.31% in similar setups, and all 20 historical analogs resulted in HOLD. ETF outflows of -$145.7M and negative long/short ratio (0.73) indicate institutional caution. AI feedback loop explicitly flags Claude BUY calls as weak at 4h with 0.0 accuracy."
129,2026-05-10T16:00:35+00:00,1h,SCORED,81411.7,2026-05-10T17:00:41+00:00,81338.1,decisions,-0.0904,learning_only_scan,76.2,47,0.001543,HOLD,55,OK_HOLD,,tq65_shadow60_risk_v1,HOLD,none,55,"Multiple overbought signals (RSI 76.2, Stoch K 95.3) combined with extremely low volume ratio (0.27) suggest weak momentum behind the move. The 24h historical average return is -7.31% in similar setups, and all 20 historical analogs resulted in HOLD. ETF outflows of -$145.7M and negative long/short ratio (0.73) indicate institutional caution. AI feedback loop explicitly flags Claude BUY calls as weak at 4h with 0.0 accuracy.",64.5,64.5,HOLD,exchange_alert,"Exchange alert: Bitcoin Network Flooded With 200,000 'Ghosts', Core Dev Jameson Lopp Warns About Stealth Sybil Attack  u.today. Holding until market stabilises.",0,exchange_alert,,,OK_HOLD,,0,64.5,risk_block_exchange_alert,BUY,64.5,quality_not_high_enough,81272.57,83854.05,70.0,bullish,"higher_timeframe_bullish, bullish_bos_or_choch, bearish_liquidity_sweep, price_in_premium, active_bullish_order_block, active_bullish_fvg, momentum_confirms_bullish",bullish: HL/HH/HL/HH,bearish_sweep,3 active,5 active,premium,bullish,BUY,70.0,bullish,"higher_timeframe_bullish, bullish_bos_or_choch, bearish_liquidity_sweep, price_in_premium, active_bullish_order_block, active_bullish_fvg, momentum_confirms_bullish",BUY,100.0,bullish,15m trend bullish; 15m price above EMA20; 15m price above EMA50; 15m price above EMA200; 1h price above EMA20; 1h price above EMA50,BUY,100.0,bullish,15m trend bullish; 15m price above EMA20; 15m price above EMA50; 15m price above EMA200; 1h price above EMA20; 1h price above EMA50,rsi_gte_65|fg_neutral|funding_positive|trigger_learning_only_scan|final_HOLD|claude_HOLD|candidate_HOLD|candidate_source_none,"Multiple overbought signals (RSI 76.2, Stoch K 95.3) combined with extremely low volume ratio (0.27) suggest weak momentum behind the move. The 24h historical average return is -7.31% in similar setups, and all 20 historical analogs resulted in HOLD. ETF outflows of -$145.7M and negative long/short ratio (0.73) indicate institutional caution. AI feedback loop explicitly flags Claude BUY calls as weak at 4h with 0.0 accuracy."
129,2026-05-10T16:00:35+00:00,4h,PENDING,81411.7,,,,,learning_only_scan,76.2,47,0.001543,HOLD,55,PENDING,,tq65_shadow60_risk_v1,HOLD,none,55,"Multiple overbought signals (RSI 76.2, Stoch K 95.3) combined with extremely low volume ratio (0.27) suggest weak momentum behind the move. The 24h historical average return is -7.31% in similar setups, and all 20 historical analogs resulted in HOLD. ETF outflows of -$145.7M and negative long/short ratio (0.73) indicate institutional caution. AI feedback loop explicitly flags Claude BUY calls as weak at 4h with 0.0 accuracy.",64.5,64.5,HOLD,exchange_alert,"Exchange alert: Bitcoin Network Flooded With 200,000 'Ghosts', Core Dev Jameson Lopp Warns About Stealth Sybil Attack  u.today. Holding until market stabilises.",0,exchange_alert,,,PENDING,,0,64.5,risk_block_exchange_alert,BUY,64.5,quality_not_high_enough,81272.57,83854.05,70.0,bullish,"higher_timeframe_bullish, bullish_bos_or_choch, bearish_liquidity_sweep, price_in_premium, active_bullish_order_block, active_bullish_fvg, momentum_confirms_bullish",bullish: HL/HH/HL/HH,bearish_sweep,3 active,5 active,premium,bullish,BUY,70.0,bullish,"higher_timeframe_bullish, bullish_bos_or_choch, bearish_liquidity_sweep, price_in_premium, active_bullish_order_block, active_bullish_fvg, momentum_confirms_bullish",BUY,100.0,bullish,15m trend bullish; 15m price above EMA20; 15m price above EMA50; 15m price above EMA200; 1h price above EMA20; 1h price above EMA50,BUY,100.0,bullish,15m trend bullish; 15m price above EMA20; 15m price above EMA50; 15m price above EMA200; 1h price above EMA20; 1h price above EMA50,rsi_gte_65|fg_neutral|funding_positive|trigger_learning_only_scan|final_HOLD|claude_HOLD|candidate_HOLD|candidate_source_none,"Multiple overbought signals (RSI 76.2, Stoch K 95.3) combined with extremely low volume ratio (0.27) suggest weak momentum behind the move. The 24h historical average return is -7.31% in similar setups, and all 20 historical analogs resulted in HOLD. ETF outflows of -$145.7M and negative long/short ratio (0.73) indicate institutional caution. AI feedback loop explicitly flags Claude BUY calls as weak at 4h with 0.0 accuracy."
129,2026-05-10T16:00:35+00:00,24h,PENDING,81411.7,,,,,learning_only_scan,76.2,47,0.001543,HOLD,55,PENDING,,tq65_shadow60_risk_v1,HOLD,none,55,"Multiple overbought signals (RSI 76.2, Stoch K 95.3) combined with extremely low volume ratio (0.27) suggest weak momentum behind the move. The 24h historical average return is -7.31% in similar setups, and all 20 historical analogs resulted in HOLD. ETF outflows of -$145.7M and negative long/short ratio (0.73) indicate institutional caution. AI feedback loop explicitly flags Claude BUY calls as weak at 4h with 0.0 accuracy.",64.5,64.5,HOLD,exchange_alert,"Exchange alert: Bitcoin Network Flooded With 200,000 'Ghosts', Core Dev Jameson Lopp Warns About Stealth Sybil Attack  u.today. Holding until market stabilises.",0,exchange_alert,,,PENDING,,0,64.5,risk_block_exchange_alert,BUY,64.5,quality_not_high_enough,81272.57,83854.05,70.0,bullish,"higher_timeframe_bullish, bullish_bos_or_choch, bearish_liquidity_sweep, price_in_premium, active_bullish_order_block, active_bullish_fvg, momentum_confirms_bullish",bullish: HL/HH/HL/HH,bearish_sweep,3 active,5 active,premium,bullish,BUY,70.0,bullish,"higher_timeframe_bullish, bullish_bos_or_choch, bearish_liquidity_sweep, price_in_premium, active_bullish_order_block, active_bullish_fvg, momentum_confirms_bullish",BUY,100.0,bullish,15m trend bullish; 15m price above EMA20; 15m price above EMA50; 15m price above EMA200; 1h price above EMA20; 1h price above EMA50,BUY,100.0,bullish,15m trend bullish; 15m price above EMA20; 15m price above EMA50; 15m price above EMA200; 1h price above EMA20; 1h price above EMA50,rsi_gte_65|fg_neutral|funding_positive|trigger_learning_only_scan|final_HOLD|claude_HOLD|candidate_HOLD|candidate_source_none,"Multiple overbought signals (RSI 76.2, Stoch K 95.3) combined with extremely low volume ratio (0.27) suggest weak momentum behind the move. The 24h historical average return is -7.31% in similar setups, and all 20 historical analogs resulted in HOLD. ETF outflows of -$145.7M and negative long/short ratio (0.73) indicate institutional caution. AI feedback loop explicitly flags Claude BUY calls as weak at 4h with 0.0 accuracy."
130,2026-05-10T17:00:41+00:00,15m,SCORED,81338.1,2026-05-10T17:30:00+00:00,81348.8,live_15m_csv,0.0132,learning_only_scan,65.0,47,0.001543,HOLD,52,OK_HOLD,,tq65_shadow60_risk_v1,BUY,trade_quality,65,"Trade Quality Score 70.0/100 is above BUY threshold 65.0. Primary reason: quality_high. Original Claude HOLD reason: Mixed signals prevent conviction: technicals are mildly bullish (price above all EMAs, MACD bullish, RSI 65) but volume ratio is effectively zero indicating no participation, ETF outflows of -$145.7M signal institutional selling, long/short ratio of 0.73 is bearish-leaning, and 24h historical return at similar moments is -5.19%. The Bollinger Band squeeze could resolve either direction without volume confirmation.",70.0,70.0,HOLD,exchange_alert,"Exchange alert: Bitcoin Network Flooded With 200,000 'Ghosts', Core Dev Jameson Lopp Warns About Stealth Sybil Attack  u.today. Holding until market stabilises.",1,exchange_alert,81338.1,70.0,OK_HOLD,,0,70.0,risk_block_exchange_alert,BUY,70.0,quality_high,81186.72,83778.24,70.0,bullish,"higher_timeframe_bullish, bullish_bos_or_choch, bearish_liquidity_sweep, price_in_premium, active_bullish_order_block, active_bullish_fvg, active_bearish_fvg, momentum_confirms_bullish",bullish: HH/HL/HH/HL,bearish_sweep,3 active,7 active,premium,bullish,BUY,70.0,bullish,"higher_timeframe_bullish, bullish_bos_or_choch, bearish_liquidity_sweep, price_in_premium, active_bullish_order_block, active_bullish_fvg, active_bearish_fvg, momentum_confirms_bullish",BUY,100.0,bullish,15m trend bullish; 15m price above EMA20; 15m price above EMA50; 15m price above EMA200; 15m momentum bullish; 1h price above EMA20,BUY,100.0,bullish,15m trend bullish; 15m price above EMA20; 15m price above EMA50; 15m price above EMA200; 15m momentum bullish; 1h price above EMA20,rsi_gte_65|fg_neutral|funding_positive|trigger_learning_only_scan|final_HOLD|claude_HOLD|candidate_BUY|candidate_source_trade_quality,"Mixed signals prevent conviction: technicals are mildly bullish (price above all EMAs, MACD bullish, RSI 65) but volume ratio is effectively zero indicating no participation, ETF outflows of -$145.7M signal institutional selling, long/short ratio of 0.73 is bearish-leaning, and 24h historical return at similar moments is -5.19%. The Bollinger Band squeeze could resolve either direction without volume confirmation."
130,2026-05-10T17:00:41+00:00,1h,SCORED,81338.1,2026-05-10T18:15:00+00:00,81348.8,live_15m_csv,0.0132,learning_only_scan,65.0,47,0.001543,HOLD,52,OK_HOLD,,tq65_shadow60_risk_v1,BUY,trade_quality,65,"Trade Quality Score 70.0/100 is above BUY threshold 65.0. Primary reason: quality_high. Original Claude HOLD reason: Mixed signals prevent conviction: technicals are mildly bullish (price above all EMAs, MACD bullish, RSI 65) but volume ratio is effectively zero indicating no participation, ETF outflows of -$145.7M signal institutional selling, long/short ratio of 0.73 is bearish-leaning, and 24h historical return at similar moments is -5.19%. The Bollinger Band squeeze could resolve either direction without volume confirmation.",70.0,70.0,HOLD,exchange_alert,"Exchange alert: Bitcoin Network Flooded With 200,000 'Ghosts', Core Dev Jameson Lopp Warns About Stealth Sybil Attack  u.today. Holding until market stabilises.",1,exchange_alert,81338.1,70.0,OK_HOLD,,0,70.0,risk_block_exchange_alert,BUY,70.0,quality_high,81186.72,83778.24,70.0,bullish,"higher_timeframe_bullish, bullish_bos_or_choch, bearish_liquidity_sweep, price_in_premium, active_bullish_order_block, active_bullish_fvg, active_bearish_fvg, momentum_confirms_bullish",bullish: HH/HL/HH/HL,bearish_sweep,3 active,7 active,premium,bullish,BUY,70.0,bullish,"higher_timeframe_bullish, bullish_bos_or_choch, bearish_liquidity_sweep, price_in_premium, active_bullish_order_block, active_bullish_fvg, active_bearish_fvg, momentum_confirms_bullish",BUY,100.0,bullish,15m trend bullish; 15m price above EMA20; 15m price above EMA50; 15m price above EMA200; 15m momentum bullish; 1h price above EMA20,BUY,100.0,bullish,15m trend bullish; 15m price above EMA20; 15m price above EMA50; 15m price above EMA200; 15m momentum bullish; 1h price above EMA20,rsi_gte_65|fg_neutral|funding_positive|trigger_learning_only_scan|final_HOLD|claude_HOLD|candidate_BUY|candidate_source_trade_quality,"Mixed signals prevent conviction: technicals are mildly bullish (price above all EMAs, MACD bullish, RSI 65) but volume ratio is effectively zero indicating no participation, ETF outflows of -$145.7M signal institutional selling, long/short ratio of 0.73 is bearish-leaning, and 24h historical return at similar moments is -5.19%. The Bollinger Band squeeze could resolve either direction without volume confirmation."
130,2026-05-10T17:00:41+00:00,4h,PENDING,81338.1,,,,,learning_only_scan,65.0,47,0.001543,HOLD,52,PENDING,,tq65_shadow60_risk_v1,BUY,trade_quality,65,"Trade Quality Score 70.0/100 is above BUY threshold 65.0. Primary reason: quality_high. Original Claude HOLD reason: Mixed signals prevent conviction: technicals are mildly bullish (price above all EMAs, MACD bullish, RSI 65) but volume ratio is effectively zero indicating no participation, ETF outflows of -$145.7M signal institutional selling, long/short ratio of 0.73 is bearish-leaning, and 24h historical return at similar moments is -5.19%. The Bollinger Band squeeze could resolve either direction without volume confirmation.",70.0,70.0,HOLD,exchange_alert,"Exchange alert: Bitcoin Network Flooded With 200,000 'Ghosts', Core Dev Jameson Lopp Warns About Stealth Sybil Attack  u.today. Holding until market stabilises.",1,exchange_alert,81338.1,70.0,PENDING,,0,70.0,risk_block_exchange_alert,BUY,70.0,quality_high,81186.72,83778.24,70.0,bullish,"higher_timeframe_bullish, bullish_bos_or_choch, bearish_liquidity_sweep, price_in_premium, active_bullish_order_block, active_bullish_fvg, active_bearish_fvg, momentum_confirms_bullish",bullish: HH/HL/HH/HL,bearish_sweep,3 active,7 active,premium,bullish,BUY,70.0,bullish,"higher_timeframe_bullish, bullish_bos_or_choch, bearish_liquidity_sweep, price_in_premium, active_bullish_order_block, active_bullish_fvg, active_bearish_fvg, momentum_confirms_bullish",BUY,100.0,bullish,15m trend bullish; 15m price above EMA20; 15m price above EMA50; 15m price above EMA200; 15m momentum bullish; 1h price above EMA20,BUY,100.0,bullish,15m trend bullish; 15m price above EMA20; 15m price above EMA50; 15m price above EMA200; 15m momentum bullish; 1h price above EMA20,rsi_gte_65|fg_neutral|funding_positive|trigger_learning_only_scan|final_HOLD|claude_HOLD|candidate_BUY|candidate_source_trade_quality,"Mixed signals prevent conviction: technicals are mildly bullish (price above all EMAs, MACD bullish, RSI 65) but volume ratio is effectively zero indicating no participation, ETF outflows of -$145.7M signal institutional selling, long/short ratio of 0.73 is bearish-leaning, and 24h historical return at similar moments is -5.19%. The Bollinger Band squeeze could resolve either direction without volume confirmation."
130,2026-05-10T17:00:41+00:00,24h,PENDING,81338.1,,,,,learning_only_scan,65.0,47,0.001543,HOLD,52,PENDING,,tq65_shadow60_risk_v1,BUY,trade_quality,65,"Trade Quality Score 70.0/100 is above BUY threshold 65.0. Primary reason: quality_high. Original Claude HOLD reason: Mixed signals prevent conviction: technicals are mildly bullish (price above all EMAs, MACD bullish, RSI 65) but volume ratio is effectively zero indicating no participation, ETF outflows of -$145.7M signal institutional selling, long/short ratio of 0.73 is bearish-leaning, and 24h historical return at similar moments is -5.19%. The Bollinger Band squeeze could resolve either direction without volume confirmation.",70.0,70.0,HOLD,exchange_alert,"Exchange alert: Bitcoin Network Flooded With 200,000 'Ghosts', Core Dev Jameson Lopp Warns About Stealth Sybil Attack  u.today. Holding until market stabilises.",1,exchange_alert,81338.1,70.0,PENDING,,0,70.0,risk_block_exchange_alert,BUY,70.0,quality_high,81186.72,83778.24,70.0,bullish,"higher_timeframe_bullish, bullish_bos_or_choch, bearish_liquidity_sweep, price_in_premium, active_bullish_order_block, active_bullish_fvg, active_bearish_fvg, momentum_confirms_bullish",bullish: HH/HL/HH/HL,bearish_sweep,3 active,7 active,premium,bullish,BUY,70.0,bullish,"higher_timeframe_bullish, bullish_bos_or_choch, bearish_liquidity_sweep, price_in_premium, active_bullish_order_block, active_bullish_fvg, active_bearish_fvg, momentum_confirms_bullish",BUY,100.0,bullish,15m trend bullish; 15m price above EMA20; 15m price above EMA50; 15m price above EMA200; 15m momentum bullish; 1h price above EMA20,BUY,100.0,bullish,15m trend bullish; 15m price above EMA20; 15m price above EMA50; 15m price above EMA200; 15m momentum bullish; 1h price above EMA20,rsi_gte_65|fg_neutral|funding_positive|trigger_learning_only_scan|final_HOLD|claude_HOLD|candidate_BUY|candidate_source_trade_quality,"Mixed signals prevent conviction: technicals are mildly bullish (price above all EMAs, MACD bullish, RSI 65) but volume ratio is effectively zero indicating no participation, ETF outflows of -$145.7M signal institutional selling, long/short ratio of 0.73 is bearish-leaning, and 24h historical return at similar moments is -5.19%. The Bollinger Band squeeze could resolve either direction without volume confirmation."
131,2026-05-10T18:00:17+00:00,15m,SCORED,81478.1,2026-05-10T18:30:00+00:00,81250.1,live_15m_csv,-0.2798,learning_only_scan,69.0,47,0.001543,HOLD,0,OK_HOLD,,tq65_shadow60_risk_v1,BUY,trade_quality,65,Trade Quality Score 65.0/100 is above BUY threshold 65.0. Primary reason: quality_high. Original Claude HOLD reason: Malformed AI response — holding to be safe,65.0,65.0,HOLD,exchange_alert,"Exchange alert: Bitcoin Network Flooded With 200,000 'Ghosts', Core Dev Jameson Lopp Warns About Stealth Sybil Attack  u.today. Holding until market stabilises.",1,exchange_alert,81478.1,65.0,OK_HOLD,,0,65.0,risk_block_exchange_alert,BUY,65.0,quality_high,81307.55,83922.44,70.0,bullish,"higher_timeframe_bullish, bullish_bos_or_choch, bearish_liquidity_sweep, price_in_premium, active_bullish_order_block, active_bullish_fvg, momentum_confirms_bullish",bullish: HL/HH/HL/HH,bearish_sweep,3 active,6 active,premium,bullish,BUY,70.0,bullish,"higher_timeframe_bullish, bullish_bos_or_choch, bearish_liquidity_sweep, price_in_premium, active_bullish_order_block, active_bullish_fvg, momentum_confirms_bullish",BUY,100.0,bullish,15m trend bullish; 15m price above EMA20; 15m price above EMA50; 15m price above EMA200; 15m momentum bullish; 1h price above EMA20,BUY,100.0,bullish,15m trend bullish; 15m price above EMA20; 15m price above EMA50; 15m price above EMA200; 15m momentum bullish; 1h price above EMA20,rsi_gte_65|fg_neutral|funding_positive|trigger_learning_only_scan|final_HOLD|claude_HOLD|candidate_BUY|candidate_source_trade_quality,Malformed AI response — holding to be safe
131,2026-05-10T18:00:17+00:00,1h,PENDING,81478.1,,,,,learning_only_scan,69.0,47,0.001543,HOLD,0,PENDING,,tq65_shadow60_risk_v1,BUY,trade_quality,65,Trade Quality Score 65.0/100 is above BUY threshold 65.0. Primary reason: quality_high. Original Claude HOLD reason: Malformed AI response — holding to be safe,65.0,65.0,HOLD,exchange_alert,"Exchange alert: Bitcoin Network Flooded With 200,000 'Ghosts', Core Dev Jameson Lopp Warns About Stealth Sybil Attack  u.today. Holding until market stabilises.",1,exchange_alert,81478.1,65.0,PENDING,,0,65.0,risk_block_exchange_alert,BUY,65.0,quality_high,81307.55,83922.44,70.0,bullish,"higher_timeframe_bullish, bullish_bos_or_choch, bearish_liquidity_sweep, price_in_premium, active_bullish_order_block, active_bullish_fvg, momentum_confirms_bullish",bullish: HL/HH/HL/HH,bearish_sweep,3 active,6 active,premium,bullish,BUY,70.0,bullish,"higher_timeframe_bullish, bullish_bos_or_choch, bearish_liquidity_sweep, price_in_premium, active_bullish_order_block, active_bullish_fvg, momentum_confirms_bullish",BUY,100.0,bullish,15m trend bullish; 15m price above EMA20; 15m price above EMA50; 15m price above EMA200; 15m momentum bullish; 1h price above EMA20,BUY,100.0,bullish,15m trend bullish; 15m price above EMA20; 15m price above EMA50; 15m price above EMA200; 15m momentum bullish; 1h price above EMA20,rsi_gte_65|fg_neutral|funding_positive|trigger_learning_only_scan|final_HOLD|claude_HOLD|candidate_BUY|candidate_source_trade_quality,Malformed AI response — holding to be safe
131,2026-05-10T18:00:17+00:00,4h,PENDING,81478.1,,,,,learning_only_scan,69.0,47,0.001543,HOLD,0,PENDING,,tq65_shadow60_risk_v1,BUY,trade_quality,65,Trade Quality Score 65.0/100 is above BUY threshold 65.0. Primary reason: quality_high. Original Claude HOLD reason: Malformed AI response — holding to be safe,65.0,65.0,HOLD,exchange_alert,"Exchange alert: Bitcoin Network Flooded With 200,000 'Ghosts', Core Dev Jameson Lopp Warns About Stealth Sybil Attack  u.today. Holding until market stabilises.",1,exchange_alert,81478.1,65.0,PENDING,,0,65.0,risk_block_exchange_alert,BUY,65.0,quality_high,81307.55,83922.44,70.0,bullish,"higher_timeframe_bullish, bullish_bos_or_choch, bearish_liquidity_sweep, price_in_premium, active_bullish_order_block, active_bullish_fvg, momentum_confirms_bullish",bullish: HL/HH/HL/HH,bearish_sweep,3 active,6 active,premium,bullish,BUY,70.0,bullish,"higher_timeframe_bullish, bullish_bos_or_choch, bearish_liquidity_sweep, price_in_premium, active_bullish_order_block, active_bullish_fvg, momentum_confirms_bullish",BUY,100.0,bullish,15m trend bullish; 15m price above EMA20; 15m price above EMA50; 15m price above EMA200; 15m momentum bullish; 1h price above EMA20,BUY,100.0,bullish,15m trend bullish; 15m price above EMA20; 15m price above EMA50; 15m price above EMA200; 15m momentum bullish; 1h price above EMA20,rsi_gte_65|fg_neutral|funding_positive|trigger_learning_only_scan|final_HOLD|claude_HOLD|candidate_BUY|candidate_source_trade_quality,Malformed AI response — holding to be safe
131,2026-05-10T18:00:17+00:00,24h,PENDING,81478.1,,,,,learning_only_scan,69.0,47,0.001543,HOLD,0,PENDING,,tq65_shadow60_risk_v1,BUY,trade_quality,65,Trade Quality Score 65.0/100 is above BUY threshold 65.0. Primary reason: quality_high. Original Claude HOLD reason: Malformed AI response — holding to be safe,65.0,65.0,HOLD,exchange_alert,"Exchange alert: Bitcoin Network Flooded With 200,000 'Ghosts', Core Dev Jameson Lopp Warns About Stealth Sybil Attack  u.today. Holding until market stabilises.",1,exchange_alert,81478.1,65.0,PENDING,,0,65.0,risk_block_exchange_alert,BUY,65.0,quality_high,81307.55,83922.44,70.0,bullish,"higher_timeframe_bullish, bullish_bos_or_choch, bearish_liquidity_sweep, price_in_premium, active_bullish_order_block, active_bullish_fvg, momentum_confirms_bullish",bullish: HL/HH/HL/HH,bearish_sweep,3 active,6 active,premium,bullish,BUY,70.0,bullish,"higher_timeframe_bullish, bullish_bos_or_choch, bearish_liquidity_sweep, price_in_premium, active_bullish_order_block, active_bullish_fvg, momentum_confirms_bullish",BUY,100.0,bullish,15m trend bullish; 15m price above EMA20; 15m price above EMA50; 15m price above EMA200; 15m momentum bullish; 1h price above EMA20,BUY,100.0,bullish,15m trend bullish; 15m price above EMA20; 15m price above EMA50; 15m price above EMA200; 15m momentum bullish; 1h price above EMA20,rsi_gte_65|fg_neutral|funding_positive|trigger_learning_only_scan|final_HOLD|claude_HOLD|candidate_BUY|candidate_source_trade_quality,Malformed AI response — holding to be safe
132,2026-05-10T18:54:23+00:00,15m,PENDING,81259.1,,,,,scheduled,55.0,47,0.001543,HOLD,72,PENDING,,tq65_shadow60_risk_v1,BUY,trade_quality,72,"Trade Quality Score 73.5/100 is above BUY threshold 65.0. Primary reason: quality_high. Original Claude HOLD reason: Multiple converging bearish signals override the mildly bullish price structure: MACD is bearish (signal > MACD), volume ratio is extremely low at 0.16 indicating no conviction, ETF outflows of -$145.7M today signal institutional selling, long/short ratio of 0.73 shows shorts dominating, and historical evidence shows 24h avg return of -4.34% with only 35% win rate at similar setups. The Bollinger Band squeeze could resolve either direction but without volume confirmation a breakout has no reliability.",73.5,73.5,HOLD,exchange_alert,"Exchange alert: Bitcoin Network Flooded With 200,000 'Ghosts', Core Dev Jameson Lopp Warns About Stealth Sybil Attack  u.today. Holding until market stabilises.",1,exchange_alert,81259.1,73.5,PENDING,,0,73.5,risk_block_exchange_alert,BUY,73.5,quality_high,81088.88,83696.87,60.0,bullish,"higher_timeframe_bullish, bullish_bos_or_choch, bearish_liquidity_sweep, price_in_premium, active_bullish_order_block, active_bullish_fvg, active_bearish_fvg, momentum_confirms_bearish",bullish: HL/HH/HL/HH,bearish_sweep,3 active,7 active,premium,bullish,BUY,60.0,bullish,"higher_timeframe_bullish, bullish_bos_or_choch, bearish_liquidity_sweep, price_in_premium, active_bullish_order_block, active_bullish_fvg, active_bearish_fvg, momentum_confirms_bearish",,,,,,,,,rsi_55_65|fg_neutral|funding_positive|trigger_scheduled|final_HOLD|claude_HOLD|candidate_BUY|candidate_source_trade_quality,"Multiple converging bearish signals override the mildly bullish price structure: MACD is bearish (signal > MACD), volume ratio is extremely low at 0.16 indicating no conviction, ETF outflows of -$145.7M today signal institutional selling, long/short ratio of 0.73 shows shorts dominating, and historical evidence shows 24h avg return of -4.34% with only 35% win rate at similar setups. The Bollinger Band squeeze could resolve either direction but without volume confirmation a breakout has no reliab"
132,2026-05-10T18:54:23+00:00,1h,PENDING,81259.1,,,,,scheduled,55.0,47,0.001543,HOLD,72,PENDING,,tq65_shadow60_risk_v1,BUY,trade_quality,72,"Trade Quality Score 73.5/100 is above BUY threshold 65.0. Primary reason: quality_high. Original Claude HOLD reason: Multiple converging bearish signals override the mildly bullish price structure: MACD is bearish (signal > MACD), volume ratio is extremely low at 0.16 indicating no conviction, ETF outflows of -$145.7M today signal institutional selling, long/short ratio of 0.73 shows shorts dominating, and historical evidence shows 24h avg return of -4.34% with only 35% win rate at similar setups. The Bollinger Band squeeze could resolve either direction but without volume confirmation a breakout has no reliability.",73.5,73.5,HOLD,exchange_alert,"Exchange alert: Bitcoin Network Flooded With 200,000 'Ghosts', Core Dev Jameson Lopp Warns About Stealth Sybil Attack  u.today. Holding until market stabilises.",1,exchange_alert,81259.1,73.5,PENDING,,0,73.5,risk_block_exchange_alert,BUY,73.5,quality_high,81088.88,83696.87,60.0,bullish,"higher_timeframe_bullish, bullish_bos_or_choch, bearish_liquidity_sweep, price_in_premium, active_bullish_order_block, active_bullish_fvg, active_bearish_fvg, momentum_confirms_bearish",bullish: HL/HH/HL/HH,bearish_sweep,3 active,7 active,premium,bullish,BUY,60.0,bullish,"higher_timeframe_bullish, bullish_bos_or_choch, bearish_liquidity_sweep, price_in_premium, active_bullish_order_block, active_bullish_fvg, active_bearish_fvg, momentum_confirms_bearish",,,,,,,,,rsi_55_65|fg_neutral|funding_positive|trigger_scheduled|final_HOLD|claude_HOLD|candidate_BUY|candidate_source_trade_quality,"Multiple converging bearish signals override the mildly bullish price structure: MACD is bearish (signal > MACD), volume ratio is extremely low at 0.16 indicating no conviction, ETF outflows of -$145.7M today signal institutional selling, long/short ratio of 0.73 shows shorts dominating, and historical evidence shows 24h avg return of -4.34% with only 35% win rate at similar setups. The Bollinger Band squeeze could resolve either direction but without volume confirmation a breakout has no reliab"
132,2026-05-10T18:54:23+00:00,4h,PENDING,81259.1,,,,,scheduled,55.0,47,0.001543,HOLD,72,PENDING,,tq65_shadow60_risk_v1,BUY,trade_quality,72,"Trade Quality Score 73.5/100 is above BUY threshold 65.0. Primary reason: quality_high. Original Claude HOLD reason: Multiple converging bearish signals override the mildly bullish price structure: MACD is bearish (signal > MACD), volume ratio is extremely low at 0.16 indicating no conviction, ETF outflows of -$145.7M today signal institutional selling, long/short ratio of 0.73 shows shorts dominating, and historical evidence shows 24h avg return of -4.34% with only 35% win rate at similar setups. The Bollinger Band squeeze could resolve either direction but without volume confirmation a breakout has no reliability.",73.5,73.5,HOLD,exchange_alert,"Exchange alert: Bitcoin Network Flooded With 200,000 'Ghosts', Core Dev Jameson Lopp Warns About Stealth Sybil Attack  u.today. Holding until market stabilises.",1,exchange_alert,81259.1,73.5,PENDING,,0,73.5,risk_block_exchange_alert,BUY,73.5,quality_high,81088.88,83696.87,60.0,bullish,"higher_timeframe_bullish, bullish_bos_or_choch, bearish_liquidity_sweep, price_in_premium, active_bullish_order_block, active_bullish_fvg, active_bearish_fvg, momentum_confirms_bearish",bullish: HL/HH/HL/HH,bearish_sweep,3 active,7 active,premium,bullish,BUY,60.0,bullish,"higher_timeframe_bullish, bullish_bos_or_choch, bearish_liquidity_sweep, price_in_premium, active_bullish_order_block, active_bullish_fvg, active_bearish_fvg, momentum_confirms_bearish",,,,,,,,,rsi_55_65|fg_neutral|funding_positive|trigger_scheduled|final_HOLD|claude_HOLD|candidate_BUY|candidate_source_trade_quality,"Multiple converging bearish signals override the mildly bullish price structure: MACD is bearish (signal > MACD), volume ratio is extremely low at 0.16 indicating no conviction, ETF outflows of -$145.7M today signal institutional selling, long/short ratio of 0.73 shows shorts dominating, and historical evidence shows 24h avg return of -4.34% with only 35% win rate at similar setups. The Bollinger Band squeeze could resolve either direction but without volume confirmation a breakout has no reliab"
132,2026-05-10T18:54:23+00:00,24h,PENDING,81259.1,,,,,scheduled,55.0,47,0.001543,HOLD,72,PENDING,,tq65_shadow60_risk_v1,BUY,trade_quality,72,"Trade Quality Score 73.5/100 is above BUY threshold 65.0. Primary reason: quality_high. Original Claude HOLD reason: Multiple converging bearish signals override the mildly bullish price structure: MACD is bearish (signal > MACD), volume ratio is extremely low at 0.16 indicating no conviction, ETF outflows of -$145.7M today signal institutional selling, long/short ratio of 0.73 shows shorts dominating, and historical evidence shows 24h avg return of -4.34% with only 35% win rate at similar setups. The Bollinger Band squeeze could resolve either direction but without volume confirmation a breakout has no reliability.",73.5,73.5,HOLD,exchange_alert,"Exchange alert: Bitcoin Network Flooded With 200,000 'Ghosts', Core Dev Jameson Lopp Warns About Stealth Sybil Attack  u.today. Holding until market stabilises.",1,exchange_alert,81259.1,73.5,PENDING,,0,73.5,risk_block_exchange_alert,BUY,73.5,quality_high,81088.88,83696.87,60.0,bullish,"higher_timeframe_bullish, bullish_bos_or_choch, bearish_liquidity_sweep, price_in_premium, active_bullish_order_block, active_bullish_fvg, active_bearish_fvg, momentum_confirms_bearish",bullish: HL/HH/HL/HH,bearish_sweep,3 active,7 active,premium,bullish,BUY,60.0,bullish,"higher_timeframe_bullish, bullish_bos_or_choch, bearish_liquidity_sweep, price_in_premium, active_bullish_order_block, active_bullish_fvg, active_bearish_fvg, momentum_confirms_bearish",,,,,,,,,rsi_55_65|fg_neutral|funding_positive|trigger_scheduled|final_HOLD|claude_HOLD|candidate_BUY|candidate_source_trade_quality,"Multiple converging bearish signals override the mildly bullish price structure: MACD is bearish (signal > MACD), volume ratio is extremely low at 0.16 indicating no conviction, ETF outflows of -$145.7M today signal institutional selling, long/short ratio of 0.73 shows shorts dominating, and historical evidence shows 24h avg return of -4.34% with only 35% win rate at similar setups. The Bollinger Band squeeze could resolve either direction but without volume confirmation a breakout has no reliab"
