timestamp,open,high,low,close,volume,ema_20,ema_50,ema_200,rsi_14,macd,macd_signal,macd_hist,stoch_k,stoch_d,bb_upper,bb_lower,bb_mid,bb_width,atr_14,volume_sma_20,volume_ratio,above_ema200,above_ema50,ema_bullish,macd_bullish,rsi_oversold,rsi_overbought,high_volume
2024-11-15,87284.1796875,91868.7421875,87124.8984375,91066.0078125,78243109518.0,78661.45385561859,71752.9384833843,64423.04783203125,76.9960707058652,5904.322150821681,4255.843058477895,1648.4790923437859,85.7276854820808,87.9234291437846,92972.0224159988,59897.63461525119,76434.82851562499,0.43271357368174723,3647.8558461641287,63774411368.25,1.2268730959538612,1,1,1,1,0,1,0
2024-11-16,91064.3671875,91763.9453125,90094.2265625,90558.4765625,44333192814.0,79794.50363722633,72490.41056491826,64683.10184924985,75.58960489333586,6107.06444698431,4626.087336179178,1480.9771108051318,85.69553274484437,85.74480769280572,94737.58296021206,60394.99203978792,77566.28749999999,0.4427515100606581,3506.5603392952626,65155005615.05,0.6804265059223567,1,1,1,1,0,1,0
2024-11-17,90558.4609375,91433.0390625,88741.6640625,89845.8515625,46350159305.0,80751.77486820478,73171.0160942352,64933.477468287165,73.55784417603456,6139.4643719324085,4928.762743329824,1210.7016286025846,88.94419133616722,86.7891365210308,96171.87323697734,60954.51113802266,78563.1921875,0.44826796262178903,3448.332815059887,65532520747.45,0.7072848530216744,1,1,1,1,0,1,0
2024-11-18,89843.71875,92596.7890625,89393.59375,90542.640625,75535775084.0,81684.23827361385,73852.25627191225,65188.29501213506,74.28564260536595,6150.467835245785,5173.103761713017,977.3640735327681,88.19779826833953,87.61250744978369,97613.24939506274,61295.349823687255,79454.299609375,0.4570916835202994,3430.8229934484666,66382215781.55,1.1378917409532163,1,1,1,1,0,1,0
2024-11-19,90536.8125,94002.8671875,90426.984375,92343.7890625,74521048295.0,82699.4335868411,74577.41442056275,65458.498933034214,76.1156801369182,6232.679337582536,5385.018876886921,847.6604606956153,89.55678635454026,88.89959198634901,99158.92218370092,61750.102035049094,80454.512109375,0.4649685787391997,3441.184409095005,68075936304.75,1.0946753337537318,1,1,1,1,0,1,0
2024-11-20,92341.890625,94902.0234375,91619.5,94339.4921875,71730956426.0,83808.01059642767,75352.39786240344,65745.87200024283,77.98520038302144,6385.263762916657,5585.067854092868,800.1959088237882,93.13027255428202,90.29495239238726,100693.44621673899,62628.008470761044,81660.72734375001,0.46614130175135304,3429.8514825525044,69631088522.25,1.0301570454852074,1,1,1,1,0,1,0
2024-11-21,94334.640625,99014.21875,94132.6015625,98504.7265625,106024505582.0,85207.6978312917,76260.33232123076,66071.83075210609,81.2788539372476,6764.312835324672,5820.916850339229,943.3959849854427,96.1142485290681,92.93376914596345,102653.73367517405,63569.94679357596,83111.840234375,0.47025534233608585,3533.549032905897,72432824033.1,1.4637632454251601,1,1,1,1,0,1,0
2024-11-22,98496.4296875,99655.5,97222.6640625,98997.6640625,78473580551.0,86521.02794854963,77151.99238951583,66399.45098405032,81.62914546604257,7023.525067720431,6061.438493815471,962.0865739049605,97.43677236412205,95.56043114915738,104231.40413127221,64963.11539997782,84597.25976562501,0.46417920438660054,3454.926668948333,75447272456.1,1.0401115639622478,1,1,1,1,0,1,0
2024-11-23,99006.7421875,99014.6796875,97232.890625,97777.28125,44414644677.0,87593.05207249729,77960.82724678972,66711.66820062693,77.7504215907607,7049.218927800059,6258.994580612389,790.22434718767,95.6435308989571,96.39818393071575,105029.7450478503,67068.39088964972,86049.06796875001,0.4411593879434791,3335.416839916309,75924589307.20001,0.584983667113338,1,1,1,1,0,1,0
2024-11-24,97778.09375,98647.1796875,95788.078125,98013.8203125,51712020623.0,88585.50619059277,78747.21913171954,67023.13240074507,77.96893125565288,7007.885678685241,6408.77280022696,599.1128784582816,93.54557950375471,95.54196092227794,105188.11734953131,69930.24983796872,87559.18359375001,0.4026746945831426,3301.3943201008587,76450949370.95,0.6764078281367902,1,1,1,1,0,1,0
2024-11-25,98033.4453125,98935.03125,92642.9140625,93102.296875,80909462490.0,89015.6767319649,79310.16335694623,67282.62657461826,63.92953470086924,6503.837694436472,6427.785779068863,76.05191536760867,79.39933706431228,89.52948248900802,104289.23696353468,73203.40366146532,88746.3203125,0.35027743339225414,3515.0173820579403,78194078035.25,1.034726216140382,1,1,1,1,0,0,0
2024-11-26,93087.28125,94991.75,90770.8125,91985.3203125,91656519855.0,89298.4999301111,79807.2283355954,67528.42452225888,61.22931689244929,5945.706953136862,6331.370013882462,-385.6630607456009,63.02869005969828,78.65786887592175,103874.81367552496,75252.45116822506,89563.63242187501,0.3195757221243427,3565.4402476252303,76847271329.85,1.192710141412628,1,1,1,0,0,0,0
2024-11-27,91978.140625,97361.1796875,91778.6640625,95962.53125,71133452438.0,89933.16957962431,80440.76962635637,67811.35095736079,66.6334689388062,5757.9380772965815,6216.683626565286,-458.74554926870496,56.36439931226249,66.26414214542434,103601.81531503491,77531.21671621507,90566.51601562499,0.28786133933121605,3709.5170602948565,77230561202.29999,0.9210531599229346,1,1,1,0,0,0,0
2024-11-28,95954.9453125,96650.203125,94677.3515625,95652.46875,52260008261.0,90477.86473870772,81037.30684689141,68088.37700504874,65.86270923634926,5520.473851754534,6077.441671603136,-556.9678198486017,60.780147553291606,60.05774564175079,102929.51672800268,80114.2145219973,91521.86562499999,0.24928799309542463,3585.469524738081,77084718715.2,0.6779554901676651,1,1,1,0,0,0,0
2024-11-29,95653.953125,98693.171875,95407.8828125,97461.5234375,54968682476.0,91142.97509097365,81681.39377201333,68380.64711880447,68.17569341222773,5415.827053517831,5945.1187479860755,-529.2916944682447,73.16132981049807,63.43529222535072,101899.4319441304,83212.56493086959,92555.99843749999,0.2018979572229393,3564.0280631496466,78382678820.95001,0.7012860915555753,1,1,1,0,0,0,0
2024-11-30,97468.8125,97499.34375,96144.21875,96449.0546875,31634227866.0,91648.31600492854,82260.5177294834,68659.93475630392,65.5008097717689,5191.353256568662,5794.365649702593,-603.0123931339313,72.85720453455741,68.9328939661157,100909.45065808995,85800.03293566004,93354.741796875,0.16184949400112514,3406.249272924672,75835860489.50002,0.4171407519056235,1,1,1,0,0,0,0
2024-12-01,96461.3359375,97888.125,95770.1875,97279.7890625,36590695296.0,92184.64677231631,82849.50876215073,68944.70942601732,66.65678374823923,5022.592160593442,5640.010951880764,-617.4187912873222,75.7889598730476,73.93583140603435,101198.77032110741,86368.54374139258,93783.65703125,0.15813231269893,3314.2270034300527,71767053002.45001,0.5098536691307479,1,1,1,0,0,0,0
2024-12-02,97276.0078125,98152.6015625,94482.8671875,95865.3046875,72680784305.0,92535.18562138142,83359.93213177228,69212.57604553456,62.798375130125216,4720.298050805519,5456.068371665715,-735.7703208601961,68.79970378629855,72.48195606463452,101113.63774731825,87244.62553393174,94179.131640625,0.14726205234413084,3339.620387113621,68717427948.95002,1.057676145256693,1,1,1,0,0,0,0
2024-12-03,95854.59375,96297.203125,93629.5625,96002.1640625,67067810961.0,92865.3740443451,83855.70593297729,69479.13911038,63.021411289385334,4440.582922899819,5252.971281912536,-812.388359012717,64.88642768681751,69.82503044872121,101214.44238022111,87685.62090102887,94450.03164062499,0.1432378713293432,3291.621832676934,65892867103.550026,1.017831123596482,1,1,1,0,0,0,0
2024-12-04,95988.53125,99207.328125,94660.5234375,98768.53125,77199817112.0,93427.57949250271,84440.52261207621,69770.57584808765,67.29025698212685,4391.506824279684,5080.678390385966,-689.1715661062817,69.27564737350745,67.65392628220783,101139.40394961958,88912.4694878804,95025.93671874999,0.12866944419529858,3381.277750878582,65372022696.750015,1.1809305254346674,1,1,1,0,0,0,0
2024-12-05,98741.5390625,103900.46875,91998.78125,96593.5703125,149218945580.0,93729.10242774055,84917.11271797518,70037.47131539525,61.29872495204631,4129.510070240794,4890.444726356932,-760.9346561161374,64.41518477647035,66.19241994559843,101156.28386711543,89448.34582038452,95302.31484374998,0.12285051067150157,3989.8784472443976,68920814499.85002,2.1650780923421142,1,1,1,0,0,0,1
2024-12-06,97074.2265625,102039.8828125,96514.875,99920.7109375,94534772658.0,94318.77942867004,85505.48911874086,70334.81698327688,66.24947112353566,4142.5949416320655,4740.874769411958,-598.2798277798929,68.01793599183408,67.23625604727063,101523.60486060474,90017.24826439525,95770.4265625,0.12014519522579774,4099.530544762655,71430893492.05,1.3234437935250156,1,1,1,0,0,0,0
2024-12-07,99916.7109375,100563.3828125,99030.8828125,99923.3359375,44177510897.0,94852.54671522527,86070.89487633927,70629.23010719949,66.25313905829783,4105.846964042532,4613.869208338074,-508.0222442955419,61.24856896005941,64.56056324278794,101591.37992197319,90957.22164052678,96274.30078124999,0.11045687369476563,3916.1712201367513,71322261071.65002,0.6194070439328819,1,1,1,0,0,0,0
2024-12-08,99921.9140625,101399.9921875,98771.515625,101236.015625,44125751925.0,95460.49613520382,86665.6054939338,70933.77523672985,68.11903174906196,4134.980723463363,4518.091511363132,-383.1107878997691,73.03472498248637,67.43374331145995,101842.29202702602,91775.64703547397,96808.96953125,0.10398463117926826,3824.193030305555,69751759913.70001,0.6326113058594414,1,1,1,0,0,0,0
2024-12-09,101237.0625,101272.5078125,94355.9140625,97432.71875,110676473908.0,95648.32686042252,87087.84522946582,71197.44631646389,58.096264694767555,3807.287129294913,4375.930634949488,-568.6435056545752,66.71825550776828,67.00051648343802,101640.1180941038,92486.71393714623,97063.41601562501,0.09430333829878898,4045.0787959980157,71559531194.35,1.5466349773506967,1,1,1,0,0,0,1
2024-12-10,97441.234375,98270.15625,94321.2578125,96675.4296875,104823780634.0,95746.14617728704,87463.82893370246,71450.9585888125,56.319364411298295,3446.7487228461832,4190.094252528827,-743.3455296826442,56.94744206681481,65.56680751902314,101580.03109897867,92780.39468227136,97180.21289062501,0.09054967214993831,4038.2087703910147,73214172404.75,1.4317416586300062,1,1,1,0,0,0,0
2024-12-11,96656.0625,101913.359375,95747.2265625,101173.03125,85391409936.0,96262.99237468829,88001.44471081217,71746.70060534173,63.46619834951568,3483.7794552826963,4048.8312930796014,-565.0518377969051,56.07310965207261,59.91293574221856,102032.78663060522,92594.46961939482,97313.62812500002,0.0969886458152276,4190.203344827371,72182517622.45,1.182992956585956,1,1,1,0,0,0,0
2024-12-12,101167.8046875,102524.9140625,99339.953125,100043.0,72073983533.0,96622.99310090845,88473.66256529013,72028.25582319903,60.77560425071713,3382.946003997524,3915.6542352631864,-532.7082312656626,61.68961357819098,58.23672176569279,102185.66840829772,92546.1214354523,97365.894921875,0.0990033212407697,4118.40031573256,71862537771.55,1.002942364241605,1,1,1,0,0,0,0
2024-12-13,100046.6484375,101888.8046875,99233.28125,101459.2578125,56894751583.0,97083.58974010765,88982.90159459248,72321.10161413735,62.898523348408624,3378.3711767342465,3808.197623557399,-429.8264468231523,74.720343403684,64.16102221131585,102705.51325846037,92394.47424153965,97549.99375000001,0.10570004795024114,4013.9091101445197,72486543116.84999,0.7849008814130416,1,1,1,0,0,0,0
2024-12-14,101451.4375,102618.8828125,100634.0546875,101372.96875,40422968793.0,97492.10202676406,89468.78658107905,72610.17491897181,62.675948435619596,3329.4034959526616,3712.4387980364518,-383.03530208379016,75.28031301583633,70.56342333257042,103148.62178122227,92287.28056252773,97717.951171875,0.11114990734497349,3868.974754062768,71922090525.35,0.5620382902906906,1,1,1,0,0,0,0
2024-12-15,101373.53125,105047.5390625,101227.03125,104298.6953125,51145914137.0,98140.34900635795,90050.35162937008,72925.48357960394,66.94677791047187,3486.4878764405585,3667.248613717273,-180.76073727671474,84.17107805781444,78.05724482577826,104005.30078035331,92550.24140714668,98277.77109375,0.11655798911311616,3865.512829665428,70433913107.70001,0.7261546587478838,1,1,1,0,0,0,0
2024-12-16,104293.578125,107780.578125,103322.984375,106029.71875,91020417816.0,98891.71755337148,90676.99347723792,73254.87895443375,69.19287496646677,3707.9149686867313,3675.381884711165,32.533083975566115,87.31017771043099,82.25385626136058,104899.75864502793,93060.22338622206,98979.991015625,0.11961544083123712,3907.80432397504,70402108005.75002,1.2928649495632434,1,1,1,1,0,0,0
2024-12-17,106030.6875,108268.4453125,105291.734375,106140.6015625,68589364868.0,99582.08745900277,91283.40948058153,73582.10007491203,69.33661600124853,3847.9876445925765,3709.9030366874476,138.0846079051289,90.02947357867714,87.17024311564086,106033.42951029359,92944.35955220641,99488.89453125,0.1315631259122678,3841.297653512537,70274903627.25,0.9760150683636596,1,1,1,1,0,0,0
2024-12-18,106147.296875,106470.609375,100041.5390625,100041.5390625,93865656139.0,99625.84475457393,91626.86554261754,73845.37807478853,54.322686576759246,3427.3445827570686,3653.391345901372,-226.04676314430344,75.08710250876857,84.14225126595889,106000.71622677307,93415.97986697691,99708.34804687499,0.12621547349154574,4026.1385577259275,72355186021.15002,1.2972899566806764,1,1,1,0,0,0,0
2024-12-19,100070.6875,102748.1484375,95587.6796875,97490.953125,97221662392.0,99422.52174223357,91856.82976153449,74080.65742852198,49.495855261945074,2855.257327526895,3493.764542226477,-638.5072146995817,53.027296555126185,72.71462421419062,105999.98877569819,93419.65028680179,99709.81953124999,0.1261695041475189,4250.019285745504,74467835016.95003,1.3055524223293298,1,1,1,0,0,0,0
2024-12-20,97484.6953125,98098.9140625,92175.1796875,97755.9296875,105634083408.0,99263.79868940181,92088.16701353315,74316.23227687003,49.99297848744463,2395.64000345736,3274.1396344726536,-878.4996310152937,35.61267831009797,54.57569245799757,105948.77930566008,93601.5472568399,99775.16328124999,0.12375055718040108,4369.5703635493965,78167827794.05,1.3513754493257222,1,1,1,0,0,0,0
2024-12-21,97756.1953125,99507.1015625,96426.5234375,97224.7265625,51765334294.0,99069.60134398259,92289.60072133578,74544.17749364246,48.952695523419806,1965.8650415401353,3012.48471588615,-1046.6196743460146,29.593576758245078,39.41118387448974,105950.75900313973,93594.06130936024,99772.41015624999,0.1238488443290896,4277.4994893672965,78926559743.95,0.6558671055970864,1,1,1,0,0,0,0
2024-12-22,97218.3203125,97360.265625,94202.1875,95104.9375,43147981314.0,98692.01431122234,92400.00608520498,74748.76217032263,44.9344317889892,1437.64376392361,2697.5165254936423,-1259.8727615700323,28.08639548051122,31.097550182951423,106022.3568043236,93446.42678942638,99734.39179687499,0.1260942167322794,4197.540820483919,77449919594.4,0.5571081485941247,1,1,1,0,0,0,0
2024-12-23,95099.390625,96416.2109375,92403.1328125,94686.2421875,65239002919.0,98310.51220420116,92489.66240294205,74947.1450560657,44.16332639796977,974.011584008389,2352.815537196592,-1378.8039531882027,21.728275317024103,26.469415851926797,106145.69059755033,93191.50080869964,99668.59570312499,0.1299726327782958,4184.3649136636395,77358479192.29999,0.8433335763598321,1,1,1,0,0,0,0
2024-12-24,94684.34375,99404.0625,93448.015625,98676.09375,47114953674.0,98345.32949427723,92732.26755380706,75183.2539982939,52.52417449834693,917.945908616035,2065.8416114804804,-1147.8957028644454,24.73443375480233,24.849701517445883,106143.90428034622,93184.04337590376,99663.97382812499,0.130035562567396,4310.913625187665,75854236020.4,0.6211248856468484,1,1,1,0,0,0,0
2024-12-25,98675.9140625,99478.75,97593.46875,99299.1953125,33700394629.0,98436.1738579175,92989.79413257934,75423.21361336064,53.69041591652389,913.2649951762578,1835.326288219636,-922.0612930433781,33.421831142490696,26.62818007143904,106120.31068527732,93478.19947097266,99799.25507812499,0.12667540658903864,4137.654169817118,70078308472.84999,0.4808962339902416,1,1,1,0,0,0,0
2024-12-26,99297.6953125,99884.5703125,95137.8828125,95795.515625,47054980873.0,98184.68259763965,93099.82242639977,75625.92308611328,46.737992285307264,619.6942190319824,1592.1998743821055,-972.5056553501231,35.71942456520536,31.29189648749946,106161.72666819773,93024.26395680224,99592.99531249999,0.13191151315585142,4181.156550544467,67704318883.59999,0.6950070785572606,1,1,1,0,0,0,0
2024-12-27,95704.9765625,97294.84375,93310.7421875,94164.859375,52419934565.0,97801.84229072159,93141.58858124683,75810.3901138634,43.88945225451218,252.54574234878237,1324.2690479754408,-1071.7233056266584,26.37548638195259,31.83891402988288,106303.59211635539,92306.55085239459,99305.07148437499,0.14094991378323654,4167.0811942555765,68116440066.999985,0.7695636253662002,1,1,1,0,0,0,0
2024-12-28,94160.1875,95525.8984375,94014.2890625,95163.9296875,24107436185.0,97550.6125189862,93220.8960756097,76002.96264693442,46.05861763478556,41.7137044363044,1067.7579792676136,-1026.0442748313092,17.810277137790877,26.63506269498294,106172.00091421366,91830.93346078636,99001.4671875,0.1448571204128378,3977.4046357373213,67115524279.99999,0.35919314411410874,1,1,1,0,0,0,0
2024-12-29,95174.0546875,95174.875,92881.7890625,93530.2265625,29635885267.0,97167.71861836847,93233.02668293873,76177.3632829102,43.12287719681846,-254.2673575115041,803.35291191179,-1057.620269423294,13.118275080771038,19.101346200171502,106358.83482904556,91253.85032720443,98806.342578125,0.15287464455935912,3857.0961572917986,63063494847.94999,0.46993724877528537,1,1,1,0,0,0,0
2024-12-30,93527.1953125,94903.3203125,91317.1328125,92643.2109375,56188003691.0,96736.81312495242,93209.89665370584,76341.20256305538,41.57346905175444,-554.0227994077868,531.8777696478747,-1085.9005690556614,11.604752965969926,14.177768394843945,106599.08653933316,90610.37674191684,98604.731640625,0.16214951890634216,3837.745538913813,60631706000.799995,0.9267099245114204,1,0,1,0,0,0,0
2024-12-31,92643.25,96090.6015625,91914.03125,93429.203125,43625106843.0,96421.80264876648,93218.4969074821,76511.23241939314,43.5103314766914,-719.8600474814157,281.53020622201666,-1001.3902537034323,10.060228642822063,11.594418896521008,106435.14281089748,89999.93765785253,98217.540234375,0.16733472568978897,3861.947308455684,58543390846.149994,0.7451756075702084,1,1,1,0,0,0,0
2025-01-01,93425.1015625,94929.8671875,92788.125,94419.7578125,24519888919.0,96231.1317119792,93265.60517826711,76689.42670191162,45.94247790878243,-762.5673744908709,72.71069007943916,-835.27806457031,16.30096256866756,12.65531472581985,106274.90655550291,89597.8496944971,97936.378125,0.17028459884150746,3739.0755141017066,56165686115.45,0.43656350727379606,1,1,1,0,0,0,0
2025-01-02,94416.2890625,97739.8203125,94201.5703125,96886.875,46009564411.0,96293.58345369546,93407.61575951155,76890.39633671848,51.53889425733659,-590.5302354015148,-59.93749501675164,-530.5927403847631,35.36353992478934,20.574910378759654,105888.84061563718,89526.67735311283,97707.758984375,0.1674602245778753,3724.730834523013,55621426756.85,0.8271913737871484,1,1,1,0,0,0,0
2025-01-03,96881.7265625,98956.9140625,96034.6171875,98107.4296875,35611391163.0,96466.3307140578,93591.92218806011,77101.51109642774,54.07216718818606,-351.6474278768146,-118.27948158876424,-233.36794628805038,57.13659809209436,36.26703352851709,105545.93908144439,89543.0249810556,97544.48203125,0.16405760497310337,3667.414123128512,55380847875.350006,0.6430271931400063,1,1,1,0,0,0,0
2025-01-04,98106.9921875,98734.4296875,97562.9765625,98236.2265625,22342608078.0,96634.89222343324,93774.05177137148,77311.80677270707,54.34338930312114,-150.20676041013212,-124.66493735303781,-25.541823057094305,75.00933160197161,55.836489872951766,104598.8779551662,89883.83923233383,97241.35859375002,0.15132489853734052,3489.1311946907613,53940682572.40001,0.4142069957682017,1,1,1,0,0,0,0
2025-01-05,98233.90625,98813.3046875,97291.765625,98314.9609375,20525254825.0,96794.89876763007,93952.12664063142,77520.79338131197,54.5202011750507,15.609687153904815,-96.6100124516493,112.21969960555411,80.5655862677726,70.9038386539462,102978.46242952235,90732.77897672767,96855.62070312501,0.12643234707389134,3348.5888995342784,50415924422.85001,0.4071184860729706,1,1,1,1,0,0,0
2025-01-06,98314.953125,102482.875,97926.1484375,102078.0859375,51823432705.0,97298.05945047483,94270.79171109687,77765.1445510253,62.07905357227706,445.53727784192597,11.81944560706576,433.7178322348602,86.27148257520301,80.6154668149824,101643.25961881506,91661.73022493493,96652.494921875,0.10327234079108134,3434.884446888973,49577627814.70001,1.045298756501498,1,1,1,1,0,0,0
2025-01-07,102248.8515625,102712.484375,96132.875,96922.703125,58685738547.0,97262.31122900103,94374.78823713229,77955.76702439818,49.85437239441819,366.0421769240638,82.66399187046538,283.37818505359843,75.74860365889253,80.86189083395604,101229.70081786484,91763.40543213517,96496.553125,0.09809982925988235,3659.5076560397606,47818631935.100006,1.2272567443303053,1,1,1,1,0,0,0
2025-01-08,96924.1640625,97258.3203125,92525.84375,95043.5234375,63875859171.0,97050.99810600093,94401.01314695063,78125.79445139423,46.277110305366385,149.68219769300777,96.06763303497385,53.61456465803391,59.422474011006386,73.8141867483673,101125.5965423754,91622.76673887463,96374.18164062501,0.09860348115781035,3736.1482922154923,46151341774.05,1.3840520495314428,1,1,1,1,0,0,0
2025-01-09,95043.484375,95349.71875,91220.84375,92484.0390625,62777261693.0,96616.04962566751,94325.83769265845,78268.66255697739,41.87031763182616,-225.7117783164431,31.71175076469047,-257.42352908113355,30.961665411967182,55.3775810272887,101117.32093337298,91103.85328537706,96110.58710937502,0.1041869366233344,3764.200199914386,44008500688.3,1.4264803551848748,1,0,1,0,0,0,0
2025-01-10,92494.4921875,95770.609375,92250.09375,94701.453125,62058693684.0,96433.70710179441,94340.56770961302,78432.17291088807,46.613470021194786,-340.3639223031496,-42.703383848877536,-297.66053845427206,24.660484516421327,38.348207979798296,101000.10575868817,90968.74111631188,95984.42343750002,0.10451033910630486,3746.7941588490726,44523168657.80001,1.3938516856465457,1,1,1,0,0,0,0
2025-01-11,94700.8359375,94977.6875,93840.046875,94566.59375,18860894100.0,96255.8867825759,94349.43147590272,78592.71441177477,46.365679445301204,-437.070322323445,-121.57677154379104,-315.49355077965396,23.465041391047386,26.36239710647863,100998.77453773674,90916.2379622633,95957.50625000002,0.10507293248331405,3560.426049288425,43308814297.100006,0.43549781738686255,1,1,1,0,0,0,0
2025-01-12,94565.7265625,95367.5390625,93712.5078125,94488.4375,20885130965.0,96087.55827947342,94354.88269253398,78750.8808106626,46.21235946739923,-514.0912730821146,-200.07967185145577,-314.01160123065887,29.279118199597082,25.801548035688597,101000.14904577027,90895.08298547975,95947.61601562501,0.10531857361255252,3424.326420767823,41091120699.399994,0.5082638440986829,1,1,1,0,0,0,0
2025-01-13,94488.890625,95837.0,89260.1015625,94516.5234375,72978998252.0,95937.9359135712,94361.22154527775,78907.75287660128,46.2811041470036,-566.3362591684418,-273.330989314853,-293.00526985358874,32.20781689148191,28.317325494042123,100659.98754230436,90819.28745769567,95739.63750000001,0.10278605958382375,3649.510136248693,42384322928.3,1.7218394257578653,1,1,1,0,0,0,1
2025-01-14,94519.0078125,97352.6640625,94322.15625,96534.046875,53769675818.0,95994.70838608823,94446.43038173745,79083.1388865356,51.11448624328045,-439.8729255133658,-306.6393765545556,-133.23354895881016,40.52686910109331,34.004601397390765,100248.39595590944,90954.36420034054,95601.38007812499,0.09721650197909129,3605.295684552358,43387786987.75001,1.2392813635132207,1,1,1,0,0,0,0
2025-01-15,96534.046875,100697.234375,96501.640625,100504.4921875,57805923627.0,96424.2116052703,94684.00143294381,79296.28668057505,58.94356407831818,-19.048489025619347,-249.12119904876837,230.07271002314903,58.91089616829422,43.88186072028981,100976.33923379635,90697.31857870365,95836.82890625,0.10725543376594705,3647.4598320843324,43925334125.450005,1.3160041870576844,1,1,1,1,0,0,0
2025-01-16,100505.296875,100781.5859375,97364.4453125,99756.90625,54103781805.0,96741.61109524456,94882.93887674995,79499.8749349972,57.089630181616144,251.23785781263723,-149.04938767648727,400.28724548912453,71.89591373120662,57.111226333531384,101476.65837181768,90756.2041281823,96116.43125,0.1115361245128978,3631.0084601497374,44009526487.450005,1.2293652334666343,1,1,1,1,0,0,0
2025-01-17,100025.765625,105884.2265625,99948.90625,104462.0390625,71888972663.0,97476.8899492689,95258.58986442642,79748.25467755942,64.62993864467116,835.4757857308141,47.855647004972994,787.6201387258411,84.35366042273363,71.72015677407815,103084.7177653005,90077.95567219949,96581.33671875,0.13467158909777158,3809.3164496033273,46398603311.350006,1.549377945292904,1,1,1,1,0,0,1
2025-01-18,104124.953125,104913.203125,102226.6171875,104408.0703125,50445655726.0,98137.00236481472,95617.39301925284,79993.62597740958,64.48995603305679,1279.3857630372804,294.16167021143445,985.2240928258459,86.86492318833562,81.03816578075862,104335.28687015301,89915.170942347,97125.22890625,0.14846931214674414,3729.1214130245185,47439091834.3,1.0633773492587426,1,1,1,1,0,0,0
2025-01-19,104411.2890625,106299.796875,99570.53125,101089.609375,76789928525.0,98418.2030324514,95831.98973908606,80203.53625997268,56.400776648261214,1347.8780549379298,504.90494715673356,842.9731077811963,83.99622377239692,85.07160246115538,104640.75076792258,90454.34688832742,97547.548828125,0.14543065458867713,3943.417428165624,48469188076.00001,1.5843039995758312,1,1,1,1,0,0,1
2025-01-20,101083.75,109114.8828125,99471.359375,102016.6640625,126279678351.0,98760.91360674176,96074.52598706308,80420.58230775903,57.98624371436114,1460.1327538066835,695.9505084867235,764.18224531996,74.9309852246381,81.93071072845689,105060.0996592267,90893.7440907733,97976.921875,0.14458869800509752,4350.567857403794,52601916651.40001,2.400666865199465,1,1,1,1,0,0,1
2025-01-21,102052.578125,107180.921875,100103.953125,106146.265625,88733878242.0,99464.2804656235,96469.49616894296,80676.5592561893,64.22680536802036,1860.868807720297,928.9341683334383,931.9346393868586,72.90696981129909,77.27805960277803,106316.32336276711,90810.17116848289,98563.247265625,0.15732184789423187,4545.310778303523,55812616117.55001,1.5898534133413977,1,1,1,1,0,0,1
2025-01-22,106136.3828125,106294.34375,103360.265625,103653.0703125,53878181052.0,99863.21283199269,96751.20495888637,80905.18125674961,58.57036835740715,1954.7419440318772,1134.095723473126,820.6462205587511,73.92962389936513,73.92252631176744,106932.16167943724,90870.95238306277,98901.55703125,0.16239591952328508,4430.222731638986,56206046949.600006,0.9585833549246506,1,1,1,1,0,0,0
2025-01-23,103657.671875,106820.328125,101257.8046875,103960.171875,104104515428.0,100253.3994075172,97033.90954383201,81134.5841484735,59.04878233749098,2030.5111419223394,1313.3788071629688,717.1323347593707,77.19249509065563,74.67636293377328,107523.93311002615,90864.45517122388,99194.19414062501,0.167948115140535,4511.101353486202,59630703162.850006,1.7458206914597851,1,1,1,1,0,0,1
2025-01-24,103965.671875,107098.546875,102772.125,104819.484375,52388229265.0,100688.26464251555,97339.22620387781,81370.25479749368,60.425858862555735,2135.2838907889673,1477.7598238881687,657.5240669007985,74.96501944588283,75.36237947863452,108206.50274835328,90840.21131414671,99523.35703125,0.17449463073028784,4497.90996216576,61132984222.200005,0.8569552089030129,1,1,1,1,0,0,0
2025-01-25,104824.03125,105243.7890625,104120.375,104714.6484375,23888996502.0,101071.72976584741,97628.4584483336,81602.53732127484,60.1600660109504,2184.6741019717883,1619.1426795048928,565.5314224668955,76.74725703663947,76.30159052439264,108806.15731921964,90880.52549328035,99843.34140625,0.17953757930638706,4256.874540761063,61301171306.05001,0.38969885881515476,1,1,1,1,0,0,0
2025-01-26,104713.2109375,105438.6484375,102507.7109375,102682.5,22543395879.0,101225.13645481432,97826.65615624208,81812.28819369996,55.10057825779629,2036.3648581466841,1702.587115233251,333.77774291343303,74.6022289971087,75.43816849321033,108872.10936942617,90875.01484932382,99873.562109375,0.18019878474338485,4162.164752135273,59837169464.75,0.37674569303082234,1,1,1,1,0,0,0
2025-01-27,102680.3046875,103214.109375,97795.9375,102087.6875,89006608428.0,101307.28417340343,97993.75542462475,82014.03346042933,53.677592299275354,1849.5122898147965,1731.9721501495603,117.54013966523621,65.97878915994917,72.44275839789911,109070.04063680474,91193.58201944525,100131.811328125,0.17852926437912495,4251.8795466256115,61353212958.799995,1.4507244875304226,1,1,1,1,0,0,0
2025-01-28,102095.4140625,103730.8203125,100238.1875,101332.4765625,47180685494.0,101309.68344855547,98124.68566532573,82206.2567748778,51.84679916285305,1621.7960171637242,1709.9369235523932,-88.14090638866901,52.79939097042447,64.46013637582745,109067.65350896267,91824.8644597873,100446.25898437499,0.17166183413418695,4197.647637045211,60518454274.95,0.7796082378384405,1,1,1,0,0,0,0
2025-01-29,101317.5234375,104750.8046875,101283.8203125,103703.2109375,47432049818.0,101537.63844750257,98343.45136227373,82420.15681629692,56.82505642610802,1614.022237825542,1690.753986407023,-76.73174858148082,48.24675118001143,55.674977103461686,108874.23608537111,93140.19907087888,101007.217578125,0.15577141309058032,4145.457404041982,59751193681.2,0.7938259789598803,1,1,1,0,0,0,0
2025-01-30,103709.3359375,106418.765625,103321.6484375,104735.3046875,41915744521.0,101842.1780894071,98594.11227698848,82642.1980886472,58.82100283288988,1671.8705191095796,1686.9772929475344,-15.106773837954734,51.18406374349318,50.74340196464303,108951.03018832779,94066.79012417221,101508.91015625,0.1466298873787991,4070.5759600032693,58744046223.049995,0.7135317911511703,1,1,1,0,0,0,0
2025-01-31,104737.5625,106026.3515625,101543.8828125,102405.0234375,45732764360.0,101895.7824082731,98743.55977347914,82838.843116994,52.87726116464462,1512.2492093565088,1652.0316762293294,-139.78246687282058,51.990858663841585,50.47389119578206,108591.19671832565,95210.46656292434,101900.831640625,0.1313112949126,4099.996873574464,60087639736.049995,0.7611010277802992,1,1,1,0,0,0,0
2025-02-01,102402.796875,102755.7265625,100297.7109375,100655.90625,27757944848.0,101777.69896462804,98818.55375295055,83016.12732727267,48.884324943669284,1230.4254536028893,1567.7104317040414,-337.2849781011521,42.431579613364846,48.53550067356654,107964.18547389375,96454.22468235625,102209.205078125,0.11261178269354226,3982.7124986762883,60431280430.2,0.45933074147024383,1,1,1,0,0,0,0
2025-02-02,100661.5390625,101430.6640625,96216.078125,97688.9765625,63091816853.0,101388.29683109204,98774.256608227,83162.12582712568,42.958539065695,758.9232715611288,1405.9529996754588,-647.02972811433,25.80202397931619,40.074820752174205,107353.51121721255,97382.14425153744,102367.827734375,0.09740723415123072,4070.7034585922675,59936921360.25,1.052636929310859,1,0,1,0,0,0,0
2025-02-03,97681.1015625,102514.171875,91242.890625,101405.421875,115400897748.0,101389.9277876547,98877.43955986516,83343.65116093539,50.975260655237584,677.3326037613442,1260.228920492636,-582.8963167312918,33.48291590051123,33.905506497730755,106811.08695444424,98411.70601430576,102611.396484375,0.08185621897678277,4585.03044369282,63018482456.75,1.8312230515420678,1,1,1,0,0,0,1
2025-02-04,101398.71875,101745.6171875,96208.109375,97871.8203125,73002130211.0,101054.86993287806,98838.00351094888,83488.21005796589,44.56243297081545,323.80665558473265,1072.9444675110553,-749.1378119263227,38.996544180684026,32.76049468683715,107101.35156082782,97858.17422042218,102479.762890625,0.09019514760461281,4653.0645414647615,63778292785.950005,1.1446234607753871,1,0,1,0,0,0,0
2025-02-05,97878.0078125,99113.2109375,96174.828125,96615.4453125,49125911241.0,100632.06758808016,98750.84436591167,83618.82931422991,42.51450969885652,-57.08611470274627,846.9383510682951,-904.0244657710414,46.48496975714765,39.6548099461143,107512.52753017278,97132.85215732723,102322.68984375,0.10144060314184122,4530.587275110136,63529399257.75001,0.7732783847315712,1,0,1,0,0,0,0
2025-02-06,96610.640625,99168.609375,95707.3515625,96593.296875,45302471947.0,100247.422758263,98666.23466038573,83747.92849393906,42.477449161929975,-356.62264923336625,606.2261510079628,-962.8488002413291,36.478865651913125,40.653459863248266,107606.38592091511,96252.11954783488,101929.252734375,0.11139359966337785,4454.206599209412,62200074221.95001,0.7283346927424251,1,0,1,0,0,0,0
2025-02-07,96581.3203125,100154.140625,95653.8828125,96529.0859375,55741290456.0,99893.29544199986,98582.42490654708,83875.10418989489,42.36215609585413,-592.3604345581116,366.5088338947479,-958.8692684528595,34.15383428482119,39.03922323129399,107570.37803037926,95500.22900087074,101535.303515625,0.1188763770982482,4457.495971587312,62464855958.45002,0.8923624268513105,1,0,1,0,0,0,0
2025-02-08,96533.2578125,96877.8046875,95702.4921875,96482.453125,22447526395.0,99568.45331657131,98500.0730719766,84000.55044795564,42.272419591329,-774.0247307862446,138.4021209585494,-912.426851744794,34.367651556225354,35.00011716431989,107749.46929028559,94860.4221159644,101304.94570312499,0.1272301868863605,4223.054295045362,59747735851.95002,0.3757050551777079,1,0,1,0,0,0,0
2025-02-09,96481.3125,97325.28125,94745.2578125,96500.09375,27732901800.0,99276.22859594547,98421.64251033046,84124.92401315011,42.32219408670897,-906.1262836055976,-70.50355995428,-835.6227236513175,34.66677854928738,34.39608813011131,107808.88402293675,94249.35035206322,101029.11718749999,0.1342141161711666,4105.694948077836,54820397024.40002,0.5058865551020427,1,0,1,0,0,0,0
2025-02-10,96499.4609375,98333.21875,95320.84375,97437.5546875,40078962391.0,99101.11679514115,98383.05083100378,84257.38799995958,45.03449356566013,-924.5152170554647,-241.305891374517,-683.2093256809478,36.66220165778469,35.232210587765806,107102.8963701906,94084.46691105937,100593.68164062499,0.12941597570352484,4027.600666072276,52387651231.85001,0.7650459879108548,1,0,1,0,0,0,0
2025-02-11,97438.1328125,98492.8984375,94875.0390625,95747.4296875,37488783272.0,98781.71802298485,98279.69313910168,84371.71677296993,41.26676456293148,-1063.2115014728042,-405.68701339417447,-657.5244880786297,35.04774573679167,35.45890864795457,106883.15452189301,93513.644696857,100198.399609375,0.13343037291171572,3998.333430995685,51568181342.85001,0.7269750899834256,1,0,1,0,0,0,0
2025-02-12,95745.6953125,98151.0234375,94101.203125,97885.859375,49340445530.0,98696.3981517482,98264.24867776436,84506.18585358714,47.277047665733136,-989.1733275664737,-522.3842762286343,-466.7890513378394,38.09153645726084,36.60049461727906,106409.61101118053,93379.75695756948,99894.683984375,0.13043591043993005,4002.0110653888505,48829977847.95001,1.0104539814381959,1,0,1,0,0,0,0
2025-02-13,97888.75,98111.0859375,95269.7109375,96623.8671875,37147280860.0,98499.01425039122,98199.91999187163,84626.75979720817,44.39007134759331,-1020.5653221975081,-622.0204854224091,-398.54483677509893,36.618026307073386,36.58576950037529,105720.56421532933,93249.2420346707,99484.90312500001,0.12535894179832258,3919.1084892896474,48067930427.70001,0.7728079933849868,1,0,1,0,0,0,0
2025-02-14,96623.3671875,98819.46875,96342.8046875,97508.96875,32697987277.0,98404.72420273491,98172.82386473942,84754.94098081805,46.84186401301591,-962.9234232936287,-690.2010729966531,-272.7223502969756,44.86624300622649,39.85860192352024,104903.97383947147,93345.26444177856,99124.61914062501,0.11660785683620051,3816.0767445189585,48508379966.45,0.6740688371702994,1,0,1,0,0,0,0
2025-02-15,97508.3828125,97975.0390625,97240.1953125,97580.3515625,17047266288.0,98326.21252271254,98149.58965680846,84882.55700650642,47.044644667934854,-901.0945496704517,-732.3797683314128,-168.71478133903884,49.01737857981613,43.500549297705334,104434.0444924602,93304.97894503982,98869.51171875001,0.1125631689077091,3595.98867348189,48233573486.9,0.35343154271225524,1,0,1,0,0,0,0
2025-02-16,97580.4921875,97725.59375,96060.9765625,96175.03125,16536755396.0,98121.33811578754,98072.15599379636,84994.9199343024,43.52452693703759,-954.4895647842495,-776.8017276219803,-177.68783716226926,51.470661309821736,48.451427631954786,104046.00373442701,93101.75407807299,98573.87890625,0.11102585976922642,3458.033567340327,44610080835.3,0.3706954815225183,1,0,1,0,0,0,0
2025-02-17,96179.0078125,97032.234375,95243.546875,95773.3828125,27336550690.0,97897.72332499825,97982.00802590238,85102.16832115014,42.54470324494866,-1017.4862233231543,-824.9386267622151,-192.54759656093916,40.619876052993604,47.03597198087715,103742.74761588412,92849.1008216159,98295.92421875,0.11082501009935315,3338.7945625303037,43617874095.1,0.626728176398468,1,0,0,0,0,0,0
2025-02-18,95773.8125,96695.375,93388.8359375,95539.546875,37325720482.0,97673.13509166508,97886.22523567092,85206.02283412378,41.95256615273282,-1073.900874191837,-874.7310762481395,-199.1697979436974,32.4744360794396,41.521657814084975,102828.4217736209,92947.0602576291,97887.741015625,0.10094585300946436,3336.4905982424248,43112557628.299995,0.8657737451767095,1,0,0,0,0,0,0
2025-02-19,95532.53125,96855.59375,95011.96875,96635.609375,28990872862.0,97574.32311864936,97837.18147642893,85319.75006338624,45.76305530809198,-1018.4270151950332,-903.4702640375183,-114.95675115751487,33.88545592352164,35.65992268531828,101248.18073495037,93717.33176504965,97482.75625,0.07725313952538881,3229.857341225109,42466314045.34999,0.6826792838917101,1,0,0,0,0,0,0
2025-02-20,96632.6796875,98767.1953125,96442.671875,98333.9375,31668022771.0,97646.66734544467,97856.66210480427,85449.2444657406,51.1175849234086,-827.8794175172516,-888.352094733465,60.47267721621347,50.958956101462846,39.1062827014747,100288.4722123158,94269.93169393417,97279.20195312498,0.06186872833600887,3165.190633816173,41763076965.899994,0.7582780070744616,1,1,0,1,0,0,0
2025-02-21,98340.671875,99497.96875,94852.9609375,96125.546875,49608706470.0,97501.79872921185,97788.77523304726,85555.47633050935,44.90892660900262,-845.3233789660881,-879.7463515799897,34.42297261390161,55.294536176201404,46.71298273372863,99644.86619525676,94460.50177349322,97052.68398437499,0.05341804274674364,3270.891860865018,42855615047.0,1.1575777506773348,1,0,0,1,0,0,0
2025-02-22,96134.203125,96950.15625,95765.34375,96577.7578125,18353824477.0,97413.79483238215,97741.28435381012,85665.15077311623,46.34600141878439,-813.2831784890586,-866.4537169618036,53.170538472744965,56.6971104743002,54.31686758398815,99579.4980119714,94414.7480817786,96997.123046875,0.05324642389338576,3121.8861922318024,40618715428.2,0.4518563495550047,1,0,0,1,0,0,0
2025-02-23,96577.8046875,96671.875,95270.453125,96273.921875,16999478976.0,97305.23550310766,97683.74072719012,85770.71068457776,45.48743799894486,-803.1498975912255,-853.792953087688,50.64305549646258,48.0740285100816,53.35522505352773,98293.09732238065,95187.99877136936,96740.548046875,0.032097177592034516,2998.9958838581024,35698644489.6,0.47619396251732804,1,0,0,1,0,0,0
2025-02-24,96277.9609375,96503.453125,91371.7421875,91418.171875,44046480529.0,96744.56277662123,97438.0321447513,85826.90432826357,34.490698031406104,-1173.4112883682392,-917.7166201437983,-255.69466822444087,33.33213240034521,46.034423794909,99186.6721784441,93649.05907155594,96417.86562500002,0.05743347533148802,3151.3326734039524,34250862005.499992,1.2859962625736845,1,0,0,0,0,0,0
2025-02-25,91437.1171875,92511.078125,86008.234375,88736.171875,92139104128.0,95981.85888122873,97096.78272240811,85855.852264052,30.154476947004557,-1664.0786311323754,-1066.9890223415139,-597.0896087908616,22.67315435176877,34.69310508739852,100431.55343089596,91616.25047535406,96023.90195312501,0.09180321541031711,3390.7263217322416,36401521649.85,2.53118825675189,1,0,0,0,0,0,1
2025-02-26,88638.890625,89286.25,82131.8984375,84347.0234375,64597492134.0,94873.77931515934,96596.79216221563,85840.83904189726,24.68496961945114,-2379.6722521739866,-1329.5256683080083,-1050.1465838659783,11.183051429358864,22.39611272715761,102229.62674737509,88593.54981512492,95411.58828125,0.14291845653018956,3659.5566960727956,37366272659.2,1.7287646729756272,0,0,0,0,1,0,1
2025-02-27,84076.859375,87000.78125,83144.9609375,84704.2265625,52659591954.0,93905.25048157273,96130.41704065815,85829.52946498783,25.863519686678103,-2884.7089167829545,-1640.5623180029975,-1244.146598779957,15.930059025718851,16.59542160228216,103120.1773906862,86520.51323431384,94820.34531250002,0.1750643714876248,3673.575525817596,37212187734.09999,1.4151167980307842,0,0,0,0,1,0,0
2025-02-28,84705.625,85036.3203125,78248.9140625,84373.0078125,83610570576.0,92997.41784642295,95669.34216896568,85815.03671222676,25.46559168566912,-3273.9407461286464,-1967.2380036281274,-1306.702742500519,18.796134012844433,15.303081489307381,103688.01052156887,84741.73557218116,94214.87304687501,0.20109643346822012,3895.9920061163393,40270339943.15,2.076232053020506,0,0,0,0,1,0,1
2025-03-01,84373.8671875,86522.3046875,83794.234375,86031.9140625,29190628396.0,92334.03653366838,95291.40381184938,85817.19469581157,31.17698636290122,-3409.250190816805,-2255.6404410658633,-1153.6097497509418,26.753479126313366,20.49322405495888,103770.37408552508,83612.55403947496,93691.46406250002,0.21515108390880922,3812.5690280008866,40343226272.950005,0.723557114607173,1,0,0,0,0,0,0
2025-03-02,86036.2578125,95043.4375,85040.2109375,94248.3515625,58398341092.0,92516.35225069996,95250.49980207096,85901.08680393783,51.145193000665046,-2820.9677022868273,-2368.705893310056,-452.26180897677114,46.91429287846996,30.821302005875914,103461.16783285301,83602.83997964699,93532.00390625,0.21231586006764736,4254.758851893681,41259195208.00001,1.4154018467300782,1,0,0,0,0,0,0
2025-03-03,94248.421875,94429.75,85081.3046875,86065.671875,70072228536.0,91902.00173872853,94890.3104715976,85902.72446633645,39.00720108257657,-2980.664215378303,-2491.0975577237054,-489.56665765459775,49.569570312993086,41.07911410592547,103454.85285428251,82640.97917696749,93047.916015625,0.22368984248738963,4618.593599079846,42888367471.200005,1.6338283004839074,1,0,0,0,0,0,1
2025-03-04,86064.0703125,88911.2734375,81529.2421875,87222.1953125,68095241474.0,91456.30588861153,94589.60007320161,85915.85352948237,41.133639352742016,-2979.556602810335,-2588.7893667410317,-390.7672360693032,51.43676121866696,49.306874803376665,102970.58715277011,82058.8784722299,92514.7328125,0.22603652461410717,4815.982002717,43826107268.4,1.5537597500268705,1,0,0,0,0,0,1
2025-03-05,87222.953125,90998.2421875,86379.7734375,90623.5625,50498988027.0,91376.99699445805,94434.06918797802,85962.69640481091,46.98742577358047,-2673.3996195697837,-2605.711417306782,-67.68820226300159,45.75056463908872,48.91896539024959,102517.34457526484,81912.09058098518,92214.71757812501,0.22344864827919392,4801.873913237215,44493692626.75,1.1349695888499838,1,0,0,0,0,0,0
2025-03-06,90622.359375,92804.9375,87852.140625,89961.7265625,47749810486.0,91242.20933427157,94258.68320266517,86002.48774966353,46.02829876538875,-2455.8629739303724,-2575.7417286315003,119.87875470112795,51.862294854538256,49.68320690409798,101872.90715960518,81801.80377789488,91837.35546875003,0.21855053729786458,4812.6541247917,45246283787.200005,1.0553311010153774,1,0,0,1,0,0,0
2025-03-07,89963.28125,91191.046875,84717.6796875,86742.671875,65945677657.0,90813.68195719809,93963.93766040378,86009.85276583604,41.582333940451015,-2514.2319249373395,-2563.4397678926684,49.20784295532894,52.925315961043225,50.1793918182234,101194.80103106472,81396.1419376853,91295.47148437501,0.21686353957619806,4931.2764864137225,47691204355.65,1.3827639403949625,1,0,0,1,0,0,0
2025-03-08,86742.65625,86847.265625,85247.484375,86154.59375,18206118081.0,90369.95927079828,93657.68887960364,86011.29297463369,40.80686276417741,-2578.2225839890743,-2566.3963311119496,-11.826252877124716,47.817272990300616,50.8682946019607,100668.20544561767,80920.69377313237,90794.44960937502,0.2174969038024353,4693.3125409556,47774672489.9,0.3810830536797283,1,0,0,0,0,0,0
2025-03-09,86154.3046875,86471.1328125,80052.484375,80601.0390625,30899345977.0,89439.585917627,93145.66339657996,85957.45960237367,34.30125948009438,-3041.9948693260376,-2661.5160387547676,-380.47883057127,33.73846688294658,44.82701861143014,100605.78337513276,79465.88146861728,90035.83242187502,0.2347943184160459,4816.5508192802,47952812254.25,0.6443698403582457,0,0,0,0,0,0,0
2025-03-10,80597.1484375,83955.9296875,77420.59375,78532.0,54061099422.0,88400.76821118634,92572.57855749839,85883.5744322008,32.23911182825499,-3535.734164882626,-2836.3596639803395,-699.3745009022864,20.70129183081806,34.08567723468842,100594.3417811029,77776.56837514712,89185.45507812501,0.2558463528158015,4939.321184867328,48789581201.25,1.1080459821740578,0,0,0,0,0,0,0
2025-03-11,78523.875,83577.7578125,76624.25,82862.2109375,54702837196.0,87873.28656607335,92191.77982730238,85853.51111384557,40.324990720986065,-3536.8437471291545,-2976.456480610103,-560.3872665190515,17.68613985289311,24.041966188885915,99672.56815950619,77321.00215299384,88496.78515625001,0.2525692426798149,5083.191658269661,50075179417.950005,1.0924142026417016,0,0,0,0,0,0,0
2025-03-12,82857.375,84358.578125,80635.25,83722.359375,40353484454.0,87477.96016692351,91859.64569191798,85832.30562390681,41.810388051161546,-3428.791336528797,-3066.923451793842,-361.8678847349547,26.236587901538904,21.541339861750025,98114.01824132152,77418.39425867848,87766.20625,0.23580401690933336,4986.0585487504,50509452502.1,0.798929357872613,0,0,0,0,0,0,0
2025-03-13,83724.921875,84301.6953125,79931.8515625,81066.703125,31412940153.0,86867.36425816889,91436.39304223492,85784.88669356942,38.614553424780766,-3516.9075665538403,-3156.920274745842,-359.9872918079982,32.17391906763893,25.36554894069031,96984.62399160136,77041.90413339865,87013.2640625,0.229191722354861,4942.043205982515,49599664186.25,0.633329694230234,0,0,0,0,0,0,0
2025-03-14,81066.9921875,85263.2890625,80797.5625,83969.1015625,29588112414.0,86591.33923953376,91143.55808224532,85766.81917982745,43.68122929696908,-3314.3354205158685,-3188.4033038998477,-125.93211661602072,34.17706682682574,30.862524598667854,95352.03661855329,77413.62588144671,86382.83125,0.20766175960580796,4908.020588590907,50161378583.1,0.5898584379012384,0,0,0,0,0,0,0
2025-03-15,83968.40625,84672.671875,83639.59375,84343.109375,13650491277.0,86377.22210957816,90876.8738192161,85752.65291311276,44.31901232594563,-3088.0194644118455,-3168.3265360022474,80.30707159040185,35.30044247337185,33.8838094559455,93482.23816709181,78090.34308290818,85786.290625,0.17942138507266453,4631.238984048699,49993929198.15,0.27304297733623883,0,0,0,1,0,0,0
2025-03-16,84333.3203125,85051.6015625,82017.90625,82579.6875,21330270174.0,86015.5521467612,90551.49396356057,85721.08111795741,41.909167601767585,-3016.1871188669757,-3137.8986525751934,121.71153370821776,38.409963515153265,35.96249093845029,92685.51815290596,78003.21465959404,85344.36640625,0.1720360008699613,4517.128721795221,48858118680.399994,0.43657575752209404,0,0,0,1,0,0,0
2025-03-17,82576.3359375,84725.328125,82492.15625,84075.6875,25092785558.0,85830.80313278394,90297.54076891113,85704.70904215683,44.658395764671184,-2806.19668154417,-3071.558258368989,265.3615768248187,40.468409600210904,38.05960519624534,92293.31690046802,77929.36747453199,85111.3421875,0.16876657160795683,4353.988947024134,45505802751.899994,0.5514194682996183,0,0,0,1,0,0,0
2025-03-18,84075.71875,84075.71875,81179.9921875,82718.5,24095774594.0,85534.39331061405,90000.3234838558,85674.9955193493,42.68475147435712,-2717.9604792936007,-3000.8387025539114,282.87822326031073,39.05411116549195,39.31082809361871,92284.9327169368,77774.89931431322,85029.91601562501,0.1706462158560433,4249.827348129554,43480716874.899994,0.5541715115536586,0,0,0,1,0,0,0
2025-03-19,82718.8046875,87021.1875,82569.7265625,86854.2265625,34931960257.0,85660.09171555557,89876.9471339987,85686.7291615697,49.94439256250381,-2287.940133749202,-2858.25898879297,570.318855043768,48.97950939455858,42.83401005342048,92435.69887349535,77839.13315775468,85137.41601562501,0.17144713098952644,4264.2297473703,42594335290.04999,0.8201081204607995,1,0,0,1,0,0,0
2025-03-20,86872.953125,87443.265625,83647.1953125,84167.1953125,29028988961.0,85517.91110574074,89653.0352978615,85671.60942177796,45.878466760616774,-2139.306286000763,-2714.4684482345283,575.1621622337652,50.88962384519716,46.30774813508256,92430.52503983756,77823.7257414125,85127.12539062503,0.1715880717385729,4230.789787736708,39865256209.3,0.7281776594785297,0,0,0,1,0,0,0
2025-03-21,84164.5390625,84782.2734375,83171.0703125,84043.2421875,19030452299.0,85377.46644686068,89433.04341118065,85655.40676273043,45.69366836972366,-2008.3637054457067,-2573.247499676764,564.8837942310574,61.19292614205003,53.68735312726858,92333.37437296822,77722.00922078182,85027.69179687502,0.1718424297238585,4043.676454684086,39357247404.45,0.4835310788743902,0,0,0,1,0,0,0
2025-03-22,84046.2578125,84513.875,83674.78125,83832.484375,9863214091.0,85230.32529715967,89213.41364505592,85637.26823150924,45.3591155054269,-1899.698617911723,-2438.537723323756,538.839105412033,62.32700242546967,58.136517470905616,90391.8512359873,78621.94563901276,84506.89843750003,0.13927745325642704,3814.777690063794,36930491054.4,0.26707508645013994,0,0,0,1,0,0,0
2025-03-23,83831.8984375,86094.78125,83794.9140625,86054.375,12594615537.0,85308.8062212397,89089.52977662235,85641.41854761363,49.55256568916182,-1615.668330038534,-2273.9638446667113,658.2955146281774,74.12058051723166,65.88016969491711,90390.65857928435,78622.00860821569,84506.33359375002,0.13926352582806947,3706.5697970235233,34056610404.45,0.3698141238199773,1,0,0,1,0,0,0
2025-03-24,86070.9296875,88758.7265625,85541.1953125,87498.9140625,34582604933.0,85517.38792040736,89027.15268979403,85659.90109005032,52.125053727822376,-1259.4914176873135,-2071.069359270832,811.5779415835186,81.13533854130029,72.5276404946672,90432.61647088177,78607.72259161828,84520.16953125002,0.1399061779554455,3671.638472236129,32380978577.4,1.0679913471526954,1,0,0,1,0,0,0
2025-03-25,87512.8203125,88542.3984375,86346.078125,87471.703125,30005840049.0,85703.51317798761,88966.15466764526,85677.9289709951,52.071188231407874,-968.2529267547361,-1850.506072767613,882.2531460128769,87.39989191618506,80.88527032490566,89733.2438897386,78991.90923526144,84362.57656250002,0.127323454215738,3566.2586036835482,31356321178.5,0.9569311360917562,1,0,0,1,0,0,0
2025-03-26,87460.234375,88292.15625,85861.453125,86900.8828125,26704046038.0,85817.54838127451,88885.16361450231,85690.09766593545,50.88328813753307,-774.5759240097832,-1635.320043016047,860.7441190062639,84.66319637146572,84.39947560965035,89057.3966382763,79361.67211172373,84209.53437500002,0.11513808499849656,3485.1474980632947,30304032956.100006,0.8812043623594544,1,0,0,1,0,0,0
2025-03-27,86896.2578125,87786.7265625,85837.9375,87177.1015625,24413471941.0,85947.02963662932,88818.1807889336,85704.89372460774,51.460343586603166,-591.9730623263022,-1426.6506468780983,834.6775845517961,81.50164181218774,84.52157669994617,89130.52827470834,79331.98344404169,84231.25585937501,0.11632908390948636,3375.407609808774,28227422670.300003,0.8648849108950737,1,0,0,1,0,0,0
2025-03-28,87185.234375,87489.859375,83557.640625,84353.1484375,34198619509.0,85795.23142718844,88643.08148103424,85691.44352274598,45.56620753211495,-667.434624399626,-1274.807442382404,607.3728179827779,66.98495768305787,77.7165986222371,88957.10023813073,79325.2669493693,84141.18359375001,0.11447228191209909,3415.179834108147,29027047741.700005,1.1781638909102892,0,0,0,1,0,0,0
2025-03-29,84352.0703125,84567.3359375,81634.140625,82597.5859375,16969396135.0,85490.69376150383,88406.00322442506,85660.65887015646,42.320969352440386,-858.9957100764441,-1191.645095921212,332.64938584476795,46.90244755196358,65.12968234906972,88825.14290027741,79656.8789747226,84241.0109375,0.10883373577219914,3380.7523682789943,28330550249.600006,0.5989786991602674,0,0,0,1,0,0,0
2025-03-30,82596.984375,83505.0,81573.25,82334.5234375,14763760943.0,85190.1061115987,88167.90597787898,85627.56299520466,41.84010367915891,-1020.2750995944516,-1157.37109665586,137.0959970614083,25.269308241192974,46.385571158738145,88273.74292139677,80588.53129735321,84431.13710937499,0.09102342911819215,3277.252199116209,26365683325.650005,0.5599612481363982,0,0,0,1,0,0,0
2025-03-31,82336.0625,83870.125,81293.890625,82548.9140625,29004228247.0,84938.56401168453,87947.55335374648,85596.92967249118,42.41437062276786,-1117.9041429536446,-1149.477705915417,31.573562961772268,17.333795151867513,29.835183648341356,88287.45037547698,80543.49415577303,84415.47226562501,0.09173621863224925,3227.1794973936226,25080752878.200005,1.156433715839936,0,0,0,1,0,0,0
2025-04-01,82551.921875,85487.3671875,82429.359375,85169.171875,28175650319.0,84960.52666533361,87838.59721732505,85592.67337599874,49.037508063708394,-972.6310705945652,-1114.1083788512467,141.47730825668145,28.403438189004213,23.668847194021566,88359.32865788246,80616.29712336755,84487.812890625,0.09164672713849006,3215.095805615507,24471861171.450005,1.1513488950268729,0,0,0,1,0,0,0
2025-04-02,85180.609375,88466.953125,82343.5390625,82485.7109375,47584398470.0,84724.82992934946,87628.68010831231,85561.75832685945,43.51738932322892,-1061.7942816169962,-1103.6455594043966,41.85127778740048,28.647427266053,24.794886868974906,88212.16124220405,80905.36532029597,84558.76328125001,0.08641086551378506,3422.8328239643993,25280434087.3,1.8822619226267452,0,0,0,1,0,0,1
2025-04-03,82487.4765625,83909.296875,81282.1015625,83102.828125,36852112080.0,84570.35356703046,87451.19571680986,85537.29135967676,45.04935786319805,-1070.3225569865172,-1096.9809589208207,26.658401934303583,30.743954189278284,29.264939881445162,88218.48616969197,80812.41304905804,84515.449609375,0.0876298138963269,3366.0015731455137,25643634070.600002,1.4370861781345698,0,0,0,1,0,0,0
2025-04-04,83100.25,84696.1484375,81670.75,83843.8046875,45157640207.0,84501.1584356466,87309.72940193496,85520.44074602328,46.91126896668812,-1005.6976047035423,-1078.7242880773651,73.02668337382283,24.860291095730386,28.08389085035389,88205.12735932165,80775.84139067835,84490.484375,0.08793044593837782,3341.672777742263,27218991517.1,1.6590489834507742,0,0,0,1,0,0,1
2025-04-05,83844.703125,84207.015625,82377.734375,83504.796875,14380803631.0,84406.26685844218,87160.51636166302,85500.38458810265,46.14096390473758,-970.6479364795086,-1057.109017757794,86.46108127828529,29.447890369429164,28.35071188481261,88173.42031860669,80900.05936889333,84536.73984375001,0.08603786901596601,3233.6448114749587,26871518189.95,0.5351690041978517,0,0,0,1,0,0,0
2025-04-06,83504.5078125,83704.71875,77097.7421875,78214.484375,36294853736.0,83816.57328859055,86809.6915778723,85427.8880685693,36.161840370317876,-1354.1450860307086,-1116.516231412377,-237.62885461833162,24.52271978930266,26.276967084820733,88851.71667124241,79635.64270375759,84243.6796875,0.10939780885250538,3474.5970794053187,27431621598.85,1.323102741309379,0,0,0,0,0,0,0
2025-04-07,78221.3359375,81119.0625,74436.6796875,79235.3359375,91262424987.0,83380.26496943906,86512.6580233479,85366.27063442931,38.9075779874937,-1557.738510624593,-1204.7606872548204,-352.9778233697725,24.441519082480376,26.1373764137374,89158.46172047817,78980.5812482718,84069.52148437499,0.12106504583944858,3703.7246317692247,30789954118.5,2.9640325099466582,0,0,0,0,0,0,1
2025-04-08,79218.4765625,80823.890625,76198.0234375,76271.953125,48314590749.0,82703.2828890163,86111.06175282445,85275.77991294245,34.296164438136906,-1935.8922327636974,-1350.9869963565957,-584.9052364071017,18.892258608980157,22.61883249358773,89530.9354202836,77549.88020471639,83540.4078125,0.14341628834824172,3769.5919571785657,31459085643.099995,1.5357913226444002,0,0,0,0,0,0,1
2025-04-09,76273.5625,83541.0,74589.671875,82573.953125,84213627038.0,82690.96576863379,85972.35161055683,85248.89606430622,48.32332483170501,-1707.3814198212349,-1422.2658810495236,-285.1155387717113,35.03266770436191,26.122148465274147,89458.54794802869,77462.9434582213,83460.745703125,0.14372750193817452,4139.715969165811,34218317546.95,2.4610686052127733,0,0,0,0,0,0,1
2025-04-10,82565.9765625,82700.9296875,78456.1328125,79626.140625,44718000633.0,82399.07765971628,85723.48059151538,85192.94824898975,43.631075324464554,-1744.0445274039666,-1486.6216103204122,-257.42291708355447,36.02212477668731,29.982350363343127,89468.24861665175,77011.53263334828,83239.89062500001,0.14964839441490393,4147.221748153967,35502694963.649994,1.259566370349779,0,0,0,0,0,0,0
2025-04-11,79625.046875,84247.4765625,78936.3203125,83404.8359375,41656778779.0,82494.86416236234,85632.55335018145,85175.15608668637,50.29393105379909,-1451.4596491294215,-1479.589218082214,28.129568952792624,52.968534372752366,41.341108951267195,89441.23397221381,76995.7824340362,83218.508203125,0.14955148568392945,4230.359926857255,37092373198.049995,1.1230550969758377,0,0,0,1,0,0,0
2025-04-12,83404.515625,85856.1875,82769.375,85287.109375,24258059104.0,82760.79227785164,85619.00652762532,85176.27004975418,53.25777647601104,-1055.5327648786624,-1394.7779274415038,339.2451625628414,59.41449154311964,49.46838356418644,89338.38350255594,77021.90634119407,83180.144921875,0.14806991708093112,4148.677967796023,37675545376.399994,0.6438674971164525,1,0,0,1,0,0,0
2025-04-13,85279.46875,86015.1875,83027.0078125,83684.9765625,28796984817.0,82848.80982877054,85543.16221526745,85161.43130858747,50.49771748240283,-861.1102421479736,-1288.0443903827977,426.9341482348241,69.05753462796686,60.48018684794628,88811.62558510089,77167.2705086491,82989.448046875,0.14031127270390684,4065.7852334891645,37386264370.6,0.7702557423641802,0,0,0,1,0,0,0
2025-04-14,83694.5234375,85785.0,83690.640625,84542.390625,34090769777.0,83010.10323793525,85503.91627055108,85155.27169979557,51.933390678278535,-630.5739787020138,-1156.550308046641,525.9763293446272,71.76015405675042,66.74406007594564,88328.01075440075,77357.95408934925,82842.982421875,0.13241986640687156,3925.3736766327957,37590510857.0,0.9068982836303144,0,0,0,1,0,0,0
2025-04-15,84539.6953125,86429.3515625,83598.8203125,83668.9921875,28040322885.0,83072.85456646522,85431.95846337262,85140.48284892697,50.33205806560228,-512.441180660855,-1027.728482569484,515.2873019086289,67.91580705784088,69.57783191418605,87844.00199371931,77518.77378753069,82681.387890625,0.12487971561202311,3847.1706461590247,37657324699.350006,0.7446180287333051,0,0,0,1,0,0,0
2025-04-16,83674.5078125,85428.28125,83100.6171875,84033.8671875,29617804112.0,83164.37957799234,85377.13135451487,85129.47174781826,51.0116435906606,-384.9403710199258,-899.1708602595725,514.2304892396467,72.61870918034079,70.7648900983107,87286.4357100302,77762.01663371982,82524.22617187501,0.11541361268233728,3738.634461611952,37917541307.9,0.7811108814122719,0,0,0,1,0,0,0
2025-04-17,84030.671875,85449.0703125,83749.75,84895.75,21276866029.0,83329.27199913593,85358.25365433782,85127.14615828772,52.65939083058844,-211.90560496484977,-761.7178092006279,549.8122042357782,77.68013600854336,72.73821741557501,87363.3584877394,77739.35401226065,82551.35625000003,0.11658202739072199,3592.9691652468123,37271453633.9,0.5708622539381659,0,0,0,1,0,0,0
2025-04-18,84900.1875,85095.046875,84298.8828125,84450.8046875,12728372364.0,83436.08463612299,85322.6674203442,85120.41639240924,51.69273836705894,-109.41639033521642,-631.2575254275457,521.8411350923293,83.57988146407115,77.9595755509851,87530.56224816326,77757.47212683679,82644.01718750002,0.1182552646146618,3393.1973721934683,37059402445.34999,0.34345865081796767,0,0,0,1,0,0,0
2025-04-19,84450.8671875,85597.703125,84353.4609375,85063.4140625,15259300427.0,83591.06839101604,85312.50062199736,85119.84920504696,52.97272671417985,20.997461757360725,-500.80652799056446,521.8039897479252,86.44148140813421,82.5671662935829,87781.66968119686,77779.25375630317,82780.46171875001,0.12083063705149782,3239.700573286792,37084179419.549995,0.4114773648990496,0,0,0,1,0,0,0
2025-04-20,85066.0703125,85306.3828125,83976.84375,85174.3046875,14664050812.0,83741.852800205,85307.0811735857,85120.39105064352,53.21438506885739,131.78024517168524,-374.28917335811457,506.0694185297998,87.21571723704537,85.74569336975024,88023.93792551335,77799.52457448667,82911.73125000001,0.12331684789209708,3103.26046537345,36367170547.799995,0.4032222081375833,1,0,0,1,0,0,0
2025-04-21,85171.5390625,88460.09375,85143.8359375,87518.90625,41396190190.0,84101.57217637595,85393.81941187647,85144.2568735227,58.115190518666026,404.10784690460423,-218.6097693055708,622.717616210175,90.45318166636565,88.03679343718174,88458.06066632079,77600.37527117922,83029.21796875,0.13076945273925275,3118.4745615967754,37028197541.35,1.1179639555442091,1,1,0,1,0,0,0
2025-04-22,87521.875,93817.3828125,87084.53125,93441.890625,55899038456.0,84991.12631434016,85709.43004768524,85226.8203934379,67.4042595713683,1085.3534924571286,42.18288304696907,1043.1706094101596,93.5988143423443,90.42257108191843,90716.53954450948,76437.51436174051,83577.026953125,0.17084868537830972,3376.644347375577,37443929540.65,1.492873187770389,1,1,0,1,0,0,0
2025-04-23,93427.5859375,94535.734375,91962.9609375,93699.109375,41719568821.0,85820.458034403,86022.75080561914,85311.12177633902,67.73887188330848,1627.243132220974,359.19493288177006,1268.048199339204,95.35284569242864,93.13494723371286,92551.55495752204,75662.12707372797,84106.841015625,0.20080920505213626,3319.224996670179,37687302377.700005,1.106992705471165,1,1,0,1,0,0,0
2025-04-24,93692.3984375,94016.1953125,91696.7109375,93943.796875,31483175315.0,86594.1093525551,86333.38006324193,85397.01904100232,68.07461801064082,2052.775691782721,697.9110846619603,1354.8646071207606,96.34983188797,95.10049730758098,94130.06347739417,75093.61777260585,84611.84062500001,0.22498559970061302,3247.814952265166,37003579133.1,0.8508143280345021,1,1,1,1,0,0,0
2025-04-25,93954.25,95768.390625,92898.59375,94720.5,40915232364.0,87368.05131897843,86662.28672742852,85489.78999581822,69.17138270254166,2424.7359157495375,1043.2760508794759,1381.4598648700617,94.31368602645531,95.33878786895131,95685.81087064267,74659.44069185732,85172.62578125,0.24686769940365183,3220.81366103194,38330300569.74999,1.0674383387509885,1,1,1,1,0,0,0
2025-04-26,94714.6484375,95251.359375,93927.25,94646.9296875,17612825123.0,88061.27783026619,86975.40998076466,85580.9058136459,68.92982728598899,2682.6565686779504,1371.1521544391708,1311.5044142387796,93.11411934078916,94.59254575173816,96782.63340159674,75205.86269215326,85994.248046875,0.2509094642897756,3085.3347834582296,37396199139.1,0.47097901734576875,1,1,1,1,0,0,0
2025-04-27,94660.90625,95301.203125,93665.3984375,93754.84375,18090367764.0,88603.52220357418,87241.27012857782,85662.23852943053,65.92361189983129,2782.9960189075937,1653.5209273328555,1129.4750915747381,89.08064595320835,92.16948377348427,97547.59737754679,75892.84949745321,86720.2234375,0.24970816519747946,2981.7969194612133,33737596277.95,0.5362079626230926,1,1,1,1,0,0,0
2025-04-28,93755.3046875,95598.4921875,92860.8046875,94978.75,32363449569.0,89210.68675561473,87544.70071177086,85754.94013610287,67.98648452672529,2927.5280409518164,1908.3223500566478,1019.2056908951686,89.68992837038351,90.62823122146034,97898.83395107786,77412.2926114221,87655.56328124998,0.2337163845941304,2964.3605323568413,32940039218.95,0.9824957813159404,1,1,1,1,0,0,0
2025-04-29,94981.859375,95485.4140625,93796.6328125,94284.7890625,25806129921.0,89693.93459436571,87809.01790199552,85839.81425477349,65.562951677716,2952.044529978448,2117.0667860410076,834.9777439374402,88.71996176320943,89.16351202893375,98599.50883987042,77882.70131637956,88241.105078125,0.23477502355788796,2873.24772647421,30019664363.100006,0.8596408543701355,1,1,1,1,0,0,0
2025-04-30,94286.46875,95249.3203125,92979.640625,94207.3125,28344679831.0,90123.78010918802,88059.93141564276,85923.07294378072,65.28315185093751,2931.430605797301,2279.9395499922666,651.4910558050342,89.688703793937,89.3661979758433,98815.34416679831,79124.9831769517,88970.16367187501,0.22131420441649777,2830.135723690338,29200998323.000004,0.9706750268423004,1,1,1,1,0,0,0
2025-05-01,94212.859375,97437.9609375,94153.6328125,96492.3359375,32875889623.0,90730.30923569393,88390.61394591167,86028.23973973811,69.42723667986587,3064.1545507460105,2436.7825501430157,627.3720006029948,89.42490298648848,89.27785618121163,99650.3167110773,79598.76063267268,89624.538671875,0.22372841607381114,2862.5780380695996,28761953865.200005,1.1430339460622518,1,1,1,1,0,0,0
2025-05-02,96494.96875,97905.8984375,96375.9453125,96910.0703125,26421924677.0,91318.85790967547,88724.71027401318,86136.51666086013,70.12922372086808,3166.544947207294,2582.7350295558717,583.8099176514224,90.94568078120102,90.01976252054216,100516.26470517623,79895.10873232374,90205.68671874999,0.2286015075429409,2767.3905442789137,28870147143.850002,0.9151988226921272,1,1,1,1,0,1,0
2025-05-03,96904.6328125,96943.8828125,95821.2890625,95891.796875,15775154889.0,91754.37590637304,89005.77249365972,86233.58412567744,66.14243289693744,3129.449571104793,2692.077937865656,437.3716332391368,90.45537847837502,90.27532074868817,100944.93324107573,80687.12222767425,90816.02773437499,0.22306427090879746,2649.905058973277,28219055647.450005,0.5590249045214066,1,1,1,1,0,0,0
2025-05-04,95877.1875,96318.921875,94173.4296875,94315.9765625,18198688416.0,91998.33787362323,89214.01579047699,86314.00594096922,60.41817750545257,2939.01653559877,2741.465657412279,197.550878186491,83.42045365861127,88.27383763939577,101096.6470276576,81512.76703484237,91304.70703124999,0.2144892703736779,2613.8755681537573,27424451579.4,0.6635935221278965,1,1,1,1,0,0,0
2025-05-05,94319.5625,95193.1875,93566.265625,94748.0546875,25816260327.0,92260.21566542101,89431.03692369358,86397.92682401929,61.40449299950787,2790.791568628556,2751.3308396555344,39.46072897302156,76.07636275463528,83.31739829720719,101067.9820108849,82649.3383016151,91858.66015625,0.2005106941244298,2543.378875785632,27313248451.499996,0.9451918680724415,1,1,1,1,0,0,0
2025-05-06,94748.3828125,96889.1796875,93399.859375,96802.4765625,26551275827.0,92692.81194133329,89720.1129879605,86501.45468211363,65.7718217802415,2806.742509678923,2762.413173660212,44.32933601871082,74.9726698809084,78.15649543138498,101177.58550832201,83816.59574167799,92497.090625,0.187692279285071,2610.94612126523,27159922037.25,0.9775902813927361,1,1,1,1,0,0,0
2025-05-07,96800.1953125,97625.8046875,95829.3359375,97032.3203125,76983822462.0,93106.09845287298,90006.86621637382,86606.2394147543,66.23219465231348,2805.5891300496733,2771.0483649381044,34.54076511156882,79.65950847907718,76.90284703820694,101225.8883251807,84981.94995606931,93103.919140625,0.17447104825497625,2552.7691661748568,29945269858.9,2.570817455469339,1,1,1,1,0,0,1
2025-05-08,97034.25,103969.5390625,96913.875,103241.4609375,69895404397.0,94071.3710704565,90525.86993092779,86771.76400702042,75.72930734082378,3268.02902059599,2870.444496069682,397.5845245263081,87.20199342278067,80.61139059425541,102297.05400116074,85789.84990508926,94043.451953125,0.17552741581943768,2874.404515912367,32803621460.549995,2.130722197274987,1,1,1,1,0,1,1
2025-05-09,103239.125,104297.4921875,102343.09375,102970.8515625,58198593958.0,94918.94064112731,91013.90842628355,86932.94895782122,74.74267932506008,3571.5099075414473,3010.657578364035,560.8523291774122,89.25896859943106,85.37349016709629,102972.99839382211,86904.6492624279,94938.82382812501,0.1692495070350141,2808.6897960257697,34950586137.1,1.6651678953167046,1,1,1,1,0,1,1
2025-05-10,102973.7109375,104961.765625,102830.484375,104696.328125,42276713994.0,95850.12040149614,91550.47390466458,87109.69899928568,76.81671114386295,3906.22371959225,3189.7708066096784,716.4529129825714,93.21750100510111,89.89282100910427,103693.57866004104,88136.27133995897,95914.925,0.16219902502224826,2760.3034713096436,36331219296.2,1.163646990466457,1,1,1,1,0,1,0
2025-05-11,104701.0703125,104937.9921875,103364.7421875,104106.359375,46285517406.0,96636.42887516317,92042.86157016794,87278.81999804902,74.56220458081269,4076.8854815170343,3367.19374159115,709.6917399258846,93.0458987836078,91.84078946271332,104287.29282897052,89201.30248352945,96744.29765624998,0.15593673953832735,2675.513937644669,36575685657.0,1.265472309666509,1,1,1,1,0,1,0
2025-05-12,104106.9609375,105747.453125,100814.40625,102812.953125,63250475404.0,97224.66927990953,92465.21810172999,87433.3884868744,69.73040811117437,4060.956899190118,3505.9463731109436,555.0105260791743,89.25132907844602,91.8382429557183,105050.56705999367,89375.1345025063,97212.85078124999,0.16124856365708778,2836.766290312907,36943257504.399994,1.7120979490362154,1,1,1,1,0,0,1
2025-05-13,102812.4921875,104997.421875,101515.09375,104169.8125,52608876410.0,97886.11149134672,92924.22180362293,87599.92006909457,71.7952939131484,4110.43802387199,3626.844703263153,483.5933206088366,85.86370734094007,89.38697840099796,105974.45788494343,89498.31399005654,97736.38593749999,0.16857738023404076,2882.877849933414,37487722883.85,1.403362817554979,1,1,1,1,0,1,0
2025-05-14,104167.328125,104303.5625,102618.296875,103539.4140625,45956071155.0,98424.52126002798,93340.50385299066,87758.52199937722,69.42569585319704,4052.0744937922864,3711.8906613689796,340.18383242330674,82.2592302699071,85.7914222297644,106639.82145898169,89792.5121347683,98216.166796875,0.17153295504859217,2797.334119581027,38211367675.850006,1.2026806144404176,1,1,1,1,0,0,0
2025-05-15,103538.828125,104153.6171875,101440.8125,103744.640625,50408241840.0,98931.19929478722,93748.50921659888,87917.58785634859,69.77543312673845,3976.5419439430407,3764.820917883792,211.72102605924874,84.51366736239693,84.21220165774803,107267.53148491794,90067.21617133202,98667.37382812498,0.17432627064290013,2791.2963030038113,38686018149.65001,1.303009310624956,1,1,1,1,0,0,0
2025-05-16,103735.65625,104533.484375,103137.4765625,103489.2890625,44386499364.0,99365.30308218845,94130.5005831048,88072.53015690732,68.72208650306695,3851.6773777484195,3782.1922098567175,69.48516789170208,82.53636631293715,83.10308798174705,107748.45384651505,90470.5297472349,99109.49179687498,0.17433167889399812,2691.6328393963963,40024701861.7,1.1089776387934533,1,1,1,1,0,0,0
2025-05-17,103489.2890625,103716.9453125,102659.1796875,103191.0859375,37898552742.0,99729.66335412288,94485.81765582619,88222.96354775899,67.4416579252294,3686.1669711543655,3762.9871621162474,-76.82019096188196,81.59602621630901,82.88201996388102,108017.25993223467,91145.34788026531,99581.30390624999,0.1694285110772729,2574.9280383680825,41015111110.6,0.9240143867903713,1,1,1,0,0,0,0
2025-05-18,103186.953125,106597.171875,103142.6015625,106446.0078125,49887082058.0,100369.31520730165,94954.8447207938,88404.28737128875,73.29125072434893,3774.1378623281926,3765.217302158637,8.920560169555756,86.62097624686156,83.58445625870257,108828.90195523821,91480.43163851176,100154.66679687498,0.17321679429987138,2637.759629377505,41891292735.05,1.190869958908191,1,1,1,1,0,1,0
2025-05-19,106430.53125,107068.71875,102112.6875,105606.1796875,61761126647.0,100868.06420541578,95372.54413125286,88575.45047891274,69.8063316421036,3733.0559709421213,3758.785035915334,-25.729064973212644,89.15047753595822,85.7891599997096,109258.65204707164,92182.82060917834,100720.73632812499,0.16953640392643843,2803.3504594219694,43689042571.35,1.4136525547827214,1,1,1,0,0,0,0
2025-05-20,105605.40625,107307.1171875,104206.515625,106791.0859375,36515726122.0,101432.16151323332,95820.33008443902,88756.70058297829,71.84074843529628,3752.8497914123873,3757.597987014745,-4.748195602357555,94.55296040105759,90.10813806129245,109719.83237082814,92980.01762917184,101349.92499999999,0.1651684965889842,2824.5826810704,44097594885.9,0.8280661613514829,1,1,1,0,0,1,0
2025-05-21,106791.3125,110724.4609375,106127.234375,109678.078125,78086364051.0,102217.48690483015,96363.77118406886,88964.87349384418,76.07123763041581,3955.891622505471,3797.25671411289,158.63490839258066,92.40920819766247,92.03754871155942,110833.00390385668,93185.4203148933,102009.21210937499,0.1729999009309229,2951.200101172514,46358118607.3,1.6844161583102675,1,1,1,1,0,1,1
2025-05-22,109673.4921875,111970.171875,109285.0703125,111673.28125,70157575642.0,103118.03874722727,96964.14412783086,89190.82779987558,78.47772631202031,4229.050097037034,3883.6153906977192,345.43470633931474,95.08869773426018,94.01695544432674,112221.18196273838,93273.56334976158,102747.37265624998,0.18440976273298648,2932.193062695906,48544901155.55,1.4452099802860363,1,1,1,1,0,1,0
2025-05-23,111679.359375,111798.90625,106841.3046875,107287.796875,67548133399.0,103515.15856891991,97368.99325517083,89370.89714390667,63.38787629267303,4045.029634381848,3915.8982394345453,129.13139494730285,82.59643905764499,90.03144832985588,112418.35985675306,94215.98545574694,103317.17265625,0.17617956369719723,3076.8650983961984,51133550081.049995,1.3210139583880216,1,1,1,1,0,0,0
2025-05-24,107278.5078125,109454.5234375,106895.2890625,107791.15625,45903627163.0,103922.39644330849,97777.70552947787,89554.1833041663,64.23785366494829,3894.9108786333964,3911.7007672743157,-16.789888640919344,72.63513308467641,83.44008995886053,112241.81503673331,95740.04824451669,103990.931640625,0.15868467117155882,3039.8914752964697,52518797018.4,0.8740418625148179,1,1,1,0,0,0,0
2025-05-25,107802.2734375,109313.3046875,106683.375,109035.390625,47518041841.0,104409.34827013627,98219.18337636109,89748.02616308008,66.31933182823953,3832.1651839172846,3895.7936506029096,-63.62846668562497,64.75313820814816,73.32823678348984,112005.99066915955,97404.60620584046,104705.29843750001,0.139452202335633,3010.6084904538648,53603886094.100006,0.8864663609944904,1,1,1,0,0,0,0
2025-05-26,109023.78125,110376.8828125,108735.640625,109440.3671875,45950461571.0,104888.49292893281,98659.22980032732,89943.96985486535,66.99272746746544,3771.6398761321034,3870.9628957087484,-99.32301957664504,70.73530257801065,69.37452462361173,111909.15858112264,98765.22735637738,105337.19296875001,0.12477958500987038,2912.7966116714456,54573845381.30001,0.8419868757634796,1,1,1,0,0,0,0
2025-05-27,109440.40625,110744.2109375,107609.5546875,108994.640625,57450176272.0,105279.55461427254,99064.54002874585,90133.52876800102,65.44188142062248,3645.6815772846458,3825.906632023928,-180.2250547392823,73.8023739394237,69.7636049085275,111410.74956183636,100459.86840691362,105935.30898437499,0.10337328752718272,2928.6437286949135,53597163071.8,1.0718883795218492,1,1,1,0,0,0,0
2025-05-28,108992.171875,109298.2890625,106812.9296875,107802.328125,49155377493.0,105519.81875815135,99407.1983854617,90309.33771682689,61.35054036072992,3410.33682374566,3742.7926703682747,-332.4558466226149,69.37711864197182,71.30493171980206,111545.50614671053,100781.1985407895,106163.35234375001,0.10139381781263748,2896.9805605738484,52560161726.600006,0.9352211994454939,1,1,1,0,0,0,0
2025-05-29,107795.5703125,108910.046875,105374.3984375,105641.7578125,56022752042.0,105531.43200142265,99651.69091201221,90461.8991108137,54.679447087728555,3014.732483950196,3597.1806330846593,-582.4481491344632,55.98615857091595,66.38855038410382,111474.16203266928,101119.63327983076,106296.89765625002,0.0974113918763997,2942.5996946400023,52451369630.8,1.068089402361437,1,1,1,0,0,0,0
2025-05-30,105646.2109375,106308.9453125,103685.7890625,103998.5703125,57655287183.0,105385.4451739062,99822.15677085487,90596.59235660163,50.20793525789401,2539.3496538090258,3385.614437229533,-846.2647834205072,38.44977776177016,54.6043516582193,111493.80442535058,101030.21510589942,106262.009765625,0.09846971031820306,2919.782305737145,53220298290.25001,1.0833326575616449,1,1,1,0,0,0,0
2025-05-31,103994.71875,104927.1015625,103136.1171875,104638.09375,38997843858.0,105314.2688478199,100011.01704454684,90736.30878837674,51.85802733037142,2188.976375592334,3146.286824902093,-957.310449309759,26.85052654048293,40.42882095772301,111479.51153430816,101097.68143444187,106288.59648437501,0.09767586028283357,2839.1538821130634,52855914612.850006,0.7378141905904904,1,1,1,0,0,0,0
2025-06-01,104637.296875,105884.546875,103826.953125,105652.1015625,37397056873.0,105346.44339207515,100232.23604525089,90884.7246368755,54.43634326479734,1970.4113093189371,2911.111721785462,-940.700412466525,26.88550419335562,30.72860283186957,111370.4790355719,101490.6287769281,106430.55390625,0.0928290786435869,2783.328158390702,51563243686.30001,0.7252657939930209,1,1,1,0,0,0,0
2025-06-02,105649.8125,105958.3125,103727.546875,105881.53125,45819706290.0,105397.40414044894,100453.77703367242,91033.946593225,55.02328231482076,1795.0181263774575,2687.8930027038614,-892.8748763264039,30.867550754471804,28.201193829436786,111349.3051237468,101682.97456375323,106516.13984375002,0.09074991427752867,2743.8594060056516,51223785180.30001,0.8945005943766462,1,1,1,0,0,0,0
2025-06-03,105888.4765625,106813.578125,104920.84375,105432.46875,46196508367.0,105400.74362707285,100649.01984607743,91177.21547040685,53.568735551131944,1601.3231183591852,2470.579025834926,-869.255907475741,30.992595498354955,29.581883482060793,111269.49864024973,101952.08651600032,106610.79257812502,0.08739651867254959,2683.0647609338193,51235807040.90001,0.901644982972996,1,1,1,0,0,0,0
2025-06-04,105434.3671875,105997.6953125,104232.703125,104731.984375,44544857105.0,105337.05226973258,100809.13610211361,91312.08879284062,51.29102306713635,1375.4399782496039,2251.551216317862,-876.111238068258,25.045625696250628,28.968590649692462,111210.65253673782,102109.6669945122,106660.15976562501,0.08532694458947113,2617.4881485456895,50942637804.15001,0.8744120647276569,1,1,1,0,0,0,0
2025-06-05,104750.78125,105936.6875,100436.8828125,101575.953125,57479298400.0,104978.85235118662,100839.20735791307,91414.21679614569,42.51902830631655,931.0283017734473,1987.4466334089789,-1056.4183316355316,18.028165827321267,24.688795673975616,111462.82500737434,101666.16093012568,106564.49296875001,0.09193178519717186,2823.3679013281403,51597277755.950005,1.1139986623300433,1,1,1,0,0,0,0
2025-06-06,101574.3671875,105376.7734375,101169.5703125,104390.34375,48856653697.0,104922.80391297837,100978.46760858315,91543.33248722882,50.62799521771434,796.7422996707901,1749.305766661341,-952.563466990551,22.14867146762211,21.740820997064667,111376.07626940416,101872.83544934586,106624.45585937501,0.0891281530439128,2922.213274447559,52145182803.700005,0.9369351313029309,1,1,1,0,0,0,0
2025-06-07,104390.6484375,105972.7578125,103987.3125,105615.625,38365033776.0,104988.7868736471,101160.31691805048,91683.35529830118,53.69096858333992,780.1960182550538,1555.4838169800837,-775.2877987250299,32.87479082797907,24.350542707640813,111355.58748152888,101810.28595597112,106582.93671875,0.08955750159845764,2855.3012771655904,51569080389.600006,0.743954196703828,1,1,1,0,0,0,0
2025-06-08,105617.5078125,106497.0625,105075.328125,105793.6484375,36626232328.0,105065.4403559188,101342.01619332301,91823.75622505938,54.13617235307627,772.5425846016587,1398.8955705043986,-626.3529859027399,46.856529562553334,33.959997286051504,111357.6144135626,101827.00589893742,106592.31015625001,0.08941178308880425,2752.9036412966193,50312335673.65001,0.7279771816910935,1,1,1,0,0,0,0
2025-06-09,105793.0234375,110561.421875,105400.234375,110294.1015625,55903193732.0,105563.40808987893,101693.07836466328,92007.54075578018,63.650104426308104,1116.7529062737594,1342.4670376582708,-225.71413138451135,65.94895824016791,48.5600928769001,111812.8086442251,101722.1132307749,106767.4609375,0.09451096171854384,2924.9239169182893,51281709054.15,1.0901195526258696,1,1,1,0,0,0,0
2025-06-10,110295.6875,110380.125,108367.7109375,110257.234375,54700101509.0,106010.43916465236,102028.92761997061,92189.1297470162,63.53383560412733,1370.7658566576138,1348.1268014581394,22.639055199474342,81.53303770569786,64.77950850280637,111918.1750107321,101674.66248926787,106796.41874999998,0.09591625488344602,2859.744641602697,50112395927.05,1.0915483184764991,1,1,1,1,0,0,0
2025-06-11,110261.796875,110384.21875,108086.328125,108686.625,50842662052.0,106265.31400611404,102290.01379173648,92353.28392863793,58.62102082774952,1428.866812295586,1364.2748036256287,64.5920086699573,91.37043328768672,79.61747641118416,111325.0730264092,101969.09884859077,106647.08593749999,0.08772836215423128,2819.612211845362,49146650247.55,1.0345092045115434,1,1,1,1,0,0,0
2025-06-12,108685.9140625,108780.6953125,105785.6875,105929.0546875,54843867968.0,106233.28930910319,102432.72127784486,92488.36622474602,51.14348163299436,1238.1270026125712,1339.0452434230174,-100.91824081044615,77.57477642372092,83.49274913903517,111257.42279172684,101900.87486452314,106579.14882812499,0.08778966645992411,2832.140469034979,48511436976.0,1.130534805537359,1,1,1,0,0,0,0
2025-06-13,105924.59375,106182.546875,102822.0234375,106090.96875,69550440846.0,106219.73497014098,102576.18196302741,92623.71550360427,51.53439597913969,1087.493492859634,1288.7348933103408,-201.2414004507068,63.85805115099118,77.60108695413294,111141.36840661378,101846.91049963621,106494.139453125,0.08727670794568616,2869.8821096396236,49693777660.149994,1.3995804730654093,1,1,1,0,0,0,0
2025-06-14,106108.0859375,106203.7578125,104379.3671875,105472.40625,38007870453.0,106148.56080631803,102689.75938604595,92751.56317272264,49.892015245507935,907.7386804565322,1212.535650739579,-304.7969702830469,53.27577927287327,64.90286894919512,110824.12881234064,101807.85165640939,106315.99023437501,0.08480640716466781,2795.204146451079,49218269090.75,0.772230945036284,1,1,1,0,0,0,0
2025-06-15,105464.84375,106157.1015625,104519.8828125,105552.0234375,36744307742.0,106091.74772357346,102802.00503512257,92878.93093655127,50.11239779852584,762.9117662608478,1122.610873843833,-359.6991075829851,52.034467618510405,56.389432680791614,110391.46006366634,101851.68603008366,106121.573046875,0.08047161183532943,2712.4909038474307,48757961399.299995,0.7536063175628899,1,1,1,0,0,0,0
2025-06-16,105555.59375,108915.375,104997.625,106796.7578125,50366626945.0,106158.89154156647,102958.66200678443,93017.41677611296,53.551879130402845,740.0442848680977,1046.0975560486859,-306.0532711805881,54.358158794780515,53.222801895388066,110078.5285757546,101944.82923674541,106011.67890625,0.07672455924598749,2798.5808392869,48403783932.950005,1.040551437358058,1,1,1,0,0,0,0
2025-06-17,106794.1171875,107750.1953125,103396.53125,104601.1171875,55964092176.0,106010.53207927443,103023.07201387132,93132.67747672378,47.35042588922184,538.5437947755418,944.5868037940571,-406.04300901851536,51.48958684590321,52.62740441973138,109873.46362263507,101829.77309611494,105851.618359375,0.0759902460745677,2909.65821237355,48744219667.100006,1.1481175113317705,1,1,1,0,0,0,0
2025-06-18,104602.0703125,105581.8515625,103602.265625,104883.328125,47318089133.0,105903.17932172448,103096.02323391559,93249.59937372155,48.18105019033988,397.0483426258288,835.0791115604115,-438.03076893458274,49.28802057089533,51.71192207052635,109858.11266202088,101769.2810879791,105813.696875,0.07644408817506193,2843.2244784540108,48308986521.65001,0.9794883424390215,1,1,1,0,0,0,0
2025-06-19,104886.7734375,105250.890625,103940.7734375,104684.2890625,37333806920.0,105787.09453513168,103158.3081683699,93363.37738057507,47.61054177719535,265.7875549857272,721.2208002454747,-455.43324525974754,40.823562380018814,47.200389932272444,109838.88134174008,101857.08428325993,105847.9828125,0.07540811687095797,2733.7168148144383,47292912508.50001,0.789416530717789,1,1,1,0,0,0,0
2025-06-20,104681.03125,106539.3828125,102372.2109375,103309.6015625,50951862476.0,105551.14282345248,103164.24124264951,93462.34478537034,43.75680747297835,50.25730763253523,587.0281017228868,-536.7707940903516,30.929075921335468,40.346886290749865,109899.44833325008,101663.6680729999,105781.558203125,0.07785648462878168,2836.10646197055,47890613439.40001,1.0639216918879864,1,1,1,0,0,0,0
2025-06-21,103315.078125,104015.78125,100973.0625,102257.40625,38360555118.0,105237.45362598081,103128.67908607502,93549.85783476965,41.01995795647838,-203.1139630303078,428.9996887722479,-632.1136518025558,20.75484733254093,30.835828544631735,110021.68155651234,101201.96531848767,105611.8234375,0.08351068991100312,2850.864482544082,47938788351.65001,0.8001986791282694,1,0,1,0,0,0,0
2025-06-22,102212.03125,103351.6328125,98286.203125,100987.140625,65536997201.0,104832.6619116017,103044.6971856407,93623.86064860279,37.93513797688032,-500.64125955499185,243.0714991068,-743.7127586617919,15.614882888509815,22.432935380795403,110233.52433121053,100500.68348128948,105367.10390625,0.09237077312650453,3009.047711469505,48924652897.20001,1.339549558761422,1,0,1,0,0,0,0
2025-06-23,100987.4765625,106116.859375,99705.75,105577.7734375,65237759656.0,104903.6249140682,103144.03350924303,93742.80505446246,51.98755754128402,-361.8370508828084,122.08978910887832,-483.92683999168673,31.88959694156517,22.753109054205304,110241.63423760296,100507.10404364704,105374.369140625,0.09238043628014446,3252.0521160073977,49876715461.65002,1.3079802679902013,1,1,1,0,0,0,0
2025-06-24,105571.515625,106316.828125,104740.2421875,106045.6328125,48822986421.0,105012.3875710617,103257.8217172139,93865.22125105985,53.15175357781387,-211.64170020366146,55.34349124637037,-266.98519145003183,48.80400152826389,32.10282711944629,110306.27096092072,100573.8321640793,105440.05156250001,0.09230305422482159,3132.3759603997264,50090621927.45001,0.9746931569688629,1,1,1,0,0,0,0
2025-06-25,106047.40625,108168.3984375,105881.390625,107361.2578125,51624120283.0,105236.08949881772,103418.74077977413,93999.5101720692,56.35649781105752,13.394733521621674,46.95373970142063,-33.559006179798956,69.92919607933848,50.20759818305584,110307.68061777335,101150.95297597666,105729.316796875,0.0866053798435907,3071.992521264032,49797863021.60001,1.0366734062585745,1,1,1,0,0,0,0
2025-06-26,107375.0703125,108305.546875,106666.3515625,106960.0,43891990613.0,105400.27145131127,103557.61369037123,94128.47026985956,55.11807165078901,157.543512981385,69.0716943574135,88.47181862397149,77.04016204073054,65.25778654944429,110422.15344563969,101293.44577311033,105857.79960937501,0.08623556985139619,2969.6498634951727,49549629867.40002,0.8858187383126686,1,1,1,1,0,0,0
2025-06-27,106954.921875,107772.46875,106449.9921875,107088.4296875,45353692675.0,105561.04842618639,103696.07706280766,94257.42508993558,55.45547320465387,278.93032651273825,111.04342078847847,167.88690572425978,83.26480631869545,76.74472147958815,110526.76108887125,101336.11859862876,105931.43984375,0.08676029046521776,2851.994627709803,49899062812.35001,0.9089087072748582,1,1,1,1,0,0,0
2025-06-28,107090.546875,107567.8828125,106883.9765625,107327.703125,30037708335.0,105729.30125464483,103838.49377112892,94387.47760769742,56.117357517834215,389.9426019118109,166.823257013145,223.11934489866593,83.15957802843099,81.15484879595232,110644.80519101841,101371.47996523161,106008.14257812501,0.08747748050535478,2697.131172159103,49569636612.70001,0.6059699119784181,1,1,1,1,0,0,0
2025-06-29,107327.8203125,108526.3046875,107230.109375,108385.5703125,35534874438.0,105982.27926015484,104016.81049824152,94526.76211222282,59.016802788827086,556.8625066898676,244.83110694848952,312.0313997413781,87.63020010280276,84.68486148330973,110246.64906643736,101578.78296481271,105912.71601562503,0.081839711299122,2597.0643250405956,48551220648.00001,0.7319048617877294,1,1,1,1,0,0,0
2025-06-30,108383.4375,108798.7890625,106759.6484375,107135.3359375,42064804590.0,106092.09418180675,104139.10561350657,94652.22055824548,54.43880382255555,581.5604020950123,312.1769659777941,269.38343611721814,88.08506237221623,86.29161350114998,109632.36976106995,101880.87242643011,105756.62109375003,0.07329562210358788,2557.212632180553,47919455802.05,0.8778230863840583,1,1,1,1,0,0,0
2025-07-01,107144.3828125,107550.6796875,105270.2265625,105698.28125,44110692247.0,106054.58818830135,104200.24975611415,94762.13160990474,49.66948643047899,479.64629490990774,345.6708317642168,133.97546314569092,83.23294097058815,86.31606781520237,109229.46700972912,101984.94080277093,105607.20390625003,0.06859878814128371,2537.444095953371,47582857311.8,0.927029075995843,1,1,1,1,0,0,0
2025-07-02,105703.1015625,109763.65625,105157.3984375,108859.3203125,56248657737.0,106321.70553346311,104382.95840538418,94902.40214425893,58.31958301575658,646.495665549417,405.83579852125683,240.6598670281602,82.26800802187229,84.52867045489222,109656.94399885493,101850.49037614511,105753.71718750002,0.07381729768296531,2685.2165042781303,47653096800.25,1.1803778036248194,1,1,1,1,0,0,0
2025-07-03,108845.015625,110541.4609375,108605.796875,109647.9765625,50494742270.0,106638.49325051424,104589.42970566323,95049.12427777376,60.15933282858624,832.7633842493087,491.22131566686727,341.54206858244146,85.11228234696253,83.53774377980766,110205.99594996945,101657.13920628058,105931.56757812502,0.08070169203702238,2631.677044151121,46700311871.450005,1.081250643657258,1,1,1,1,0,0,0
2025-07-04,109635.65625,109751.984375,107296.3828125,108034.3359375,42616442656.0,106771.43064927479,104724.52406769605,95178.3303639402,54.82691384408945,840.4859814158845,561.0742488166708,279.4117325992137,88.12419815270029,85.1681628405117,110428.66097291789,101690.66715208217,106059.66406250003,0.08238753062320182,2619.100224033184,46930740481.600006,0.9080709619893703,1,1,1,1,0,0,0
2025-07-05,108015.8359375,108381.34375,107842.2734375,108231.1796875,30615537520.0,106910.454367201,104862.03997435502,95308.20946168706,55.34687701937042,852.6608967866778,619.3915784106722,233.26931837600557,84.46682854446613,85.90110301470963,110660.2825542115,101726.96119578855,106193.62187500003,0.0841229557923763,2470.5266589236708,46624301970.5,0.6566433431940918,1,1,1,1,0,0,0
2025-07-06,108231.1875,109731.625,107847.015625,109232.0703125,36746020463.0,107131.56064770566,105033.41371310581,95446.75534079963,57.99445708382003,932.3258416294557,681.9784310544289,250.34741057502674,82.86902527860912,85.15335065859185,110979.68374205605,101651.091257944,106315.38750000003,0.08774451848855878,2428.6754243576943,45943271646.40001,0.7998128811072452,1,1,1,1,0,0,0
2025-07-07,109235.328125,109710.25,107527.0546875,108299.8515625,45415696597.0,107242.82644911464,105161.50931504284,95574.64684549317,54.73901383507995,909.7515722996905,727.5330593034813,182.21851299620914,76.80810125440564,81.38131835916029,111171.73165733615,101828.91678016391,106500.32421875003,0.08772569422401227,2411.1411306535733,45415851867.450005,0.9999965811397646,1,1,1,1,0,0,0
2025-07-08,108298.2265625,109198.96875,107499.5546875,108950.2734375,44282204127.0,107405.44044800849,105310.08830023724,95707.73765735395,56.57077039590513,933.5831453627034,768.7430765153258,164.84006884737755,73.24066394655671,77.63926349319048,111432.42558802146,101974.91738072861,106703.67148437504,0.0886333907327429,2360.3034829283183,45264057617.15,0.9783083191866124,1,1,1,1,0,0,0
2025-07-09,108950.2734375,111925.375,108357.6796875,111326.5546875,57927418065.0,107778.87989938864,105546.02815856128,95863.14877208178,62.53621457662288,1131.176379011944,841.2297370146496,289.94664199729436,74.31939131325426,74.78938550473887,112089.2350123768,101982.33451887325,107035.78476562502,0.09442543459306163,2446.545756469153,46293738174.4,1.2513013714030403,1,1,1,1,0,0,0
2025-07-10,111329.1953125,116608.78125,110660.75,115987.203125,95911605728.0,108560.62496849449,105955.48600038241,96063.38811887699,70.9612504468731,1644.8846125945129,1001.9607121306223,642.9239004638906,85.39017253276262,77.65007593085787,113817.14746837487,101522.18221912516,107669.66484375001,0.11419154380290994,2696.6518631499275,48541725337.0,1.9758590174151311,1,1,1,1,0,1,1
2025-07-11,115986.234375,118856.4765625,115245.6875,117516.9921875,86928361085.0,109413.6123226855,106408.87839987723,96276.85681607721,73.09964574612225,2150.651904716564,1231.6989506478105,918.9529540687533,91.98208698558112,83.897216943866,115474.53969920792,101390.7485820421,108432.64414062501,0.12988515800556075,2761.9473773892187,50970115635.35,1.7054770231816268,1,1,1,1,0,1,1
2025-07-12,117530.7109375,118219.8984375,116977.0234375,117435.2265625,45524560304.0,110177.57558362022,106841.28421017616,96487.38785833018,72.79110517027483,2515.8768625931843,1488.5345330368855,1027.3423295562989,91.4731079135781,89.61512247730728,116475.31790523052,102034.7789697695,109255.04843750001,0.13217273839498428,2653.4422075757034,49969493790.5,0.9110470579282703,1,1,1,1,0,1,0
2025-07-13,117432.203125,119449.5703125,117265.4375,119116.1171875,49021091807.0,111028.86526018019,107322.6502092869,96712.54934419258,75.11632937497127,2907.438952239041,1772.3154168773167,1135.1235353617244,92.50472696190931,91.98664062035618,118167.73320215665,101696.19804784334,109931.965625,0.14983390009145317,2619.920107927439,49158660398.049995,0.9972015390587118,1,1,1,1,0,1,0
2025-07-14,119115.7890625,123091.609375,118959.1953125,119849.703125,181746419401.0,111868.94505682969,107813.90718637369,96942.76977982251,76.07719415468668,3239.6048356967367,2065.773300641201,1173.8315350555358,89.73847917598583,91.23877135049108,119751.79342018592,101492.54486106406,110622.16914062499,0.16505957803006335,2727.9553903969077,55804832047.049995,3.2568222631288726,1,1,1,1,0,1,1
2025-07-15,119853.8515625,119935.5625,115765.6875,117777.1875,98321661181.0,112431.6348133221,108204.62406141785,97150.07741882926,68.07899084711819,3297.601306090146,2312.1389017309903,985.4624043591557,83.31911688730902,88.52077434173472,120669.0942695959,101616.83698040407,111142.96562499998,0.171421170760143,2830.9496482257,58139709091.95,1.6911275050499621,1,1,1,1,0,0,1
2025-07-16,117777.1875,120065.515625,117064.8203125,118738.5078125,72162029070.0,113032.28938467237,108617.71754185246,97364.8876715026,69.67171579464744,3382.1471547620167,2526.140552337196,856.0066024248208,74.91028865937054,82.65596157422179,121618.69509098148,101845.08694026848,111731.89101562498,0.1769737178076382,2843.0743385310075,59553211014.8,1.211723563521478,1,1,1,1,0,0,0
2025-07-17,118738.5078125,120999.609375,117508.21875,119289.84375,72363841798.0,113628.24694327501,109036.23229511315,97583.04643845283,70.57841472946293,3453.8250066586334,2711.6774432014836,742.1475634571498,72.9128153635489,77.04740697007615,122523.72499887444,102160.19843862552,112341.96171874998,0.18126376154289844,2889.3826447073643,60903718470.950005,1.1881678757023066,1,1,1,1,0,1,0
2025-07-18,119284.109375,120851.9140625,116925.984375,118003.2265625,77945799785.0,114044.91166891549,109387.87912912833,97786.2323103339,65.64619355339593,3367.9869097781193,2842.9393365168107,525.0475732613086,71.9122863034542,73.2451301087912,123069.99047097823,102681.48531027176,112875.737890625,0.18062787930974716,2963.4217191925522,63299123043.450005,1.2313883042502212,1,1,1,1,0,0,0
2025-07-19,117998.125,118541.3984375,117388.4140625,117939.9765625,47564562765.0,114415.87023020926,109723.25549906447,97986.76707901216,65.40421757019607,3257.307638321552,2925.812996877759,331.49464144379317,70.08544858154232,71.63685008284847,123557.2119649185,103149.70444133147,113353.45820312499,0.18003427374061734,2834.1047660359413,63900607459.80001,0.7443522785745496,1,1,1,1,0,0,0
2025-07-20,117944.109375,118865.03125,116550.1328125,117300.7890625,57515447231.0,114690.62440471313,110020.41367802273,98178.94640223095,62.881670875280605,3082.4834781966492,2957.1470931415374,125.3363850551118,65.72862213310097,69.2421190060325,123769.76439936062,103953.69731938936,113861.73085937499,0.1740362361472012,2797.0185997119456,64673139591.850006,0.8893251138568197,1,1,1,1,0,0,0
2025-07-21,117306.46875,119671.5625,116584.3984375,117439.5390625,69820091744.0,114952.42580069284,110311.35977153164,98370.59409039284,63.2133461876716,2921.4533415951155,2950.008342832253,-28.55500123713773,64.52354790074872,66.77920620513066,123689.08659398774,105208.50090601225,114448.79375,0.16147470919041895,2817.7432756253784,65958609566.700005,1.0585440202979888,1,1,1,0,0,0,0
2025-07-22,117426.5,120269.96875,116233.2265625,119995.4140625,79217583118.0,115432.71039705543,110691.12660647157,98585.76642842377,68.75236871601848,2965.884677971757,2953.1836098601543,12.70106811160258,68.53223634985554,66.2614687945684,124169.50315150153,105841.69372349852,115005.59843750003,0.15936449770280778,2904.814626473566,67107055835.75001,1.1804657815996502,1,1,1,1,0,0,0
2025-07-23,119997.4453125,120113.3515625,117391.390625,118754.9609375,66608604537.0,115749.1152104311,111007.35540376682,98786.45493100164,63.73638942532077,2867.942772819879,2936.135442452099,-68.19266963222026,69.2833720945284,67.44638544837755,124406.37529646784,106515.5200160322,115460.94765625002,0.1549515714499438,2891.7536486897397,67912748949.100006,0.9807967659639658,1,1,1,0,0,0,0
2025-07-24,118770.984375,119535.453125,117247.96875,118368.0,72627318560.0,115998.53280943766,111296.00813303087,98981.2961754693,62.21159650008943,2727.6558746487863,2894.4395288914366,-166.7836542426503,61.29838473611495,66.3713310601663,124288.12353557617,107667.13818317385,115977.63085937501,0.14331199240097917,2848.5915577119013,69413292744.3,1.0463027424378153,1,1,1,0,0,0,0
2025-07-25,118368.0,118486.9765625,114759.8203125,117635.8828125,104857024569.0,116154.47090496741,111544.63066948064,99166.91395295219,59.32009508908955,2528.257579077166,2821.2031389285826,-292.9455598514164,46.476116924357676,59.019291251667006,123936.45722898692,108959.2748022631,116447.86601562501,0.1286170622028761,2911.346178589623,73125367096.75,1.4339350177930292,1,1,1,0,0,0,0
2025-07-26,117644.84375,118335.6875,117181.2265625,117947.3671875,48508954046.0,116325.22293187528,111795.71837606964,99353.78413439049,60.16833914359217,2368.069547457475,2730.5764206343615,-362.50687317688653,37.524051473285944,48.43285104458619,123576.25395252754,110191.0077662225,116883.63085937501,0.11451771379697379,2785.85437565465,73713513775.90001,0.6580740974236339,1,1,1,0,0,0,0
2025-07-27,117944.7265625,119815.59375,117859.6875,119448.4921875,54683390892.0,116622.67714669669,112095.82715298848,99553.73147820254,64.05797311916326,2335.327419579291,2651.5266204233476,-316.1992008440566,43.01709660571474,42.33908833445278,122859.17783945559,112022.94794179445,117441.06289062502,0.09226951486085502,2726.572366679318,74176898490.65001,0.7372024444900839,1,1,1,0,0,0,0
2025-07-28,119457.5234375,119819.7890625,117441.4375,117924.4765625,64822943193.0,116746.65804343986,112324.401639636,99736.52496162838,57.878456487290634,2161.487441388934,2553.518784616465,-392.0313432275311,48.41650082460258,42.98588296786775,121547.61891132753,114231.92718242251,117889.77304687502,0.062055355098496724,2701.699452095081,75203935443.95001,0.8619621142209102,1,1,1,0,0,0,0
2025-07-29,117938.5859375,119273.8671875,116987.3671875,117922.1484375,68463107433.0,116858.60950954084,112543.92112190518,99917.47643900025,57.8692725080477,2000.4699733892194,2442.909022371016,-442.43904898179653,52.55729962731126,47.99696568587619,120182.59778229453,116256.5076864555,118219.55273437501,0.03321015859923337,2672.0423483740037,75730719912.35,0.9040334954195408,1,1,1,0,0,0,0
2025-07-30,117921.9921875,118780.7265625,115800.828125,117831.1875,68896148592.0,116951.23598482266,112751.2649014383,100095.72232020422,57.48547215292605,1844.2631647183298,2323.1798508404786,-478.9166861221488,50.2065666449228,50.393455698945544,119985.18345401413,116638.32045223587,118311.751953125,0.02828850850847243,2694.032069025861,74379947055.55,0.9262731598954423,1,1,1,0,0,0,0
2025-07-31,117833.6328125,118919.984375,115505.21875,115758.203125,69370346018.0,116837.6138076967,112869.18404746034,100251.56790035145,49.43824629785502,1535.4953939395054,2165.642959460284,-630.1475655207787,38.76350420619329,47.17579015947578,120225.71019327124,116221.91480672876,118223.8125,0.03386623474473452,2745.5130373097277,73502046302.2,0.9437879556820402,1,1,1,0,0,0,0
2025-08-01,115738.953125,116060.7734375,112724.4453125,113320.0859375,91294530181.0,116502.61115339225,112886.86647452072,100381.60290569621,41.99257550321745,1081.5911210337072,1948.832591774969,-867.2414707412618,24.501474798271907,37.823848549796,120977.9281750745,115058.18276242552,118018.05546875001,0.05015965895334095,2787.71411500189,75790544796.05,1.2045635827882057,1,1,1,0,0,0,0
2025-08-02,113320.390625,114021.6015625,112005.765625,112526.9140625,56870866000.0,116123.97333521204,112872.75069365716,100502.45177292809,39.88792663857709,650.3693203692237,1689.13993749382,-1038.7706171245964,10.196075572815804,24.487018192426998,121483.05207530926,113894.13854969076,117688.59531250001,0.06448299859019949,2732.579959466041,76183033505.7,0.7465030385767578,1,0,1,0,0,0,0
2025-08-03,112525.8046875,114747.421875,111943.8046875,114217.671875,48099615826.0,115942.42081519184,112925.49270076863,100638.92162469,46.09049118651064,439.98113314925286,1439.3081766249068,-999.3270434756539,13.836651949345763,16.17806744014449,121358.83459552286,113455.15290447716,117406.99375000001,0.06731866167934904,2737.6540471827525,69500693326.95001,0.6920738991728677,1,1,1,0,0,0,0
2025-08-04,114223.921875,115729.46875,114130.40625,115071.8828125,35783028986.0,115859.5124339831,113009.664862013,100782.53317879757,48.95613085174745,338.2752363740874,1219.101588574743,-880.8263522006555,23.72841811516022,15.920381879107262,121353.28484495026,113190.17218629977,117271.72851562501,0.06960853022272,2656.3260795268416,66373761717.20002,0.5391140724924022,1,1,1,0,0,0,0
2025-08-05,115072.1875,115117.4375,112701.109375,114141.4453125,61039182286.0,115695.88699384185,113054.04840909092,100915.45767764038,46.082699175440794,180.51320629240945,1011.3839121182763,-830.8707058258668,30.593186037522056,22.719418700676012,121290.00357469788,112793.74720655216,117041.87539062502,0.0725915945877459,2639.18336848921,65817619378.000015,0.9273988160441239,1,1,1,0,0,0,0
2025-08-06,114140.9140625,115737.8359375,113372.25,115028.0,56379133510.0,115632.27870871406,113131.45827540108,101055.88098433054,49.145549419911134,125.57565686896851,834.2222610684148,-708.6466041994463,34.543048932497115,29.621551028393128,121029.42184658053,112628.1445596695,116828.78320312501,0.0719110227511666,2619.6406948471235,65018383963.60001,0.8671260353312285,1,1,1,0,0,0,0
2025-08-07,115030.0546875,117676.90625,114279.7109375,117496.8984375,64051649681.0,115809.86154002702,113302.65200724809,101219.47319779491,56.5482075670658,278.05151878086326,722.9881126109046,-444.9365938300414,45.52218361738214,36.88613952913377,120980.33860960136,112626.59498414867,116803.46679687501,0.07151965480596661,2675.1803103937577,64323676458.40002,0.9957709696898941,1,1,1,0,0,0,0
2025-08-08,117505.5,117689.203125,115917.4609375,116688.7265625,59713005166.0,115893.56297073874,113435.43924470896,101373.3961168467,53.78807512644543,329.87443459467613,644.3653770076589,-314.4909424129828,56.63719945059778,45.56747733349234,120883.44243850677,112598.36615524326,116740.90429687501,0.07096977989989142,2610.649015901347,64931098578.45002,0.9196364526907627,1,1,1,0,0,0,0
2025-08-09,116678.2734375,117906.609375,116363.8359375,116500.359375,54004312429.0,115951.35310447791,113555.63219099489,101523.91316419152,53.13705448451633,351.6907390403212,585.8304494141914,-234.13971037387023,62.86862951654852,55.00933752817615,120836.10538615927,112565.66023884076,116700.88281250001,0.0708687453599335,2534.3721888726795,64755541838.35002,0.8339720569987904,1,1,1,0,0,0,0
2025-08-10,116497.71875,119320.7109375,116485.1640625,119306.7578125,64755458694.0,116270.91545762288,113781.16652909313,101700.85689203539,60.757703075195856,588.6476536169212,586.3938902547375,2.2537633621836903,70.52845246196077,63.34476047636902,121081.2119684137,112507.27553158632,116794.24375000001,0.07341060793355564,2555.8846664532025,64502310185.85001,1.0039246425038202,1,1,1,1,0,0,0
2025-08-11,119306.8125,122321.09375,118159.03125,118731.4453125,90528784177.0,116505.25163427784,113975.29510883457,101870.31548328379,58.65205985576084,721.695547902098,613.4542217842096,108.24132611788843,72.24950759248489,68.54886319033139,120853.4190813017,112608.6715436983,116731.0453125,0.07063028961602659,2670.611654563688,65067870238.80002,1.3912977917481864,1,1,1,1,0,0,0
2025-08-12,118717.6640625,120302.46875,118228.71875,120172.90625,72803657984.0,116854.55207387042,114218.33868299793,102052.43081429589,62.18793994845658,932.6992373232206,677.3032248920118,255.39601243120876,79.3979627301172,74.05864092818761,121115.22634090159,112488.65881534842,116801.942578125,0.07385637032349131,2627.9786792377104,65377622911.15,1.113586801449514,1,1,1,1,0,0,0
2025-08-13,120168.9765625,123682.453125,118939.6328125,123344.0625,90904808795.0,117472.60068588276,114576.2102052333,102264.28784599445,68.55811871864589,1340.356196415887,809.9138191967869,530.4423772191002,80.6083504432896,77.41860692196389,122231.27030996776,111870.22109628226,117050.74570312501,0.08851758398843661,2779.038795899303,66291497422.9,1.371289114425668,1,1,1,1,0,0,0
2025-08-14,123339.3984375,124457.1171875,117254.8828125,118359.578125,104055627395.0,117557.07472770345,114724.57757463591,102424.43998807411,53.34543534601685,1246.8481521560898,897.3006857886476,349.5474663674422,75.89600789744432,78.63410702361703,122294.7017333629,111879.15920413712,117086.93046875001,0.08895563738435903,3094.9813372636386,66251427564.19999,1.5706171356710223,1,1,1,1,0,0,1
2025-08-15,118365.78125,119332.3125,116864.5703125,117398.3515625,68665353159.0,117541.95823577931,114829.43145651295,102573.43413309327,50.995432325638475,1082.6987261445029,934.3802938598187,148.31843228468415,63.99294326621164,73.49910053564852,122253.9250644963,111865.0343105037,117059.4796875,0.08874882052890211,3050.17854085195,67259247519.84999,1.0209057592970399,1,1,1,1,0,0,0
2025-08-16,117398.421875,117996.0625,117271.953125,117491.3515625,48036922378.0,117537.13855260986,114933.82048027714,102721.8711224406,51.21933574961077,949.1719823901803,937.3386315658911,11.833350824289255,46.3982317165552,62.09572762673705,122038.98958263182,111884.2557298682,116961.62265625001,0.08682107534202373,2884.0307432910963,66926924094.14999,0.7177518319895245,1,1,1,1,0,0,0
2025-08-17,117492.7890625,118595.7734375,117279.5234375,117453.0625,45852169525.0,117529.13130950416,115032.61428497215,102868.4501411228,51.11578442221979,830.6858393360453,916.008073119922,-85.32223378387664,42.78153283534902,51.05756927270528,122000.95469268435,111875.14921356566,116938.051953125,0.08659119345666584,2772.04640448459,65978385410.749985,0.6949574355229556,1,1,1,0,0,0,0
2025-08-18,117453.90625,117614.171875,114723.6796875,116252.3125,72787808090.0,117407.52951812281,115080.44558752228,103001.62290091263,47.84874182668088,632.6019854977931,859.3268555954962,-226.72487009770316,38.32073563395773,42.50016672862065,121904.18859110035,111804.93172139967,116854.56015625001,0.08642586867124942,2780.5068175571196,66194620443.59999,1.0996030735158853,1,1,1,0,0,0,0
2025-08-19,116241.859375,116764.5,112730.3984375,112831.1796875,71657600353.0,116971.68667711112,114992.23908163905,103099.42943610255,40.00359900095674,197.2880638524657,726.9190972468901,-529.6310333944244,23.82948743828779,34.97725196919818,121937.72975885437,111271.38977239563,116604.559765625,0.09147446727553424,2870.049299338754,66332693031.649994,1.0802757596289552,1,0,1,0,0,0,0
2025-08-20,112828.0234375,114625.796875,112387.9609375,114274.7421875,67993811526.0,116714.8348209577,114964.10194853556,103210.6265779075,44.163641431628456,-30.862166084509226,575.3628445806103,-606.2250106651195,15.566686331084057,25.905636467776525,121953.62197196802,111107.151465532,116530.38671875001,0.09307847345100069,2824.891202064557,66263866307.05,1.0261069164140508,1,0,1,0,0,0,0
2025-08-21,114275.6875,114802.6484375,111986.234375,112419.03125,57817883700.0,116305.71067134268,114864.29525447535,103302.25249504276,40.295612272832315,-357.29456157832465,388.83136334882334,-746.1259249271479,6.654319298807401,15.350164356059748,122034.37184526643,110936.29612348363,116485.33398437503,0.09527444650904694,2824.28569209566,64590033983.0,0.8951517770561567,1,0,1,0,0,0,0
2025-08-22,112433.734375,117377.3984375,111678.9453125,116874.0859375,82528088240.0,116359.84164907194,114943.11057537829,103437.29561387318,51.31893102697251,-253.58572757399816,260.34794516425904,-513.9336727382572,19.919970214005225,14.046991947965559,121930.11612082648,111475.26903542355,116702.69257812502,0.08958531165340573,3029.5833658745414,65872895095.0,1.2528383354182377,1,1,1,0,0,0,0
2025-08-23,116866.3671875,116996.25,114536.109375,115374.328125,55377142586.0,116265.98321820794,114960.02106752031,103556.07205676996,48.0993587432917,-289.08130161536974,150.4620958083333,-439.543397423703,24.34877420843081,16.97435457374781,121896.99206051197,111624.05872073806,116760.52539062501,0.08798293177771833,2988.9088843835025,66236771433.000015,0.8360483367160373,1,1,1,0,0,0,0
2025-08-24,115387.390625,115615.0859375,111060.546875,113458.4296875,73961489632.0,115998.59716766432,114901.13513104893,103654.60297846877,44.277782934472555,-466.4320534812141,27.083265950423808,-493.5153194316379,29.1583642434185,24.47570288861818,121976.18289418616,111383.52257456385,116679.852734375,0.09078397059462191,3100.739611391824,68145694465.30001,1.0853435453601754,1,0,1,0,0,0,0
2025-08-25,113456.8984375,113637.84375,109324.28125,110124.3515625,85706860190.0,115439.14520526772,114713.81028522349,103718.9785862701,38.539324235939475,-866.0329539062368,-151.53997802090834,-714.4929758853284,17.368568796625812,23.625235749491708,122443.22506757108,110514.77102617892,116478.998046875,0.10240862508614437,3187.36981772098,69379078360.5,1.235341578691192,1,0,1,0,0,0,0
2025-08-26,110124.1015625,112397.015625,108762.0390625,111802.65625,69396320317.0,115092.81292381366,114599.6473818814,103799.41318988931,42.573904858249136,-1035.3594056192233,-328.30386354057134,-707.0555420786519,14.186424308584595,20.2377857828763,122612.41790794455,110023.04381080547,116317.730859375,0.10823263146664452,3219.3417280623385,70029937700.85,0.9909521926671325,1,0,1,0,0,0,0
2025-08-27,111795.7109375,112619.4140625,110398.265625,111222.0625,62137056409.0,114724.1700263076,114467.19307278801,103873.27039695508,41.5575685761362,-1202.5387833929854,-503.15084751105417,-699.3879358819312,13.444632196893894,14.999875100701432,122666.00038336124,109341.97774163872,116003.98906249998,0.11485831435110286,3148.0422073078857,69934208037.25002,0.888507329287308,1,0,1,0,0,0,0
2025-08-28,111219.0546875,113450.078125,110900.921875,112544.8046875,58860155962.0,114516.61142261163,114391.8052929728,103959.55432024409,44.791194847740435,-1214.297736396431,-645.3802252881295,-568.9175111083015,23.611247689530547,17.08076806500301,122624.82901462085,108968.75692287913,115796.79296874999,0.11793134975186297,3105.264638928751,69891565577.05,0.8421639360347604,1,0,1,0,0,0,0
2025-08-29,112550.5234375,112619.0546875,107559.625,108410.8359375,77843379644.0,113935.10899545814,114157.25747511112,104003.84567961979,37.75943945720119,-1539.4477253718505,-824.1937253048739,-715.2540000669767,19.724538695951196,18.92680619412521,122962.89973020885,107821.73386354113,115392.31679687499,0.13121467951216118,3244.8478566838403,71083518937.8,1.0950974404083043,1,0,0,0,0,0,0
2025-08-30,108409.40625,108929.3515625,107444.4453125,108808.0703125,51486264208.0,113446.81959708118,113947.48542951854,104051.6489097977,38.75441005415915,-1744.9630916588794,-1008.3475985756751,-736.6154930832043,18.57604245723268,20.637276280904807,122744.84567380116,106989.9191699488,114867.38242187498,0.13715753046403573,3119.1377419207092,70420059213.5,0.7311306576994433,1,0,0,0,0,0,0
2025-08-31,108818.4609375,109491.0,108104.65625,108236.7109375,47986191770.0,112950.61877235916,113723.53348865507,104093.29131803356,37.81796536925079,-1931.6723106397694,-1193.012540988494,-738.6597696512754,9.243910272681724,15.848163808621866,122528.46629905776,106156.82510719221,114342.64570312499,0.14318053505926628,2995.3667424978016,68292929593.149994,0.70265241300782,1,0,0,0,0,0,0
2025-09-01,108228.75,109890.5859375,107271.1796875,109250.59375,66870372995.0,112598.23543689637,113548.12408713918,104144.60776014268,40.56259607438632,-1975.0615619992896,-1349.4223451906532,-625.6392168086363,13.201631835051032,13.673861521655144,121799.93184130023,105793.12831494973,113796.53007812498,0.14066161345483308,2968.5124216051017,67996265343.7,0.9834418501809039,1,0,0,0,0,0,0
2025-09-02,109243.0703125,111748.015625,108454.03125,111200.5859375,74776999491.0,112465.12596076338,113456.0637675455,104214.81649822585,45.541297403748935,-1830.993233298068,-1445.7365228121362,-385.25671048593176,22.085868019295695,14.84380337567615,119877.42793262357,106501.28456737642,113189.35625,0.11817492216939034,2991.760418276166,67189874878.49999,1.1129206539857361,1,0,0,0,0,0,0
2025-09-03,111190.6953125,112600.2265625,110582.9609375,111723.2109375,61119643565.0,112394.46738711925,113388.10875460254,104289.52689065645,46.82685223472846,-1655.562283651263,-1487.7016749799616,-167.8606086713014,34.17318853799795,23.153562797448224,119109.8681142482,106605.20766700183,112857.53789062501,0.11080040093879381,2922.1536473278684,65043075686.99999,0.9396794803972629,1,0,0,0,0,0,0
2025-09-04,111718.1484375,112208.328125,109347.2265625,110723.6015625,60131132901.0,112235.33730858409,113283.61827648088,104353.54753415738,44.65553426226276,-1578.9904950829514,-1505.9594390005595,-73.03105608239184,39.03160904434873,31.763555200547458,118460.1706956361,106587.43008561392,112523.80039062501,0.10551314982969034,2917.792784125878,64616364674.1,0.9305867515803191,1,0,0,0,0,0,0
2025-09-05,110723.015625,113357.4921875,110233.3984375,110650.984375,60241647677.0,112084.44655300464,113180.37773132477,104416.20859725034,44.4941263081236,-1506.7969834401883,-1506.1269478884856,-0.6700355517027674,37.65575965414054,36.953519078829075,117685.5354473859,106678.02861511418,112181.78203125004,0.09812205362547556,2932.528567402601,65226600939.049995,0.9235748423145933,1,0,0,0,0,0,0
2025-09-06,110650.5703125,111275.015625,110024.0859375,110224.6953125,21500719036.0,111907.3273872423,113064.46861686106,104474.00448496427,43.500119090484716,-1467.0696048489335,-1498.3154792805751,31.245874431641596,34.7707208946651,37.15269653105145,116790.06151181295,106850.66583193712,111820.36367187503,0.08888717004213946,2812.4143616952724,64009028414.6,0.3359013496773502,1,0,0,1,0,0,0
2025-09-07,110221.328125,111591.078125,110211.625,111167.6171875,24618007520.0,111836.87879679065,112990.08228629788,104540.6075964323,46.35490208753619,-1344.0065848147933,-1467.4537003874188,123.44711557262553,43.783805226344995,38.73676192505021,116080.57846022425,107051.67935227581,111566.12890625003,0.0809286760817479,2710.05998764561,61600538386.100006,0.39963948635804436,1,0,0,1,0,0,0
2025-09-08,111163.015625,112869.234375,110630.609375,112071.4296875,40212813407.0,111859.21697685821,112954.05669418817,104615.54114957726,49.01417165900659,-1160.1743715707853,-1405.9978346240923,245.82346305330702,58.0952290098586,45.54991837695623,116010.44167520996,107045.84113729012,111528.14140625004,0.08037971784417695,2676.386059956638,60028299038.8,0.6698975991474949,1,0,0,1,0,0,0
2025-09-09,112077.578125,113225.4375,110776.703125,111530.546875,45984480722.0,111827.91506239552,112898.2327797102,104684.3471766959,47.49675183498704,-1046.0722707776586,-1334.0127218548057,287.94045107714715,69.27416540848058,57.05106654822805,115683.2009243581,107098.66235689199,111390.93164062504,0.07706676334445225,2660.125225316878,58927832498.60001,0.780352488327014,1,0,0,1,0,0,0
2025-09-10,111531.25,114275.25,110940.078125,113955.359375,56377473784.0,112030.52880645309,112939.68872462353,104776.59605429097,54.32381025010972,-751.3226502613543,-1217.4747075361154,466.1520572747611,80.68489060876426,69.35142834236781,115890.49474552576,107045.00134822432,111467.74804687504,0.07935473311600127,2708.342843151387,58855812002.80001,0.9578913596726504,1,1,0,1,0,0,0
2025-09-11,113961.4296875,115522.546875,113453.8359375,115507.5390625,45685065332.0,112361.67264036232,113040.3887378736,104883.37160661147,58.08134736096613,-388.0107770618488,-1051.581921441262,663.5711443794132,88.06166443407906,79.3402401504413,115501.05886767553,107297.78253857455,111399.42070312504,0.07363841101976981,2662.654849890574,57013660857.4,0.8013003312708761,1,1,0,1,0,0,0
2025-09-12,115507.7890625,116769.3828125,114794.484375,116101.578125,54785725894.0,112717.85411508972,113160.43538050601,104994.99555206808,59.45601446469232,-51.555215842148755,-851.5765803214393,800.0213644792906,96.07335134223064,88.27330212835798,115695.63914424628,107175.92726200378,111435.78320312503,0.07645400460561913,2613.5293918626758,56984090022.799995,0.9614214401261755,1,1,0,1,0,0,0
2025-09-13,116093.5625,116334.6328125,115248.2734375,115950.5078125,34549454947.0,113025.72589579546,113269.84998568226,105104.00562431119,58.92677562358398,200.58589939656667,-641.1440843778382,841.7299837744049,94.72196561974464,92.95232713201811,116198.36277632826,106922.41144242178,111560.38710937502,0.08314735699879051,2504.4458192296274,55013488288.549995,0.6280178920083278,1,1,0,1,0,0,0
2025-09-14,115950.2890625,116181.5,115222.3984375,115407.65625,32798036057.0,113252.57640571971,113353.68552545944,105206.52951113397,56.96455745800561,352.54207986110123,-442.40685153005035,794.9489313911515,90.00370135798711,93.59967277332079,116713.20737764241,106935.89730985761,111824.55234375001,0.08743437700272862,2394.0640866060826,52368047081.89999,0.6262986283545413,1,1,0,1,0,0,0
2025-09-15,115399.6328125,116747.8828125,114461.0625,115444.875,52937859416.0,113461.36674803212,113435.69295583358,105308.40359560029,57.07010783431757,470.54751093889354,-259.8159790362616,730.3634899751551,87.03783085317613,90.58783261030263,117156.27690021922,106857.04966228076,112006.66328124999,0.09195191550414275,2386.403817027077,51545124036.84999,1.0270197308702629,1,1,1,1,0,0,0
2025-09-16,115423.7578125,117005.2734375,114813.09375,116843.1875,45781744593.0,113783.4449148862,113569.32019285971,105423.1775647983,60.945630521468345,669.1858400062483,-74.01561522775961,743.2014552340079,89.20610533717858,88.74921251611394,117853.77242425158,106721.66663824841,112287.71953125,0.09913912075581048,2372.530664918,50727358446.049995,0.9025059848462286,1,1,1,1,0,0,0
2025-09-17,116840.5078125,117328.609375,114794.9765625,116468.5078125,60528025996.0,114039.16519084942,113683.01382500248,105533.08134835753,59.39829304813055,787.2991331216181,98.24733444211594,689.0517986795021,90.3928812807003,88.87893915701832,118356.27735244465,106611.53202255533,112483.90468749999,0.10441267452902071,2384.037961173857,50810751947.75,1.1912444448419603,1,1,1,1,0,0,0
2025-09-18,116461.265625,117911.7890625,116188.796875,117137.203125,49457272032.0,114334.21642267329,113818.47222892394,105648.5452466326,61.287362987718915,924.2091839029308,263.43970433427893,660.7694795686518,92.42897906601206,90.67598856129698,118815.06354724133,107025.38254650866,112920.22304687499,0.10440717067870638,2336.8204059114387,49391446567.149994,1.0013327300458899,1,1,1,1,0,0,0
2025-09-19,117137.671875,117479.7578125,115141.8203125,115688.859375,38828473971.0,114463.23003718059,113891.82074445634,105748.44886980044,55.287282915478514,905.4052016500791,391.832803797439,513.57239785264,83.74042110153465,88.85409381608233,118947.97367813293,107580.55132186701,113264.26249999997,0.1003619509398732,2336.900198346336,48758557055.3,0.7963417360149173,1,1,1,1,0,0,0
2025-09-20,115691.125,116191.1484375,115473.5234375,115721.9609375,22864449614.0,114583.10917054434,113963.59094810512,105847.68779584722,55.394764355643254,882.9953094103694,490.06530492002514,392.93000449034423,77.85296354549666,84.67412123768112,118898.28843496501,108378.76156503498,113638.525,0.09257007577254313,2221.2376841787404,47502469947.5,0.4813318052570723,1,1,1,1,0,0,0
2025-09-21,115730.2265625,115901.0859375,115252.578125,115306.09375,22495852193.0,114651.96484477821,114016.23811680688,105941.80128792835,53.64989803305643,822.2004864657647,556.4923412291731,265.7081452365916,69.1974475665527,76.930277404528,118820.9606866456,109061.63931335438,113941.29999999999,0.08565218558407905,2108.8998362016873,45283743907.4,0.4967754485804311,1,1,1,1,0,0,0
2025-09-22,115309.21875,115431.3125,112037.6484375,112748.5078125,70684158591.0,114470.68322265647,113966.52320291249,106009.52971105842,44.389424070330264,561.1754593842052,557.4289648601796,3.746494524025593,54.46996422403177,67.17345844536038,118762.5365655373,109274.85562196266,114018.69609374998,0.08321162465999042,2200.66870950871,45079101862.4,1.5680028144029396,1,0,1,1,0,0,1
2025-09-23,112757.4765625,113351.9140625,111535.5703125,112014.5,47211853279.0,114236.76101097491,113889.97327338652,106069.2806592071,42.14126511879509,291.7201800823095,504.2872079046056,-212.5670278222961,35.753259339742144,53.14022371010886,118749.13327220405,109317.38782154594,114033.260546875,0.08271047767489784,2173.2169266866595,44383712348.1,1.063720242883673,1,0,1,0,0,0,0
2025-09-24,112007.6640625,113986.2734375,111229.640625,113328.6328125,48044595085.0,114150.27261112015,113867.9599219792,106141.51301894136,47.28852323878934,182.1151550727518,439.8527973382349,-257.7376422654831,24.81947764770309,38.34756707049233,118631.89842301531,109695.12579573467,114163.51210937499,0.07828046336485095,2214.889489959041,43779385457.299995,1.0974250685144966,1,0,1,0,0,0,0
2025-09-25,113330.1640625,113541.0859375,108713.3984375,109049.2890625,75528654284.0,113664.4646541087,113678.99243729374,106170.44611390214,36.04357477448131,-247.2052651492413,302.44118484073965,-549.646449989981,16.82490826031406,25.79921508258643,118863.42771971098,109303.42696778901,114083.42734375,0.08379833052452298,2401.517919247681,44543735787.649994,1.6956066425156184,1,0,0,0,0,0,1
2025-09-26,109041.296875,110359.1953125,108728.9765625,109712.828125,57738288949.0,113288.11831800311,113523.45658190968,106205.69369610213,38.48615369755219,-527.818372700378,136.38927333251613,-664.2076460328941,15.309608881972043,18.984664929996395,118929.43031441217,109186.23765433783,114057.833984375,0.08542326572157306,2346.4251214442756,46355614283.299995,1.2455511558133037,1,0,0,0,0,0,0
2025-09-27,109707.140625,109778.5,109144.296875,109681.9453125,26308042910.0,112944.67326985995,113372.80908114852,106240.28326442449,38.412622199820866,-744.1205089845898,-39.71268313090506,-704.4078258536848,8.3488053560094,13.494440832765166,119080.79069253342,108886.31008871656,113983.550390625,0.08943817391965836,2224.1235502696845,46440116052.799995,0.5664939097070543,1,0,0,0,0,0,0
2025-09-28,109681.9453125,112375.484375,109236.9453125,112122.640625,33371048505.0,112866.38444653996,113323.78286718192,106298.8141834352,47.02667520004543,-710.4086477088713,-173.85187604649832,-536.556771662373,19.486085371591837,14.381499869857759,119079.35676945846,108892.86510554152,113986.1109375,0.08936607785050513,2289.438944000421,46098027807.7,0.723914885127165,1,0,0,0,0,0,0
2025-09-29,112117.875,114473.5703125,111589.953125,114400.3828125,60000147466.0,113012.47952901234,113366.00247288067,106379.42680660999,53.55537854765278,-494.20016425685026,-237.92153368856873,-256.2786305682815,36.47295071431766,21.4359471473063,119091.5740245948,109167.63144415518,114129.60273437499,0.08695327367025521,2331.880247107534,46798811144.9,1.2820870017450998,1,1,0,0,0,0,0
2025-09-30,114396.5234375,114836.6171875,112740.5625,114056.0859375,58986330258.0,113111.87061553498,113393.0645695324,106455.81147457905,52.50206115403671,-346.6394203641539,-259.66511102368577,-86.97430934046815,52.32405917928351,36.094365088397666,119096.07014494305,109173.2079800569,114134.63906249998,0.08693997060307343,2315.0355642784248,46929253968.6,1.2569202633706322,1,1,0,0,0,0,0
2025-10-01,114057.59375,118648.9296875,113981.3984375,118648.9296875,71328680132.0,113639.20957476973,113599.17692709976,106577.1360339116,62.965903536442,139.30185385790537,-179.87171804736755,319.1735719052729,73.30290455021853,54.033304814606566,119621.37908848679,108962.03809901317,114291.70859374998,0.09326434192494458,2483.0709704013943,48211434708.600006,1.4794971475776537,1,1,1,1,0,0,0
2025-10-02,118652.3828125,121086.40625,118383.15625,120681.2578125,71415163912.0,114309.88083550594,113876.90558927233,106717.47555409657,66.48442305760088,680.5606301987427,-7.785248398145512,688.3458785968883,84.93613228842923,70.18769867264376,120528.1901605482,108513.19499570178,114520.69257812499,0.10491549513333494,2498.798043944152,49042906609.50001,1.4561772302901457,1,1,1,1,0,0,0
2025-10-03,120656.984375,123944.703125,119344.3125,122266.53125,83941392228.0,115067.65706545777,114205.910517144,106872.19252619513,68.96157647782793,1223.3286564749287,238.43753257646935,984.8911238984593,95.23587775132059,84.49163819665611,121755.37207005202,107917.61542994797,114836.49375,0.1204996442178822,2648.9117997338553,51512503473.55001,1.6295343182282174,1,1,1,1,0,0,1
2025-10-04,122267.46875,122857.640625,121577.5703125,122425.4296875,36769171735.0,115768.39731517607,114528.244602256,107026.9511049146,69.20724801127665,1647.3088526289212,520.2117965869597,1127.0970560419614,91.91098543541624,90.69433182505534,122895.06733059572,107479.6975131543,115187.38242187501,0.13382863203699222,2551.13740778858,51711060257.450005,0.7110504319954003,1,1,1,1,0,0,0
2025-10-05,122419.671875,125559.2109375,122191.9609375,123513.4765625,73689317763.0,116506.0239101593,114880.60663991263,107190.99613434331,70.90541358547065,2047.5100806398113,825.6714533975301,1221.8386272422813,88.95451181179662,92.03379166617782,124152.56780760411,107029.05719239589,115590.8125,0.1481390280495538,2609.4311643751103,52748633174.8,1.3969900891802471,1,1,1,1,0,1,0
2025-10-06,123510.453125,126198.0703125,123196.046875,124752.53125,72568881188.0,117291.4055615727,115267.74093834743,107365.73777728518,72.7485150850792,2436.566572464435,1147.850477210911,1288.716095253524,89.87132788292863,90.24560837671382,125472.37053158163,106500.18884341838,115986.2796875,0.1635726375505767,2637.4734695983166,54087990004.55,1.3416819737966847,1,1,1,1,0,1,0
2025-10-07,124752.140625,125184.0234375,120681.96875,121451.3828125,76149412513.0,117687.59387118481,115510.23669811813,107505.89344927737,61.55950980601831,2450.2762952903868,1408.3356408268064,1041.9406544635804,84.14698451412461,87.65760806961661,126031.5179726692,106439.32890233082,116235.42343750001,0.1685560949573444,2770.65784230558,54869059330.40001,1.3878388556737966,1,1,1,1,0,0,0
2025-10-08,121448.3515625,124167.09375,121119.1796875,123354.8671875,65354305286.0,118227.33418702435,115817.86926632919,107663.59468050348,64.91078396317018,2584.9390619455953,1643.6563250505642,941.2827368950311,82.77457010709082,85.59762750138135,126844.66398597292,106247.94929527711,116546.30664062501,0.1767255890330919,2790.461858033753,55663910993.10001,1.1740875572702965,1,1,1,1,0,0,0
2025-10-09,123337.0703125,123739.34375,119812.03125,121705.5859375,74653009425.0,118558.5962584982,116048.76011617902,107803.31598654324,60.02761015396441,2529.419488106272,1820.8089576617058,708.6105304445664,76.95813934447804,81.29323132189782,127388.68661065832,106305.5993268417,116847.14296875,0.18043305765255344,2871.6654753170565,57455137765.80001,1.2993269588753291,1,1,1,1,0,0,0
2025-10-10,121704.7421875,122509.6640625,104582.4140625,113214.3671875,153125018868.0,118049.62206126028,115937.60745230925,107857.1572920254,42.35932642649693,1779.7337736953486,1812.5939208684345,-32.86014717308581,65.9853086546498,75.23933936873955,127378.67406237782,106064.8525001222,116721.76328125001,0.18260366330226124,3947.0643699372667,63968166228.500015,2.393769086970912,1,0,1,0,0,0,1
2025-10-11,113236.4296875,113429.7265625,109760.5625,110807.8828125,110236934340.0,117359.93260899739,115736.44178015988,107886.51774496546,38.86768464181549,980.121041336999,1646.0993449621476,-665.9783036251486,47.67259433623478,63.53868077845421,127464.8873136748,105528.81815507518,116496.85273437499,0.18829752601657107,3927.214347977462,68355220335.85001,1.612706883225193,1,0,1,0,0,0,1
2025-10-12,110811.515625,115805.0625,109715.5390625,115169.765625,93710414091.0,117151.34527718811,115714.21918583989,107958.987873125,47.340588331586815,690.4308224939741,1454.9656404685131,-764.534817974539,39.238184803356745,50.96536259808044,127464.52472989343,105771.30652010656,116617.915625,0.1860196016497518,4081.6649972290716,69506533110.85,1.3482245466271394,1,0,1,0,0,0,0
2025-10-13,115161.6796875,116020.484375,113821.1875,115271.078125,71582026739.0,116972.27221507496,115696.84110502263,108031.74499005909,47.522519923453906,463.6793026312662,1256.7083729010637,-793.0290702697976,42.40982254856746,43.106867229386324,127432.40300240289,106129.08606009709,116780.74453124999,0.18242148590348412,3947.210131355567,70725041783.85002,1.0121171360742225,1,0,1,0,0,0,0
2025-10-14,115264.8828125,115502.8828125,110029.484375,113118.6640625,92212917403.0,116605.26191482972,115595.73612296293,108082.36110023264,44.04123865171193,109.03833703933924,1027.1743657287188,-918.1360286893796,45.97326012250958,42.540422491477926,127436.63439957917,106103.8577879208,116770.24609374999,0.18269017429775017,4056.223581794455,72933457899.75002,1.2643431431668903,1,0,1,0,0,0,0
2025-10-15,113113.96875,113622.3828125,110235.8359375,110783.1640625,72574132855.0,116050.77640508403,115407.00780686634,108109.23476154874,40.56853509107852,-356.3645657695888,750.4665794290573,-1106.831145198646,39.20871638660828,42.530599685895105,127284.61451238453,106429.26517511545,116856.93984374999,0.17846906966034606,4008.389531309137,72785731828.3,0.9970928509202991,1,0,1,0,0,0,0
2025-10-16,110782.171875,111990.8125,107537.03125,108186.0390625,87306423067.0,115301.75380102842,115123.83256198924,108109.99898344876,37.06821673423925,-924.1133977051359,415.5505840022187,-1339.6639817073547,28.282933425473335,37.82163664486373,127448.08694006628,106113.11384118372,116780.600390625,0.18269278482486126,4040.203225501342,74264138534.20001,1.175620222495327,1,0,1,0,0,0,0
2025-10-17,108179.1328125,109235.8046875,103598.4296875,106467.7890625,99703051669.0,114460.42382593048,114784.37987573477,108093.6585862254,34.921432238543495,-1495.4680278802261,33.34686162572973,-1528.8148895059558,19.351410273675683,28.94768669525243,127821.15343425203,105418.63172199794,116619.89257812499,0.1920986310053955,4154.286923679818,77933888972.15001,1.2793285820065938,0,0,0,0,0,0,0
2025-10-18,106483.734375,107490.984375,106387.453125,107198.265625,37779905278.0,113768.78971155615,114486.88519923537,108084.74920352665,36.60241812288639,-1867.796539095696,-346.88181851855546,-1520.9147205771405,15.098859477916703,20.91106772568857,128190.730799881,104556.616856369,116373.673828125,0.2030881484279492,3936.3758041312594,78154331810.8,0.48340129590589453,0,0,0,0,0,0,0
2025-10-19,107204.3125,109488.9921875,106157.7890625,108666.7109375,47657008953.0,113282.87744736033,114258.64307132419,108090.53986754628,39.95982667222829,-2021.0805438759562,-681.7215635900357,-1339.3589802859206,17.01719768313056,17.15582247824098,128374.45169467175,103799.52877407822,116086.99023437499,0.2116940310966607,3893.149184193312,77537174885.15,0.6146343224858367,1,0,0,0,0,0,0
2025-10-20,108667.4453125,111711.03125,107485.015625,110588.9296875,63507793085.0,113026.3109940403,114114.73274254677,108115.39946774484,44.13076652318111,-1964.8032052408234,-938.3378919201932,-1026.4653133206302,23.58004534959161,18.56536750354629,128417.66257048807,103409.60227326195,115913.63242187501,0.2157473609851834,3916.9253585366473,77763248026.49998,0.8166813333640328,1,0,0,0,0,0,0
2025-10-21,110587.6328125,113996.34375,107534.75,108476.890625,101194375480.0,112593.03286365549,113893.64089479983,108118.9963946827,40.77872454954094,-2066.8021021193854,-1164.0307339600317,-902.7713681593536,26.17644439335484,22.257895808692336,128263.08889454394,102546.97204295607,115405.03046875,0.2228335866048007,4098.687386498315,79256532793.9,1.276795387241422,1,0,0,0,0,0,0
2025-10-22,108491.53125,109115.1328125,106778.0,107688.5859375,80807013218.0,112125.94268021212,113650.30540627826,108114.71370356646,39.570584480258205,-2186.047171871891,-1368.4340215424036,-817.6131503294873,25.470217521959498,25.075569088301982,127802.52102582726,101708.27272417273,114755.39687499999,0.2273901621383289,3972.86205978415,79726125259.2,1.0135575127385896,0,0,0,0,0,0,0
2025-10-23,107679.4375,111288.59375,107548.4296875,110069.7265625,54944076060.0,111930.11257376334,113509.89054965951,108134.16656783447,44.882473456480696,-2064.6120379529602,-1507.6696248245148,-556.9424131284454,26.081650967089246,25.909437627467856,126850.14052397087,101440.97275727913,114145.556640625,0.22260321395330146,3956.2407742638534,78276259450.79999,0.7019251615431972,1,0,0,0,0,0,0
2025-10-24,110069.3515625,111842.53125,109770.1484375,111033.921875,48160816980.0,111844.76107864302,113412.79373888856,108163.01985447294,46.91725875983004,-1869.0263435668603,-1579.9409685729838,-289.0853749938765,38.1280697782511,29.893312755766615,125726.94652300813,101425.01597699187,113575.98125,0.21397068533815777,3821.6794912807213,78845841713.04999,0.6108225358957488,1,0,0,0,0,0,0
2025-10-25,111032.6171875,111947.703125,110704.40625,111641.7265625,24707667305.0,111825.42445805797,113343.34012412823,108197.63385156773,48.21508296503782,-1646.0043988932302,-1593.1536546370332,-52.850744256197004,52.942214216644224,39.050644987328184,124214.4803234576,101750.30717654241,112982.39375,0.1988289714999527,3637.509304403527,76396759190.15,0.3234125055423243,1,0,0,0,0,0,0
2025-10-26,111639.0546875,115260.90625,111268.484375,114472.4453125,41708524143.0,112077.52168229055,113387.61875896633,108260.06978650238,53.87159047614443,-1226.7018992327648,-1519.8633035561797,293.1614043234149,70.71509867048044,53.92846088845859,122284.15561423654,102652.62329201348,112468.38945312501,0.17455155548755472,3662.860202303275,74853741337.9,0.557200260100855,1,1,0,1,0,0,0
2025-10-27,114479.8515625,116273.3125,113882.2890625,114119.328125,61761358733.0,112271.97943873906,113416.31324390884,108318.37086449738,53.09250498176642,-912.3779284249176,-1398.3662285299274,485.9883001050098,78.43133162312745,67.36288150341737,121010.71172711748,103192.86171038251,112101.78671875,0.15894349714012881,3572.0147191030414,74134338648.9,0.8331005558099278,1,1,0,1,0,0,0
2025-10-28,114129.0859375,116078.984375,112291.6796875,112956.1640625,64528066504.0,112337.13987909725,113398.26817797124,108364.51806049742,50.50168072267544,-748.5032562429697,-1268.3936340725359,519.8903778295662,81.45760800236144,76.8680127653231,118773.86434127293,104389.83878372704,111581.85156249999,0.12891008130913661,3587.392573988539,74093026709.8,0.8709060672704996,1,0,0,1,0,0,0
2025-10-29,112921.328125,113642.7265625,109368.71875,110055.3046875,62192043469.0,112119.82224180226,113267.17157050179,108381.34180802979,44.649809832401274,-842.9890528953692,-1183.3127178371026,340.32366494173334,69.25904352748165,76.38266105099018,116403.97239401207,105594.70260598791,110999.3375,0.09738139011887491,3636.4365195965006,73469978412.0,0.8464960084817725,1,0,0,1,0,0,0
2025-10-30,110059.1953125,111612.3515625,106376.6875,108305.546875,69673964814.0,111756.55792115442,113072.59805303114,108380.58762959168,41.52425781388863,-1046.9914934020053,-1156.0484729500831,109.05697954807783,53.96953661841465,68.22872938275258,116180.79242133436,105327.00054741564,110753.896484375,0.09799918755409176,3750.667058375322,69297425709.3,1.0054336665589796,0,0,0,1,0,0,0
2025-10-31,108304.4140625,111031.8203125,108288.2734375,109556.1640625,60090359560.0,111546.99660128258,112934.69868085344,108392.28490753108,44.51392116332337,-1095.1266042729985,-1143.864099214666,48.73749494166759,40.55842992400919,54.59567002330183,116144.39284502943,105238.22824872057,110691.310546875,0.09852773937201131,3678.7299024199424,66790096970.299995,0.8996896588834238,1,0,0,1,0,0,0
2025-11-01,109558.625,110574.8984375,109372.953125,110064.015625,25871668762.0,111405.76031782708,112822.12287474154,108408.91904402332,45.727378270092466,-1079.8468473568355,-1131.0606488431001,51.21380148626463,36.449720891381446,43.65922914460176,115468.13071440604,105403.91537934395,110436.023046875,0.09113163492667876,3501.8167174256605,63398159703.85,0.40808233051012177,1,0,0,1,0,0,0
2025-11-02,110064.4296875,111167.3125,109523.453125,110639.625,34284209459.0,111332.7950494626,112736.5347227909,108431.11512318728,47.13847198252274,-1009.6520238771627,-1106.7789238499126,97.12689997274992,38.42881979266554,38.478990202685395,114697.0452155172,105711.85556573278,110204.45039062499,0.08153200363448096,3369.1054786809705,61533268839.85,0.557165418080259,1,0,0,1,0,0,0
2025-11-03,110646.90625,110764.9140625,105336.359375,106547.5234375,72852006359.0,110877.05489594236,112493.82839787753,108412.37291735955,39.31294094971936,-1269.585525864546,-1139.3402442528393,-130.2452816117068,30.921623826981246,35.26672150367608,114431.80723032169,105319.97948842825,109875.89335937497,0.08292836092891703,3516.2089935966155,60565223287.64999,1.202868616747186,0,0,0,0,0,0,0
2025-11-04,106541.421875,107264.8828125,98962.0625,101590.5234375,110967184773.0,109992.62332847166,112066.24781119607,108344.49381805748,32.314610552657854,-1854.1991182949569,-1282.3120190612628,-571.887099233694,23.110751708701926,30.820398442782903,115259.6858959276,103572.83676032236,109416.26132812498,0.10681089806713388,3858.1098020897143,62484875883.54999,1.7759047001998391,0,0,0,0,0,0,1
2025-11-05,101579.234375,104534.703125,98989.9140625,103891.8359375,77584934804.0,109411.59595790293,111745.68263967858,108300.1887645196,37.84641071243076,-2107.5187520419277,-1447.353365657396,-660.1653863845318,18.244959196295433,24.09244491065953,115530.68964784304,102872.41269590691,109201.55117187498,0.1159166405247574,3978.5868921190204,61998801470.39999,1.2513941070464287,0,0,0,0,0,0,0
2025-11-06,103893.6640625,104147.3046875,100336.8671875,101301.2890625,63932752861.0,108639.18577738837,111336.09857782844,108230.54797146468,34.43472718186345,-2488.6245548118604,-1655.607603488289,-833.0169513235714,19.057859171540663,20.13785669217934,116108.66252016419,101777.7898235858,108943.226171875,0.13154441262799754,3966.5762212533764,60210286529.99999,1.0618244247873705,0,0,0,0,0,0,0
2025-11-07,101286.2421875,104052.9140625,99257.0546875,103372.40625,92168030081.0,108137.58772716089,111023.7969179136,108182.20825284315,39.15701501359504,-2593.6340029386047,-1843.2128833783522,-750.4211195602525,22.488928201795552,19.930582189877214,116307.18662930427,101196.67977694572,108751.933203125,0.1389447194849898,4025.8107322352785,62929692770.15,1.4646191014731742,0,0,0,0,0,0,0
2025-11-08,103371.703125,103373.5625,101458.0390625,102282.1171875,51446691095.0,107579.9238662408,110680.98594809347,108123.50087905864,37.620880646819806,-2733.3239059958723,-2021.2350879018563,-712.088818094016,19.389366259898427,20.312051211078213,116523.65899442157,100341.74803682845,108432.703515625,0.14923459835400424,3875.075925468473,63119176877.25,0.8150722750242786,0,0,0,0,0,0,0
2025-11-09,102278.984375,105418.3671875,101468.875,104719.640625,59679243013.0,107307.51593850358,110447.20770012902,108089.63162279935,43.00424718119393,-2617.1722577530454,-2140.422521872094,-476.74973588095145,25.97150516282764,22.61659987484054,116326.09643372711,99952.38169127291,108139.23906250001,0.15141326020419724,3880.391372756439,62927749373.65,0.9483772041272104,0,0,0,0,0,0,0
2025-11-10,104723.7734375,106564.6953125,104350.6484375,105996.59375,69585887229.0,107182.66620626516,110272.6738197318,108068.80537530882,45.65044055493196,-2394.479722716598,-2191.233962040995,-203.24576067560338,31.178235688722314,25.513035703816126,116255.51466340109,99774.93377409893,108015.22421875001,0.152576463257865,3761.366765773836,61347324961.1,1.1342937491263723,0,0,0,0,0,0,0
2025-11-11,105996.859375,107428.2578125,102457.328125,102997.46875,71130078574.0,106784.07597233514,109987.37166013448,108018.34431436048,40.853022437238806,-2431.964434893569,-2239.3800566115096,-192.58437828205933,33.94800369736631,30.36591484963875,116321.68006774622,99239.6566510038,107780.668359375,0.15848875013268174,3847.7641173257052,60863478228.9,1.168682445431209,0,0,0,0,0,0,0
2025-11-12,103011.4375,105297.234375,100836.6171875,101663.1875,64347179408.0,106296.37230830321,109660.9330656194,107955.10892317281,38.894672852388766,-2540.0564950334083,-2299.5153442958895,-240.54115073751882,29.97903987895257,31.701759755013725,116247.43997273032,98473.2428397697,107360.34140625001,0.16555645129427563,3891.5393366238695,61333633396.3,1.0491336619865372,0,0,0,0,0,0,0
2025-11-13,101674.1484375,104005.4921875,97988.71875,99697.4921875,101546815416.0,105667.90753489338,109270.20989392845,107872.94358251937,36.14566636004172,-2752.6050970514334,-2390.133294846998,-362.47180220443533,20.6021531267736,28.176398901030826,116128.86088996683,97458.17895378318,106793.519921875,0.1748297270269041,4043.3417724007363,64002933318.100006,1.586596272256831,0,0,0,0,0,0,1
2025-11-14,99694.703125,99804.4296875,94000.734375,94397.7890625,114346441890.0,104594.56291847497,108686.97770446066,107738.86244301668,29.9910929166818,-3310.5314009452995,-2574.2129160666586,-736.3184848786409,12.210503761245407,20.930565588990525,116486.81225578979,95375.8338379602,105931.323046875,0.19928929244552054,4169.081310979255,68484872047.350006,1.6696598602234607,0,0,0,0,1,0,1
2025-11-15,94420.46875,96728.46875,94420.46875,95549.1484375,38500716654.0,103733.09487266783,108171.76871359946,107617.57175639462,32.67318589912438,-3618.0799635294243,-2782.9863255592118,-835.0936379702125,8.09972222240221,13.63745970347374,115708.19190504993,94262.12450120007,104985.158203125,0.204277135653366,4037.7669093021655,68324481672.90001,0.5634981153361723,0,0,0,0,0,0,0
2025-11-16,95556.8671875,96564.1875,92971.1640625,94177.078125,71086235862.0,102822.99803955661,107622.95731796812,107483.83550135588,31.142036088462703,-3927.258036482468,-3011.8406677438634,-915.4173687386046,6.036687951077903,8.782304644908507,114842.76346454382,93133.3279417062,103988.04570312501,0.2087685692720468,4005.999518459154,68790725529.35,1.0333694740822381,0,0,0,0,0,0,0
2025-11-17,94180.875,95928.3671875,91214.7578125,92093.875,94186165724.0,101801.17679769408,107013.97369765565,107330.70156601901,28.925631765559043,-4290.917937953011,-3267.656121785693,-1023.2618161673176,7.0730809531840295,7.069830375554714,114174.12870495502,91715.73379504503,102944.93125000002,0.21815930747838524,4056.543079640643,70273630490.35,1.340277499067501,0,0,0,0,1,0,0
2025-11-18,92094.53125,93745.078125,89300.4609375,92948.875,101333569062.0,100958.10043600891,106462.40119970837,107187.59881411832,31.09325065671611,-4458.732186250985,-3505.8713346787517,-952.8608515722335,10.775127988988793,7.961632297750241,113639.80130508069,90539.41822616935,102089.60976562502,0.22627555470086202,4084.2626587734544,72230706770.0,1.402915374823488,0,0,0,0,0,0,0
2025-11-19,92946.1640625,92946.1640625,88526.828125,91465.9921875,80350354656.0,100054.09012662711,105874.30672864137,107031.16491733605,29.41753036085426,-4657.691469119745,-3736.235361566951,-921.4561075527945,13.699387522621054,10.515865488264623,113332.66181398812,89162.60224851192,101247.63203125002,0.23872222076281377,4108.390102789636,72764526262.1,1.1042517389115627,0,0,0,0,1,0,0
2025-11-20,91459.3515625,93025.0703125,86040.796875,86631.8984375,97970645638.0,98775.78615623405,105119.70248192995,106828.18714141728,24.737178668192787,-5146.1178563346475,-4018.2118605204905,-1127.905995814157,12.813269312980994,12.429261608196946,113176.42185381618,87026.41564618387,100101.41875000003,0.261235120682366,4313.810340983234,74658540565.99998,1.3122496755932638,0,0,0,0,1,0,0
2025-11-21,86528.7734375,87380.8046875,80659.8125,85090.6875,129157506112.0,97472.44342706891,104334.25091401114,106611.89361264696,23.45586508544541,-5593.088486843946,-4333.187185785182,-1259.9013010587641,11.622112500588258,12.7115897787301,112670.55142637368,85034.95326112639,98852.75234375003,0.2795632646539513,4485.751901448717,79822832433.5,1.6180521559367174,0,0,0,0,1,0,1
2025-11-22,85098.5625,85503.0078125,83490.8984375,84648.359375,40793099246.0,96251.10208877664,103562.25516738325,106393.35098341666,23.086269998023628,-5914.825686110853,-4649.514885850316,-1265.3108002605368,11.405520813652252,11.946967542407167,111590.59835056722,83515.77977443283,97553.18906250002,0.28778985952112257,4309.063149559523,80148276922.85,0.5089703835463245,0,0,0,0,1,0,0
2025-11-23,84648.609375,88038.46875,84641.7734375,86805.0078125,58083435576.0,95351.47406246458,102905.1082122898,106198.44209614386,28.963538590931854,-5927.453238258866,-4905.102556332026,-1022.3506819268396,18.13654972919277,13.721394347811092,110716.52606629352,82415.60049620653,96566.06328125003,0.29307320406818427,4243.894018340985,79409848383.70001,0.7314386912734925,0,0,0,0,1,0,0
2025-11-24,86798.7734375,89206.3359375,85272.1953125,88270.5625,74433896110.0,94677.10153270604,102331.20445886666,106020.05523449069,32.72562440686658,-5752.886949477281,-5074.659434961077,-678.2275145162039,22.096280378317793,17.212783640387606,110306.33690427395,81493.79356447607,95900.06523437501,0.3004434175240804,4221.768775959486,77583183950.55,0.9594075973659795,0,0,0,0,0,0,0
2025-11-25,88269.9609375,88457.3359375,86131.4296875,87341.890625,64837343545.0,93978.51001768642,101743.38823008757,105834.20285031667,31.584161818354602,-5624.640611264069,-5184.655670221675,-439.984941042394,26.17010706953649,22.134312392349017,109447.23186749412,80697.9040700059,95072.56796875001,0.30239351278423465,4086.3500241052375,76945804387.6,0.84263650319898,0,0,0,0,0,0,0
2025-11-26,87345.5859375,90581.15625,86316.8984375,90518.3671875,66496301869.0,93648.97260528771,101303.1913264567,105681.80647556228,39.37355917663016,-5206.6701007122465,-5189.058556319789,-17.61154439245729,32.59402082990071,26.95346942591833,108732.21558612703,80334.62816387297,94533.421875,0.3003973288918254,4099.057723276292,77073981838.00002,0.8627593940685069,0,0,0,0,0,0,0
2025-11-27,90517.765625,91897.578125,90089.515625,91285.375,57040622845.0,93423.86807145078,100910.3357842427,105538.55840117857,41.11687812292253,-4758.679247280335,-5102.982694511898,344.30344723156304,41.61727747423913,33.460468457892105,107561.42058321692,80296.72004178308,93929.0703125,0.2902690343971763,3935.415207327985,75317611476.2,0.7573344630428775,0,0,0,1,0,0,0
2025-11-28,91285.3828125,92969.0859375,90257.1171875,90919.265625,60895830289.0,93185.33450512213,100518.52911133123,105393.09280141561,40.51797272051752,-4382.664605733618,-4958.919076756243,576.2544710226248,53.859260671045405,42.690186325061745,106464.35788731053,80257.4975814395,93360.92773437501,0.28070479741196697,3848.0261746617007,75790068435.90001,0.8034803444003099,0,0,0,1,0,0,0
2025-11-29,90918.7421875,91187.6171875,90260.1875,90851.7578125,37921773455.0,92963.08910582478,100139.44004078883,105248.40290102838,40.40111448824899,-4043.5065826615755,-4775.83657793731,732.3299952757343,61.143943310070455,52.20682715178499,104660.813333945,80674.25385355501,92667.53359375,0.25884534259372766,3639.4121398644365,74702194958.00002,0.507639346826701,0,0,0,1,0,0,0
2025-11-30,90838.2109375,91965.046875,90394.3125,90394.3125,38497902869.0,92718.44371479384,99757.27817644418,105100.60100649079,39.56833652040507,-3768.1960016773664,-4574.3084626853215,806.1124610079551,63.895159658665236,59.63278787992703,102132.48237694513,81642.35668555489,91887.41953125001,0.22299163254249138,3491.6494423741196,73147795740.00002,0.5263029798715845,0,0,0,1,0,0,0
2025-12-01,90389.109375,90398.15625,83862.25,86321.5703125,87962894424.0,92109.21767648016,99230.38767197578,104913.74497968493,33.038671800282124,-3834.445538636428,-4426.335877875543,591.8903392391148,57.03535324039215,60.69148540304261,100140.42753080226,81966.82168794775,91053.62460937501,0.1995923382602314,3709.09635720454,73989436532.5,1.188857471368391,0,0,0,1,0,0,0
2025-12-02,86322.5390625,92316.6328125,86202.1953125,91350.203125,78546798211.0,92036.93057633919,98921.36082699634,104778.78436421543,45.0878909355579,-3441.5085635914147,-4229.370415018717,787.8618514273021,64.4928213388404,61.807778079299254,98138.73285399923,82937.2179272508,90537.97539062501,0.1679020859607439,3880.906438832787,74699417472.65,1.0515048292010933,0,0,0,1,0,0,0
2025-12-03,91345.09375,94060.7734375,91056.390625,93527.8046875,77650204986.0,92178.91858692592,98709.8488215259,104666.83431768096,49.33917639449438,-2920.7206828456983,-3967.6404685841135,1046.9197857384152,75.24871820922704,65.5922975961532,96678.54269068007,83780.43934056992,90229.491015625,0.14294775693544132,3818.297608380445,73504586951.15,1.0563994467121502,0,0,0,1,0,0,0
2025-12-04,93454.2578125,94038.2421875,90976.1015625,92141.625,64538402681.0,92175.3668167425,98452.27141676018,104542.20536924632,46.85254656928369,-2589.989860377187,-3692.110346942728,1102.120486565541,89.38566222159693,76.37573392322145,96333.48186385728,83899.8837611427,90116.68281249999,0.13797221241026333,3764.286395281842,71014184990.7,0.9088100171740608,0,0,0,1,0,0,0
2025-12-05,92133.6484375,92702.640625,88152.140625,89387.7578125,63256398633.0,91909.88024490989,98096.8002950245,104391.41484629363,42.292296532351955,-2521.036429122614,-3457.8955633787054,936.8591342560912,79.16374371728871,81.26604138270422,95478.5212315039,84138.7053309961,89808.61328125,0.12626646249391857,3820.4445099045674,72251969089.65,0.8754972276881711,0,0,0,1,0,0,0
2025-12-06,89389.359375,90267.4609375,88951.6640625,89272.375,37994042405.0,91658.68926920417,97750.74440110197,104240.97663886783,42.10737120496177,-2447.4876525941363,-3255.813981221792,808.3263286276556,64.83881505195235,77.79607366361266,94848.98076547342,84277.77548452656,89563.37812499999,0.11803044394097166,3641.541107411384,70597359416.79999,0.5381793698640602,0,0,0,1,0,0,0
2025-12-07,89277.8125,91740.84375,87799.5625,90405.640625,47394898960.0,91539.3513030895,97462.70111576465,104103.31160390397,44.66653606715114,-2271.5694142587745,-3058.9650678291887,787.3956535704142,57.66586593734309,67.22280823552805,94647.0274794171,84310.90533308289,89478.96640625,0.11551454561294802,3662.9511175962853,68257796078.6,0.6943514394373937,0,0,0,1,0,0,0
2025-12-08,90424.5859375,92267.1171875,89644.890625,90640.203125,57394099056.0,91453.71814327146,97195.15217495036,103969.35032550692,45.20643947073876,-2089.143365258031,-2865.000727314957,775.8573620569264,61.222812840809,61.24249794336815,94303.3552947697,84423.71033023029,89363.5328125,0.11055566687665096,3588.613649375122,66060822578.30001,0.868806908784286,0,0,0,1,0,0,0
2025-12-09,90639.703125,94601.5703125,89586.9765625,92691.7109375,66861721440.0,91571.62221891226,97018.54663622682,103857.13500821333,49.81826779457337,-1758.7560271206166,-2643.751787276089,884.9957601554725,70.94550561392037,63.278061464024155,94502.94696148024,84346.69053851975,89424.81874999999,0.11357312841028813,3690.4693708483273,65386390917.50001,1.0225632658692152,0,0,0,1,0,0,0
2025-12-10,92695.234375,94477.15625,91640.1328125,92020.9453125,65420694513.0,91614.41489449205,96822.56227059048,103739.3619764152,48.384328921951465,-1533.3711137409118,-2421.6756525690535,888.3045388281416,74.88221799971562,69.016845484815,94720.04596615773,84668.49622134226,89694.27109375,0.11206456802920474,3629.5089470377325,63758893361.250015,1.0260638330457592,0,0,0,1,0,0,0
2025-12-11,92011.3046875,93554.265625,89335.296875,92511.3359375,64532834621.0,91699.8359462071,96653.4945712536,103627.64032428668,49.52812215540347,-1300.1936974036507,-2197.379261535973,897.1855641323223,79.57437851896954,75.13403404420184,94743.74305171848,85386.86397953154,90065.30351562501,0.10388994104220904,3671.6132186778946,60527659786.70002,1.0661709844460243,0,0,0,1,0,0,0
2025-12-12,92513.6640625,92747.9296875,89532.6015625,90270.4140625,80275884583.0,91563.70052871118,96403.17768855739,103494.73260028881,44.6580546001637,-1281.4508148328168,-2014.1935721953419,732.742757362525,72.05901502437376,75.5052038476863,94268.95764604761,86423.85485395242,90346.40625000001,0.08683358993147763,3639.021426272331,62501799053.55002,1.284377182714718,0,0,0,1,0,0,0
2025-12-13,90257.796875,90647.5703125,89800.9921875,90298.7109375,64237748110.0,91443.22532954821,96163.78683557476,103363.42890215162,44.731956169412626,-1249.9054915669694,-1861.3359560696674,611.430464502698,66.71344278800231,72.78227877711521,94073.2862439285,86968.89656857155,90521.09140625002,0.07848325252148275,3439.5611904671646,62809514680.250015,1.0227391253860314,0,0,0,1,0,0,0
2025-12-14,90296.4375,90498.109375,87634.9375,88175.1796875,50465972205.0,91131.98288744838,95850.50812388555,103212.3020442944,40.37469712675575,-1380.3450617539493,-1765.1377772065239,384.7927154525746,53.25462626509524,64.00902802582377,94081.47186234445,86951.17266890558,90516.32226562501,0.07877362905349407,3398.390525076653,61611118485.00001,0.8191049512806129,0,0,0,1,0,0,0
2025-12-15,88171.078125,89983.921875,85304.078125,86419.78125,45559514323.0,90683.20177911996,95480.67569745866,103045.2122851472,37.15295630240303,-1606.8426623362757,-1733.4787542324743,126.63609189619865,37.36460472577267,52.444224592956736,94226.92316759028,86713.51042615974,90470.21679687501,0.08304846619633684,3489.9228982854634,60647227023.90002,0.7512217220590447,0,0,0,1,0,0,0
2025-12-16,86424.40625,88170.09375,85381.6875,87843.984375,41262178223.0,90412.80012158473,95181.19760638184,102893.95628604126,41.24911387127142,-1652.3748048171838,-1717.2579643494164,64.88315953223264,26.49280126506638,39.03734408531143,94272.1154487786,86400.87986372142,90336.49765625001,0.08713239708505124,3439.814566265073,59385520841.60001,0.6948188319011177,0,0,0,1,0,0,0
2025-12-17,87847.6171875,90264.5703125,85316.265625,86143.7578125,44243392914.0,90006.22466357666,94826.7882027002,102727.28764451349,38.059931537799905,-1804.8482626889308,-1734.7760240173195,-70.07223867161133,16.11649310676014,26.657966365866397,94406.32289977818,85752.51069397181,90079.416796875,0.09606869708448856,3547.5638606389966,58745659345.05,0.7531346725403298,0,0,0,0,0,0,0
2025-12-18,86144.3671875,89412.6640625,84436.3125,85462.5078125,52667115348.0,89573.48972537888,94459.56152073157,102555.49879046361,36.83117811951379,-1958.0841825293028,-1779.4376557197163,-178.64652680958648,15.481519650312514,19.363604674046343,94576.03755887134,85037.12025362869,89806.57890625001,0.10621624185462426,3649.6201250576396,58334223598.00001,0.9028510555132458,0,0,0,0,0,0,0
2025-12-19,85476.1328125,89339.1171875,85107.6640625,88103.3828125,46733310561.0,89433.47954319994,94210.29961060485,102411.69664142915,44.33381927320146,-1845.1583740563365,-1792.5817993870405,-52.57657466929595,18.40030520932418,16.666105988798943,94470.09306923619,84868.22724326384,89669.16015625001,0.10708102773842125,3691.1796250535226,58774800453.30001,0.7951249549223451,0,0,0,0,0,0,0
2025-12-20,88101.671875,88497.203125,87924.875,88344.0,14688196659.0,89329.71958670471,93980.24864548311,102271.71956041992,44.97507950199881,-1716.461758454374,-1777.3577912005073,60.896032746133415,28.20375466989662,20.695193176511104,94389.88998626766,84743.39907623237,89566.64453125001,0.10770182315660617,3468.4045179068426,57584315142.8,0.25507287223223185,0,0,0,1,0,0,0
2025-12-21,88344.703125,89027.953125,87613.203125,88621.75,19845522660.0,89262.29391178046,93770.11144369947,102135.89896777894,45.75193322460213,-1573.9135637980653,-1736.668945720019,162.7553819219538,38.56336136744359,28.3891404155548,94283.72026134185,85079.58676990819,89681.65351562502,0.10263117516928977,3321.7149094849256,54178446554.600006,0.3662992190076927,0,0,0,1,0,0,0
2025-12-22,88621.3984375,90501.9296875,87908.0703125,88490.015625,38047472118.0,89188.74359875376,93563.04886257401,102000.11903401994,45.42436750375548,-1454.802893468499,-1680.2957352697151,225.49284180121617,39.83118562280275,35.53276722004765,94099.97466013068,84977.31362111933,89538.64414062501,0.10188518182924174,3269.7252284502883,52153480249.950005,0.7295289199427198,0,0,0,1,0,0,0
2025-12-23,88490.03125,88898.3828125,86606.9765625,87414.0,43683011533.0,89019.72039887245,93321.90969149268,101854.98352124363,42.73309606367997,-1430.7396216323104,-1630.3845125422342,199.6448909099238,36.9025696992119,38.432372229819414,93477.05884521578,84988.84896728421,89232.95390625,0.09512416104536292,3199.845301418125,50455120577.3,0.8657795488978217,0,0,0,1,0,0,0
2025-12-24,87404.3203125,87956.8828125,86411.796875,87611.9609375,25550297986.0,88885.64806921793,93097.99013251258,101713.26190349493,43.39752667061524,-1379.7901501466113,-1580.26564006311,200.47548991649865,34.787429692369685,37.173728338128115,93076.91319371483,84936.02821253514,89006.47070312499,0.09146396792131062,3081.648203995402,48505715342.55001,0.5267481946315481,0,0,0,1,0,0,0
2025-12-25,87608.3203125,88501.7890625,86949.2578125,87234.7421875,19953216347.0,88728.41893762574,92868.0588405513,101569.19703069897,42.388296233778384,-1354.239892998041,-1535.0604906500962,180.8205976520553,32.71772282702811,34.802574072869895,93040.06949398613,84757.57034976386,88898.819921875,0.09316770629240068,2972.425564424302,46340556228.25001,0.43057783442910363,0,0,0,1,0,0,0
2025-12-26,87235.5078125,89459.4296875,86628.140625,87301.4296875,42455674908.0,88592.51519951853,92649.75965807869,101427.22919643829,42.642249218882355,-1313.4691514371953,-1490.742222807516,177.27307137032085,38.20840948163854,35.23785400034544,92997.51821873791,84603.02709376207,88800.27265624999,0.09453226745678261,2962.3443857154234,46563637853.40001,0.9117774483528663,0,0,0,1,0,0,0
2025-12-27,87301.4296875,87874.78125,87182.9765625,87802.15625,13741199310.0,88517.242918612,92459.65756364424,101291.6563312996,44.61633127601254,-1226.6139540441072,-1437.9165690548346,211.30261501072732,45.0957484498843,38.673960252850314,92818.91583353902,84521.281041461,88670.09843750001,0.09357872539102563,2800.162978700036,44880952870.90001,0.3061699547584593,0,0,0,1,0,0,0
2025-12-28,87799.34375,87986.890625,87394.953125,87835.8359375,15156557929.0,88452.34701564895,92278.33122536408,101157.76757116229,44.75406032841641,-1141.899804900866,-1378.713216224041,236.81341132317493,52.5547153677598,45.286291099760874,92586.88740541603,84472.87275083398,88529.880078125,0.09165283684357946,2642.4325873643193,42769075814.55,0.3543812355151184,0,0,0,1,0,0,0
2025-12-29,87835.7890625,90299.15625,86717.9140625,87138.140625,48411625849.0,88327.18450225382,92076.75512338901,101018.2687955786,42.40167076740466,-1118.1718234649888,-1326.6049376722308,208.43311420724194,52.02655679189008,49.89234020317805,91843.29318945362,84661.10993554637,88252.20156249999,0.08138248255281025,2709.4904159454395,41846571035.0,1.1568839370018886,0,0,0,1,0,0,0
2025-12-30,87134.3515625,89297.9375,86735.546875,88430.1328125,35586356225.0,88336.98910322964,91933.75032688357,100893.01371116986,47.866452771233625,-983.7739219301438,-1258.0387345238134,274.2648125936696,55.47757446021097,53.35294887328694,91199.42970695022,84945.89216804977,88072.6609375,0.07100429886339209,2698.9832880207655,40354854120.6,0.8818358286874387,0,0,0,1,0,0,0
2025-12-31,88429.5859375,89080.2890625,87130.5625,87508.828125,33830210616.0,88258.11662911253,91760.2239660254,100759.83773518806,44.61573626061352,-940.7597129278583,-1194.5829302046225,253.82321727676413,53.6805173628508,53.728216204983944,90153.29378888285,85491.77730486714,87822.53554687499,0.05307881917765446,2645.464950483568,38819722920.350006,0.8714696569424917,0,0,0,1,0,0,0
2026-01-01,87508.046875,88803.2265625,87399.40625,88731.984375,18849043990.0,88303.24689062563,91641.46947225969,100640.15760225088,49.51749663633062,-798.7644954710559,-1115.419243257909,316.65474778685325,61.228869887797856,56.79565390361987,89824.11104305396,85667.11708194601,87745.61406249998,0.04737551848627986,2556.776047770456,35748380890.700005,0.5272698656655415,0,0,0,1,0,0,0
2026-01-02,88733.0625,90884.4609375,88298.6171875,89944.6953125,46398906171.0,88459.57531175652,91574.92930913185,100533.7350919051,53.87614035892732,-581.671478284421,-1008.6696902632116,426.99821197879055,65.61056644851466,60.1733178997211,89719.05679846217,85736.7697640378,87727.91328124999,0.04539361402176999,2558.8523122154234,34856438793.75001,1.3311430477894843,0,0,0,1,0,0,0
2026-01-03,89945.0546875,90679.5703125,89328.0703125,90603.1875,20774828592.0,88663.72885349399,91536.82178720512,100434.92367308018,56.092922600873884,-352.42633045119874,-877.421018300809,524.9946878496103,79.96278398580023,68.93407344070424,90215.94542906278,85482.6819146872,87849.31367187499,0.05387934539881253,2472.612861342893,33371881613.1,0.6225249397937731,0,0,0,1,0,0,0
2026-01-04,90603.0,91712.5859375,90595.1015625,91413.4921875,26770491368.0,88925.61107578028,91531.98533231473,100345.15818566148,58.72197196927615,-104.162363995536,-722.7692874397545,618.6069234442185,89.01917403071275,78.19750815500922,90852.65481781714,85345.34361968284,88098.99921874999,0.06251275550201917,2375.817969461258,32432430465.35,0.8254235339100141,0,0,0,1,0,0,0
2026-01-05,91414.625,94762.0703125,91414.625,93882.5546875,53376407252.0,89397.7009435631,91624.16452271414,100280.85367324197,65.50063086362475,288.49572783151234,-520.5162843855012,809.0120122170135,92.51202092078103,87.16465964576466,92172.8100152981,84629.04545345186,88400.92773437499,0.08533580761181112,2445.3008377140254,33038141916.800003,1.6155995511617414,0,1,0,1,0,0,1
2026-01-06,93876.9453125,94395.296875,91286.546875,93729.03125,52430605257.0,89810.20859179519,91706.70831594104,100215.66141032414,64.78819137837127,580.5992494586098,-300.29317761667903,880.8924270752889,90.48448840880786,90.67189445343388,93084.30836027968,84476.07445222032,88780.19140625,0.09696120014732655,2492.6900635915954,33447502533.949997,1.5675491825968684,0,1,0,1,0,0,1
2026-01-07,93727.46875,93738.7890625,90601.8046875,91308.0546875,43461295053.0,89952.86060090993,91691.07484031591,100127.02850760949,54.68671373446644,609.7124337880086,-118.29205533574151,728.0044891237501,78.21053727833397,87.06901553597429,93219.00327030536,84925.93422969464,89072.46875,0.09310473996052475,2538.711085835053,32987211519.199997,1.317519518971879,0,0,0,1,0,0,0
2026-01-08,91309.640625,91485.8515625,89233.875,91027.125,42386697030.0,90055.17149606136,91665.03759167607,100036.4822040512,53.6415552603662,603.1632734046289,25.999010412332566,577.1642629922962,66.41543207747178,78.37015258820453,93427.02960680694,85010.28211194304,89218.655859375,0.09433842522947489,2518.230048453978,32769880842.65,1.2934650947779374,0,0,0,1,0,0,0
2026-01-09,91026.2734375,91910.671875,89625.3828125,90513.1015625,38305906684.0,90098.78388334124,91619.8636297476,99941.72219766761,51.69477498202014,550.1537906437879,130.82996645862366,419.3238241851643,52.93235059672403,65.85277331750993,93552.34247441152,85101.87940058847,89327.1109375,0.09460132523188432,2501.5914066001224,33950766343.900005,1.128278115904223,0,0,0,1,0,0,0
2026-01-10,90510.1015625,90713.03125,90283.3984375,90386.6484375,12385895282.0,90126.19955516588,91571.50224965946,99846.64683686991,51.20246597358553,492.2651569634327,203.11700455958547,289.14815240384723,48.95626379738627,56.10134882386069,93652.2639836525,85178.4477350975,89415.355859375,0.09476913855693767,2353.5943641643994,33577784975.000004,0.36887171953783704,0,0,0,1,0,0,0
2026-01-11,90385.359375,91155.2265625,90212.0234375,90827.4609375,17165568977.0,90192.98635348341,91542.32415898655,99756.9036935926,52.886854417352474,476.4654849123035,257.7867006301291,218.67878428217443,47.95808033523301,49.94889824311443,93790.56257398769,85273.89367601233,89532.22812500001,0.0951240584126293,2252.8521327955136,32533689817.95,0.5276244125106627,0,0,0,1,0,0,0
2026-01-12,90825.859375,92395.5234375,90055.0234375,91192.9921875,41346275358.0,90288.22500434214,91528.62486598708,99671.69064378073,54.29567903648123,487.81620641170593,303.7926017864445,184.02360462526144,50.74291771055515,49.21908728105814,93918.6936943185,85523.6617744315,89721.177734375,0.09356800848893224,2259.1126947386915,32416853009.2,1.2754561754117775,0,0,0,1,0,0,0
2026-01-13,91185.3359375,96011.625,90941.9296875,95321.78125,54980674354.0,90767.6113134524,91677.37609673268,99628.40796324561,66.48618160016471,820.5121532398771,407.13651207713104,413.37564116274604,66.28457462609285,54.995190890627,94866.96095447353,85346.37654552647,90106.66875,0.10565904323199234,2459.8685960073567,33888371827.6,1.6224053086321963,0,1,0,1,0,0,1
2026-01-14,95322.90625,97860.6015625,94583.046875,96929.328125,60592490863.0,91354.44148598074,91883.334999802,99601.55144744217,69.85728692849071,1200.0581625412597,565.7208421699568,634.3373203713029,79.6213985870126,65.54963030788687,96044.3216052448,85138.47448850522,90591.39804687501,0.12038501835567796,2518.274745399688,35920335553.4,1.686857595551183,0,1,0,1,0,0,1
2026-01-15,96931.2890625,97150.171875,95103.2421875,95551.1875,53086363027.0,91754.13158255401,92027.17235275095,99561.2493186119,63.92110431887571,1373.8102491729223,727.33872357055,646.4715256023724,86.39273688104961,77.43290336471836,96653.4965854568,85354.27528954318,91003.88593749999,0.12416196494810944,2484.6072412639965,36451869959.350006,1.45634128197539,0,1,0,1,0,0,0
2026-01-16,95554.1015625,95801.890625,94259.2734375,95525.1171875,33248170537.0,92113.27306873933,92164.34665999601,99521.08879989437,63.81063898326306,1492.2051610732742,880.312011071095,611.8931500021793,79.95771055654131,81.99061534153451,97172.38881321157,85607.6791555384,91390.03398437498,0.12654234989835322,2417.322237423711,37427218520.700005,0.8883420102033849,0,1,0,1,0,0,0
2026-01-17,95525.15625,95598.4765625,95005.6171875,95099.921875,16021715122.0,92397.71581219274,92279.46725666283,99477.09708919891,61.930822265177966,1534.0408060257032,1011.0577700620166,522.9830359636866,72.25794259132019,79.53613000963703,97508.08662019874,85998.38994230123,91753.23828124999,0.12544185789516205,2287.0034615363033,37470476380.35,0.42758237070084315,0,1,1,1,0,0,0
2026-01-18,95101.1796875,95491.5078125,93588.8671875,93634.4296875,20809781232.0,92515.49808603153,92332.6030382643,99418.96109515216,55.826435575236324,1432.4307145380008,1095.3323589572135,337.09835558078726,63.97885930443272,72.06483748409806,97457.18381899952,86698.92164975045,92078.05273437499,0.11683850656881607,2259.548973212282,36090384149.5,0.5766018212994916,0,1,1,1,0,0,0
2026-01-19,93655.671875,93660.828125,92089.25,92553.59375,39195241508.0,92519.12624450472,92341.2693406853,99350.64898226508,51.773206009967225,1250.2771411269641,1126.3213153911638,123.95582573580032,52.497009203773516,62.9112703665088,97383.45516198565,87184.99640051433,92284.22578124999,0.11051139753445723,2210.408198339976,36270828413.65,1.080627138178334,0,1,1,1,0,0,0
2026-01-20,92553.6015625,92798.4296875,87814.9296875,88310.90625,53072968031.0,92118.34338788522,92183.21588614864,99240.80079587438,39.614626929209635,754.868049239376,1052.0306621608063,-297.1626129214303,31.47657279523129,49.31748043447917,97275.90243442892,87372.7569405711,92324.32968750001,0.10726474297054803,2408.4861841728352,37232966284.4,1.425429487019859,0,0,0,0,0,0,0
2026-01-21,88326.5078125,90430.40625,87231.5703125,89376.9609375,56330422434.0,91857.2593449914,92073.16667247615,99142.65313559206,43.22270234002863,443.1659375127638,930.2577172311978,-487.09177971843405,21.20108649254917,35.05822283051799,97217.20622339976,87495.95080785028,92356.57851562502,0.10525785571305911,2464.9397379819184,39107035206.6,1.4404165934955164,0,0,0,0,0,0,0
2026-01-22,89378.5234375,90258.9609375,88438.4453125,89462.453125,35549685694.0,91629.18256213507,91970.78574904571,99046.33273747673,43.51418643975197,200.72444684359652,784.3510631536776,-583.6266163100811,15.370016952137908,22.682558746639454,97247.94649640375,87416.98631609627,92332.46640625001,0.10647349261799874,2418.9094441974953,38564574182.75,0.9218223316958453,0,0,0,0,0,0,0
2026-01-23,89462.046875,91100.25,88486.359375,89503.875,38997586037.0,91426.77231812221,91874.04415104391,98951.38290924313,43.665092175325405,11.794261027665925,629.8397027284752,-618.0454417008093,20.850373436745077,19.140492293810716,97297.86637631623,87257.13518618379,92277.50078125001,0.10881017696756512,2432.8366713976743,39475712054.99999,0.987888096424104,0,0,0,0,0,0,0
2026-01-24,89506.1484375,89811.609375,89044.2890625,89110.734375,14558687712.0,91206.19727592009,91765.67906178729,98853.46600840488,42.50443630405906,-167.72401715892192,470.32695875099586,-638.0509759099177,20.015469620839937,18.74528666990764,97368.35336331218,86956.37241793783,92162.36289062501,0.11297432725038654,2313.8712171906977,38865121872.2,0.37459518999768654,0,0,0,0,0,0,0
2026-01-25,89104.765625,89193.1484375,86003.7109375,86572.21875,36124986722.0,90764.86598773721,91562.01395152113,98731.26454314712,35.87369862190783,-508.9635269386199,274.46886161307276,-783.4323885516926,14.617524752610983,18.494455936731995,97497.34839714112,86096.34379035886,91796.84609374999,0.12419821695332182,2376.4116659627907,38002550845.7,0.9505937343173783,0,0,0,0,0,0,0
2026-01-26,86566.5234375,88743.0703125,86429.2890625,88267.140625,45329286974.0,90526.98738176224,91432.80323283403,98627.14390714566,42.3413497447811,-635.30882204308,92.51332488184221,-727.8221469249222,13.854620165329422,16.162538179593447,97356.30214089353,85691.20098410643,91523.75156249998,0.12745435974421576,2371.9380648225915,37647484931.549995,1.204045557264102,0,0,0,0,0,0,0
2026-01-27,88257.4765625,89427.125,87228.921875,89102.5703125,38744942267.0,90391.32861326107,91341.42154968368,98532.37203058202,45.27136519865473,-660.4133508623345,-58.07201026699312,-602.3413405953413,16.673277625571977,15.048474181170793,97345.74335478993,85481.21133271001,91413.47734374997,0.12978974618222539,2359.528426263835,37411667292.24999,1.035637945893585,0,0,0,0,0,0,0
2026-01-28,89104.046875,90439.2890625,88721.4609375,89184.5703125,39807419296.0,90276.39925128382,91256.8391482255,98439.3590781633,45.56376840061683,-666.014752633957,-179.6605587403859,-486.35419389357105,24.587343736699523,18.37174717586697,97335.54270227706,85307.15651647288,91321.34960937497,0.13171494110911994,2313.6926904592756,37282703405.55,1.0677181550647468,0,0,0,0,0,0,0
2026-01-29,89169.8515625,89200.78125,83250.6015625,84561.5859375,64653083162.0,89732.13131663774,90994.28019878529,98301.27178323132,34.403718213209245,-1031.598481912195,-350.0481433747477,-681.5503385374473,21.70582562422973,20.988815662167077,97752.81655720493,84294.73109904502,91023.77382812498,0.14785242241847774,2573.44176167647,38600062229.45,1.6749476406976567,0,0,0,0,0,0,1
2026-01-30,84562.7265625,84602.1640625,81071.4765625,84128.65625,72083816087.0,89198.467024577,90725.04004393097,98160.25073314943,33.574375410932134,-1340.804074145446,-548.1993295288875,-792.6047446165586,20.008924424573024,22.100697928500757,98112.9887186156,83308.75971888438,90710.87421874999,0.16320236275124747,2641.816457271008,41584958269.7,1.7334108073284362,0,0,0,0,0,0,1
2026-01-31,84126.5,84136.921875,75815.8828125,78621.1171875,70479259159.0,88191.1003734268,90250.37640250231,97965.83149388923,25.238991651140864,-2007.127194708286,-839.9849025647673,-1167.1422921435187,15.24907932427405,18.98794312435893,99265.22099905062,80935.89306344939,90100.55703125,0.20343190474664866,3047.4752147873646,44250642778.799995,1.592728483319701,0,0,0,0,1,0,1
2026-02-01,78626.125,79322.609375,75698.8984375,76974.4453125,53372509744.0,87122.8475104814,89729.75165387477,97756.96197964656,23.37078416883702,-2637.660419426087,-1199.5200059370313,-1438.1404134890558,14.134537093218313,16.46418028068846,100247.08506761857,78532.17430738146,89389.62968750001,0.24292427249280416,3088.634909266839,44851954498.09999,1.1899706566022883,0,0,0,0,1,0,0
2026-02-02,76968.875,79258.609375,74551.3359375,78688.765625,75140589684.0,86319.60161662604,89296.77180960518,97567.2286825854,29.242876339451364,-2964.8542267471494,-1552.586850099055,-1412.2673766480943,14.67775291892852,14.687123112140293,100032.76418260885,77083.19362989116,88557.97890625,0.25914740643542417,3204.251946997779,45859950264.59998,1.6384795284438458,0,0,0,0,1,0,1
2026-02-03,78693.5078125,79118.8515625,72897.140625,75633.546875,68249110822.0,85301.88211742355,88760.95906707166,97348.98309246017,25.49347038451699,-3431.1362925770663,-1928.2967385946574,-1502.839553982409,14.93616015170593,14.582816721284255,99630.31646151013,75356.06322598986,87493.18984374999,0.2774416303585517,3419.784732033652,46242781262.54999,1.4758868078134388,0,0,0,0,1,0,0
2026-02-04,75640.09375,76864.65625,71779.9296875,73019.703125,67215363944.0,84132.15078481178,88143.65491248062,97106.90070472426,22.80007202348856,-3965.8674832691468,-2335.810887529555,-1630.0565957395916,14.708009917106493,14.77397432924698,99496.64431945285,73236.58693054713,86366.61562499999,0.3040533335580235,3538.709148495534,46949231308.399994,1.4316605846531518,0,0,0,0,1,0,0
2026-02-05,73016.375,73161.5546875,62353.53515625,62702.09765625,125509410908.0,82091.19334399638,87145.94678478531,96764.56435598324,15.733812540690558,-5162.678197321133,-2901.184349487871,-2261.493847833262,7.554033724793321,12.399401264535246,100890.09519574525,68560.83410112975,84725.4646484375,0.38157667507358684,4057.9456044065673,51562293326.95,2.4341316650165394,0,0,0,0,1,0,1
2026-02-06,62704.453125,71681.3046875,60074.203125,70555.390625,114674259489.0,80992.54546599672,86495.33673930354,96503.776557665,32.804503344695235,-5415.042956437959,-3403.956070877888,-2011.086885560071,14.048901121545914,12.103648254481907,100068.29680223188,66928.17936964314,83498.23808593751,0.39689600873350744,4597.171029984669,56494920545.3,2.029815395475233,0,0,0,0,0,0,1
2026-02-07,70553.796875,71611.1484375,67364.4453125,69281.96875,62347107663.0,79877.2524454256,85820.30270050732,96232.91279838476,31.683676531348596,-5652.638253963247,-3853.6925074949604,-1798.9457464682864,22.017763975124026,14.540232940487753,99287.73635743395,65273.49372069107,82280.61503906251,0.413393150021967,4572.13760820005,58571786866.85,1.0644563022250346,0,0,0,0,0,0,0
2026-02-08,69283.7265625,72206.90625,68852.8984375,70264.7265625,39721722619.0,78961.77378990888,85210.28010685998,95974.52288558989,33.57005073213207,-5695.974251266962,-4222.148856249361,-1473.8253950176004,32.80025467846029,22.955639925043407,98259.77244023864,64072.570919136415,81166.17167968753,0.42120012332253237,4485.128337078618,58598110922.4,0.6778669481615623,0,0,0,0,0,0,0
2026-02-09,70243.328125,71369.96875,68291.03125,70120.78125,52081598792.0,78119.77450039376,84618.53505364979,95717.27172503677,33.424470100923095,-5676.498385179933,-4513.018762035476,-1163.479623144457,32.32316137477312,29.04706000945248,97682.10070087129,62831.23015850371,80256.6654296875,0.4342426931866521,4384.686134430145,58548542460.45,0.88954560785491,0,0,0,0,0,0,0
2026-02-10,70137.390625,70464.265625,67913.09375,68793.9609375,40593063077.0,77231.60178011817,83997.96351968314,95449.37808535979,32.04500349410768,-5702.3932912635355,-4750.893667881088,-951.4996233824477,31.787449830375877,32.30362196120309,96815.47981343539,61639.55104593963,79227.51542968751,0.44398626634598354,4253.720830185135,57761674492.6,0.7027681145601221,0,0,0,0,0,0,0
2026-02-11,68791.859375,69242.6796875,65757.3046875,66991.96875,49671946030.0,76256.39863439264,83331.06176400928,95166.21978351542,30.220780946046844,-5801.445448693572,-4961.004024043585,-840.4414246499873,28.517681861045034,30.876097688731342,95809.51727396419,60398.465147910814,78103.9912109375,0.45338338767372094,4198.838985171911,58467787509.4,0.8495608974773353,0,0,0,0,0,0,0
2026-02-12,66992.1953125,68339.4921875,65092.109375,66221.84375,44651071271.0,75300.72674064097,82660.11203796971,94878.2160418884,29.44919566359992,-5874.371549828851,-5143.677529200638,-730.6940206282134,25.843632900089027,28.716254863836642,94550.78508861734,59328.99420825766,76939.8896484375,0.45778322585721265,4130.87782998106,58750461771.1,0.7600122607540823,0,0,0,0,1,0,0
2026-02-13,66213.375,69382.8359375,65835.78125,68857.84375,40820775886.0,74687.1188367704,82118.84661491208,94619.30686485469,35.51777628220723,-5654.283776646189,-5245.798778689748,-408.48499795644057,28.439204698428142,27.6001731531874,92909.36145102806,58945.12878334691,75927.24511718749,0.4473260239491126,4089.1761769466984,60063566179.80001,0.6796262440329166,0,0,0,0,0,0,0
2026-02-14,68856.984375,70481.1640625,68706.6171875,69767.625,36012397645.0,74218.59561422083,81634.48498295475,94372.02644828898,37.5154923734178,-5344.838911313374,-5265.606805214475,-79.23210609889975,37.308841244135905,30.530559614217687,91505.0353428395,58668.99551653549,75087.0154296875,0.437306498845358,3923.8455125219343,60057936725.950005,0.5996276197320588,0,0,0,0,0,0,0
2026-02-15,69764.953125,70939.2890625,68052.546875,68788.1875,40191152750.0,73701.41388905693,81130.70861107417,94117.46088661446,36.214714164745914,-5119.618274242777,-5236.409099020135,116.79082477735756,44.09498115534438,36.61434236596948,89518.85682381532,58707.27872305965,74113.06777343749,0.4157374539527387,3849.766703591796,59801030014.75001,0.6720812792034986,0,0,0,1,0,0,0
2026-02-16,68782.3984375,70067.234375,67301.5859375,68843.15625,33618145426.0,73238.72268533721,80648.84381260068,93865.97526833968,36.348105540763456,-4880.4351594525215,-5165.2143111066125,284.77915165409104,47.27533952488815,42.89305397478948,86940.70616434814,59259.48797627684,73100.09707031249,0.3786755325570318,3772.3296845852396,59544690172.70001,0.564586788989847,0,0,0,1,0,0,0
2026-02-17,68843.09375,69201.8671875,66615.28125,67494.21875,34866936040.0,72691.62707244795,80132.97616308693,93603.56973084377,34.44445505055453,-4745.031036360975,-5081.177656157485,336.1466197965101,45.21942776912546,45.52991614978599,83795.25610435396,60235.90288002102,72015.57949218749,0.32714245154256855,3687.63370265058,59297666009.90001,0.5879984556926542,0,0,0,1,0,0,0
2026-02-18,67488.0234375,68434.4296875,65845.8984375,66425.3203125,33094301643.0,72094.83595245291,79595.42103169137,93333.1393883727,32.97090269903732,-4670.139008595681,-4998.969926645124,328.8309180494434,46.25490790089202,46.24989173163521,81536.62589539046,60680.90652648453,71108.7662109375,0.29329322501587773,3609.1263846041097,57719726933.95001,0.5733620618280221,0,0,0,1,0,0,0
2026-02-19,66425.625,67277.125,65637.4296875,66957.5234375,31492987019.0,71605.56809388596,79099.81720446817,93070.69544856301,34.473994842680725,-4515.787010960805,-4902.33334350826,386.5463325474557,49.81804918530865,47.09746161844204,78827.89314211128,61672.525998513745,70250.20957031251,0.24420378598909306,3468.4527365966733,55690185480.55001,0.5655033601925968,0,0,0,1,0,0,0
2026-02-20,66958.578125,68269.03125,66452.484375,68005.421875,47507867304.0,71262.69702542062,78664.74287782237,92821.28974136338,37.448314926252685,-4259.800960694614,-4773.826866945531,514.0259062509167,48.736502925535305,48.26982000391199,77380.96843832612,62057.88117104888,69719.4248046875,0.2197821813677242,3350.45946076834,54541615887.80001,0.8710388669402562,0,0,0,1,0,0,0
2026-02-21,68000.25,68657.703125,67533.0703125,68003.765625,18357635642.0,70952.32260633295,78246.66533849601,92574.3492028921,37.44542182175095,-4010.829471617748,-4621.227387879974,610.3979162622263,46.20159900678023,48.25205037254139,76154.98309602495,62386.79854460006,69270.8908203125,0.19875858947937203,3191.471843034887,52790872182.700005,0.3477426093372245,0,0,0,1,0,0,0
2026-02-22,67998.828125,68235.2265625,67185.6015625,67659.390625,17893536012.0,70638.7100366822,77831.4780948295,92326.43916729119,36.80866686057692,-3797.530390755608,-4456.487988455101,658.9575976994929,40.921800795794155,45.28663424270323,74009.41584377784,63429.42829684717,68719.4220703125,0.1539592043731889,3038.4827828181096,49928519499.1,0.35838306826467276,0,0,0,1,0,0,0
2026-02-23,67668.4296875,67668.4296875,63924.4375,64616.73828125,50953457309.0,70065.18891711722,77313.25300410089,92050.72075051467,31.682441943020358,-3829.857732137054,-4331.161937191491,501.30420505443726,30.562413721592296,39.228604508055554,72661.44266707837,63675.72061417161,68168.581640625,0.13181618036705245,3088.8763117239587,49063736823.44999,1.0385156249380258,0,0,0,1,0,0,0
2026-02-24,64616.015625,64992.15625,62553.1875,64080.04296875,40849331086.0,69495.17501727273,76794.30359094987,91772.40554870607,30.865885036606652,-3854.353620175083,-4235.80027378821,381.4466536131267,22.990087369307453,31.4914339622313,71953.54340397127,63489.65386165373,67721.5986328125,0.12498065186276648,3042.45434302939,47745435180.549995,0.855565164115223,0,0,0,1,0,0,0
2026-02-25,64077.76953125,69953.53125,63942.484375,67960.125,53629234355.0,69348.97977753247,76447.8652148342,91535.46743379357,42.42001270467066,-3520.0990841487655,-4092.660035860321,572.5609517115554,30.850343463294042,28.134281518064597,71495.34352709852,64473.65647290151,67984.50000000001,0.1032836463340469,3254.4966667415765,44151426352.899994,1.214665952722442,0,0,0,1,0,0,0
2026-02-26,67954.8671875,68843.3515625,66523.734375,67453.7734375,42988597523.0,69168.48393562461,76095.15573337012,91295.8485880593,41.44652863959757,-3258.4963776136283,-3925.8273042109827,667.3309265973544,47.03965173030898,33.62669418763683,71129.81134731631,64529.0269339337,67829.419140625,0.097314476476612,3187.7195610814642,40567143254.600006,1.0596900366684168,0,0,0,1,0,0,0
2026-02-27,67456.515625,68220.40625,64946.03515625,65881.796875,40283655942.0,68855.46612032702,75694.63185657129,91042.97245161096,38.49314386874071,-3141.8029700420593,-3769.022437377198,627.2194673351387,54.20131833952693,44.03043784437665,70994.86822377422,64323.9528699758,67659.410546875,0.09859552869111608,3193.908956272074,39463970668.55,1.0207704713834898,0,0,0,1,0,0,0
2026-02-28,65878.9296875,67714.5234375,63062.21875,66995.859375,42041497112.0,68678.36071601017,75353.50352396065,90803.69769462977,41.665663403770466,-2925.7014060467627,-3600.358231111111,674.6568250643481,50.36852580053244,50.53649862345611,70606.67616322216,64385.258211777844,67495.9671875,0.09217466184552281,3298.080079931212,39579959393.2,1.0621915170338174,0,0,0,1,0,0,0
2026-03-01,67005.8828125,68162.8203125,65076.73046875,65738.1015625,40733141929.0,68398.33603472348,74976.4289372367,90554.28877789216,39.206906970384836,-2823.383693873271,-3444.9633236635427,621.5796297902716,45.018238436459264,49.86269419217287,70222.06923891608,64331.59716733392,67276.833203125,0.08755572744926032,3282.9379202039827,39012536550.049995,1.0441039094379982,0,0,0,1,0,0,0
2026-03-02,65734.078125,70044.0,65303.13671875,68775.8515625,56698092052.0,68434.28989451172,74733.26904018821,90337.58791007732,47.29633336859537,-2468.7172960863827,-3249.714118148111,780.9968220617284,59.47778517038564,51.62151646912578,70219.21039111055,64332.64507763944,67275.927734375,0.0874988351957477,3387.075445992984,39817787998.799995,1.4239387696199681,0,0,0,1,0,0,0
2026-03-03,68785.078125,69232.890625,66237.6171875,68293.6484375,47947999049.0,68420.89547003442,74480.73489890633,90118.24522875814,46.24440691603219,-2201.1775779218733,-3040.0068101028637,838.8292321809904,67.36336861061406,57.28646407248631,70315.26049651453,64366.76294098547,67341.01171875,0.08833394990222276,3359.089588243485,39731590649.74999,1.2067978720429535,0,0,0,1,0,0,0
2026-03-04,68290.5625,74051.8046875,67437.40625,72710.578125,75073101274.0,68829.43667526923,74411.31698620412,89945.0346108103,55.916292743453,-1614.1343754804839,-2754.832323178388,1140.697947697904,82.67990948726282,69.84035442275417,71434.95944226735,63895.937432732615,67665.44843749999,0.11141612423507764,3591.611648904665,41252692149.899994,1.8198352001175273,0,0,0,1,0,0,1
2026-03-05,72712.65625,73555.7890625,70654.8828125,70841.125,51172841727.0,69021.0260395293,74271.30945733337,89754.94595796643,51.678171111258514,-1284.9357125935785,-2460.8530010614263,1175.9172884678478,79.01560049346458,76.35295953044715,71763.56519431635,63765.659805683645,67764.6125,0.11802480813466924,3542.2755489829033,41770295441.95,1.2251012636029144,0,0,0,1,0,0,0
2026-03-06,70842.15625,71378.5703125,67757.8203125,68136.4921875,43776962871.0,68936.78472028841,74030.72838792813,89539.83696522546,46.220042070316325,-1228.1275747181498,-2214.3079157927714,986.1803410746215,69.65658687672816,77.11736561915185,71575.11020281218,63791.00151593783,67683.055859375,0.11500823342030218,3547.880866912696,42158523703.25001,1.0383893700629092,0,0,0,1,0,0,0
2026-03-07,68136.6875,68515.1640625,66969.2578125,67272.59375,23258701211.0,68778.29034216571,73765.70350016624,89318.27235611874,44.59969657230784,-1238.5389936223946,-2019.1541313586963,780.6151377363017,53.8924177703433,67.52153504684534,71467.62045124873,63746.931892501256,67607.276171875,0.11419907731705548,3404.882679990361,41311901126.30001,0.5630024418361379,0,0,0,1,0,0,0
2026-03-08,67272.5,68177.7890625,65639.1953125,65969.78125,33195080116.0,68510.81328576898,73459.98105898326,89085.9490615305,42.19718922029222,-1336.5097463978163,-1882.6252543665205,546.1155079687042,39.77088277598597,54.43996247435247,71344.10931954844,63583.10552420156,67463.607421875,0.11503985766451008,3343.004899276764,41290747860.80001,0.8039350662261616,0,0,0,1,0,0,0
2026-03-09,65969.5859375,69474.9453125,65858.0078125,68402.3828125,49499875378.0,68500.48657402907,73261.64387284666,88880.14243218691,47.8464361701802,-1203.982892487984,-1746.8967819908132,542.9138895028293,40.5416729230802,44.73499115646982,71412.2133754871,63605.81787451287,67509.01562499999,0.11563485896961243,3362.571513614138,42022394827.70001,1.1779403715794665,0,0,0,1,0,0,0
2026-03-10,68402.71875,71770.8984375,68402.71875,69926.921875,54003996096.0,68636.33755507391,73130.8704611664,88691.55317291142,51.07371229968289,-964.8150573166058,-1590.4804370559718,625.665379739366,47.682432848494244,42.664996182520134,71695.26011355208,63672.93129269792,67684.095703125,0.11852605457036149,3362.996092998843,43067879550.35001,1.2539274433714513,0,0,0,1,0,0,0
2026-03-11,69931.25,71337.6640625,68998.8671875,70204.8828125,45236859848.0,68785.72281768592,73016.12584749321,88507.60620415112,51.661038460905424,-744.2642848054966,-1421.237206605877,676.9729218003804,59.44301908578991,49.222374952454786,71994.36188165001,63698.565462099985,67846.463671875,0.12227308500072871,3289.839005998926,43755073191.80001,1.0338654822882958,0,0,0,1,0,0,0
2026-03-12,70209.765625,70775.828125,69230.15625,70493.4609375,40871848129.0,68948.3645433825,72917.1978118072,88328.36097761728,52.301228042354865,-539.9659740369098,-1244.9829600920837,705.0169860551739,65.02704620212175,57.38416604546863,72284.75610987663,63656.97514012336,67970.86562499999,0.1269335161531316,3165.255639499003,43423272233.049995,0.9412429332741977,0,0,0,1,0,0,0
2026-03-13,70497.046875,73927.328125,70410.7265625,70968.265625,61167226505.0,69140.73607496511,72840.76909859908,88155.62371042707,53.394885057805105,-335.87357914372114,-1063.1610839024113,727.2875047586901,68.18562365269581,64.21856298020249,72636.65294242572,63601.52830757428,68119.090625,0.1326371880768401,3190.3517768562174,45563751776.2,1.342453685671916,0,0,0,1,0,0,0
2026-03-14,70965.3828125,71291.203125,70339.5859375,71214.625,22283546496.0,69338.24930592082,72776.99874179128,87987.05655907954,53.98443082105028,-152.49191130268446,-881.027249382466,728.5353380797816,69.31675333632992,67.50980773038249,73013.64827988502,63580.05640761497,68296.85234375,0.13812630521812536,3030.4421633307734,45783252300.4,0.486718294929985,0,0,0,1,0,0,0
2026-03-15,71213.6796875,73173.0078125,70882.421875,72789.9140625,27991268669.0,69666.97928273788,72777.50522495632,87835.84121085487,57.67158886610505,118.5850689009967,-681.1047857257736,799.6898546267703,75.30189704435483,70.93475801112686,73495.48097158884,63915.54129403614,68705.51113281249,0.13943480689684434,2977.595290057147,44635142868.4,0.6271127831163897,0,1,0,1,0,0,0
2026-03-16,72798.171875,74901.859375,72300.6328125,74861.0859375,55572438409.0,70161.65610700095,72859.21427250704,87706.73916833392,61.9846580301962,494.83760958592757,-445.9163066634334,940.7539162493609,84.50807910049443,76.37557649372638,74263.84617367665,64225.28038882335,69244.56328125,0.14497262036413966,2950.7118095173505,45371298234.549995,1.2248368587937362,0,1,0,1,0,0,0
2026-03-17,74855.296875,75988.3984375,73444.2265625,73922.4765625,49500721728.0,70519.82948371515,72900.91083289892,87569.58232648483,59.04825956688608,709.1083667084749,-214.91137198905173,924.0197386975267,88.39129035549544,82.7337555001149,74935.13782781553,64150.223890934474,69542.680859375,0.1550833790645727,2921.6732427661113,45164872603.200005,1.0960004728208355,0,1,0,1,0,0,0
2026-03-18,73936.8515625,74658.9765625,70503.859375,71245.578125,46229011155.0,70588.94840193275,72835.99582474603,87407.1544239825,51.54803023252366,655.3615532949916,-40.85678693224307,696.2183402272346,77.92326490524698,83.60754478707895,75081.95378938707,64382.58839811294,69732.27109375001,0.15343491934874184,3009.7763816756747,45326893284.799995,1.0199024862465595,0,0,0,1,0,0,0
2026-03-19,71250.3515625,71598.84375,68805.5234375,69912.7890625,44631433398.0,70524.55227436773,72721.36026544227,87233.08113680356,48.26118232752607,499.4643634035601,67.20744313491758,432.25692026864255,58.501308725963696,74.93862132890203,74967.07304939789,64900.56835685213,69933.820703125,0.1439432965528786,2994.3152338774125,45544282157.6,0.9799568965333298,0,0,0,1,0,0,0
2026-03-20,69911.53125,71346.796875,69398.8828125,70522.5859375,38299078407.0,70524.36500418985,72635.13382120924,87066.8075527309,49.83718831286233,420.275553791711,137.82106526627626,282.4544885254347,47.55073735045019,61.325103660553616,74953.55462807264,65266.759434427375,70110.15703125001,0.1381653615370965,2919.5722930647403,45357161222.350006,0.8443887883381888,0,0,0,1,0,0,0
2026-03-21,70522.46875,71051.2734375,68602.9140625,68711.5234375,21109354718.0,70351.71342640987,72481.26674733829,86884.16790979328,45.41280619245049,208.97135191586858,152.05112259619474,56.92022931967384,39.38890222526191,48.480316100558596,74703.27164258373,65814.38460741627,70258.828125,0.1265163008320167,2885.9142274886876,44375971861.8,0.47569335008010233,0,0,0,1,0,0,0
2026-03-22,68737.4453125,69561.7734375,67372.875,67845.2109375,30108051508.0,70112.99890365655,72299.46063714856,86694.72555186001,43.42679058743024,-28.06936296596541,116.02702548376273,-144.09638844972812,32.16300672138307,39.700882099031716,74740.80567089598,65683.78651660403,70212.29609375,0.12899477239996096,2836.1273853466387,43046469834.600006,0.6994313732040268,0,0,0,0,0,0,0
2026-03-23,67843.0,71782.2578125,67458.84375,70914.859375,51508669357.0,70189.36656759403,72245.16254843686,86537.71195806042,51.51752334310968,31.40709603506548,99.10303959402329,-67.69594355895781,30.138175083738155,33.896694676794375,74789.02855598435,65897.68472526563,70343.35664062499,0.12639919752683157,2942.3621480004504,43224503350.00001,1.1916543942661633,0,0,0,0,0,0,0
2026-03-24,70912.671875,71371.3046875,68920.6953125,70517.859375,40181522399.0,70220.65159687078,72177.42516908639,86378.31043982101,50.51139597786353,45.97803005541209,88.47803768630105,-42.50000763088896,32.41053487220473,31.570572225775315,74539.5382383773,65927.9031678727,70233.720703125,0.12261396640092033,2907.23694992899,41479924406.25,0.9686980623558137,0,0,0,0,0,0,0
2026-03-25,70520.046875,71985.7421875,70383.59375,71309.8828125,35409791747.0,70324.38790312118,72143.40390020066,86228.3758365641,52.50429164953494,120.05139468610287,94.79270908626142,25.258685599841442,41.10400890350237,34.55090628648175,74581.9586873147,65932.35850018528,70257.15859374999,0.12311343584422853,2814.0163418983475,40691771907.25001,0.8701953758049813,0,0,0,1,0,0,0
2026-03-26,71310.1171875,71410.390625,68118.3515625,68791.625,38962070215.0,70178.41048377632,72011.96159038886,86054.87582824008,46.141883588868545,-24.168688092540833,71.00042965050098,-95.16911774304181,32.889246367007715,35.4679300475716,74556.61883173947,66023.2116370105,70289.91523437499,0.12140300875701919,2848.1608219413224,40451027274.450005,0.9631911187484113,0,0,0,0,0,0,0
2026-03-27,68790.8359375,69117.53125,65532.5703125,66338.375,46483453594.0,69812.69281865476,71789.4679986089,85858.6917403969,40.93744646237849,-332.58705849639955,-9.717067978879136,-322.8699905175204,23.290265279690807,32.42784018340029,74666.57312717296,65819.83546657702,70243.20429687499,0.12594439204689756,2900.7894016240853,41612264893.6,1.1170613691144986,0,0,0,0,0,0,0
2026-03-28,66338.5,67232.859375,65906.7421875,66319.6953125,20924883455.0,69480.02638949716,71574.96710895759,85664.27386549246,40.89961874034776,-571.925334499465,-122.1587212829963,-449.76661321646867,10.567406056074235,22.24897256759092,74615.13070935915,65906.26929064085,70260.7,0.12395067824143935,2788.3128149009362,40998755060.55,0.5103785084229162,0,0,0,0,0,0,0
2026-03-29,66319.6953125,67052.953125,64971.70703125,65954.921875,21645889785.0,69144.30215002123,71354.57317821415,85468.16091036319,40.11998877105165,-782.0221459320746,-254.13140621281198,-527.8907397192627,8.053207962252316,13.970293099339118,74836.63452193134,65440.01938431866,70138.326953125,0.13397261591216236,2737.808049104441,39606055780.9,0.5465298010169122,0,0,0,0,0,0,0
2026-03-30,65958.3515625,68087.2890625,65759.8046875,66691.4453125,37694994180.0,68910.69673692397,71171.70541877439,85281.32791933967,42.50319184703056,-878.9619701777701,-379.09751900580363,-499.8644511719665,10.687723239968772,9.769445752765108,74921.82906452761,65031.2771854724,69976.553125,0.14134094117764842,2708.4992152398386,38790605685.1,0.9717557515344278,0,0,0,0,0,0,0
2026-03-31,66694.5859375,68495.2734375,65950.4375,68233.3125,42997691338.0,68846.18395245502,71056.4743239205,85111.69592511738,47.237430961972784,-821.8973620206671,-467.65748760877636,-354.2398744118907,19.401352694896822,12.714094632372635,74882.33546590879,64873.613752841215,69877.974609375,0.14323142261946417,2696.8089811155646,38678647259.6,1.1116648172675692,0,0,0,0,0,0,0
2026-04-01,68232.890625,69230.359375,67555.359375,68078.5546875,36465393617.0,68773.07640341169,70939.69316170794,84942.21193270329,46.82072008052918,-780.1676242961985,-530.1595149462609,-250.00810934993763,31.191336604313026,20.426804179726204,74815.30738084395,64699.151212906036,69757.229296875,0.1450194663679267,2623.822625321596,38458324534.0,0.9481794659245204,0,0,0,0,0,0,0
2026-04-02,68077.8984375,68633.1484375,65725.2578125,66888.5703125,39323384518.0,68593.59963284867,70780.8255989939,84762.57370762664,43.633295303142525,-833.5101146910456,-590.8296348952179,-242.68047979582775,35.09755949528271,28.563416264830852,74733.269540948,64373.219521552,69553.24453124999,0.14895135502616658,2644.1131967271967,37366132434.65,1.0523803764484605,0,0,0,0,0,0,0
2026-04-03,66889.015625,67296.234375,66281.5390625,66931.1015625,22815543346.0,68435.26648329165,70629.85602893532,84585.14612409305,43.78060779403824,-862.4111671121791,-645.1459413386101,-217.265225773569,33.186343824389304,33.15841330799501,74583.67763717736,64094.45908157263,69339.068359375,0.1512742931768354,2527.7262049966826,37392732277.15,0.6101598347212019,0,0,0,0,0,0,0
2026-04-04,66938.6484375,67515.015625,66769.640625,67290.515625,15878814963.0,68326.24259202578,70498.90150329079,84413.0602484802,45.08667718883116,-846.5551870476775,-685.4277904804236,-161.12739656725387,29.441285785067475,32.57506303491316,74120.18833187222,64008.00854312779,69064.09843750001,0.14641731402452918,2400.415404639777,36787109591.850006,0.43164073337574393,0,0,0,0,0,0,0
2026-04-05,67291.1953125,69087.65625,66610.6328125,68981.8984375,22972648674.0,68388.68600588047,70439.41118698526,84259.51634986348,50.87096472860807,-689.5599334410363,-686.2542190725462,-3.305714368490044,39.389568422985235,34.005732677480665,73027.70605555594,64512.57206944403,68770.13906249999,0.12382022346026011,2405.8874069869357,35157120105.1,0.6534280568295899,0,0,0,0,0,0,0
2026-04-06,68982.9140625,70305.421875,68347.078125,68859.828125,39542143229.0,68433.55668389186,70377.46675318193,84106.28562125788,50.457866002351885,-568.4375239664369,-662.6908800513244,94.25335608488751,48.55560252239789,39.1288189101502,72019.86581205529,65014.14746919471,68517.006640625,0.10224787518237492,2373.9200029164404,34659191180.15,1.140884766279444,0,0,0,1,0,0,0
2026-04-07,68859.375,72732.4296875,67740.5078125,71940.703125,44650511480.0,68767.57063066406,70438.77014031206,83985.23504915582,59.41549110452053,-221.2953225379897,-574.4117685486575,353.1164460106678,67.46851460263065,51.80456184933792,72180.16087303641,64923.36490821359,68551.762890625,0.10585863380933191,2560.9201366366947,34580266196.40001,1.2912136426713903,0,1,0,1,0,0,0
2026-04-08,71950.1484375,72825.1875,70707.46875,71123.359375,42444631703.0,68991.93146345796,70465.61677696649,83857.2561867264,56.49699656650321,-11.997141105006449,-461.9288430599273,449.93170195492087,74.52066616546908,63.5149277634992,72374.2193506057,64850.36346189432,68612.29140625,0.10965755165008256,2529.2628947340736,34470926111.65,1.2313168368474776,0,1,0,1,0,0,0
2026-04-09,71120.5703125,73107.265625,70486.359375,71767.828125,38799581473.0,69256.30257408103,70516.68388865408,83736.9633701918,58.238857065461296,203.53024766562157,-328.83702491481756,532.3672725804391,83.88818912877103,75.29245663229025,72606.95974858798,64742.14728266201,68674.553515625,0.11452295010751762,2535.8088486816396,34495951264.950005,1.1247575454578853,0,1,0,1,0,0,0
2026-04-10,71774.3671875,73440.1171875,71434.828125,72979.046875,37722595732.0,69610.84965035903,70613.24714302058,83629.91942496602,61.36947550431005,466.69274316779047,-169.73107129829594,636.4238144660865,85.47389601700579,81.29425043708196,73266.58239307697,64509.27698192304,68887.9296875,0.12712394538317764,2497.9145782400938,35326613315.65001,1.0678237224423817,0,1,0,1,0,0,0
2026-04-11,72976.125,73784.234375,72556.3359375,73054.2734375,23287073965.0,69938.79477294389,70708.97366437272,83524.68911663303,61.56220560017331,673.5567290379258,-1.0735112310516115,674.6302402689774,89.93606683182,86.43271732586561,73871.99180176335,64424.773823236654,69148.3828125,0.1366223994586163,2407.1991396158014,34985564438.5,0.6656195016071729,0,1,0,1,0,0,0
2026-04-12,73056.046875,73154.03125,70540.5703125,70753.40625,29882740487.0,70016.3768183778,70710.71611871105,83397.61167517399,52.87338096914286,644.4088314542751,128.02295730601372,516.3858741482613,82.88802928325612,86.09933071069396,73851.74409552825,64428.87621697177,69140.31015625001,0.1362861673206523,2421.9321251789584,33904267995.000004,0.8813858034453634,0,1,0,1,0,0,0
2026-04-13,70757.6171875,74896.3125,70588.5234375,74484.640625,52278211554.0,70441.92575234182,70858.71315817336,83308.92539606779,62.19242468977814,911.8767953821371,284.79372492123844,627.0830704608986,83.20662062912945,85.34357224806851,74596.54763851574,64080.75079898425,69338.64921875,0.15165851884936768,2556.6361921304615,34509102452.75,1.5149107869606153,0,1,0,1,0,0,1
2026-04-14,74478.3984375,76061.7578125,73877.203125,74181.609375,53540826530.0,70798.08609735689,70989.0228137352,83218.10633118155,61.13508351130149,1086.8662765748304,445.2082352519568,641.6580413228736,79.90455672065934,81.9997355443483,75110.58980827495,63853.88128547506,69482.235546875,0.16200843905210482,2530.0589417997144,35415654191.9,1.5117842025418649,0,1,0,1,0,0,1
2026-04-15,74182.0234375,75409.2734375,73549.203125,74805.078125,38090174312.0,71179.70438570385,71138.67204162793,83134.39460773696,62.54595776898204,1261.3157558389066,608.4297393693467,652.8860164695599,88.38802718851005,83.83306817943294,75878.97932434046,63686.83708190955,69782.908203125,0.17471530717725117,2482.2026111354494,35372059396.75,1.0768435584923772,0,1,1,1,0,0,0
2026-04-16,74810.875,75506.5703125,73346.265625,75152.1328125,41312783855.0,71558.03090254158,71296.0626600935,83054.9691172371,63.343672173389685,1411.3040037712926,769.0045922497359,642.2994115215567,86.78407920546542,85.02555437154493,76541.48285529284,63905.709332207145,70223.59609374999,0.1799362924424529,2459.209902304346,35113525909.8,1.1765490016902522,0,1,1,1,0,0,0
2026-04-17,75164.0390625,78320.6796875,74558.6015625,77126.875,54137194839.0,72088.39700706143,71524.72196754081,82995.98310612031,67.57542423197064,1670.2622186325898,949.2561175263068,721.006101106283,89.44898124018785,88.20702921138778,77510.09789938852,64017.81225686144,70763.95507812499,0.19066607607829855,2552.2719182111787,36774141479.0,1.4721538739365332,0,1,1,1,0,0,0
2026-04-18,77136.046875,77416.703125,75504.9453125,75726.2109375,26014416776.0,72434.85547662701,71689.48624087255,82923.6470646415,62.09938185419454,1742.38149630306,1107.8811932816575,634.5003030214025,86.11623772551982,87.44976605705769,77947.33893373069,64557.700128769306,71252.51953125,0.18791811002681724,2506.52091066038,36992567828.55,0.7032336034786609,0,1,1,1,0,0,0
2026-04-19,75723.6953125,76243.09375,73802.3828125,73856.3515625,30931515195.0,72570.23605623396,71774.4613515246,82833.42521884905,55.619531324721244,1629.866433266492,1212.2782412786244,417.58819198786773,75.15138057869024,83.57219984813264,78039.44452469054,65182.085162809475,71610.76484375,0.17954506406871898,2501.8201982917817,36654393879.3,0.8438692315266489,0,1,1,1,0,0,0
2026-04-20,73854.25,76575.359375,73775.5703125,75872.5234375,39674447916.0,72884.73961635453,71935.16966862167,82764.16251455703,60.415793788178476,1683.9738533003256,1306.6173636829647,377.3564896173609,70.83658305842714,77.36806712087906,78483.93655618321,65501.514225066785,71992.725390625,0.18032964109464059,2523.1036885923686,36488231708.2,1.087321748921145,0,1,1,1,0,0,0
2026-04-21,75872.828125,76881.4765625,74852.671875,76352.7734375,36453522626.0,73215.02855170172,72108.4090321071,82700.36759836742,61.48357322124921,1745.4856626909313,1394.391023484558,351.09463920637336,69.84887593059452,71.94561318923729,78901.96204749253,65910.91060875746,72406.436328125,0.1794184619149517,2487.796617085771,36487638158.65,0.9990650112100524,0,1,1,1,0,0,0
2026-04-22,76354.21875,79468.0,76159.578125,78203.1015625,48336654537.0,73690.0831241587,72347.41658231859,82655.61868258764,65.36057777083832,1921.3916240346734,1499.7911435945812,421.60048044009227,79.21956819376138,73.30167572759434,79414.8635316972,66529.46224955279,72972.162890625,0.17657968150756093,2546.4127069367873,36938301659.6,1.3085781523590339,0,1,1,1,0,0,0
2026-04-23,78203.875,78676.9375,77014.453125,78268.953125,40354900916.0,74126.16598138168,72579.63370163942,82611.9702690793,65.49370004587314,2042.5666001696954,1608.3462349096042,434.2203652600913,82.4555864160437,77.17467684679985,79734.11429399013,67343.99664350989,73539.05546875001,0.1684835026980371,2483.2749689413026,37815269538.1,1.0671588860510766,0,1,1,1,0,0,0
2026-04-24,78263.8203125,78554.09375,77318.4453125,77455.3125,32784213526.0,74443.22755458343,72770.8367917712,82560.66024152628,62.30750975745975,2049.3213424387795,1696.5412564154394,352.7800860233401,83.31360627423177,81.66292029467894,79730.6180055669,68363.97261943315,74047.29531250002,0.15350520688383512,2394.158788124067,38660539466.25,0.8480019673450254,0,1,1,1,0,0,0
2026-04-25,77457.2109375,77882.640625,77184.6640625,77612.015625,16702933134.0,74745.0168946231,72960.6869420939,82511.41999658571,62.68403712793476,2043.7599642457499,1765.9849979815015,277.7749662642484,81.07809702832415,82.28242990619987,79844.39888186433,69113.20346188569,74478.801171875,0.14408389033027294,2273.002914865205,38347053689.25,0.43557278922532733,0,1,1,1,0,0,0
2026-04-26,77613.1171875,78923.5625,77334.890625,78657.5390625,21482934750.0,75117.63805346852,73184.09290760003,82473.07292261471,65.18307550132172,2099.5156263253302,1832.6911236502674,266.82450267506283,82.51266106752163,82.30145479002584,79949.49239247385,69987.88104502615,74968.68671875,0.13287696214846803,2224.122126303405,37444093265.299995,0.5737336086038585,0,1,1,1,0,0,0
2026-04-27,78661.015625,79488.171875,76481.34375,77366.625,38135631927.0,75331.82728647151,73348.11377396867,82422.26249552402,59.85323578080852,2016.293833779986,1869.4116656762112,146.8821681037748,78.51360318129652,80.70145375904742,80116.33631322448,70363.62931177553,75239.9828125,0.12962133478622606,2280.029697638876,37118349287.65,1.0274064622719759,0,1,1,1,0,0,0
2026-04-28,77368.1171875,77483.8671875,75673.6015625,76350.671875,32056900880.0,75428.8601044266,73465.8611504797,82361.84865850388,55.974162970603395,1847.0691734236025,1864.9431672256896,-17.87399380208717,68.41566802780864,76.48064409220892,79993.92039628013,71008.77647871993,75501.34843750003,0.11900640324322281,2246.4751210218133,36598962746.5,0.8758964318753989,0,1,1,0,0,0,0
2026-04-30,75752.125,76357.734375,75448.84375,75417.9921875,40389558272.0,75427.8250647193,73542.41530879422,82292.7555592899,52.60362297475203,1619.0347302848531,1815.7614798375225,-196.7267495526694,49.36845238398095,65.4325745310287,79820.26247379612,71547.45080745389,75683.856640625,0.10930748026788066,2150.9333713059696,36678461586.45,1.1011791805063325,0,1,1,0,0,0,0
