timestamp,open,high,low,close,volume,ema_20,ema_50,ema_200,rsi_14,macd,macd_signal,macd_hist,stoch_k,stoch_d,bb_upper,bb_lower,bb_mid,bb_width,atr_14,volume_sma_20,volume_ratio,above_ema200,above_ema50,ema_bullish,macd_bullish,rsi_oversold,rsi_overbought,high_volume,future_return_1h,future_return_4h,future_return_24h,hit_tp_before_sl,signal,fear_greed_index,fear_greed_label,funding_rate,long_liquidations,short_liquidations,open_interest,long_short_ratio,etf_flow,btc_market_cap,btc_dominance,btc_volume,btc_close,usdt_market_cap,altcoin_season_index,sp500,dxy,vix,gold,hash_rate,total_btc_supply,tx_volume_usd
2024-11-15,87284.1796875,91868.7421875,87124.8984375,91066.0078125,78243109518.0,78661.45385561859,71752.9384833843,64423.04783203125,76.9960707058652,5904.322150821681,4255.843058477895,1648.479092343786,85.7276854820808,87.9234291437846,92972.0224159988,59897.63461525119,76434.82851562499,0.4327135736817472,3647.8558461641287,63774411368.25,1.2268730959538612,1,1,1,1,0,1,0,1.4031,6.8234,6.116,0,HOLD,80,Extreme Greed,0.0143963333333333,0.0,0.0,56692634557.0,1.139,-370000000.0,1726797438787.217,58.99,99649391847.0836,87407.51273710128,620.7149581494238,25,5870.6201171875,106.69000244140624,16.139999389648438,2565.699951171875,757933800.7471123,19782362.5,19113942083.20821
2024-11-16,91064.3671875,91763.9453125,90094.2265625,90558.4765625,44333192814.0,79794.50363722633,72490.41056491826,64683.10184924985,75.58960489333586,6107.06444698431,4626.087336179178,1480.9771108051318,85.69553274484437,85.74480769280572,94737.58296021206,60394.99203978792,77566.28749999999,0.4427515100606581,3506.5603392952626,65155005615.05,0.6804265059223567,1,1,1,1,0,1,0,4.1752,5.8601,8.5861,1,HOLD,86,Extreme Greed,0.0198713333333333,0.0,0.0,57823670375.0,0.788,,1799276211921.9302,57.19337036388244,84382485697.84985,90947.97509443705,618.5720978479429,25,,,,,793304044.7819778,19782759.375,5256303046.01382
2024-11-17,90558.4609375,91433.0390625,88741.6640625,89845.8515625,46350159305.0,80751.77486820478,73171.0160942352,64933.477468287165,73.55784417603456,6139.4643719324085,4928.762743329824,1210.7016286025846,88.94419133616722,86.7891365210308,96171.87323697734,60954.51113802266,78563.1921875,0.448267962621789,3448.332815059887,65532520747.45,0.7072848530216744,1,1,1,1,0,1,0,9.6375,6.8521,6.9894,1,HOLD,90,Extreme Greed,0.0203263333333333,0.0,0.0,57055049451.0,0.811,,1790415769635.493,54.68,49255174407.36877,90606.45489380708,622.5200094288792,50,,,,,757933800.7471123,19783350.0,3315738679.512714
2024-11-18,89843.71875,92596.7890625,89393.59375,90542.640625,75535775084.0,81684.23827361385,73852.25627191225,65188.29501213506,74.28564260536595,6150.467835245785,5173.103761713017,977.364073532768,88.19779826833953,87.61250744978369,97613.24939506274,61295.349823687255,79454.299609375,0.4570916835202994,3430.8229934484666,66382215781.55,1.1378917409532163,1,1,1,1,0,1,0,9.3382,9.0851,6.6655,1,HOLD,83,Extreme Greed,0.033104,0.0,0.0,57302094791.0,0.992,254800000.0,1776887033229.9082,56.43927103810257,48556083101.64749,89841.47194135105,617.8473040647104,25,5893.6201171875,106.27999877929688,15.579999923706056,2610.60009765625,789177471.4803329,19783743.75,
2024-11-19,90536.8125,94002.8671875,90426.984375,92343.7890625,74521048295.0,82699.4335868411,74577.41442056275,65458.49893303421,76.1156801369182,6232.679337582536,5385.018876886921,847.6604606956153,89.55678635454026,88.89959198634901,99158.92218370092,61750.10203504909,80454.512109375,0.4649685787391997,3441.184409095005,68075936304.75,1.0946753337537318,1,1,1,1,0,1,0,5.884,4.6021,4.256,1,HOLD,90,Extreme Greed,0.0226463333333333,0.0,0.0,58754772148.0,0.912,813800000.0,1790917617392.441,56.54,77391724184.19348,90534.62459650292,619.6636009849202,50,5916.97998046875,106.20999908447266,16.350000381469727,2627.10009765625,889845955.1158988,19784337.5,17907534161.0051
2024-11-20,92341.890625,94902.0234375,91619.5,94339.4921875,71730956426.0,83808.01059642767,75352.39786240344,65745.87200024283,77.98520038302144,6385.263762916657,5585.067854092868,800.1959088237882,93.13027255428202,90.29495239238726,100693.446216739,62628.00847076104,81660.72734375001,0.466141301751353,3429.8514825525044,69631088522.25,1.0301570454852074,1,1,1,1,0,1,0,3.8948,5.9161,-3.0966,1,HOLD,83,Extreme Greed,0.009938,0.0,0.0,60553675748.0,0.791,774600000.0,1825195454018.501,56.55880993280674,80493234958.49161,92251.65240738312,615.9180341474424,25,5917.10986328125,106.68000030517578,17.15999984741211,2648.199951171875,747470602.2973549,19784928.125,19928511810.87637
2024-11-21,94334.640625,99014.21875,94132.6015625,98504.7265625,106024505582.0,85207.6978312917,76260.33232123076,66071.83075210609,81.2788539372476,6764.312835324672,5820.916850339229,943.3959849854429,96.1142485290681,92.93376914596344,102653.73367517404,63569.94679357596,83111.840234375,0.4702553423360858,3533.549032905897,72432824033.1,1.46376324542516,1,1,1,1,0,1,0,-5.4844,1.4401,-9.9168,0,HOLD,82,Extreme Greed,0.0141046666666666,0.0,0.0,63459317575.0,0.607,1004900000.0,1862618759426.145,56.87,80747272080.24826,94217.02229634204,607.2954246379498,50,5948.7099609375,106.97000122070312,16.8700008392334,2672.10009765625,732216100.2096539,19785321.875,24042155708.5233
2024-11-22,98496.4296875,99655.5,97222.6640625,98997.6640625,78473580551.0,86521.02794854963,77151.99238951583,66399.45098405032,81.62914546604257,7023.525067720431,6061.438493815471,962.0865739049603,97.43677236412204,95.56043114915738,104231.4041312722,64963.11539997782,84597.25976562501,0.4641792043866005,3454.926668948333,75447272456.1,1.0401115639622478,1,1,1,1,0,1,0,-7.0833,2.261,-14.799,0,HOLD,94,Extreme Greed,0.014969,0.0,0.0,67097593723.0,0.713,485800000.0,1948284556982.0488,57.12033006665147,118163852022.3175,98509.11859102432,623.5047261063257,75,5969.33984375,107.48999786376952,15.239999771118164,2709.89990234375,727131266.1804202,19785715.625,18925420304.096355
2024-11-23,99006.7421875,99014.6796875,97232.890625,97777.28125,44414644677.0,87593.05207249729,77960.82724678972,66711.66820062693,77.7504215907607,7049.218927800059,6258.994580612389,790.22434718767,95.6435308989571,96.39818393071576,105029.7450478503,67068.39088964972,86049.06796875001,0.4411593879434791,3335.416839916309,75924589307.20001,0.584983667113338,1,1,1,1,0,1,0,-1.856,-0.3524,-13.3702,0,HOLD,93,Extreme Greed,0.0157999999999999,0.0,0.0,66686805670.0,0.738,,1958091000957.8345,56.5,85746174563.98602,98927.494945534,633.0202588832259,50,,,,,701707096.0342517,19786109.375,11273319452.938
2024-11-24,97778.09375,98647.1796875,95788.078125,98013.8203125,51712020623.0,88585.50619059277,78747.21913171954,67023.13240074507,77.96893125565288,7007.885678685241,6408.77280022696,599.1128784582816,93.54557950375472,95.54196092227794,105188.11734953133,69930.24983796872,87559.18359375001,0.4026746945831426,3301.3943201008587,76450949370.95,0.6764078281367902,1,1,1,1,0,1,0,-2.4092,-1.3655,-13.9172,0,HOLD,80,Extreme Greed,0.0252726666666666,0.0,0.0,65614507813.0,0.894,,1931255637661.502,55.50230388895512,47414200206.70341,97679.46381643032,651.5324156029599,50,,,,,681367759.9173166,19786703.125,8444664449.542644
2024-11-25,98033.4453125,98935.03125,92642.9140625,93102.296875,80909462490.0,89015.6767319649,79310.16335694623,67282.62657461826,63.92953470086924,6503.837694436472,6427.785779068863,76.05191536760867,79.39933706431228,89.52948248900802,104289.23696353468,73203.40366146532,88746.3203125,0.3502774333922541,3515.0173820579403,78194078035.25,1.034726216140382,1,1,1,1,0,0,0,4.6822,8.6687,-7.5942,0,HOLD,82,Extreme Greed,0.0254023333333333,0.0,0.0,65679370224.0,0.95,-435300000.0,1939446484727.4285,54.98,50665680246.86775,98015.9355289458,661.6867306484445,75,5987.3701171875,106.81999969482422,14.600000381469728,2616.800048828125,859336950.9404964,19787096.875,19031989883.548637
2024-11-26,93087.28125,94991.75,90770.8125,91985.3203125,91656519855.0,89298.4999301111,79807.2283355954,67528.42452225888,61.22931689244929,5945.706953136862,6331.370013882462,-385.6630607456009,63.02869005969828,78.65786887592175,103874.81367552496,75252.45116822506,89563.63242187501,0.3195757221243427,3565.4402476252303,76847271329.85,1.192710141412628,1,1,1,0,0,0,0,4.8527,8.7597,2.4602,1,SELL,79,Extreme Greed,0.0289269999999999,0.0,0.0,64554127932.0,1.31,-122800000.0,1838788677873.8655,54.77146219246232,89476321216.0935,93004.70093103289,635.2624284539559,75,6021.6298828125,107.01000213623048,14.100000381469728,2620.300048828125,706791930.0634853,19787493.75,21331421147.908745
2024-11-27,91978.140625,97361.1796875,91778.6640625,95962.53125,71133452438.0,89933.16957962431,80440.76962635637,67811.35095736079,66.6334689388062,5757.9380772965815,6216.683626565286,-458.74554926870496,56.36439931226249,66.26414214542434,103601.81531503492,77531.21671621507,90566.516015625,0.287861339331216,3709.517060294857,77230561202.29999,0.9210531599229346,1,1,1,0,0,0,0,1.3727,5.728,-10.3133,1,SELL,75,Greed,0.0167706666666666,0.0,0.0,61776561979.0,1.45,103000000.0,1819990514406.088,55.05,97389239315.52954,91931.83077291829,613.7254260217858,75,5998.740234375,106.08000183105467,14.100000381469728,2639.89990234375,676282925.8880831,19788084.375,12555140763.385525
2024-11-28,95954.9453125,96650.203125,94677.3515625,95652.46875,52260008261.0,90477.86473870772,81037.30684689141,68088.37700504874,65.86270923634926,5520.473851754534,6077.441671603136,-556.9678198486017,60.780147553291606,60.05774564175079,102929.51672800268,80114.2145219973,91521.865625,0.2492879930954246,3585.469524738081,77084718715.2,0.6779554901676651,1,1,1,0,0,0,0,0.2225,5.9805,-8.8134,1,SELL,77,Extreme Greed,0.0189523333333333,0.0,0.0,63730592012.0,0.966,0.0,1899088665519.225,54.40312851321726,81469353259.75,95981.18057210564,645.1514917318507,75,,,,,722046432.1511863,19788481.25,9708469422.03239
2024-11-29,95653.953125,98693.171875,95407.8828125,97461.5234375,54968682476.0,91142.97509097365,81681.39377201333,68380.64711880447,68.17569341222773,5415.827053517831,5945.118747986076,-529.2916944682447,73.16132981049807,63.43529222535072,101899.4319441304,83212.56493086959,92555.9984375,0.2018979572229393,3564.028063149646,78382678820.95001,0.7012860915555753,1,1,1,0,0,0,0,-1.4974,7.0153,-7.0161,0,SELL,78,Extreme Greed,0.018899,0.0,0.0,63247421915.0,1.073,318600000.0,1892297852304.72,54.42,49067932024.40325,95661.59595817851,654.5913158519834,75,6032.3798828125,105.73999786376952,13.510000228881836,2657.0,615264917.5372787,19788875.0,12049106760.35298
2024-11-30,97468.8125,97499.34375,96144.21875,96449.0546875,31634227866.0,91648.31600492854,82260.5177294834,68659.93475630392,65.5008097717689,5191.353256568662,5794.365649702593,-603.0123931339313,72.85720453455741,68.9328939661157,100909.45065808996,85800.03293566004,93354.741796875,0.1618494940011251,3406.249272924672,75835860489.50002,0.4171407519056235,1,1,1,0,0,0,0,2.4049,9.9334,-6.7262,1,SELL,84,Extreme Greed,0.016624,0.0,0.0,64504234822.0,0.864,,1926826079390.244,54.08411768802998,74670031635.5065,97453.2473451042,654.771684845135,75,,,,,833912780.7943279,19789271.875,4308785753.686624
2024-12-01,96461.3359375,97888.125,95770.1875,97279.7890625,36590695296.0,92184.64677231632,82849.50876215073,68944.70942601732,66.65678374823923,5022.592160593442,5640.010951880764,-617.4187912873222,75.7889598730476,73.93583140603435,101198.7703211074,86368.54374139258,93783.65703125,0.15813231269893,3314.2270034300527,71767053002.45001,0.5098536691307479,1,1,1,0,0,0,0,-0.7054,9.1086,-10.8318,0,SELL,81,Extreme Greed,0.0189496666666666,0.0,0.0,62140995210.0,0.981,,1910022814269.8853,53.01,43580019720.72064,96513.14234698223,655.0341088639733,75,,,,,803403776.6189257,19789668.75,4169328992.634692
2024-12-02,97276.0078125,98152.6015625,94482.8671875,95865.3046875,72680784305.0,92535.18562138142,83359.93213177228,69212.57604553456,62.798375130125216,4720.298050805519,5456.068371665715,-735.7703208601961,68.79970378629855,72.48195606463452,101113.63774731824,87244.62553393174,94179.131640625,0.1472620523441308,3339.620387113621,68717427948.95002,1.057676145256693,1,1,1,0,0,0,0,4.2303,4.3564,-10.1295,1,SELL,80,Extreme Greed,0.017944,0.0,0.0,62841542422.0,0.911,353100000.0,1925808416477.5068,53.06907980120511,49147687432.565895,97311.70719084324,655.7348886381908,75,6047.14990234375,106.4499969482422,13.34000015258789,2634.89990234375,649582756.2207783,19790262.5,16936998791.826956
2024-12-03,95854.59375,96297.203125,93629.5625,96002.1640625,67067810961.0,92865.3740443451,83855.70593297729,69479.13911038,63.02141128938533,4440.582922899819,5252.971281912536,-812.388359012717,64.88642768681751,69.82503044872121,101214.44238022112,87685.62090102887,94450.031640625,0.1432378713293432,3291.621832676934,65892867103.550026,1.017831123596482,1,1,1,0,0,0,0,4.0845,1.5508,-16.0425,1,SELL,76,Extreme Greed,0.0238036666666666,0.0,0.0,62446485702.0,1.116,676000000.0,1896576914275.523,52.2,101019861361.49252,95833.1362300365,647.1199397363577,75,6049.8798828125,106.37000274658205,13.300000190734863,2644.699951171875,811042070.6273791,19790656.25,13405989744.175867
2024-12-04,95988.53125,99207.328125,94660.5234375,98768.53125,77199817112.0,93427.57949250271,84440.52261207621,69770.57584808765,67.29025698212685,4391.506824279684,5080.678390385966,-689.1715661062817,69.27564737350745,67.65392628220783,101139.40394961958,88912.4694878804,95025.93671875,0.1286694441952985,3381.277750878582,65372022696.750015,1.1809305254346674,1,1,1,0,0,0,0,2.4982,-1.0252,-20.4888,0,SELL,78,Extreme Greed,0.0290303333333333,0.0,0.0,60646960955.0,1.07,682800000.0,1900922167493.3645,51.69882260641309,87935752287.975,96031.63097759832,740.0349367441655,75,6086.490234375,106.33999633789062,13.449999809265137,2653.800048828125,759383340.0141702,19791050.0,13935666799.866549
2024-12-05,98741.5390625,103900.46875,91998.78125,96593.5703125,149218945580.0,93729.10242774057,84917.11271797518,70037.47131539525,61.29872495204631,4129.510070240794,4890.444726356932,-760.9346561161374,64.41518477647035,66.19241994559843,101156.28386711545,89448.34582038452,95302.31484374998,0.1228505106715015,3989.8784472443976,68920814499.85002,2.1650780923421142,1,1,1,0,0,0,1,0.8687,0.6534,-14.2156,1,SELL,84,Extreme Greed,0.0534929999999999,0.0,0.0,63851348334.0,0.824,747800000.0,1957276192604.2605,50.56,98230784298.0459,98881.4694561823,736.4426842404933,75,6075.10986328125,105.70999908447266,13.539999961853027,2626.60009765625,800710324.5047373,19791643.75,22269535612.85755
2024-12-06,97074.2265625,102039.8828125,96514.875,99920.7109375,94534772658.0,94318.77942867004,85505.48911874086,70334.81698327688,66.24947112353566,4142.5949416320655,4740.874769411958,-598.2798277798929,68.01793599183408,67.23625604727063,101523.60486060474,90017.24826439525,95770.4265625,0.1201451952257977,4099.530544762655,71430893492.05,1.3234437935250156,1,1,1,0,0,0,0,-3.2479,-4.8196,-16.2112,0,SELL,72,Greed,0.0171366666666666,0.0,0.0,62765681443.0,1.355,372800000.0,1920742551503.6091,51.74754087735095,190460293531.538,97201.5003640774,719.7623500626481,75,6090.27001953125,105.97000122070312,12.770000457763672,2638.60009765625,702558736.3396405,19792037.5,17888033885.907677
2024-12-07,99916.7109375,100563.3828125,99030.8828125,99923.3359375,44177510897.0,94852.54671522528,86070.89487633927,70629.23010719949,66.25313905829783,4105.846964042532,4613.869208338074,-508.0222442955419,61.24856896005941,64.56056324278794,101591.3799219732,90957.22164052678,96274.30078125,0.1104568736947656,3916.1712201367513,71322261071.65002,0.6194070439328819,1,1,1,0,0,0,0,1.2507,-5.2411,-18.8711,0,SELL,75,Greed,0.0155273333333333,0.0,0.0,63568054640.0,0.96,,1978389972043.795,52.01,115812632020.44765,99973.85150659826,732.5424290130477,75,,,,,733553974.7075658,19792431.25,5418124415.8528185
2024-12-08,99921.9140625,101399.9921875,98771.515625,101236.015625,44125751925.0,95460.49613520382,86665.6054939338,70933.77523672985,68.11903174906196,4134.980723463363,4518.091511363132,-383.1107878997691,73.03472498248637,67.43374331145995,101842.29202702602,91775.64703547396,96808.96953125,0.1039846311792682,3824.193030305555,69751759913.70001,0.6326113058594414,1,1,1,0,0,0,0,-1.1784,-2.5287,-17.0561,0,SELL,79,Extreme Greed,0.021838,0.0,0.0,63506860839.0,1.096,,1974739091620.7544,51.14970317985546,61061136199.7846,99781.82999198174,750.2454938747231,75,,,,,754217466.9528493,19793025.0,3771799971.244733
2024-12-09,101237.0625,101272.5078125,94355.9140625,97432.71875,110676473908.0,95648.32686042252,87087.84522946582,71197.44631646389,58.09626469476756,3807.287129294913,4375.930634949488,-568.6435056545752,66.71825550776828,67.00051648343802,101640.1180941038,92486.71393714624,97063.416015625,0.0943033382987889,4045.078795998016,71559531194.35,1.5466349773506969,1,1,1,0,0,0,1,4.1326,1.9157,-13.4345,1,HOLD,78,Extreme Greed,0.0166226666666666,0.0,0.0,64237297413.0,1.031,483600000.0,2003238967638.8289,51.31,62677764785.05408,101235.3717025316,745.3758374040211,75,6052.85009765625,106.1500015258789,14.1899995803833,2664.89990234375,862700801.2405878,19793421.875,16893586741.251682
2024-12-10,97441.234375,98270.15625,94321.2578125,96675.4296875,104823780634.0,95746.14617728704,87463.82893370246,71450.9585888125,56.319364411298295,3446.7487228461832,4190.094252528827,-743.3455296826442,56.94744206681481,65.56680751902314,101580.03109897868,92780.39468227136,97180.212890625,0.0905496721499383,4038.208770391015,73214172404.75,1.4317416586300062,1,1,1,0,0,0,0,4.8591,-0.9102,-14.5805,1,HOLD,78,Extreme Greed,0.0094746666666666,0.0,0.0,62514659944.0,1.405,438900000.0,1926047690157.628,52.97932300334624,146846843211.51685,97353.94700820888,688.0073673187646,50,6034.91015625,106.4000015258789,14.18000030517578,2697.60009765625,795544451.4434165,19794015.625,12979843425.395798
2024-12-11,96656.0625,101913.359375,95747.2265625,101173.03125,85391409936.0,96262.99237468829,88001.44471081217,71746.70060534173,63.46619834951568,3483.7794552826963,4048.8312930796014,-565.0518377969051,56.07310965207261,59.91293574221856,102032.78663060522,92594.46961939482,97313.62812500002,0.0969886458152276,4190.203344827371,72182517622.45,1.182992956585956,1,1,1,0,0,0,0,3.0894,-6.9269,-16.8991,0,SELL,74,Greed,0.009895,0.0,0.0,61050424561.0,1.376,223100000.0,1913115778728.284,53.32,125835977742.51114,96649.71446771533,675.4213801221093,25,6084.18994140625,106.70999908447266,13.579999923706056,2733.800048828125,733553974.7075658,19794412.5,21037350757.179398
2024-12-12,101167.8046875,102524.9140625,99339.953125,100043.0,72073983533.0,96622.99310090844,88473.66256529013,72028.25582319903,60.77560425071713,3382.946003997524,3915.6542352631855,-532.7082312656626,61.68961357819098,58.23672176569279,102185.66840829772,92546.1214354523,97365.894921875,0.0990033212407697,4118.40031573256,71862537771.55,1.002942364241605,1,1,1,0,0,0,0,5.9841,-4.877,-17.3171,1,SELL,83,Extreme Greed,0.0103276666666666,0.0,0.0,64150882454.0,0.743,596600000.0,2001746436338.842,52.89506714043256,118484957960.76833,101123.61811033696,710.6900184753106,25,6051.25,106.95999908447266,13.920000076293944,2687.5,764549213.0754911,19794809.375,17239165427.918285
2024-12-13,100046.6484375,101888.8046875,99233.28125,101459.2578125,56894751583.0,97083.58974010764,88982.90159459248,72321.10161413735,62.898523348408624,3378.3711767342465,3808.197623557399,-429.8264468231523,74.720343403684,64.16102221131585,102705.51325846036,92394.47424153965,97549.99375,0.1057000479502411,4013.90911014452,72486543116.84999,0.7849008814130416,1,1,1,0,0,0,0,4.614,-7.815,-14.395,1,SELL,76,Extreme Greed,0.0092836666666666,0.0,0.0,65863239411.0,0.846,430700000.0,1979166149963.309,52.96,100092043319.8122,100000.80836535196,705.6789649754452,25,6051.08984375,107.0,13.8100004196167,2656.0,878198420.4245505,19795400.0,17652553064.867294
2024-12-14,101451.4375,102618.8828125,100634.0546875,101372.96875,40422968793.0,97492.10202676406,89468.78658107905,72610.17491897181,62.6759484356196,3329.4034959526616,3712.438798036452,-383.03530208379016,75.28031301583633,70.56342333257042,103148.62178122227,92287.28056252773,97717.951171875,0.1111499073449734,3868.974754062768,71922090525.35,0.5620382902906906,1,1,1,0,0,0,0,-1.3134,-8.6115,-16.9727,1,SELL,83,Extreme Greed,0.0095956666666666,0.0,0.0,66291060624.0,0.707,,2005406021235.836,52.48486459635261,78802903278.85962,101352.22971292294,726.77223065721,50,,,,,821373816.7500207,19795793.75,5353586265.646702
2024-12-15,101373.53125,105047.5390625,101227.03125,104298.6953125,51145914137.0,98140.34900635797,90050.35162937008,72925.48357960394,66.94677791047187,3486.4878764405585,3667.248613717273,-180.7607372767148,84.17107805781444,78.05724482577826,104005.30078035333,92550.24140714668,98277.77109375,0.1165579891131161,3865.512829665428,70433913107.70001,0.7261546587478838,1,1,1,0,0,0,0,-6.5272,-10.4215,-19.4206,0,SELL,80,Extreme Greed,0.0098436666666666,0.0,0.0,66668137660.0,0.764,,2007646386698.8667,51.98,57321924844.41535,101367.01064553364,715.4486038130365,50,,,,,707724609.4009614,19796387.5,6822123118.771503
2024-12-16,104293.578125,107780.578125,103322.984375,106029.71875,91020417816.0,98891.71755337148,90676.99347723792,73254.87895443375,69.19287496646677,3707.9149686867313,3675.381884711165,32.533083975566115,87.31017771043099,82.25385626136058,104899.75864502792,93060.22338622206,98979.991015625,0.1196154408312371,3907.80432397504,70402108005.75002,1.2928649495632434,1,1,1,1,0,0,0,-7.8033,-10.9497,-20.9349,0,HOLD,83,Extreme Greed,0.0100706666666666,0.0,0.0,70375033548.0,0.628,637500000.0,2075487816560.1924,53.57650797043399,70645074624.52869,104721.50151808978,722.5581932063777,25,6074.080078125,106.86000061035156,14.6899995803833,2651.39990234375,796354777.917631,19796781.25,19489912898.92708
2024-12-17,106030.6875,108268.4453125,105291.734375,106140.6015625,68589364868.0,99582.08745900277,91283.40948058153,73582.10007491203,69.33661600124853,3847.987644592577,3709.903036687448,138.0846079051289,90.02947357867714,87.17024311564086,106033.4295102936,92944.3595522064,99488.89453125,0.1315631259122678,3841.297653512537,70274903627.25,0.9760150683636596,1,1,1,1,0,0,0,-8.4001,-8.7184,-18.9242,0,HOLD,87,Extreme Greed,0.0096753333333333,0.0,0.0,71368047830.0,0.624,486100000.0,2097460193710.789,53.66,115184737759.33566,106074.10723541168,720.6829341808788,50,6050.60986328125,106.95999908447266,15.869999885559082,2644.39990234375,733677850.1420219,19797175.0,16038288677.469349
2024-12-18,106147.296875,106470.609375,100041.5390625,100041.5390625,93865656139.0,99625.84475457392,91626.86554261754,73845.37807478853,54.322686576759246,3427.344582757069,3653.391345901372,-226.04676314430344,75.08710250876857,84.14225126595889,106000.71622677307,93415.97986697692,99708.348046875,0.1262154734915457,4026.138557725928,72355186021.15002,1.2972899566806764,1,1,1,0,0,0,0,-4.9346,-1.9333,-12.5374,0,HOLD,81,Extreme Greed,0.0089356666666666,0.0,0.0,72443597581.0,0.677,272300000.0,2100629850064.912,54.10578363747183,93417826250.1972,106034.913402645,715.6520089733765,50,5872.16015625,108.02999877929688,27.6200008392334,2636.5,776835370.7386113,19797568.75,16000954252.851433
2024-12-19,100070.6875,102748.1484375,95587.6796875,97490.953125,97221662392.0,99422.52174223356,91856.82976153448,74080.65742852198,49.495855261945074,2855.257327526895,3493.764542226477,-638.5072146995817,53.027296555126185,72.71462421419062,105999.9887756982,93419.6502868018,99709.81953125,0.1261695041475189,4250.019285745504,74467835016.95003,1.3055524223293298,1,1,1,0,0,0,0,-2.8769,0.7645,-10.2771,0,HOLD,75,Greed,0.0076549999999999,0.0,0.0,70885374377.0,1.195,-671900000.0,1985284833093.572,56.8,113692025885.44743,100355.5761481501,687.6624331507581,25,5867.080078125,108.41000366210938,24.09000015258789,2592.199951171875,782230060.8131851,19798162.5,19125758841.63413
2024-12-20,97484.6953125,98098.9140625,92175.1796875,97755.9296875,105634083408.0,99263.7986894018,92088.16701353317,74316.23227687003,49.99297848744463,2395.64000345736,3274.1396344726536,-878.4996310152937,35.61267831009797,54.57569245799757,105948.77930566008,93601.5472568399,99775.16328125,0.123750557180401,4369.5703635493965,78167827794.05,1.3513754493257222,1,1,1,0,0,0,0,0.9413,0.5719,-11.1042,0,HOLD,74,Greed,0.0078579999999999,0.0,0.0,68551496026.0,1.549,-277000000.0,1937022229972.2085,55.305011994746,100611554887.24124,97851.35377075804,669.0228793928828,25,5930.85009765625,107.62000274658205,18.36000061035156,2628.699951171875,814598201.2606272,19798562.5,16133797899.628605
2024-12-21,97756.1953125,99507.1015625,96426.5234375,97224.7265625,51765334294.0,99069.6013439826,92289.60072133578,74544.17749364246,48.952695523419806,1965.8650415401355,3012.48471588615,-1046.6196743460146,29.59357675824508,39.41118387448974,105950.75900313973,93594.06130936024,99772.41015625,0.1238488443290896,4277.4994893672965,78926559743.95,0.6558671055970864,1,1,1,0,0,0,0,2.1337,4.9919,-10.3344,0,HOLD,73,Greed,0.0057266666666666,0.0,0.0,66493011469.0,1.417,,1932373308116.0107,54.47,112340864006.62828,97691.43431692652,677.8485768483023,25,,,,,782230060.8131851,19798965.625,6882358327.448823
2024-12-22,97218.3203125,97360.265625,94202.1875,95104.9375,43147981314.0,98692.01431122234,92400.00608520498,74748.76217032263,44.9344317889892,1437.64376392361,2697.5165254936423,-1259.8727615700325,28.08639548051122,31.097550182951423,106022.3568043236,93446.42678942638,99734.391796875,0.1260942167322794,4197.540820483919,77449919594.4,0.5571081485941247,1,1,1,0,0,0,0,0.7261,1.9113,-11.3052,1,BUY,73,Greed,0.0079906666666666,0.0,0.0,64656079693.0,1.374,,1922768195068.165,55.288831645811634,53058382639.48845,97202.82496847631,662.4248813776467,25,,,,,836176961.5589218,19799559.375,3340023325.9010005
2024-12-23,95099.390625,96416.2109375,92403.1328125,94686.2421875,65239002919.0,98310.51220420116,92489.66240294203,74947.1450560657,44.16332639796977,974.011584008389,2352.815537196592,-1378.8039531882027,21.728275317024103,26.4694158519268,106145.69059755032,93191.50080869964,99668.595703125,0.1299726327782958,4184.36491366364,77358479192.29999,0.8433335763598321,1,1,1,0,0,0,0,-0.5506,0.3773,-12.7671,1,BUY,70,Greed,0.0086126666666666,0.0,0.0,64515938650.0,1.535,-226500000.0,1884599149192.4587,56.42,44619017105.36954,95094.27394862172,648.5721398402843,25,5974.06982421875,108.04000091552734,16.780000686645508,2612.300048828125,749861920.3657429,19799959.375,12473533243.122517
2024-12-24,94684.34375,99404.0625,93448.015625,98676.09375,47114953674.0,98345.32949427723,92732.26755380706,75183.2539982939,52.52417449834693,917.945908616035,2065.8416114804804,-1147.8957028644454,24.73443375480233,24.849701517445883,106143.90428034622,93184.04337590376,99663.973828125,0.130035562567396,4310.913625187665,75854236020.4,0.6211248856468484,1,1,1,0,0,0,0,-3.5593,-6.2751,-16.5608,0,HOLD,73,Greed,0.0096383333333333,0.0,0.0,66100515719.0,2.006,-338400000.0,1874912975786.6604,53.91275228791713,64937790292.61125,94644.9108546432,692.2861092311789,50,6040.0400390625,108.26000213623048,14.270000457763672,2620.0,712099089.8437271,19800353.125,11564062010.09304
2024-12-25,98675.9140625,99478.75,97593.46875,99299.1953125,33700394629.0,98436.1738579175,92989.79413257934,75423.21361336064,53.69041591652389,913.2649951762578,1835.326288219636,-922.061293043378,33.421831142490696,26.62818007143904,106120.31068527732,93478.19947097266,99799.255078125,0.1266754065890386,4137.654169817118,70078308472.84999,0.4808962339902416,1,1,1,0,0,0,0,-5.8097,-4.6302,-16.8685,0,HOLD,73,Greed,0.0101146666666666,0.0,0.0,66810081836.0,1.102,0.0,1951173788529.116,53.62,49169088282.15742,98695.714007826,697.9537563672064,50,,,,,814598201.2606272,19800746.875,5466163116.674572
2024-12-26,99297.6953125,99884.5703125,95137.8828125,95795.515625,47054980873.0,98184.68259763964,93099.82242639975,75625.92308611328,46.737992285307264,619.6942190319824,1592.1998743821057,-972.5056553501232,35.71942456520536,31.29189648749946,106161.72666819772,93024.26395680224,99592.9953125,0.1319115131558514,4181.156550544467,67704318883.59999,0.6950070785572606,1,1,1,0,0,0,0,-3.2907,-1.2829,-11.0927,0,HOLD,79,Extreme Greed,0.0088076666666666,0.0,0.0,66671680917.0,1.101,475200000.0,1966481159354.1177,54.58970311924941,33963749856.44743,99344.95417367227,702.3466001659357,75,6037.58984375,108.12999725341795,14.729999542236328,2638.800048828125,706704399.7691535,19801343.75,8493106621.658707
2024-12-27,95704.9765625,97294.84375,93310.7421875,94164.859375,52419934565.0,97801.8422907216,93141.58858124683,75810.3901138634,43.88945225451218,252.5457423487824,1324.2690479754408,-1071.7233056266584,26.37548638195259,31.83891402988288,106303.5921163554,92306.5508523946,99305.071484375,0.1409499137832365,4167.0811942555765,68116440066.99999,0.7695636253662002,1,1,1,0,0,0,0,-0.7812,0.3436,-12.4029,0,BUY,74,Greed,0.0099986666666666,0.0,0.0,66853802361.0,1.536,-287900000.0,1894744251986.1084,55.75,45049342388.18843,95678.31244565404,687.5178696037362,50,5970.83984375,108.0,15.949999809265137,2617.199951171875,852361031.782643,19801740.625,9580652001.738983
2024-12-28,94160.1875,95525.8984375,94014.2890625,95163.9296875,24107436185.0,97550.6125189862,93220.8960756097,76002.96264693442,46.05861763478556,41.7137044363044,1067.7579792676136,-1026.0442748313092,17.810277137790877,26.63506269498294,106172.00091421366,91830.93346078636,99001.4671875,0.1448571204128378,3977.404635737321,67115524279.99999,0.3591931441141087,1,1,1,0,0,0,0,-0.782,-0.6803,-12.674,0,HOLD,72,Greed,0.0069489999999999,0.0,0.0,65040938332.0,1.78,,1867708753554.924,54.53118605318744,41498540807.66696,94331.94727053076,690.3639423450093,50,,,,,771440680.6640378,19802134.375,2677566056.8358884
2024-12-29,95174.0546875,95174.875,92881.7890625,93530.2265625,29635885267.0,97167.71861836848,93233.02668293873,76177.3632829102,43.12287719681846,-254.2673575115041,803.35291191179,-1057.620269423294,13.118275080771038,19.101346200171506,106358.83482904556,91253.85032720445,98806.342578125,0.1528746445593591,3857.096157291799,63063494847.94999,0.4699372487752853,1,1,1,0,0,0,0,3.5888,3.2116,-10.3565,1,BUY,73,Greed,0.0063186666666666,0.0,0.0,64515869411.0,1.734,,1885556552231.4316,54.61,22429850903.940086,95184.61945288602,720.5679127131004,50,,,,,853049703.3260739,19802728.125,5228175703.420922
2024-12-30,93527.1953125,94903.3203125,91317.1328125,92643.2109375,56188003691.0,96736.81312495242,93209.89665370584,76341.20256305538,41.57346905175444,-554.0227994077868,531.8777696478747,-1085.9005690556614,11.604752965969926,14.177768394843945,106599.08653933316,90610.37674191684,98604.731640625,0.1621495189063421,3837.745538913813,60631706000.8,0.9267099245114204,1,0,1,0,0,0,0,5.8981,8.4855,-9.8641,1,BUY,65,Greed,0.0093563333333333,0.0,0.0,64267370765.0,1.856,-415100000.0,1854872605738.8088,54.35881624351303,24065314499.502277,93663.44751964069,694.4826804506174,75,5906.93994140625,108.12999725341795,17.399999618530273,2606.10009765625,867710155.9849901,19803121.875,13470587113.382612
2024-12-31,92643.25,96090.6015625,91914.03125,93429.203125,43625106843.0,96421.80264876648,93218.4969074821,76511.23241939314,43.5103314766914,-719.8600474814157,281.53020622201666,-1001.3902537034324,10.060228642822064,11.594418896521008,106435.14281089748,89999.93765785253,98217.540234375,0.1673347256897889,3861.947308455684,58543390846.15,0.7451756075702084,1,1,1,0,0,0,0,5.1451,6.7727,-16.2848,1,BUY,64,Greed,0.0113596666666666,0.0,0.0,64898317717.0,2.04,5300000.0,1833188187477.531,54.64,57595164139.4709,92627.28213113276,703.1066174310417,50,5881.6298828125,108.48999786376952,17.350000381469727,2629.199951171875,703991258.6293316,19803712.5,13251695752.866476
2025-01-01,93425.1015625,94929.8671875,92788.125,94419.7578125,24519888919.0,96231.1317119792,93265.60517826711,76689.42670191162,45.94247790878243,-762.5673744908709,72.71069007943916,-835.27806457031,16.30096256866756,12.65531472581985,106274.90655550292,89597.8496944971,97936.378125,0.1702845988415074,3739.075514101706,56165686115.45,0.436563507273796,1,1,1,0,0,0,0,4.1254,10.6358,-16.0818,1,HOLD,66,Greed,0.0127463333333333,0.0,0.0,62447660878.0,1.822,0.0,1851839954625.13,54.46631633885614,45327464907.74362,93507.85874741492,701.5723264012628,50,,,,,764021520.9930731,19804106.25,6553323746.3020735
2025-01-02,94416.2890625,97739.8203125,94201.5703125,96886.875,46009564411.0,96293.58345369546,93407.61575951157,76890.39633671848,51.53889425733659,-590.5302354015148,-59.93749501675164,-530.5927403847631,35.36353992478934,20.57491037875965,105888.84061563718,89526.67735311283,97707.758984375,0.1674602245778753,3724.730834523013,55621426756.85,0.8271913737871484,1,1,1,0,0,0,0,5.358,7.7629,-21.2773,1,HOLD,70,Greed,0.0119276666666666,0.0,0.0,63319534320.0,1.682,-242300000.0,1869193319140.2424,53.53,23275007789.49633,94384.1761153871,705.8130365866023,75,5868.5498046875,109.38999938964844,17.93000030517578,2658.89990234375,911368528.6131656,19804500.0,6110103532.896917
2025-01-03,96881.7265625,98956.9140625,96034.6171875,98107.4296875,35611391163.0,96466.3307140578,93591.92218806013,77101.51109642774,54.07216718818606,-351.6474278768146,-118.27948158876424,-233.3679462880504,57.13659809209436,36.26703352851709,105545.9390814444,89543.0249810556,97544.48203125,0.1640576049731033,3667.414123128512,55380847875.350006,0.6430271931400063,1,1,1,0,0,0,0,-1.2076,3.0397,-15.8331,1,HOLD,74,Greed,0.008471,0.0,0.0,64858506484.0,1.146,907300000.0,1917905016063.62,53.884147094108194,45157338602.61752,96852.14681235077,705.8312420795146,75,5942.47021484375,108.9499969482422,16.1299991607666,2645.0,774936114.1501169,19805090.625,8269717281.335514
2025-01-04,98106.9921875,98734.4296875,97562.9765625,98236.2265625,22342608078.0,96634.89222343324,93774.05177137148,77311.80677270707,54.34338930312114,-150.20676041013212,-124.6649373530378,-25.541823057094305,75.00933160197161,55.836489872951766,104598.8779551662,89883.83923233383,97241.35859375002,0.1513248985373405,3489.1311946907613,53940682572.40001,0.4142069957682017,1,1,1,0,0,0,0,-3.25,3.8483,-18.9442,1,HOLD,73,Greed,0.0090066666666666,0.0,0.0,64251622580.0,1.088,,1942834829349.9563,52.39,35721645948.10051,98084.34279280754,713.0475655102006,75,,,,,813137190.1997707,19805484.375,2758643852.77057
2025-01-05,98233.90625,98813.3046875,97291.765625,98314.9609375,20525254825.0,96794.89876763007,93952.12664063142,77520.79338131197,54.5202011750507,15.609687153904815,-96.6100124516493,112.21969960555413,80.5655862677726,70.9038386539462,102978.46242952236,90732.77897672768,96855.620703125,0.1264323470738913,3348.5888995342784,50415924422.85001,0.4071184860729706,1,1,1,1,0,0,0,-5.9309,7.9655,-15.1657,1,HOLD,72,Greed,0.009611,0.0,0.0,62778458171.0,1.128,,1946611205641.351,53.04394235497093,20979035420.980797,98256.73876849932,714.0857730267945,75,,,,,851338266.2494245,19805881.25,2386538450.1449366
2025-01-06,98314.953125,102482.875,97926.1484375,102078.0859375,51823432705.0,97298.05945047484,94270.79171109688,77765.1445510253,62.07905357227706,445.537277841926,11.81944560706576,433.7178322348602,86.27148257520301,80.6154668149824,101643.25961881506,91661.73022493492,96652.494921875,0.1032723407910813,3434.884446888973,49577627814.70001,1.045298756501498,1,1,1,1,0,0,0,-7.2265,1.5429,-16.4491,0,HOLD,76,Extreme Greed,0.008319,0.0,0.0,62804137338.0,1.128,978600000.0,1948339898718.8584,53.27,20060293834.7155,98364.58946599838,709.3017578903202,75,5975.3798828125,108.26000213623048,16.040000915527344,2638.39990234375,725820444.9434196,19806475.0,10720151138.280603
2025-01-07,102248.8515625,102712.484375,96132.875,96922.703125,58685738547.0,97262.31122900105,94374.78823713228,77955.76702439818,49.85437239441819,366.0421769240638,82.66399187046538,283.37818505359843,75.74860365889253,80.86189083395604,101229.70081786484,91763.40543213516,96496.553125,0.0980998292598823,3659.5076560397606,47818631935.100006,1.2272567443303053,1,1,1,1,0,0,0,-2.4309,7.2609,-13.658,0,HOLD,78,Extreme Greed,0.008522,0.0,0.0,66928818654.0,0.762,52400000.0,2024825178619.8228,53.81998814075863,46111387334.46171,102229.39453189744,730.7109274996172,50,5909.02978515625,108.54000091552734,17.81999969482422,2656.699951171875,731277741.5219413,19806871.875,12571059044.880728
2025-01-08,96924.1640625,97258.3203125,92525.84375,95043.5234375,63875859171.0,97050.99810600092,94401.01314695065,78125.79445139423,46.27711030536639,149.68219769300777,96.06763303497384,53.61456465803391,59.42247401100639,73.8141867483673,101125.5965423754,91622.76673887463,96374.181640625,0.0986034811578103,3736.148292215492,46151341774.05,1.3840520495314428,1,1,1,1,0,0,0,-0.584,10.2858,-11.0488,0,HOLD,70,Greed,0.0079023333333333,0.0,0.0,63880515502.0,1.554,-568800000.0,1919133187081.3127,57.01,60610257147.15405,96952.09886774956,696.8339974504797,25,5918.25,109.08999633789062,17.700000762939453,2664.5,682162072.3152436,19807268.75,12232111996.713434
2025-01-09,95043.484375,95349.71875,91220.84375,92484.0390625,62777261693.0,96616.04962566753,94325.83769265845,78268.66255697739,41.87031763182616,-225.7117783164431,31.71175076469047,-257.42352908113355,30.961665411967186,55.3775810272887,101117.32093337298,91103.85328537706,96110.58710937502,0.1041869366233344,3764.200199914386,44008500688.3,1.4264803551848748,1,0,1,0,0,0,0,2.1977,13.2246,-9.5314,1,BUY,69,Greed,0.0048913333333333,0.0,0.0,62208145280.0,1.814,0.0,1885313354913.724,54.27024154474641,65790469838.34392,95016.71440989176,695.7266204397939,50,,109.18000030517578,,2683.800048828125,829509079.9353366,19807665.625,7267610310.966393
2025-01-10,92494.4921875,95770.609375,92250.09375,94701.453125,62058693684.0,96433.7071017944,94340.56770961302,78432.17291088807,46.61347002119479,-340.3639223031496,-42.703383848877536,-297.66053845427206,24.660484516421327,38.348207979798296,101000.10575868817,90968.74111631188,95984.42343750002,0.1045103391063048,3746.7941588490726,44523168657.80001,1.3938516856465455,1,1,1,0,0,0,0,1.9351,8.4276,-11.2644,1,HOLD,50,Neutral,0.0066096666666666,0.0,0.0,60228538355.0,2.153,-149400000.0,1832933628117.944,54.59,65850881574.76184,92376.275783461,686.294216607382,50,5827.0400390625,109.6500015258789,19.540000915527344,2708.5,774936114.1501169,19808059.375,8226023524.658946
2025-01-11,94700.8359375,94977.6875,93840.046875,94566.59375,18860894100.0,96255.8867825759,94349.43147590272,78592.71441177477,46.3656794453012,-437.070322323445,-121.57677154379104,-315.493550779654,23.465041391047382,26.36239710647863,100998.77453773674,90916.2379622633,95957.50625000002,0.105072932483314,3560.426049288425,43308814297.100006,0.4354978173868625,1,1,1,0,0,0,0,6.2791,7.9532,-10.2265,1,HOLD,69,Greed,0.0073,0.0,0.0,61552105034.0,1.693,,1876836759923.398,54.45522303178496,63433655716.757095,94736.6267420969,693.7427801750233,25,,,,,753106927.8360293,19808456.25,2717776436.9154506
2025-01-12,94565.7265625,95367.5390625,93712.5078125,94488.4375,20885130965.0,96087.55827947342,94354.88269253398,78750.8808106626,46.21235946739923,-514.0912730821146,-200.07967185145577,-314.01160123065887,29.27911819959708,25.8015480356886,101000.14904577027,90895.08298547976,95947.616015625,0.1053185736125525,3424.326420767823,41091120699.4,0.5082638440986829,1,1,1,0,0,0,0,5.5758,7.2433,-10.6231,1,HOLD,62,Greed,0.0088106666666666,0.0,0.0,60351976186.0,1.736,,1874286243377.8523,53.14,17836423168.41627,94559.55167224212,696.7344557337125,50,,,,,939753829.6056752,19809046.875,2524860229.613659
2025-01-13,94488.890625,95837.0,89260.1015625,94516.5234375,72978998252.0,95937.9359135712,94361.22154527776,78907.75287660128,46.2811041470036,-566.3362591684418,-273.330989314853,-293.00526985358874,32.20781689148191,28.317325494042123,100659.98754230436,90819.28745769568,95739.6375,0.1027860595838237,3649.510136248693,42384322928.3,1.7218394257578653,1,1,1,0,0,0,1,10.5225,9.7197,-10.0015,1,HOLD,61,Greed,0.0086463333333333,0.0,0.0,60733186391.0,1.743,-284100000.0,1870314882306.924,54.309210636446245,19608932595.53299,94454.77089638809,693.0584426939826,25,5836.22021484375,109.95999908447266,19.190000534057617,2673.5,702796044.3776932,19809440.625,7428143322.801004
2025-01-14,94519.0078125,97352.6640625,94322.15625,96534.046875,53769675818.0,95994.70838608824,94446.43038173745,79083.1388865356,51.11448624328045,-439.8729255133658,-306.6393765545556,-133.23354895881016,40.52686910109331,34.004601397390765,100248.39595590944,90954.36420034054,95601.380078125,0.0972165019790912,3605.295684552358,43387786987.75001,1.2392813635132207,1,1,1,0,0,0,0,8.1567,8.4957,-11.7676,1,HOLD,63,Greed,0.00796,0.0,0.0,60589116602.0,1.689,-209800000.0,1870609367804.8225,53.22,76328330233.31137,94456.3493746993,688.3576507228246,50,5842.91015625,109.2699966430664,18.709999084472656,2677.5,845551490.8919123,19809834.375,8476643246.566211
2025-01-15,96534.046875,100697.234375,96501.640625,100504.4921875,57805923627.0,96424.2116052703,94684.0014329438,79296.28668057505,58.94356407831818,-19.048489025619347,-249.1211990487684,230.07271002314903,58.91089616829422,43.88186072028981,100976.33923379636,90697.31857870363,95836.82890625,0.107255433765947,3647.459832084333,43925334125.450005,1.3160041870576844,1,1,1,1,0,0,0,0.5822,1.891,-12.9204,1,HOLD,70,Greed,0.005588,0.0,0.0,61605121759.0,1.244,755100000.0,1912603332624.1123,54.58398463837501,51241728228.81719,96574.07768799194,698.74344424996,75,5949.91015625,109.08999633789062,16.1200008392334,2712.5,763192579.4414012,19810431.25,9736046043.950031
2025-01-16,100505.296875,100781.5859375,97364.4453125,99756.90625,54103781805.0,96741.61109524456,94882.93887674996,79499.8749349972,57.089630181616144,251.23785781263723,-149.04938767648727,400.2872454891245,71.89591373120662,57.11122633353138,101476.65837181768,90756.2041281823,96116.43125,0.1115361245128978,3631.0084601497374,44009526487.450005,1.2293652334666345,1,1,1,1,0,0,0,2.2653,0.9012,-6.3304,1,HOLD,75,Greed,0.0094126666666666,0.0,0.0,64639286109.0,0.87,626100000.0,1986831430651.8647,51.91,57637319739.5434,100313.15239828422,714.7919481480744,75,5937.33984375,108.95999908447266,16.600000381469727,2746.39990234375,702796044.3776932,19810825.0,15219278220.789003
2025-01-17,100025.765625,105884.2265625,99948.90625,104462.0390625,71888972663.0,97476.8899492689,95258.58986442642,79748.25467755942,64.62993864467116,835.4757857308141,47.855647004972994,787.6201387258411,84.35366042273363,71.72015677407815,103084.7177653005,90077.95567219947,96581.33671875,0.1346715890977715,3809.3164496033273,46398603311.350006,1.549377945292904,1,1,1,1,0,0,1,1.6123,-6.4838,-10.3032,0,HOLD,75,Greed,0.008253,0.0,0.0,64333801849.0,0.904,975600000.0,1980935754458.284,54.140046252948906,50150102497.2729,100044.57926776377,708.7829768816523,50,5996.66015625,109.3499984741211,15.970000267028809,2744.300048828125,823589114.5051093,19811218.75,13726669241.249104
2025-01-18,104124.953125,104913.203125,102226.6171875,104408.0703125,50445655726.0,98137.00236481472,95617.39301925284,79993.62597740958,64.48995603305679,1279.3857630372804,294.16167021143445,985.224092825846,86.86492318833562,81.03816578075862,104335.286870153,89915.170942347,97125.22890625,0.1484693121467441,3729.12141302452,47439091834.3,1.0633773492587426,1,1,1,1,0,0,0,-0.7231,-2.8759,-10.0225,0,HOLD,77,Extreme Greed,0.0116586666666666,0.0,0.0,68747691576.0,0.717,,2063854663834.0771,53.49,69135117732.00064,104160.69358484232,721.1359383883954,50,,,,,713777232.5710948,19811612.5,5389522873.899006
2025-01-19,104411.2890625,106299.796875,99570.53125,101089.609375,76789928525.0,98418.2030324514,95831.98973908606,80203.53625997268,56.400776648261214,1347.8780549379298,504.9049471567336,842.9731077811963,83.99622377239692,85.07160246115538,104640.75076792258,90454.34688832742,97547.548828125,0.1454306545886771,3943.417428165624,48469188076.00001,1.5843039995758312,1,1,1,1,0,0,1,2.8396,-3.1831,-6.3005,1,HOLD,77,Extreme Greed,0.0136516666666666,0.0,0.0,68229778116.0,0.79,,2067151195362.0425,54.58333442981584,49416447749.13053,104334.61575724394,709.848578937929,25,,,,,823589114.5051093,19812006.25,5860881893.009443
2025-01-20,101083.75,109114.8828125,99471.359375,102016.6640625,126279678351.0,98760.91360674176,96074.52598706308,80420.58230775903,57.98624371436114,1460.1327538066837,695.9505084867235,764.18224531996,74.9309852246381,81.93071072845689,105060.0996592267,90893.7440907733,97976.921875,0.1445886980050975,4350.567857403794,52601916651.40001,2.400666865199465,1,1,1,1,0,0,1,2.7474,-5.2944,-7.224,1,HOLD,76,Extreme Greed,0.0197573333333333,0.0,0.0,66694767269.0,1.017,0.0,2014842808849.5005,56.3,72970313683.92325,101275.33714814208,682.349570503562,25,,,,,834570302.6985108,19812596.875,11266460830.38323
2025-01-21,102052.578125,107180.921875,100103.953125,106146.265625,88733878242.0,99464.2804656235,96469.49616894296,80676.5592561893,64.22680536802036,1860.868807720297,928.9341683334384,931.9346393868586,72.90696981129909,77.27805960277803,106316.32336276711,90810.17116848288,98563.247265625,0.1573218478942318,4545.310778303523,55812616117.55001,1.5898534133413975,1,1,1,1,0,0,1,-1.3487,-8.9998,-11.6739,0,HOLD,76,Extreme Greed,0.0099119999999999,0.0,0.0,67355252501.0,1.121,802600000.0,2017837068202.1384,55.06204393004261,120158523166.88388,101764.90860170544,677.2617301582343,25,6049.240234375,108.05999755859376,15.0600004196167,2755.0,730249014.861197,19812996.875,14016792182.76418
2025-01-22,106136.3828125,106294.34375,103360.265625,103653.0703125,53878181052.0,99863.21283199269,96751.20495888636,80905.18125674961,58.57036835740715,1954.7419440318768,1134.095723473126,820.6462205587511,73.92962389936513,73.92252631176744,106932.16167943724,90870.95238306276,98901.55703125,0.162395919523285,4430.222731638986,56206046949.600006,0.9585833549246506,1,1,1,1,0,0,0,-0.9364,-6.8729,-8.3686,0,HOLD,84,Extreme Greed,0.0070973333333333,0.0,0.0,70121204638.0,0.786,248700000.0,2098829000928.49,54.54,95344290057.8965,106182.2368201815,693.0634731671475,50,6086.3701171875,108.16999816894533,15.100000381469728,2767.60009765625,823589114.5051093,19813390.625,13577736341.160229
2025-01-23,103657.671875,106820.328125,101257.8046875,103960.171875,104104515428.0,100253.3994075172,97033.909543832,81134.5841484735,59.04878233749098,2030.51114192234,1313.3788071629688,717.1323347593707,77.19249509065563,74.67636293377328,107523.93311002616,90864.45517122388,99194.194140625,0.167948115140535,4511.101353486202,59630703162.850006,1.7458206914597851,1,1,1,1,0,0,1,-1.8012,-7.1929,-9.3068,0,HOLD,75,Greed,0.0071876666666666,0.0,0.0,68173727491.0,1.098,188700000.0,2054288661793.9773,55.20837632253182,55030669602.56557,103673.53509537788,694.4219334575758,25,6118.7099609375,108.0500030517578,15.020000457763672,2763.10009765625,746720797.1512991,19813984.375,14634364649.359364
2025-01-24,103965.671875,107098.546875,102772.125,104819.484375,52388229265.0,100688.26464251555,97339.2262038778,81370.25479749368,60.425858862555735,2135.283890788968,1477.7598238881687,657.5240669007985,74.96501944588283,75.36237947863452,108206.50274835328,90840.21131414673,99523.35703125,0.1744946307302878,4497.90996216576,61132984222.200005,0.8569552089030129,1,1,1,1,0,0,0,-3.3267,-7.9369,-10.1242,0,HOLD,75,Greed,0.006168,0.0,0.0,68138934870.0,1.121,517700000.0,2062360759045.0,53.96,102455227371.2076,104067.60991206949,689.6926515818565,50,6101.240234375,107.44000244140624,14.850000381469728,2777.300048828125,768683173.5381019,19814378.125,12098187853.612225
2025-01-25,104824.03125,105243.7890625,104120.375,104714.6484375,23888996502.0,101071.7297658474,97628.4584483336,81602.53732127484,60.1600660109504,2184.6741019717883,1619.1426795048928,565.5314224668955,76.74725703663947,76.30159052439264,108806.15731921964,90880.52549328037,99843.34140625,0.179537579306387,4256.874540761063,61301171306.05001,0.3896988588151547,1,1,1,1,0,0,0,-0.9659,-6.9495,-7.8521,0,HOLD,75,Greed,0.0093253333333333,0.0,0.0,67758197575.0,0.835,,2076156720642.786,55.52968210670121,51418786362.7815,104835.19253555956,680.331260963174,25,,,,,702796044.3776932,19814775.0,3694805800.669982
2025-01-26,104713.2109375,105438.6484375,102507.7109375,102682.5,22543395879.0,101225.13645481432,97826.65615624208,81812.28819369996,55.10057825779629,2036.364858146684,1702.587115233251,333.77774291343303,74.6022289971087,75.43816849321033,108872.10936942617,90875.01484932382,99873.562109375,0.1801987847433848,4162.164752135273,59837169464.75,0.3767456930308223,1,1,1,1,0,0,0,1.9992,-6.7539,-5.6216,0,HOLD,73,Greed,0.0096053333333333,0.0,0.0,66134927961.0,0.963,,2077647817531.3408,55.79,22740744964.719296,104796.04077738234,686.4624751742597,25,,,,,752211391.2479999,19815168.75,2783482751.6197257
2025-01-27,102680.3046875,103214.109375,97795.9375,102087.6875,89006608428.0,101307.28417340344,97993.75542462476,82014.03346042933,53.67759229927536,1849.5122898147963,1731.9721501495603,117.5401396652362,65.97878915994917,72.44275839789911,109070.04063680474,91193.58201944524,100131.811328125,0.1785292643791249,4251.879546625612,61353212958.8,1.4507244875304226,1,1,1,1,0,0,0,0.3108,-4.1159,-6.0692,0,HOLD,71,Greed,0.0052296666666666,0.0,0.0,65639745122.0,1.152,-457600000.0,2036324005947.406,55.64792717525845,20639818380.26942,102552.24874280208,664.4667087887276,50,6012.27978515625,107.33999633789062,17.899999618530273,2737.5,841602268.6110247,19815565.625,11955786516.95331
2025-01-28,102095.4140625,103730.8203125,100238.1875,101332.4765625,47180685494.0,101309.68344855549,98124.68566532571,82206.2567748778,51.84679916285305,1621.7960171637242,1709.9369235523932,-88.14090638866901,52.79939097042447,64.46013637582745,109067.65350896269,91824.8644597873,100446.258984375,0.1716618341341869,4197.647637045211,60518454274.95,0.7796082378384405,1,1,1,0,0,0,0,-0.6677,-4.6467,-6.9242,1,HOLD,72,Greed,0.0077476666666666,0.0,0.0,66795604450.0,1.519,18400000.0,2019295541213.5288,53.96,93191643783.2474,101958.46953745594,679.6778451363223,75,6067.7001953125,107.87000274658205,16.40999984741211,2766.800048828125,795344639.2008113,19816159.375,8034825800.008887
2025-01-29,101317.5234375,104750.8046875,101283.8203125,103703.2109375,47432049818.0,101537.63844750256,98343.45136227371,82420.15681629692,56.82505642610802,1614.022237825542,1690.753986407023,-76.73174858148082,48.24675118001143,55.674977103461686,108874.23608537111,93140.19907087888,101007.217578125,0.1557714130905803,4145.457404041982,59751193681.2,0.7938259789598803,1,1,1,0,0,0,0,-5.7995,-5.973,-8.6354,0,HOLD,72,Greed,0.0082583333333333,0.0,0.0,63549099252.0,1.319,92000000.0,2007072201507.5276,56.23949780599984,45780526813.56264,101313.11264498268,661.6311598715406,25,6039.31005859375,108.0,16.559999465942383,2769.10009765625,832962291.0549035,19816568.75,6092345911.116566
2025-01-30,103709.3359375,106418.765625,103321.6484375,104735.3046875,41915744521.0,101842.1780894071,98594.11227698848,82642.1980886472,58.82100283288988,1671.8705191095796,1686.9772929475344,-15.106773837954734,51.18406374349318,50.74340196464303,108951.0301883278,94066.7901241722,101508.91015625,0.1466298873787991,4070.575960003269,58744046223.05,0.7135317911511703,1,1,1,0,0,0,0,-3.1793,-6.8315,-7.5742,0,HOLD,70,Greed,0.0080866666666666,0.0,0.0,65138045417.0,1.009,588100000.0,2056581551171.7,56.01,47425401641.53094,103718.97939813643,667.745952530571,50,6071.169921875,107.8000030517578,15.84000015258789,2823.0,779222788.4062003,19816962.5,7400448916.434272
2025-01-31,104737.5625,106026.3515625,101543.8828125,102405.0234375,45732764360.0,101895.7824082731,98743.55977347914,82838.843116994,52.87726116464462,1512.2492093565088,1652.0316762293294,-139.78246687282058,51.99085866384159,50.47389119578206,108591.19671832563,95210.46656292434,101900.831640625,0.1313112949126,4099.996873574464,60087639736.05,0.7611010277802992,1,1,1,0,0,0,0,-4.4267,-6.0837,-5.2465,0,HOLD,76,Extreme Greed,0.00739,0.0,0.0,65836689561.0,0.818,318600000.0,2076760153260.6191,55.99769834428127,42122570869.034325,104781.5135100103,676.9452959901981,25,6040.52978515625,108.37000274658205,16.43000030517578,2812.5,671743783.1087936,19817553.125,11201672996.579489
2025-02-01,102402.796875,102755.7265625,100297.7109375,100655.90625,27757944848.0,101777.69896462804,98818.55375295055,83016.12732727267,48.88432494366928,1230.425453602889,1567.7104317040414,-337.2849781011521,42.431579613364846,48.53550067356654,107964.18547389375,96454.22468235625,102209.205078125,0.1126117826935422,3982.712498676288,60431280430.2,0.4593307414702438,1,1,1,0,0,0,0,-4.0141,-4.8507,2.5687,0,HOLD,68,Greed,0.0059333333333333,0.0,0.0,66243120624.0,1.518,,2028504133577.489,55.66,37187819228.35328,102382.39409722164,677.1124207686067,50,,,,,988806848.7361436,19817946.875,3013247738.519718
2025-02-02,100661.5390625,101430.6640625,96216.078125,97688.9765625,63091816853.0,101388.29683109204,98774.256608227,83162.12582712568,42.958539065695,758.9232715611288,1405.9529996754588,-647.02972811433,25.80202397931619,40.074820752174205,107353.51121721257,97382.14425153744,102367.827734375,0.0974072341512307,4070.703458592268,59936921360.25,1.052636929310859,1,0,1,0,0,0,0,-1.1216,-2.2003,5.4068,1,BUY,60,Greed,0.0045126666666666,0.0,0.0,64339670516.0,1.637,,1996423711261.7268,56.40497394506119,22827776122.48367,100674.78762544956,654.217143435919,50,,,,,918945495.2928294,19818540.625,4767314353.494646
2025-02-03,97681.1015625,102514.171875,91242.890625,101405.421875,115400897748.0,101389.9277876547,98877.43955986516,83343.65116093539,50.975260655237584,677.3326037613442,1260.228920492636,-582.8963167312918,33.48291590051123,33.905506497730755,106811.08695444424,98411.70601430576,102611.396484375,0.0818562189767827,4585.03044369282,63018482456.75,1.831223051542068,1,1,1,0,0,0,1,-4.8088,-4.7037,3.2453,0,HOLD,44,Fear,3.166666666666668e-05,0.0,0.0,63462914276.0,2.16,-234400000.0,1933691439792.2544,60.58,59784234332.21204,97568.31653024876,616.6428289864358,25,5994.56982421875,108.98999786376952,18.6200008392334,2833.89990234375,822214390.5251629,19818934.375,18010195932.401714
2025-02-04,101398.71875,101745.6171875,96208.109375,97871.8203125,73002130211.0,101054.86993287806,98838.00351094888,83488.21005796589,44.56243297081545,323.80665558473265,1072.944467511055,-749.1378119263227,38.996544180684026,32.76049468683715,107101.35156082782,97858.17422042218,102479.762890625,0.0901951476046128,4653.0645414647615,63778292785.950005,1.1446234607753871,1,0,1,0,0,0,0,-1.4196,0.4722,6.3701,0,BUY,72,Greed,0.0059416666666666,0.0,0.0,63470296442.0,1.334,340700000.0,2011121374511.8835,57.90819223509626,122163969235.23686,101466.8606657039,616.4068055452193,25,6037.8798828125,107.95999908447266,17.209999084472656,2853.300048828125,703987484.6980155,19819525.0,9972825687.013733
2025-02-05,97878.0078125,99113.2109375,96174.828125,96615.4453125,49125911241.0,100632.06758808016,98750.84436591167,83618.82931422991,42.51450969885652,-57.08611470274627,846.9383510682951,-904.0244657710414,46.48496975714765,39.6548099461143,107512.52753017278,97132.85215732724,102322.68984375,0.1014406031418412,4530.587275110136,63529399257.75001,0.7732783847315712,1,0,1,0,0,0,0,-0.1194,-0.5071,6.4146,0,BUY,54,Neutral,0.0057186666666666,0.0,0.0,59369717258.0,1.67,66400000.0,1943535291172.16,58.51,73196693057.98114,98118.43921664466,573.6042069760077,25,6061.47998046875,107.58000183105467,15.770000457763672,2871.60009765625,773848838.1413299,19819918.75,14433738129.338787
2025-02-06,96610.640625,99168.609375,95707.3515625,96593.296875,45302471947.0,100247.422758263,98666.23466038571,83747.92849393906,42.477449161929975,-356.62264923336625,606.2261510079628,-962.8488002413292,36.478865651913125,40.653459863248266,107606.38592091513,96252.11954783488,101929.252734375,0.1113935996633778,4454.206599209412,62200074221.95001,0.7283346927424251,1,0,1,0,0,0,0,0.874,-0.0161,7.8437,0,BUY,49,Neutral,0.0056543333333333,0.0,0.0,59189886991.0,1.754,-140200000.0,1912584628590.309,58.03454787519963,48848958931.79228,96582.88682919052,569.5181048818762,25,6083.56982421875,107.69000244140624,15.5,2856.0,779222788.4062003,19820312.5,10021883321.596104
2025-02-07,96581.3203125,100154.140625,95653.8828125,96529.0859375,55741290456.0,99893.29544199986,98582.42490654708,83875.10418989489,42.36215609585413,-592.3604345581116,366.5088338947479,-958.8692684528596,34.15383428482119,39.03922323129399,107570.37803037926,95500.22900087074,101535.303515625,0.1188763770982482,4457.495971587312,62464855958.45002,0.8923624268513105,1,0,1,0,0,0,0,-0.8098,-0.2643,7.2624,0,BUY,44,Fear,0.0039003333333333,0.0,0.0,59204664597.0,1.975,171300000.0,1915093756057.564,59.74,44462180396.17252,96635.41875332213,572.2112608064776,25,6025.990234375,108.04000091552734,16.540000915527344,2867.300048828125,929693395.82257,19820706.25,8703519501.878572
2025-02-08,96533.2578125,96877.8046875,95702.4921875,96482.453125,22447526395.0,99568.45331657132,98500.0730719766,84000.55044795564,42.272419591329,-774.0247307862446,138.4021209585494,-912.426851744794,34.367651556225354,35.00011716431989,107749.4692902856,94860.4221159644,101304.945703125,0.1272301868863605,4223.054295045362,59747735851.95002,0.3757050551777079,1,0,1,0,0,0,0,1.4546,-5.2489,7.527,0,BUY,44,Fear,0.0035976666666666,0.0,0.0,58986307372.0,2.028,,1911296376425.356,58.70086647026943,57077722340.22422,96558.4563096667,578.4992668082035,25,,,,,859832042.3792553,19821309.375,3464009779.7232847
2025-02-09,96481.3125,97325.28125,94745.2578125,96500.09375,27732901800.0,99276.22859594547,98421.64251033046,84124.92401315011,42.32219408670897,-906.1262836055976,-70.50355995428,-835.6227236513175,34.66677854928738,34.39608813011131,107808.88402293676,94249.35035206322,101029.1171875,0.1342141161711666,4105.694948077836,54820397024.40002,0.5058865551020427,1,0,1,0,0,0,0,0.1283,-8.0455,7.2427,0,BUY,46,Fear,0.0053176666666666,0.0,0.0,58711101847.0,1.939,,1914211835440.1184,58.05,20760850644.84597,96558.23762501092,614.7094865407944,25,,,,,795293751.4100475,19821900.0,2892524949.0753446
2025-02-10,96499.4609375,98333.21875,95320.84375,97437.5546875,40078962391.0,99101.11679514116,98383.05083100378,84257.38799995958,45.03449356566013,-924.5152170554647,-241.305891374517,-683.2093256809478,36.66220165778469,35.232210587765806,107102.8963701906,94084.46691105935,100593.681640625,0.1294159757035248,4027.600666072276,52387651231.85001,0.7650459879108548,1,0,1,0,0,0,0,0.0733,-13.4348,5.9048,0,HOLD,43,Fear,0.0074923333333333,0.0,0.0,59010363024.0,2.028,-186300000.0,1913068773356.083,58.43008071978368,25457107581.051964,96548.57865379583,617.2838550746773,75,6066.43994140625,108.31999969482422,15.8100004196167,2914.300048828125,788864727.616627,19822312.5,7432617992.956971
2025-02-11,97438.1328125,98492.8984375,94875.0390625,95747.4296875,37488783272.0,98781.71802298485,98279.69313910168,84371.71677296993,41.26676456293148,-1063.2115014728042,-405.68701339417447,-657.5244880786297,35.04774573679167,35.45890864795457,106883.154521893,93513.644696857,100198.399609375,0.1334303729117157,3998.333430995685,51568181342.85001,0.7269750899834256,1,0,1,0,0,0,0,1.9143,-11.5337,11.1737,0,BUY,47,Neutral,0.0047286666666666,0.0,0.0,60238735403.0,1.587,-56700000.0,1930742951090.367,57.8,37054987393.57789,97399.98161383196,617.6277634766806,50,6068.5,107.95999908447266,16.020000457763672,2912.5,703735440.4637535,19822709.375,9477085951.576164
2025-02-12,95745.6953125,98151.0234375,94101.203125,97885.859375,49340445530.0,98696.3981517482,98264.24867776436,84506.18585358714,47.277047665733136,-989.1733275664736,-522.3842762286343,-466.7890513378394,38.09153645726084,36.60049461727906,106409.61101118052,93379.75695756948,99894.683984375,0.13043591043993,4002.0110653888505,48829977847.95001,1.010453981438196,1,0,1,0,0,0,0,-1.7478,-13.8047,7.8871,0,HOLD,46,Fear,0.006868,0.0,0.0,61416653190.0,2.306,-251000000.0,1898788887978.3247,58.05166922219045,36454577154.5622,95739.9773707924,643.374116169739,50,6051.97021484375,107.94000244140624,15.890000343322754,2909.0,754813012.7554775,19823106.25,6046944646.337515
2025-02-13,97888.75,98111.0859375,95269.7109375,96623.8671875,37147280860.0,98499.01425039122,98199.91999187163,84626.75979720817,44.39007134759331,-1020.565322197508,-622.0204854224091,-398.5448367750989,36.618026307073386,36.58576950037529,105720.56421532932,93249.2420346707,99484.903125,0.1253589417983225,3919.108489289648,48067930427.70001,0.7728079933849868,1,0,1,0,0,0,0,-0.8802,-10.962,10.5225,0,BUY,50,Neutral,0.007512,0.0,0.0,62040623898.0,1.478,-156800000.0,1936842454813.9983,57.96,47115618235.19051,97836.18856127484,698.0715219546765,50,6115.06982421875,107.30999755859376,15.100000381469728,2925.89990234375,896695158.0102665,19823503.125,6654782592.28042
2025-02-14,96623.3671875,98819.46875,96342.8046875,97508.96875,32697987277.0,98404.72420273491,98172.82386473942,84754.94098081805,46.84186401301591,-962.9234232936288,-690.2010729966531,-272.7223502969756,44.86624300622649,39.85860192352024,104903.97383947148,93345.26444177856,99124.619140625,0.1166078568362005,3816.076744518959,48508379966.45,0.6740688371702994,1,0,1,0,0,0,0,-2.0197,-3.3439,12.48,0,HOLD,48,Neutral,0.0051253333333333,0.0,0.0,61381188152.0,2.087,70600000.0,1914315097486.3865,57.67325032301852,29084371910.69056,96561.6639990985,669.9136528267184,75,6114.6298828125,106.56999969482422,14.770000457763672,2883.60009765625,862643443.1491172,19824093.75,8436991720.132586
2025-02-15,97508.3828125,97975.0390625,97240.1953125,97580.3515625,17047266288.0,98326.21252271254,98149.58965680846,84882.55700650642,47.04464466793485,-901.0945496704516,-732.3797683314128,-168.71478133903884,49.01737857981613,43.50054929770533,104434.0444924602,93304.97894503982,98869.51171875,0.1125631689077091,3595.98867348189,48233573486.9,0.3534315427122552,1,0,1,0,0,0,0,-0.9682,-11.8002,14.4424,0,HOLD,50,Neutral,0.0059646666666666,0.0,0.0,61698197741.0,1.424,,1931656846871.4856,57.07,32289906944.92862,97488.48148536457,657.410706012491,75,,,,,908045729.6306496,19824487.5,2834188516.6755214
2025-02-16,97580.4921875,97725.59375,96060.9765625,96175.03125,16536755396.0,98121.33811578754,98072.15599379636,84994.9199343024,43.52452693703759,-954.4895647842496,-776.8017276219803,-177.68783716226926,51.470661309821736,48.45142763195479,104046.003734427,93101.754078073,98573.87890625,0.1110258597692264,3458.033567340327,44610080835.3,0.3706954815225183,1,0,1,0,0,0,0,2.2448,-9.3089,11.5547,0,BUY,54,Neutral,0.00586,0.0,0.0,61044768021.0,1.449,,1934308378710.286,57.54376573361071,14215311318.346336,97569.95169430463,661.9679162628277,50,,,,,856968157.3389257,19825081.25,2372547536.0734653
2025-02-17,96179.0078125,97032.234375,95243.546875,95773.3828125,27336550690.0,97897.72332499824,97982.00802590238,85102.16832115014,42.54470324494866,-1017.4862233231544,-824.9386267622151,-192.5475965609392,40.6198760529936,47.03597198087715,103742.74761588412,92849.1008216159,98295.92421875,0.1108250100993531,3338.794562530304,43617874095.1,0.626728176398468,1,0,0,0,0,0,0,0.3677,-5.3771,12.5481,0,BUY,51,Neutral,0.006855,0.0,0.0,60566116759.0,1.753,0.0,1905012222220.369,57.84,13634794998.739267,96149.3484548204,674.7322746333247,50,,,,,777514155.996244,19825478.125,5508831135.639191
2025-02-18,95773.8125,96695.375,93388.8359375,95539.546875,37325720482.0,97673.13509166508,97886.22523567092,85206.02283412378,41.95256615273282,-1073.900874191837,-874.7310762481395,-199.1697979436974,32.4744360794396,41.521657814084975,102828.4217736209,92947.0602576291,97887.741015625,0.1009458530094643,3336.4905982424248,43112557628.3,0.8657737451767095,1,0,0,0,0,0,0,1.0867,-5.8382,14.1259,0,BUY,47,Neutral,0.0092583333333333,0.0,0.0,61490903664.0,2.223,-60700000.0,1898997753781.9536,57.42711056759722,25324374113.08163,95776.15723852724,667.1818129347955,50,6129.580078125,107.0500030517578,15.350000381469728,2931.60009765625,794540013.4268184,19825871.875,7844099152.227246
2025-02-19,95532.53125,96855.59375,95011.96875,96635.609375,28990872862.0,97574.32311864936,97837.18147642892,85319.75006338624,45.76305530809198,-1018.4270151950332,-903.4702640375184,-114.95675115751489,33.88545592352164,35.65992268531828,101248.18073495037,93717.33176504965,97482.75625,0.0772531395253888,3229.857341225109,42466314045.34999,0.6826792838917101,1,0,0,0,0,0,0,-0.3743,-10.2374,13.2506,0,HOLD,44,Fear,0.0062066666666666,0.0,0.0,63056842362.0,2.374,-64100000.0,1892702154844.508,57.94,38311133144.72936,95495.89153299289,647.7337603591404,50,6144.14990234375,107.16999816894533,15.270000457763672,2919.39990234375,715086012.0841366,19826265.625,7977877909.42433
2025-02-20,96632.6796875,98767.1953125,96442.671875,98333.9375,31668022771.0,97646.66734544469,97856.66210480429,85449.2444657406,51.1175849234086,-827.8794175172516,-888.352094733465,60.47267721621347,50.958956101462846,39.1062827014747,100288.4722123158,94269.93169393417,97279.20195312498,0.0618687283360088,3165.190633816173,41763076965.9,0.7582780070744616,1,1,0,1,0,0,0,-7.0329,-12.3857,10.8413,0,HOLD,49,Neutral,0.001905,0.0,0.0,62076108751.0,1.585,-364800000.0,1914337919659.5537,57.81948544578861,27703222487.38957,96554.87156259285,651.2699602601128,50,6117.52001953125,106.33999633789062,15.65999984741211,2940.0,737787155.324903,19826659.375,7693600250.556907
2025-02-21,98340.671875,99497.96875,94852.9609375,96125.546875,49608706470.0,97501.79872921183,97788.77523304726,85555.47633050935,44.90892660900262,-845.3233789660881,-879.7463515799897,34.42297261390161,55.294536176201404,46.71298273372863,99644.86619525676,94460.50177349322,97052.683984375,0.0534180427467436,3270.891860865018,42855615047.0,1.1575777506773348,1,0,0,1,0,0,0,-7.6872,-16.1502,12.1474,0,BUY,55,Greed,0.0101053333333333,0.0,0.0,65084181137.0,1.063,-62900000.0,1950376106325.3228,56.78,24175261969.81266,98384.31738240314,657.2357183731672,50,6013.1298828125,106.61000061035156,18.209999084472656,2937.60009765625,732111869.5147113,19827053.125,11713054420.955343
2025-02-22,96134.203125,96950.15625,95765.34375,96577.7578125,18353824477.0,97413.79483238216,97741.28435381012,85665.15077311623,46.34600141878439,-813.2831784890586,-866.4537169618036,53.170538472744965,56.6971104743002,54.31686758398815,99579.4980119714,94414.7480817786,96997.123046875,0.0532464238933857,3121.8861922318024,40618715428.2,0.4518563495550047,1,0,0,1,0,0,0,-12.6641,-18.6852,9.3852,0,HOLD,49,Neutral,0.0076953333333333,0.0,0.0,61103269551.0,1.937,,1906058197506.3809,58.12595854685618,42477472950.92155,96135.15541305284,646.8031724730836,25,,,,,788864727.616627,19827446.875,9079926698.565578
2025-02-23,96577.8046875,96671.875,95270.453125,96273.921875,16999478976.0,97305.23550310766,97683.74072719012,85770.71068457776,45.48743799894486,-803.1498975912255,-853.792953087688,50.64305549646258,48.0740285100816,53.35522505352773,98293.09732238064,95187.99877136936,96740.548046875,0.0320971775920345,2998.9958838581024,35698644489.6,0.476193962517328,1,0,0,1,0,0,0,-12.0175,-13.9308,8.0236,0,HOLD,50,Neutral,0.0074066666666666,0.0,0.0,59143508903.0,1.603,,1915260330870.798,58.65,18464415570.762142,96564.15414290236,668.785472644957,25,,,,,728533880.978175,19828037.5,4160757626.313596
2025-02-24,96277.9609375,96503.453125,91371.7421875,91418.171875,44046480529.0,96744.56277662124,97438.0321447513,85826.90432826357,34.490698031406104,-1173.4112883682392,-917.7166201437984,-255.69466822444087,33.33213240034521,46.034423794909,99186.6721784441,93649.05907155594,96417.86562500002,0.057433475331488,3151.3326734039524,34250862005.499992,1.2859962625736845,1,0,0,0,0,0,0,-7.7065,-8.4183,14.4609,0,BUY,49,Neutral,0.0090313333333333,0.0,0.0,59460450533.0,2.004,-516400000.0,1909625674815.4763,57.54799312101733,16643044374.983364,96327.46309127836,658.3040708334223,50,5983.25,106.5999984741211,18.979999542236328,2947.89990234375,714530229.8374169,19828431.25,7539058256.821985
2025-02-25,91437.1171875,92511.078125,86008.234375,88736.171875,92139104128.0,95981.85888122872,97096.78272240813,85855.852264052,30.15447694700456,-1664.0786311323754,-1066.989022341514,-597.0896087908616,22.67315435176877,34.69310508739852,100431.55343089596,91616.25047535406,96023.901953125,0.0918032154103171,3390.7263217322416,36401521649.85,2.53118825675189,1,0,0,0,0,0,1,-3.0475,-8.643,19.0632,0,BUY,25,Extreme Fear,0.008664,0.0,0.0,59761077511.0,2.582,-1012700000.0,1814176779160.4363,61.56,45539703844.38777,91396.76686930266,611.6538008061765,25,5955.25,106.30999755859376,19.43000030517578,2904.5,807968798.3546175,19828828.125,19880185672.637268
2025-02-26,88638.890625,89286.25,82131.8984375,84347.0234375,64597492134.0,94873.77931515934,96596.79216221564,85840.83904189726,24.68496961945114,-2379.672252173986,-1329.5256683080083,-1050.1465838659783,11.183051429358864,22.39611272715761,102229.62674737508,88593.54981512492,95411.58828125,0.1429184565301895,3659.556696072796,37366272659.2,1.7287646729756272,0,0,0,0,1,0,1,11.7388,-0.4481,25.5308,1,HOLD,21,Extreme Fear,0.0084536666666666,0.0,0.0,57909441763.0,2.942,-754600000.0,1759750360550.3335,57.89323923235823,96742453402.56294,88755.7693356979,623.430675278815,50,5956.06005859375,106.41999816894533,19.100000381469727,2916.800048828125,862932662.1882651,19829221.875,16676247403.02854
2025-02-27,84076.859375,87000.78125,83144.9609375,84704.2265625,52659591954.0,93905.25048157272,96130.41704065815,85829.52946498783,25.863519686678103,-2884.7089167829545,-1640.5623180029977,-1244.146598779957,15.930059025718853,16.59542160228216,103120.1773906862,86520.51323431384,94820.34531250002,0.1750643714876248,3673.575525817596,37212187734.09999,1.4151167980307842,0,0,0,0,1,0,0,1.6073,-0.4263,24.4713,1,HOLD,10,Extreme Fear,0.0077456666666666,0.0,0.0,53921805432.0,2.827,-275900000.0,1664314955447.7466,60.34,69277430795.68657,83900.11496524839,610.3578616799338,25,5861.56982421875,107.23999786376952,21.1299991607666,2883.199951171875,824457957.5047117,19829812.5,13035391292.900711
2025-02-28,84705.625,85036.3203125,78248.9140625,84373.0078125,83610570576.0,92997.41784642296,95669.34216896568,85815.03671222676,25.46559168566912,-3273.9407461286464,-1967.238003628128,-1306.702742500519,18.79613401284444,15.30308148930738,103688.01052156888,84741.73557218116,94214.873046875,0.2010964334682201,3895.9920061163393,40270339943.15,2.076232053020506,0,0,0,0,1,0,1,3.3769,-2.1255,24.1297,1,HOLD,16,Extreme Fear,0.0053546666666666,0.0,0.0,53383234648.0,2.668,94300000.0,1679555320077.2097,57.56703324017889,81960688217.70384,84709.14477847965,605.3106534011248,50,5954.5,107.61000061035156,19.6299991607666,2836.800048828125,857436275.8049003,19830206.25,14082883082.188152
2025-03-01,84373.8671875,86522.3046875,83794.234375,86031.9140625,29190628396.0,92334.03653366838,95291.40381184938,85817.19469581157,31.17698636290122,-3409.250190816805,-2255.640441065864,-1153.6097497509418,26.75347912631337,20.49322405495888,103770.37408552508,83612.55403947496,93691.46406250002,0.2151510839088092,3812.569028000887,40343226272.950005,0.723557114607173,1,0,0,0,0,0,0,5.3371,-2.2738,18.0678,1,BUY,20,Extreme Fear,0.0015113333333333,0.0,0.0,51263510257.0,1.795,,1674754437110.342,54.41,80695237175.07367,84441.9012237131,587.5469266891337,75,,,,,791479639.2045234,19830600.0,4440543779.655316
2025-03-02,86036.2578125,95043.4375,85040.2109375,94248.3515625,58398341092.0,92516.35225069996,95250.49980207096,85901.08680393783,51.145193000665046,-2820.967702286828,-2368.705893310056,-452.2618089767712,46.91429287846996,30.82130200587592,103461.167832853,83602.83997964699,93532.00390625,0.2123158600676473,4254.758851893681,41259195208.00001,1.4154018467300782,1,0,0,0,0,0,0,-4.5482,-12.2335,10.7609,0,HOLD,26,Fear,0.0010256666666666,0.0,0.0,51822562829.0,1.727,,1705564098300.8235,58.02818528908031,30634474722.6359,86005.25629681018,608.2885669828928,50,,,,,692544684.3039575,19831190.625,6026981353.715553
2025-03-03,94248.421875,94429.75,85081.3046875,86065.671875,70072228536.0,91902.00173872852,94890.3104715976,85902.72446633645,39.00720108257657,-2980.664215378303,-2491.097557723705,-489.56665765459775,49.569570312993086,41.07911410592547,103454.85285428252,82640.97917696749,93047.916015625,0.2236898424873896,4618.593599079846,42888367471.200005,1.6338283004839074,1,0,0,0,0,0,1,0.7866,0.9162,22.7152,1,BUY,33,Fear,0.0064956666666666,0.0,0.0,56352723926.0,1.273,-74200000.0,1868321705444.488,48.84,61859112550.80991,94261.5328653844,623.6422270366194,75,5849.72021484375,106.75,22.780000686645508,2890.199951171875,824457957.5047117,19831584.375,13059040343.29221
2025-03-04,86064.0703125,88911.2734375,81529.2421875,87222.1953125,68095241474.0,91456.30588861152,94589.6000732016,85915.85352948237,41.133639352742016,-2979.556602810335,-2588.789366741032,-390.7672360693032,51.43676121866696,49.306874803376665,102970.58715277012,82058.8784722299,92514.7328125,0.2260365246141071,4815.982002717,43826107268.4,1.5537597500268705,1,0,0,0,0,0,1,-1.224,-3.5025,21.2921,1,BUY,15,Extreme Fear,0.0020473333333333,0.0,0.0,50307283804.0,2.286,-143500000.0,1708198960874.3418,58.41313078317222,68715362745.4567,86124.71418722175,574.3332822956445,75,5778.14990234375,105.73999786376952,23.51000022888184,2909.60009765625,802472411.9712528,19831978.125,9413786977.94864
2025-03-05,87222.953125,90998.2421875,86379.7734375,90623.5625,50498988027.0,91376.99699445804,94434.06918797802,85962.69640481091,46.98742577358047,-2673.399619569784,-2605.711417306782,-67.68820226300159,45.75056463908872,48.91896539024959,102517.34457526484,81912.09058098518,92214.717578125,0.2234486482791939,4801.873913237215,44493692626.75,1.1349695888499838,1,0,0,0,0,0,0,-11.0595,-7.2612,21.7058,0,HOLD,20,Extreme Fear,0.0037396666666666,0.0,0.0,47857665857.0,1.769,22100000.0,1731441668069.6523,55.99,65863356680.42408,87310.80531078295,583.1532087181396,75,5842.6298828125,105.73999786376952,21.93000030517578,2915.300048828125,736515775.3708757,19832371.875,7517911103.384212
2025-03-06,90622.359375,92804.9375,87852.140625,89961.7265625,47749810486.0,91242.20933427157,94258.68320266515,86002.48774966353,46.02829876538875,-2455.8629739303724,-2575.7417286315003,119.87875470112796,51.862294854538256,49.68320690409798,101872.90715960518,81801.80377789488,91837.35546875004,0.2185505372978645,4812.6541247917,45246283787.200005,1.0553311010153774,1,0,0,1,0,0,0,-12.7051,-6.8132,22.5602,0,HOLD,25,Extreme Fear,0.0055083333333333,0.0,0.0,50657943341.0,1.293,-134300000.0,1797706868227.531,58.54304424228582,51606642859.81411,90604.08098523636,597.848549405523,75,5738.52001953125,104.05999755859376,24.8700008392334,2916.60009765625,934385685.1720064,19832771.875,8439668480.765515
2025-03-07,89963.28125,91191.046875,84717.6796875,86742.671875,65945677657.0,90813.68195719807,93963.93766040378,86009.85276583604,41.582333940451015,-2514.2319249373395,-2563.4397678926684,49.20784295532894,52.925315961043225,50.1793918182234,101194.80103106472,81396.1419376853,91295.471484375,0.216863539576198,4931.2764864137225,47691204355.65,1.3827639403949623,1,0,0,1,0,0,0,-4.4735,-0.7935,25.2978,0,BUY,34,Fear,0.0040466666666666,0.0,0.0,50490778606.0,1.416,-409300000.0,1782785866811.654,59.39,47555759124.64708,90001.40087607042,595.9383138170398,25,5770.2001953125,103.83999633789062,23.3700008392334,2904.699951171875,780486866.4377937,19833365.625,10112854701.343702
2025-03-08,86742.65625,86847.265625,85247.484375,86154.59375,18206118081.0,90369.95927079828,93657.68887960364,86011.29297463369,40.80686276417741,-2578.2225839890743,-2566.3963311119496,-11.826252877124716,47.817272990300616,50.8682946019607,100668.20544561768,80920.69377313237,90794.44960937502,0.2174969038024353,4693.3125409556,47774672489.9,0.3810830536797283,1,0,0,0,0,0,0,-2.8231,1.5604,22.9523,0,BUY,28,Fear,0.0012963333333333,0.0,0.0,49199429026.0,2.167,,1720436931689.2776,58.32207129691043,63216440874.73251,86773.33597555371,594.5528006856207,25,,,,,753004934.5209701,19833759.375,2510243357.318507
2025-03-09,86154.3046875,86471.1328125,80052.484375,80601.0390625,30899345977.0,89439.585917627,93145.66339657996,85957.45960237367,34.30125948009438,-3041.9948693260376,-2661.516038754768,-380.47883057127,33.73846688294658,44.82701861143014,100605.78337513276,79465.88146861728,90035.83242187502,0.2347943184160459,4816.5508192802,47952812254.25,0.6443698403582457,0,0,0,0,0,0,0,0.5777,8.5243,31.6248,0,HOLD,27,Fear,0.0041123333333333,0.0,0.0,48583993947.0,2.324,,1708605516770.228,60.08,18809360803.37126,86142.9833586432,593.0806975943264,25,,,,,878012411.8108668,19834350.0,3291100083.832311
2025-03-10,80597.1484375,83955.9296875,77420.59375,78532.0,54061099422.0,88400.76821118634,92572.5785574984,85883.5744322008,32.23911182825499,-3535.734164882626,-2836.3596639803395,-699.3745009022864,20.70129183081806,34.08567723468842,100594.3417811029,77776.56837514712,89185.45507812501,0.2558463528158015,4939.321184867328,48789581201.25,1.1080459821740578,0,0,0,0,0,0,0,6.9234,10.6567,34.305,1,HOLD,20,Extreme Fear,0.0033996666666666,0.0,0.0,47549565351.0,2.704,-278400000.0,1602073794580.0344,58.37852068233239,32013406240.51754,80751.13893300897,554.7300039388367,25,5614.56005859375,103.91000366210938,27.86000061035156,2891.0,858547242.188255,19834743.75,11665904508.07828
2025-03-11,78523.875,83577.7578125,76624.25,82862.2109375,54702837196.0,87873.28656607335,92191.77982730238,85853.51111384557,40.32499072098607,-3536.8437471291545,-2976.456480610103,-560.3872665190515,17.68613985289311,24.041966188885915,99672.5681595062,77321.00215299384,88496.78515625001,0.2525692426798149,5083.191658269661,50075179417.950005,1.0924142026417016,0,0,0,0,0,0,0,1.7872,5.2073,27.3826,0,HOLD,24,Extreme Fear,0.0037373333333333,0.0,0.0,46356220729.0,2.704,-371000000.0,1563547150147.7332,61.58,49983692766.22745,78783.94057934263,532.5658810549988,25,5572.06982421875,103.44000244140624,26.920000076293945,2912.89990234375,769347528.7141508,19835334.375,10558772838.912882
2025-03-12,82857.375,84358.578125,80635.25,83722.359375,40353484454.0,87477.96016692351,91859.64569191798,85832.30562390681,41.810388051161546,-3428.791336528797,-3066.923451793842,-361.8678847349547,26.236587901538904,21.541339861750025,98114.01824132152,77418.39425867848,87766.20625,0.2358040169093333,4986.0585487504,50509452502.1,0.798929357872613,0,0,0,0,0,0,0,-1.3648,0.7534,27.5606,0,HOLD,34,Fear,0.0037643333333333,0.0,0.0,47220582468.0,1.796,13300000.0,1642997419531.6057,59.20184551286554,56404462275.083046,82799.1080292053,552.6254279577566,25,5599.2998046875,103.61000061035156,24.229999542236328,2939.10009765625,852972260.0961236,19835731.25,11244575402.619509
2025-03-13,83724.921875,84301.6953125,79931.8515625,81066.703125,31412940153.0,86867.36425816889,91436.39304223492,85784.88669356942,38.614553424780766,-3516.9075665538403,-3156.920274745842,-359.9872918079982,32.17391906763893,25.36554894069031,96984.62399160136,77041.90413339865,87013.2640625,0.229191722354861,4942.043205982515,49599664186.25,0.633329694230234,0,0,0,0,0,0,0,3.7117,1.8884,29.0309,1,HOLD,45,Fear,0.003446,0.0,0.0,47733913890.0,1.842,-135200000.0,1662502658717.542,57.8,41782186208.59073,83884.24578828987,570.7207702766447,50,5521.52001953125,103.83000183105467,24.65999984741211,2984.300048828125,886422152.6489124,19836125.0,11652599979.206436
2025-03-14,81066.9921875,85263.2890625,80797.5625,83969.1015625,29588112414.0,86591.33923953376,91143.55808224532,85766.81917982745,43.68122929696908,-3314.3354205158685,-3188.403303899848,-125.93211661602072,34.17706682682574,30.862524598667854,95352.03661855328,77413.62588144671,86382.83125,0.2076617596058079,4908.020588590907,50161378583.1,0.5898584379012384,0,0,0,0,0,0,0,-1.4894,-1.9466,24.9071,0,HOLD,27,Fear,0.0017243333333333,0.0,0.0,47848315416.0,2.415,-59200000.0,1608477373718.186,58.71448892345534,32583592654.882656,81098.90052436228,578.7156213732173,50,5638.93994140625,103.72000122070312,21.770000457763672,2994.5,791647457.0826768,19836721.875,7688923936.964859
2025-03-15,83968.40625,84672.671875,83639.59375,84343.109375,13650491277.0,86377.22210957816,90876.8738192161,85752.65291311276,44.31901232594563,-3088.019464411845,-3168.3265360022474,80.30707159040185,35.30044247337185,33.8838094559455,93482.2381670918,78090.34308290818,85786.290625,0.1794213850726645,4631.238984048699,49993929198.15,0.2730429773362388,0,0,0,1,0,0,0,2.9773,-2.1273,24.1172,0,HOLD,46,Fear,0.0008326666666666,0.0,0.0,50047173021.0,1.219,,1665725559905.8198,57.89,28571483950.07465,83971.70916064628,586.9702499764328,50,,,,,735897636.1613616,19837115.625,2025237248.2558637
2025-03-16,84333.3203125,85051.6015625,82017.90625,82579.6875,21330270174.0,86015.5521467612,90551.49396356056,85721.08111795741,41.90916760176759,-3016.187118866976,-3137.8986525751934,121.71153370821776,38.40996351515327,35.96249093845029,92685.51815290596,78003.21465959404,85344.36640625,0.1720360008699613,4517.128721795221,48858118680.4,0.436575757522094,0,0,0,1,0,0,0,1.9224,3.1357,25.1029,1,HOLD,30,Fear,0.0007196666666666,0.0,0.0,50352132244.0,1.327,,1674173293916.4658,58.58711993614756,10761796127.312485,84391.69087647168,618.7666348359702,75,,,,,808372403.3590714,19837518.75,2461022384.446573
2025-03-17,82576.3359375,84725.328125,82492.15625,84075.6875,25092785558.0,85830.80313278394,90297.54076891112,85704.70904215683,44.658395764671184,-2806.19668154417,-3071.558258368989,265.3615768248187,40.4684096002109,38.05960519624534,92293.31690046802,77929.36747453199,85111.3421875,0.1687665716079568,4353.988947024134,45505802751.9,0.5514194682996183,0,0,0,1,0,0,0,-0.0386,-1.8911,21.6254,0,HOLD,32,Fear,0.00191,0.0,0.0,48800354264.0,1.677,274600000.0,1638672153483.722,58.53,21638031633.118767,82610.61750343916,602.0153495286127,50,5675.1201171875,103.37000274658205,20.51000022888184,3000.0,780497492.8984137,19837912.5,6958311355.184736
2025-03-18,84075.71875,84075.71875,81179.9921875,82718.5,24095774594.0,85534.39331061405,90000.3234838558,85674.9955193493,42.68475147435712,-2717.9604792936007,-3000.8387025539114,282.87822326031073,39.05411116549195,39.31082809361871,92284.9327169368,77774.89931431322,85029.91601562501,0.1706462158560433,4249.827348129554,43480716874.9,0.5541715115536586,0,0,0,1,0,0,0,1.3467,0.4646,22.0853,1,HOLD,34,Fear,0.004489,0.0,0.0,49971123687.0,1.308,209100000.0,1667799227887.438,58.63469282243155,19659366246.596867,84075.36559694471,630.4469540119447,75,5614.66015625,103.23999786376952,21.700000762939453,3035.10009765625,791647457.0826768,19838306.25,5673415289.209962
2025-03-19,82718.8046875,87021.1875,82569.7265625,86854.2265625,34931960257.0,85660.09171555557,89876.9471339987,85686.7291615697,49.94439256250381,-2287.940133749202,-2858.25898879297,570.318855043768,48.97950939455858,42.83401005342048,92435.69887349536,77839.13315775468,85137.41601562501,0.1714471309895264,4264.2297473703,42594335290.04999,0.8201081204607995,1,0,0,1,0,0,0,-0.9209,-3.4661,21.5574,0,HOLD,32,Fear,0.001993,0.0,0.0,49333822762.0,2.114,11800000.0,1642578274105.806,58.68,24557570268.85276,82780.03048688271,628.6214098323479,50,5675.2900390625,103.43000030517578,19.899999618530277,3035.89990234375,847397278.0039921,19838896.875,7323070307.706748
2025-03-20,86872.953125,87443.265625,83647.1953125,84167.1953125,29028988961.0,85517.91110574074,89653.0352978615,85671.60942177796,45.87846676061677,-2139.306286000763,-2714.4684482345283,575.1621622337652,50.88962384519716,46.30774813508256,92430.52503983756,77823.7257414125,85127.12539062503,0.1715880717385729,4230.789787736708,39865256209.3,0.7281776594785297,0,0,0,1,0,0,0,3.9585,-0.787,25.994,1,HOLD,49,Neutral,0.004275,0.0,0.0,57041434160.0,1.048,165700000.0,1721565138141.278,58.41059926805834,33871216993.304657,86815.44109470697,619.5659214134856,50,5662.89013671875,103.8499984741211,19.799999237060547,3040.0,791647457.0826768,19839290.625,9374758746.042685
2025-03-21,84164.5390625,84782.2734375,83171.0703125,84043.2421875,19030452299.0,85377.46644686068,89433.04341118065,85655.40676273043,45.69366836972366,-2008.3637054457067,-2573.247499676764,564.8837942310574,61.19292614205003,53.68735312726858,92333.37437296822,77722.00922078182,85027.69179687502,0.1718424297238585,4043.676454684086,39357247404.45,0.4835310788743902,0,0,0,1,0,0,0,4.0794,-6.9354,27.7453,1,HOLD,31,Fear,0.002802,0.0,0.0,55941851594.0,1.643,83100000.0,1672550706502.8184,59.82,27579127651.06656,84270.84358966233,630.2183910262637,25,5667.56005859375,104.08999633789062,19.280000686645508,3018.199951171875,808372403.3590714,19839684.375,7154070651.931662
2025-03-22,84046.2578125,84513.875,83674.78125,83832.484375,9863214091.0,85230.32529715967,89213.41364505592,85637.26823150924,45.3591155054269,-1899.698617911723,-2438.537723323756,538.839105412033,62.32700242546967,58.136517470905616,90391.8512359873,78621.94563901276,84506.89843750003,0.139277453256427,3814.777690063794,36930491054.4,0.2670750864501399,0,0,0,1,0,0,0,3.6602,-5.4837,27.5878,1,HOLD,32,Fear,0.0013156666666666,0.0,0.0,56136691417.0,1.571,,1666749159154.2927,58.42862481372095,18091004975.919056,84009.532917822,634.6156759206938,50,,,,,836247313.819729,19840275.0,2286075876.446249
2025-03-23,83831.8984375,86094.78125,83794.9140625,86054.375,12594615537.0,85308.8062212397,89089.52977662235,85641.41854761363,49.55256568916182,-1615.668330038534,-2273.963844666712,658.2955146281774,74.12058051723166,65.88016969491711,90390.65857928435,78622.00860821569,84506.33359375002,0.1392635258280694,3706.5697970235233,34056610404.45,0.3698141238199773,1,0,0,1,0,0,0,1.3047,-11.3677,24.4427,0,HOLD,30,Fear,0.000889,0.0,0.0,54877061441.0,1.55,,1662574363663.653,58.54,7771134681.982918,83793.30854192551,626.1359464582463,50,,,,,876571559.8921037,19840668.75,1789474661.2639942
2025-03-24,86070.9296875,88758.7265625,85541.1953125,87498.9140625,34582604933.0,85517.38792040736,89027.15268979403,85659.90109005032,52.125053727822376,-1259.4914176873135,-2071.069359270832,811.5779415835186,81.13533854130029,72.5276404946672,90432.61647088177,78607.72259161828,84520.16953125002,0.1399061779554455,3671.638472236129,32380978577.4,1.0679913471526954,1,0,0,1,0,0,0,-3.5952,-5.6286,22.6618,0,HOLD,45,Fear,-0.001268,0.0,0.0,58007242765.0,1.192,84200000.0,1702009594329.4497,58.491701775151824,12617587530.619724,85787.70914901773,622.808568853935,50,5767.56982421875,104.26000213623048,17.479999542236328,3013.10009765625,870857131.0489082,19841259.375,7684100097.406544
2025-03-25,87512.8203125,88542.3984375,86346.078125,87471.703125,30005840049.0,85703.51317798761,88966.15466764526,85677.9289709951,52.071188231407874,-968.252926754736,-1850.506072767613,882.2531460128769,87.39989191618506,80.88527032490566,89733.2438897386,78991.90923526144,84362.57656250002,0.127323454215738,3566.258603683548,31356321178.5,0.9569311360917562,1,0,0,1,0,0,0,-5.5722,-8.9693,23.9093,0,HOLD,46,Fear,-0.0002863333333333,0.0,0.0,61867126606.0,0.822,26800000.0,1732715331970.134,58.7,27270889835.1835,87327.72969669085,635.8154787603806,50,5776.64990234375,104.18000030517578,17.149999618530273,3023.699951171875,842582548.8719956,19841653.125,10116621776.142763
2025-03-26,87460.234375,88292.15625,85861.453125,86900.8828125,26704046038.0,85817.54838127451,88885.16361450231,85690.09766593545,50.88328813753307,-774.5759240097832,-1635.320043016047,860.7441190062639,84.66319637146572,84.39947560965035,89057.3966382763,79361.67211172373,84209.53437500002,0.1151380849984965,3485.1474980632947,30304032956.100006,0.8812043623594544,1,0,0,1,0,0,0,-5.2547,-4.023,23.2845,0,HOLD,47,Neutral,0.0020703333333333,0.0,0.0,59755829804.0,0.918,89600000.0,1735368473904.4883,58.36888838167369,30351832942.705597,87520.58391530563,630.3112214019164,50,5712.2001953125,104.5500030517578,18.32999992370605,3020.89990234375,859547298.1781431,19842050.0,9664047436.944172
2025-03-27,86896.2578125,87786.7265625,85837.9375,87177.1015625,24413471941.0,85947.02963662932,88818.1807889336,85704.89372460774,51.460343586603166,-591.9730623263022,-1426.6506468780983,834.6775845517961,81.50164181218774,84.52157669994617,89130.52827470834,79331.98344404169,84231.25585937501,0.1163290839094863,3375.407609808774,28227422670.300003,0.8648849108950737,1,0,0,1,0,0,0,-5.3089,-2.168,21.2455,0,HOLD,40,Fear,0.0002476666666666,0.0,0.0,57900140059.0,1.093,89000000.0,1724854479045.6724,59.41,25522877558.70056,86960.8555491039,617.8855000907927,50,5693.31005859375,104.06999969482422,18.690000534057617,3060.199951171875,836927632.4366131,19842643.75,7526149332.700574
2025-03-28,87185.234375,87489.859375,83557.640625,84353.1484375,34198619509.0,85795.23142718844,88643.08148103424,85691.44352274598,45.56620753211495,-667.434624399626,-1274.807442382404,607.3728179827779,66.98495768305787,77.7165986222371,88957.10023813073,79325.2669493693,84141.18359375001,0.114472281912099,3415.179834108147,29027047741.700005,1.1781638909102892,0,0,0,1,0,0,0,0.9674,-0.7921,29.0519,0,HOLD,44,Fear,0.0064763333333333,0.0,0.0,58013423548.0,1.028,-93200000.0,1729729987159.4822,58.62412043328244,24620445368.489468,87227.27158032371,637.6132125269871,75,5580.93994140625,104.04000091552734,21.649999618530277,3086.5,870857131.0489082,19843037.5,12048485791.401278
2025-03-29,84352.0703125,84567.3359375,81634.140625,82597.5859375,16969396135.0,85490.69376150383,88406.00322442506,85660.65887015646,42.32096935244039,-858.9957100764441,-1191.645095921212,332.64938584476795,46.90244755196358,65.12968234906972,88825.14290027741,79656.8789747226,84241.0109375,0.1088337357721991,3380.7523682789943,28330550249.600006,0.5989786991602674,0,0,0,1,0,0,0,-0.1354,2.3546,32.7496,1,HOLD,26,Fear,0.0036493333333333,0.0,0.0,57280281712.0,2.067,,1673182800974.1038,61.04,31674486232.097317,84359.46915506005,619.5224559274657,25,,,,,797343217.3889353,19843443.75,5091286087.469017
2025-03-30,82596.984375,83505.0,81573.25,82334.5234375,14763760943.0,85190.1061115987,88167.90597787898,85627.56299520466,41.84010367915891,-1020.2750995944516,-1157.37109665586,137.0959970614083,25.269308241192974,46.38557115873815,88273.74292139677,80588.53129735321,84431.13710937499,0.0910234291181921,3277.252199116209,26365683325.650005,0.5599612481363982,0,0,0,1,0,0,0,0.9332,1.6208,31.2139,1,HOLD,32,Fear,0.002364,0.0,0.0,54748543233.0,2.008,,1640665503855.1438,59.15754814073249,16837439419.924389,82679.17255385047,604.0434442333641,50,,,,,774723551.6474054,19844034.375,3254782225.1719213
2025-03-31,82336.0625,83870.125,81293.890625,82548.9140625,29004228247.0,84938.56401168453,87947.55335374648,85596.92967249118,42.41437062276786,-1117.9041429536446,-1149.477705915417,31.573562961772268,17.333795151867513,29.83518364834136,88287.45037547698,80543.49415577303,84415.47226562501,0.0917362186322492,3227.1794973936226,25080752878.200005,1.156433715839936,0,0,0,1,0,0,0,1.5686,1.7989,31.1116,1,HOLD,34,Fear,0.0043626666666666,0.0,0.0,53848167348.0,1.999,-60600000.0,1633996304187.2593,62.8,13428975108.070734,82356.38111183756,601.4706478405623,25,5611.85009765625,104.20999908447266,22.280000686645508,3122.800048828125,836927632.4366131,19844428.125,9821678609.988209
2025-04-01,82551.921875,85487.3671875,82429.359375,85169.171875,28175650319.0,84960.52666533361,87838.59721732505,85592.67337599874,49.0375080637084,-972.6310705945652,-1114.1083788512467,141.47730825668145,28.403438189004213,23.668847194021566,88359.32865788246,80616.29712336755,84487.812890625,0.09164672713849,3215.095805615507,24471861171.450005,1.1513488950268729,0,0,0,1,0,0,0,-1.9542,-0.321,28.2531,0,HOLD,34,Fear,0.003155,0.0,0.0,52875838379.0,1.966,-157800000.0,1635076581047.3545,59.10424266846043,30326148749.91535,82514.09365397849,605.503011770793,50,5633.06982421875,104.26000213623048,21.770000457763672,3118.89990234375,763413718.7766403,19844828.125,6557955353.679704
2025-04-02,85180.609375,88466.953125,82343.5390625,82485.7109375,47584398470.0,84724.82992934946,87628.68010831231,85561.75832685945,43.51738932322892,-1061.7942816169962,-1103.6455594043966,41.85127778740048,28.647427266053,24.794886868974903,88212.16124220405,80905.36532029597,84558.76328125001,0.086410865513785,3422.8328239644,25280434087.3,1.8822619226267447,0,0,0,1,0,0,1,-5.1781,2.3823,31.2953,0,HOLD,44,Fear,0.0038816666666666,0.0,0.0,55812287887.0,1.12,218100000.0,1690602036035.04,61.03,29172899851.734768,85237.5876052852,611.0283776490112,25,5670.97021484375,103.80999755859376,21.51000022888184,3139.89990234375,972645626.8857932,19845221.875,9548511632.805395
2025-04-03,82487.4765625,83909.296875,81282.1015625,83102.828125,36852112080.0,84570.35356703046,87451.19571680986,85537.29135967676,45.04935786319805,-1070.3225569865172,-1096.9809589208207,26.658401934303583,30.743954189278284,29.26493988144516,88218.48616969197,80812.41304905804,84515.449609375,0.0876298138963269,3366.0015731455137,25643634070.6,1.4370861781345698,0,0,0,1,0,0,0,-4.6539,2.3592,31.103,0,HOLD,25,Extreme Fear,0.0072753333333333,0.0,0.0,53319080406.0,1.474,-99800000.0,1637358764747.381,59.7408923869709,46332905657.77597,82526.4221526433,589.8692678191657,50,5396.52001953125,102.06999969482422,30.020000457763672,3097.0,859547298.1781431,19845821.875,11835707286.54347
2025-04-04,83100.25,84696.1484375,81670.75,83843.8046875,45157640207.0,84501.1584356466,87309.72940193496,85520.44074602328,46.91126896668812,-1005.6976047035424,-1078.7242880773651,73.02668337382283,24.860291095730386,28.08389085035389,88205.12735932165,80775.84139067835,84490.484375,0.0879304459383778,3341.672777742263,27218991517.1,1.6590489834507742,0,0,0,1,0,0,1,-9.0309,1.5869,32.7785,0,HOLD,28,Fear,0.0078856666666666,0.0,0.0,54152287914.0,1.952,-64900000.0,1652537223074.958,60.05,36594464539.14662,83163.98757387721,592.4642522121785,25,5074.080078125,103.0199966430664,45.310001373291016,3012.0,1017884958.3688536,19846218.75,8780468949.850952
2025-04-05,83844.703125,84207.015625,82377.734375,83504.796875,14380803631.0,84406.26685844218,87160.51636166302,85500.38458810265,46.14096390473758,-970.6479364795086,-1057.109017757794,86.46108127828529,29.447890369429164,28.35071188481261,88173.42031860669,80900.05936889333,84536.73984375001,0.086037869015966,3233.6448114749587,26871518189.95,0.5351690041978517,0,0,0,1,0,0,0,-1.1147,4.807,38.8989,0,HOLD,30,Fear,0.0063746666666666,0.0,0.0,55156162904.0,1.21,,1664234880198.049,59.80776401178347,35647289400.47406,83852.00765399594,597.7592047746326,75,,,,,948981343.907835,19846809.375,3868108851.8407145
2025-04-06,83504.5078125,83704.71875,77097.7421875,78214.484375,36294853736.0,83816.57328859055,86809.6915778723,85427.8880685693,36.16184037031788,-1354.1450860307086,-1116.516231412377,-237.6288546183316,24.52271978930266,26.276967084820733,88851.71667124241,79635.64270375759,84243.6796875,0.1093978088525053,3474.5970794053187,27431621598.85,1.323102741309379,0,0,0,0,0,0,0,1.8049,19.4688,50.2497,0,HOLD,34,Fear,0.0048003333333333,0.0,0.0,53922049657.0,1.618,,1656020067997.187,59.48,14910400035.531416,83595.88550177493,594.0888077893536,50,,,,,875826848.0097468,19847403.125,4346039061.740272
2025-04-07,78221.3359375,81119.0625,74436.6796875,79235.3359375,91262424987.0,83380.26496943906,86512.6580233479,85366.27063442931,38.9075779874937,-1557.738510624593,-1204.7606872548204,-352.9778233697725,24.441519082480376,26.1373764137374,89158.46172047817,78980.5812482718,84069.52148437499,0.1210650458394485,3703.7246317692247,30789954118.5,2.9640325099466582,0,0,0,0,0,0,1,5.2622,18.2542,48.2107,0,HOLD,23,Extreme Fear,0.0040426666666666,0.0,0.0,53346878913.0,2.206,-103900000.0,1555325260787.2627,60.53128210793932,36140377231.68329,78211.48358199988,554.4379559214581,75,5062.25,103.26000213623048,46.97999954223633,2951.300048828125,875826848.0097468,19847796.875,12325031990.720432
2025-04-08,79218.4765625,80823.890625,76198.0234375,76271.953125,48314590749.0,82703.2828890163,86111.06175282445,85275.77991294245,34.296164438136906,-1935.8922327636967,-1350.9869963565957,-584.9052364071017,18.89225860898016,22.61883249358773,89530.9354202836,77549.88020471639,83540.4078125,0.1434162883482417,3769.5919571785657,31459085643.099995,1.5357913226444002,0,0,0,0,0,0,1,11.8198,23.1695,56.1729,1,HOLD,24,Extreme Fear,0.0067973333333333,0.0,0.0,51516340061.0,1.61,-326300000.0,1581407565278.352,58.86,82909748172.59216,79179.29226757778,554.1601019762941,50,4982.77001953125,102.95999908447266,52.33000183105469,2968.39990234375,924148329.2792498,19848196.875,7889160738.948145
2025-04-09,76273.5625,83541.0,74589.671875,82573.953125,84213627038.0,82690.96576863379,85972.35161055683,85248.89606430622,48.32332483170501,-1707.3814198212349,-1422.2658810495236,-285.1155387717113,35.03266770436191,26.122148465274147,89458.54794802869,77462.9434582213,83460.745703125,0.1437275019381745,4139.715969165811,34218317546.95,2.4610686052127733,0,0,0,0,0,0,1,1.3455,14.7099,45.1423,0,HOLD,18,Extreme Fear,0.005634,0.0,0.0,51390033544.0,2.14,-127200000.0,1515042499757.3254,60.42176907093828,47812787635.22632,76329.090356324,553.3962669418149,50,5456.89990234375,102.9000015258789,33.619998931884766,3056.5,791264255.7881161,19848815.625,10619510422.057436
2025-04-10,82565.9765625,82700.9296875,78456.1328125,79626.140625,44718000633.0,82399.07765971628,85723.48059151538,85192.94824898975,43.63107532446456,-1744.0445274039666,-1486.6216103204122,-257.42291708355447,36.02212477668731,29.982350363343127,89468.24861665175,77011.53263334828,83239.89062500001,0.1496483944149039,4147.221748153967,35502694963.649994,1.259566370349779,0,0,0,0,0,0,0,6.1742,18.8641,47.9127,1,HOLD,39,Fear,0.0042483333333333,0.0,0.0,56240134012.0,0.894,-149500000.0,1640567909122.172,56.52,87408220482.11568,82622.17029546302,582.2597810033054,75,5268.0498046875,100.87000274658205,40.720001220703125,3155.199951171875,869786662.851059,19849209.375,8272452338.091592
2025-04-11,79625.046875,84247.4765625,78936.3203125,83404.8359375,41656778779.0,82494.86416236234,85632.55335018145,85175.15608668637,50.29393105379909,-1451.4596491294217,-1479.589218082214,28.129568952792624,52.968534372752366,41.3411089512672,89441.23397221381,76995.7824340362,83218.508203125,0.1495514856839294,4230.359926857255,37092373198.05,1.1230550969758375,0,0,0,1,0,0,0,0.3167,12.4094,42.3641,1,HOLD,25,Extreme Fear,0.0029276666666666,0.0,0.0,52262682106.0,1.75,-1000000.0,1580023209138.0547,60.2592470111932,41213520154.25157,79596.35732250768,577.2921769307156,50,5363.35986328125,99.77999877929688,37.560001373291016,3222.199951171875,893947403.4858105,19849606.25,10441636973.74348
2025-04-12,83404.515625,85856.1875,82769.375,85287.109375,24258059104.0,82760.79227785164,85619.00652762532,85176.27004975418,53.25777647601104,-1055.5327648786624,-1394.7779274415038,339.2451625628414,59.41449154311964,49.46838356418644,89338.38350255594,77021.90634119407,83180.144921875,0.1480699170809311,4148.677967796023,37675545376.4,0.6438674971164525,1,0,0,1,0,0,0,-1.4694,11.3635,39.8686,0,HOLD,43,Fear,0.0037199999999999,0.0,0.0,56864537323.0,0.78,,1655868880454.1702,60.16,39813566443.76779,83439.28818043756,586.1297244063287,50,,,,,869786662.851059,19850003.125,3199768362.3696
2025-04-13,85279.46875,86015.1875,83027.0078125,83684.9765625,28796984817.0,82848.80982877054,85543.16221526745,85161.43130858747,50.49771748240283,-861.1102421479736,-1288.0443903827977,426.9341482348241,69.05753462796686,60.48018684794628,88811.62558510089,77167.2705086491,82989.448046875,0.1403112727039068,4065.785233489165,37386264370.6,0.7702557423641802,0,0,0,1,0,0,0,1.4468,12.6663,41.0089,1,HOLD,45,Fear,0.0062136666666666,0.0,0.0,59563231426.0,0.737,,1693600655371.0874,60.40536168760235,22428929482.06912,85305.09728392666,596.9496743252538,50,,,,,1038911847.29432,19850596.875,2872917277.051721
2025-04-14,83694.5234375,85785.0,83690.640625,84542.390625,34090769777.0,83010.10323793525,85503.91627055108,85155.27169979557,51.933390678278535,-630.5739787020138,-1156.550308046641,525.9763293446272,71.76015405675042,66.74406007594564,88328.01075440075,77357.95408934925,82842.982421875,0.1324198664068715,3925.373676632796,37590510857.0,0.9068982836303144,0,0,0,1,0,0,0,-0.1083,11.432,39.504,0,HOLD,31,Fear,0.0027346666666666,0.0,0.0,56329433309.0,0.955,1500000.0,1658923208081.8682,58.87,28731125717.93436,83600.82010054543,583.6441112439634,75,5405.97021484375,99.63999938964844,30.88999938964844,3204.800048828125,899987588.6444983,19850996.875,7327920945.142364
2025-04-15,84539.6953125,86429.3515625,83598.8203125,83668.9921875,28040322885.0,83072.85456646522,85431.95846337262,85140.48284892697,50.33205806560228,-512.441180660855,-1027.728482569484,515.2873019086289,67.91580705784088,69.57783191418605,87844.00199371931,77518.77378753069,82681.387890625,0.1248797156120231,3847.1706461590247,37657324699.350006,0.7446180287333051,0,0,0,1,0,0,0,1.6666,15.3263,40.1962,1,HOLD,38,Fear,0.003481,0.0,0.0,56740381379.0,0.919,76400000.0,1677843510120.269,60.68868996553381,33155578229.343517,84523.4524914945,584.5130373558429,25,5396.6298828125,100.22000122070312,30.1200008392334,3218.699951171875,869786662.851059,19851587.5,6411287873.065953
2025-04-16,83674.5078125,85428.28125,83100.6171875,84033.8671875,29617804112.0,83164.37957799234,85377.13135451487,85129.47174781826,51.0116435906606,-384.9403710199258,-899.1708602595725,514.2304892396467,72.61870918034079,70.7648900983107,87286.4357100302,77762.01663371982,82524.22617187501,0.1154136126823372,3738.634461611952,37917541307.9,0.7811108814122719,0,0,0,1,0,0,0,1.3571,15.3226,39.7526,1,HOLD,29,Fear,0.0017033333333333,0.0,0.0,53649562200.0,1.039,-171100000.0,1660749023283.0562,62.43,25084671427.622566,83656.49248858042,579.7117342988385,25,5275.7001953125,99.37999725341795,32.63999938964844,3326.60009765625,893947403.4858105,19851984.375,9044954451.20895
2025-04-17,84030.671875,85449.0703125,83749.75,84895.75,21276866029.0,83329.27199913593,85358.25365433782,85127.14615828772,52.65939083058844,-211.90560496484977,-761.7178092006279,549.8122042357782,77.68013600854336,72.73821741557501,87363.3584877394,77739.35401226065,82551.35625000003,0.1165820273907219,3592.9691652468123,37271453633.9,0.5708622539381659,0,0,0,1,0,0,0,3.0899,12.9524,41.3444,1,HOLD,30,Fear,0.002494,0.0,0.0,53067619321.0,0.981,106900000.0,1670497569762.047,61.01007619668154,26948109141.803364,84105.77942167096,582.9884895445316,25,5282.7001953125,99.37999725341795,29.649999618530277,3308.699951171875,924148329.2792498,19852378.125,7817372046.315234
2025-04-18,84900.1875,85095.046875,84298.8828125,84450.8046875,12728372364.0,83436.08463612299,85322.6674203442,85120.41639240924,51.69273836705894,-109.41639033521642,-631.2575254275457,521.8411350923293,83.57988146407115,77.9595755509851,87530.56224816326,77757.47212683679,82644.01718750002,0.1182552646146618,3393.1973721934683,37059402445.34999,0.3434586508179676,0,0,0,1,0,0,0,10.6465,11.6816,40.6203,1,HOLD,33,Fear,0.0036416666666666,0.0,0.0,55536886031.0,0.837,0.0,1686226810049.1836,60.84,19323821375.14309,84930.90857600998,590.1449424870344,50,,,,,821465181.5815556,19852968.75,3870953753.627775
2025-04-19,84450.8671875,85597.703125,84353.4609375,85063.4140625,15259300427.0,83591.06839101604,85312.50062199736,85119.84920504696,52.97272671417985,20.997461757360725,-500.80652799056446,521.8039897479252,86.44148140813421,82.5671662935829,87781.66968119686,77779.25375630317,82780.46171875001,0.1208306370514978,3239.700573286792,37084179419.55,0.4114773648990496,0,0,0,1,0,0,0,10.1521,11.3852,39.1527,1,HOLD,32,Fear,0.0034326666666666,0.0,0.0,57705216142.0,1.001,,1676373197914.5117,60.81714861196895,9550691272.782003,84433.75017215389,591.7558249048697,50,,,,,847396221.1293446,19853362.5,2510500478.902752
2025-04-20,85066.0703125,85306.3828125,83976.84375,85174.3046875,14664050812.0,83741.852800205,85307.0811735857,85120.39105064352,53.21438506885739,131.78024517168524,-374.28917335811457,506.0694185297998,87.21571723704537,85.74569336975024,88023.93792551335,77799.52457448667,82911.73125000001,0.123316847892097,3103.26046537345,36367170547.8,0.4032222081375833,1,0,0,1,0,0,0,10.2959,13.6522,38.1119,1,HOLD,37,Fear,0.002193,0.0,0.0,57414123240.0,0.843,,1690090596771.3958,60.4,12635983530.804457,85126.66244301842,592.1191922418601,50,,,,,753499802.4397362,19853756.25,2232630980.687477
2025-04-21,85171.5390625,88460.09375,85143.8359375,87518.90625,41396190190.0,84101.57217637595,85393.81941187647,85144.2568735227,58.115190518666026,404.1078469046042,-218.6097693055708,622.717616210175,90.45318166636564,88.03679343718174,88458.06066632079,77600.37527117922,83029.21796875,0.1307694527392527,3118.4745615967754,37028197541.35,1.1179639555442091,1,1,0,1,0,0,0,8.2286,10.8701,34.7679,1,HOLD,39,Fear,0.0016279999999999,0.0,0.0,56489435104.0,1.012,381300000.0,1689008667806.3804,60.75086381009815,12625843856.313684,85073.16544858096,592.9015532596577,25,5158.2001953125,98.27999877929688,33.81999969482422,3406.199951171875,771877846.401681,19854150.0,7961048503.294534
2025-04-22,87521.875,93817.3828125,87084.53125,93441.890625,55899038456.0,84991.12631434016,85709.43004768524,85226.8203934379,67.4042595713683,1085.3534924571286,42.18288304696907,1043.1706094101596,93.5988143423443,90.42257108191843,90716.53954450948,76437.51436174051,83577.026953125,0.1708486853783097,3376.644347375577,37443929540.65,1.492873187770389,1,1,0,1,0,0,0,1.2896,10.4873,27.8318,1,HOLD,47,Neutral,-0.0060616666666666,0.0,0.0,59109229592.0,0.741,912700000.0,1735703747771.06,61.26,40070025414.28289,87452.04699068287,596.742721454172,50,5287.759765625,98.91999816894533,30.56999969482422,3400.800048828125,949532271.367147,19854543.75,12491830345.924189
2025-04-23,93427.5859375,94535.734375,91962.9609375,93699.109375,41719568821.0,85820.458034403,86022.75080561914,85311.12177633902,67.73887188330848,1627.243132220974,359.19493288177006,1268.048199339204,95.35284569242864,93.13494723371286,92551.55495752204,75662.12707372797,84106.841015625,0.2008092050521362,3319.224996670179,37687302377.700005,1.106992705471165,1,1,0,1,0,0,0,0.0595,9.8952,25.8544,1,HOLD,72,Greed,0.0009986666666666,0.0,0.0,67926506951.0,0.604,917000000.0,1858587811717.8289,61.59925879667463,53841992235.36636,93576.1658857398,617.6497009116878,50,5375.85986328125,99.83999633789062,28.450000762939453,3276.300048828125,698365670.5539016,19855134.375,16200026210.79612
2025-04-24,93692.3984375,94016.1953125,91696.7109375,93943.796875,31483175315.0,86594.1093525551,86333.38006324193,85397.01904100232,68.07461801064082,2052.775691782721,697.9110846619603,1354.8646071207606,96.34983188797,95.10049730758098,94130.06347739416,75093.61777260585,84611.84062500001,0.224985599700613,3247.814952265166,37003579133.1,0.8508143280345021,1,1,1,1,0,0,0,1.1017,11.4457,25.5241,1,HOLD,63,Greed,0.0005073333333333,0.0,0.0,65244618499.0,0.613,442000000.0,1858660302322.256,61.19,39901515879.65954,93605.45230873208,606.1742820090113,50,5484.77001953125,99.29000091552734,26.46999931335449,3332.0,863768066.2114046,19855331.25,14035201954.66458
2025-04-25,93954.25,95768.390625,92898.59375,94720.5,40915232364.0,87368.05131897843,86662.28672742852,85489.78999581822,69.17138270254166,2424.735915749537,1043.276050879476,1381.4598648700617,94.31368602645531,95.33878786895131,95685.81087064269,74659.44069185732,85172.62578125,0.2468676994036518,3220.81366103194,38330300569.74999,1.0674383387509885,1,1,1,1,0,0,0,-0.46,9.909,24.3988,0,HOLD,60,Greed,-0.0033766666666666,0.0,0.0,66058230141.0,0.648,380000000.0,1864298110563.3408,61.28586603232724,30031246761.09345,93872.81422867288,602.1970676660677,50,5525.2099609375,99.47000122070312,24.84000015258789,3282.39990234375,882146110.1733494,19855921.875,17332578422.84961
2025-04-26,94714.6484375,95251.359375,93927.25,94646.9296875,17612825123.0,88061.27783026619,86975.40998076466,85580.9058136459,68.92982728598899,2682.6565686779504,1371.1521544391708,1311.5044142387796,93.11411934078916,94.59254575173816,96782.63340159674,75205.86269215326,85994.248046875,0.2509094642897756,3085.3347834582296,37396199139.1,0.4709790173457687,1,1,1,1,0,0,0,-0.4645,8.6279,22.3053,1,HOLD,65,Greed,0.0020366666666666,0.0,0.0,68049919862.0,0.579,,1882121595175.8464,60.5,39336184715.04292,94773.11200643536,600.1913883958081,50,,,,,814759948.9795519,19856318.75,4555887933.739448
2025-04-27,94660.90625,95301.203125,93665.3984375,93754.84375,18090367764.0,88603.52220357418,87241.27012857782,85662.23852943053,65.92361189983129,2782.9960189075937,1653.5209273328555,1129.475091574738,89.08064595320835,92.16948377348427,97547.5973775468,75892.84949745321,86720.2234375,0.2497081651974794,2981.7969194612133,33737596277.95,0.5362079626230926,1,1,1,1,0,0,0,2.9198,11.1087,20.8685,1,HOLD,61,Greed,0.0029063333333333,0.0,0.0,65970483044.0,0.665,,1879131951239.1848,61.137863948643,15445392739.787264,94644.06637120109,607.8085377229048,50,,,,,827011978.2875152,19856712.5,3888393605.9005857
2025-04-28,93755.3046875,95598.4921875,92860.8046875,94978.75,32363449569.0,89210.68675561473,87544.70071177086,85754.94013610287,67.98648452672529,2927.5280409518164,1908.322350056648,1019.2056908951686,89.68992837038351,90.62823122146034,97898.83395107786,77412.2926114221,87655.56328124998,0.2337163845941304,2964.3605323568413,32940039218.95,0.9824957813159404,1,1,1,1,0,0,0,2.0334,9.0132,18.4759,1,HOLD,54,Neutral,0.0009216666666666,0.0,0.0,63706744594.0,0.711,591200000.0,1862772247122.064,60.91,15926259371.05796,93809.33781968225,603.5371460135477,50,5528.75,99.01000213623048,25.149999618530277,3332.5,863768066.2114046,19857106.25,11534611913.428812
2025-04-29,94981.859375,95485.4140625,93796.6328125,94284.7890625,25806129921.0,89693.93459436571,87809.01790199552,85839.81425477349,65.562951677716,2952.044529978448,2117.066786041008,834.9777439374402,88.71996176320943,89.16351202893375,98599.50883987042,77882.70131637956,88241.105078125,0.2347750235578879,2873.24772647421,30019664363.100006,0.8596408543701355,1,1,1,1,0,0,0,1.7044,10.0333,21.1411,1,HOLD,60,Greed,0.0013713333333333,0.0,0.0,64296226684.0,0.689,172800000.0,1887067388174.348,61.29472940946372,31913814736.53902,95030.60645474444,606.1285517158251,50,5560.830078125,99.23999786376952,24.170000076293945,3318.800048828125,894398139.4813126,19857500.0,12682042160.758211
2025-04-30,94286.46875,95249.3203125,92979.640625,94207.3125,28344679831.0,90123.78010918802,88059.93141564276,85923.07294378072,65.28315185093751,2931.430605797301,2279.9395499922666,651.4910558050342,89.688703793937,89.3661979758433,98815.34416679831,79124.9831769517,88970.16367187501,0.2213142044164977,2830.135723690338,29200998323.000004,0.9706750268423004,1,1,1,1,0,0,0,0.1153,9.8527,22.1475,1,HOLD,56,Greed,0.0040956666666666,0.0,0.0,62636090931.0,0.689,-56300000.0,1870818389258.404,61.47,25882629766.278942,94256.35946318062,600.5889575399475,50,5569.06005859375,99.47000122070312,24.700000762939453,3305.0,808633934.3255703,19858090.625,8415953464.653325
2025-05-01,94212.859375,97437.9609375,94153.6328125,96492.3359375,32875889623.0,90730.30923569392,88390.61394591167,86028.23973973811,69.42723667986587,3064.1545507460105,2436.782550143016,627.3720006029948,89.42490298648848,89.27785618121163,99650.3167110773,79598.76063267268,89624.538671875,0.2237284160738111,2862.5780380696,28761953865.200005,1.1430339460622518,1,1,1,1,0,0,0,-1.8077,6.9423,18.2907,0,HOLD,53,Neutral,-0.0043453333333333,0.0,0.0,62215578761.0,0.775,422500000.0,1871350362569.0933,61.33796881380894,26541700309.366142,94235.75331048168,599.6302002732988,50,5604.14013671875,100.25,24.600000381469727,3210.0,827011978.2875152,19858484.375,8742561243.010767
2025-05-02,96494.96875,97905.8984375,96375.9453125,96910.0703125,26421924677.0,91318.85790967548,88724.71027401318,86136.51666086013,70.12922372086808,3166.544947207294,2582.735029555872,583.8099176514224,90.94568078120102,90.01976252054216,100516.26470517625,79895.10873232374,90205.68671875,0.2286015075429409,2767.3905442789137,28870147143.85,0.9151988226921272,1,1,1,1,0,1,0,-0.111,9.84,18.6956,0,HOLD,67,Greed,-0.0040463333333333,0.0,0.0,66915118495.0,0.571,674900000.0,1914884389769.3943,60.7,30207566405.468838,96426.94522273028,599.5796914410877,50,5686.669921875,100.0,22.68000030517578,3231.89990234375,974036329.9830736,19858878.125,10365219305.55276
2025-05-03,96904.6328125,96943.8828125,95821.2890625,95891.796875,15775154889.0,91754.37590637304,89005.77249365972,86233.58412567744,66.14243289693744,3129.449571104793,2692.077937865656,437.3716332391368,90.45537847837502,90.27532074868816,100944.93324107572,80687.12222767425,90816.027734375,0.2230642709087974,2649.905058973277,28219055647.450005,0.5590249045214066,1,1,1,1,0,0,0,1.1894,10.1306,22.5307,0,HOLD,65,Greed,0.0017373333333333,0.0,0.0,66957347043.0,0.616,,1923251765866.1472,61.602046619786485,23276376191.483967,96855.5681343944,601.3244678537958,25,,,,,999957994.459352,19859275.0,5780366401.056679
2025-05-04,95877.1875,96318.921875,94173.4296875,94315.9765625,18198688416.0,91998.33787362324,89214.01579047699,86314.00594096922,60.41817750545257,2939.01653559877,2741.465657412279,197.550878186491,83.42045365861127,88.27383763939577,101096.6470276576,81512.76703484237,91304.70703125,0.2144892703736779,2613.8755681537573,27424451579.4,0.6635935221278965,1,1,1,1,0,0,0,9.4634,13.2269,23.7211,1,HOLD,64,Greed,0.0031243333333333,0.0,0.0,64966094706.0,0.713,,1904894886394.57,62.18,13797554863.642817,95922.86842404422,599.2468842902798,25,,,,,823060870.7158544,19859868.75,2688789794.2843966
2025-05-05,94319.5625,95193.1875,93566.265625,94748.0546875,25816260327.0,92260.215665421,89431.03692369358,86397.92682401929,61.40449299950787,2790.791568628556,2751.3308396555344,39.46072897302156,76.07636275463528,83.31739829720719,101067.9820108849,82649.3383016151,91858.66015625,0.2005106941244298,2543.378875785632,27313248451.5,0.9451918680724416,1,1,1,1,0,0,0,8.6786,15.7576,22.958,1,HOLD,52,Neutral,0.004185,0.0,0.0,63271330908.0,0.802,425500000.0,1872812442453.032,61.62467656106726,14903122945.616686,94326.62048529249,585.8899216562841,50,5650.3798828125,99.83000183105467,23.63999938964844,3311.300048828125,1036227714.9300332,19860268.75,12316169616.315157
2025-05-06,94748.3828125,96889.1796875,93399.859375,96802.4765625,26551275827.0,92692.81194133328,89720.1129879605,86501.45468211363,65.7718217802415,2806.742509678923,2762.413173660212,44.32933601871082,74.9726698809084,78.15649543138498,101177.585508322,83816.59574167799,92497.090625,0.187692279285071,2610.94612126523,27159922037.25,0.977590281392736,1,1,1,1,0,0,0,8.1546,15.362,23.2476,1,HOLD,59,Greed,0.0034909999999999,0.0,0.0,63717495575.0,0.857,-85700000.0,1882511286487.958,61.24,24086456278.20385,94758.8237105546,597.9661578698278,50,5606.91015625,99.23999786376952,24.76000022888184,3411.39990234375,817139569.4876828,19860859.375,9692283136.625357
2025-05-07,96800.1953125,97625.8046875,95829.3359375,97032.3203125,76983822462.0,93106.09845287298,90006.86621637382,86606.2394147543,66.23219465231348,2805.5891300496733,2771.0483649381044,34.54076511156882,79.65950847907718,76.90284703820694,101225.8883251807,84981.94995606931,93103.919140625,0.1744710482549762,2552.7691661748568,29945269858.9,2.570817455469339,1,1,1,1,0,0,1,7.2904,10.5691,22.3628,1,HOLD,67,Greed,0.0015276666666666,0.0,0.0,65705426314.0,0.721,142300000.0,1923643840814.599,62.19604109125329,23348052607.071877,96854.53198815876,603.0175211984405,50,5631.27978515625,99.61000061035156,23.549999237060547,3381.39990234375,894116485.453914,19861253.125,8870488913.741823
2025-05-08,97034.25,103969.5390625,96913.875,103241.4609375,69895404397.0,94071.3710704565,90525.8699309278,86771.76400702042,75.72930734082378,3268.02902059599,2870.444496069682,397.5845245263081,87.20199342278067,80.61139059425541,102297.05400116074,85789.84990508926,94043.451953125,0.1755274158194376,2874.404515912367,32803621460.549995,2.130722197274987,1,1,1,1,0,1,1,-0.4151,4.4068,16.3999,1,HOLD,65,Greed,0.0048983333333333,0.0,0.0,65567739276.0,0.721,117400000.0,1927134557858.269,62.18,64376174032.08048,97026.493769668,603.144369158166,50,5663.93994140625,100.63999938964844,22.479999542236328,3296.60009765625,941486895.2792872,19861843.75,10352926922.70228
2025-05-09,103239.125,104297.4921875,102343.09375,102970.8515625,58198593958.0,94918.94064112732,91013.90842628355,86932.94895782122,74.74267932506008,3571.509907541448,3010.657578364035,560.8523291774122,89.25896859943106,85.37349016709629,102972.99839382213,86904.6492624279,94938.823828125,0.1692495070350141,2808.6897960257697,34950586137.1,1.6651678953167046,1,1,1,1,0,1,1,1.1644,5.8896,19.7854,1,HOLD,73,Greed,0.00781,0.0,0.0,68165926148.0,0.584,321400000.0,2047883753852.6929,61.27785260761536,50020047720.65604,103076.27555512934,628.2798237375861,50,5659.91015625,100.33999633789062,21.899999618530277,3335.39990234375,828982171.944026,19862237.5,12000952154.164743
2025-05-10,102973.7109375,104961.765625,102830.484375,104696.328125,42276713994.0,95850.12040149614,91550.47390466458,87109.69899928568,76.81671114386295,3906.22371959225,3189.7708066096784,716.4529129825714,93.21750100510113,89.89282100910427,103693.57866004104,88136.27133995897,95914.925,0.1621990250222482,2760.303471309644,36331219296.2,1.163646990466457,1,1,1,1,0,1,0,-1.105,4.5312,13.0504,0,HOLD,70,Greed,0.008551,0.0,0.0,66718520937.0,0.602,,2045046445523.524,60.48,40800894903.23446,102962.540456923,666.6606824091106,75,,,,,888195184.2257423,19862637.5,3641552067.7515
2025-05-11,104701.0703125,104937.9921875,103364.7421875,104106.359375,46285517406.0,96636.42887516315,92042.86157016794,87278.81999804902,74.56220458081269,4076.8854815170334,3367.19374159115,709.6917399258846,93.0458987836078,91.84078946271332,104287.29282897052,89201.30248352945,96744.29765624998,0.1559367395383273,2675.513937644669,36575685657.0,1.265472309666509,1,1,1,1,0,1,0,-0.3475,4.6955,12.7677,0,HOLD,70,Greed,0.0096759999999999,0.0,0.0,66745975957.0,0.625,,2077132539531.3464,59.43943268892477,21558992540.04244,104630.8792994166,662.3379085253329,75,,,,,882273882.9975705,19863228.125,4002446571.217252
2025-05-12,104106.9609375,105747.453125,100814.40625,102812.953125,63250475404.0,97224.66927990952,92465.21810173,87433.3884868744,69.73040811117437,4060.956899190118,3505.946373110944,555.0105260791743,89.25132907844602,91.8382429557183,105050.56705999369,89375.1345025063,97212.85078125,0.1612485636570877,2836.766290312907,36943257504.4,1.7120979490362154,1,1,1,1,0,0,1,0.6578,4.8529,14.2768,1,HOLD,70,Greed,0.0093743333333333,0.0,0.0,67746369621.0,0.618,5200000.0,2065659960471.3652,59.28,27389436049.454792,103994.061616746,650.8664613901699,75,5844.18994140625,101.79000091552734,18.38999938964844,3220.0,858588678.0848842,19863625.0,10610173476.098167
2025-05-13,102812.4921875,104997.421875,101515.09375,104169.8125,52608876410.0,97886.11149134672,92924.22180362292,87599.92006909457,71.7952939131484,4110.43802387199,3626.844703263153,483.5933206088366,85.86370734094007,89.38697840099796,105974.45788494343,89498.31399005654,97736.3859375,0.1685773802340407,2882.877849933414,37487722883.85,1.403362817554979,1,1,1,1,0,1,0,-0.9395,1.413,12.7515,1,HOLD,70,Greed,0.0072713333333333,0.0,0.0,67791431995.0,0.806,-91400000.0,2044347271866.171,59.493313077230525,43090605819.36596,102876.8304286011,660.9533536861077,75,5886.5498046875,101.0,18.21999931335449,3240.300048828125,769769159.6623099,19864025.0,12139989800.498348
2025-05-14,104167.328125,104303.5625,102618.296875,103539.4140625,45956071155.0,98424.52126002798,93340.50385299066,87758.52199937722,69.42569585319704,4052.0744937922864,3711.89066136898,340.18383242330674,82.2592302699071,85.7914222297644,106639.82145898168,89792.5121347683,98216.166796875,0.1715329550485921,2797.334119581027,38211367675.850006,1.2026806144404176,1,1,1,1,0,0,0,2.8072,0.4435,12.2783,1,HOLD,73,Greed,0.004824,0.0,0.0,68146708048.0,0.681,319500000.0,2069356072124.024,58.57,33861432519.50822,104184.49039270742,666.2402578411695,75,5892.580078125,101.04000091552734,18.6200008392334,3181.39990234375,852667376.8567126,19864418.75,9186120404.981548
2025-05-15,103538.828125,104153.6171875,101440.8125,103744.640625,50408241840.0,98931.19929478722,93748.50921659888,87917.58785634859,69.77543312673845,3976.5419439430407,3764.820917883792,211.7210260592488,84.51366736239693,84.21220165774803,107267.53148491794,90067.21617133202,98667.37382812498,0.1743262706429001,2791.296303003812,38686018149.65001,1.303009310624956,1,1,1,1,0,0,0,1.7943,0.8612,8.7586,1,HOLD,70,Greed,0.0046606666666666,0.0,0.0,66806221283.0,0.748,114900000.0,2057798367292.564,59.4302242565347,28398245846.798244,103594.42575090707,651.6490150180347,75,5916.93017578125,100.87999725341795,17.829999923706055,3220.699951171875,864509979.3130558,19865012.5,13310349561.179665
2025-05-16,103735.65625,104533.484375,103137.4765625,103489.2890625,44386499364.0,99365.30308218845,94130.5005831048,88072.53015690732,68.72208650306695,3851.67737774842,3782.1922098567175,69.48516789170208,82.53636631293715,83.10308798174705,107748.45384651504,90470.5297472349,99109.49179687498,0.1743316788939981,2691.6328393963963,40024701861.7,1.1089776387934531,1,1,1,1,0,0,0,3.1905,2.0899,10.4218,1,HOLD,71,Greed,0.004044,0.0,0.0,67474847024.0,0.762,260200000.0,2060142559914.034,59.05,31823340473.339912,103708.8513642364,651.1362648113163,75,5958.3798828125,101.08999633789062,17.239999771118164,3182.0,805296967.0313396,19865409.375,9260377548.0582
2025-05-17,103489.2890625,103716.9453125,102659.1796875,103191.0859375,37898552742.0,99729.66335412288,94485.8176558262,88222.96354775899,67.4416579252294,3686.1669711543655,3762.987162116248,-76.82019096188196,81.59602621630901,82.88201996388102,108017.25993223468,91145.34788026533,99581.30390625,0.1694285110772729,2574.9280383680825,41015111110.6,0.9240143867903712,1,1,1,0,0,0,0,6.2864,2.6072,8.9426,1,SELL,74,Greed,0.0044376666666666,0.0,0.0,67346171136.0,0.69,,2057725640290.077,60.184861442341806,25887953182.14765,103556.03493982446,647.3412018782846,50,,,,,853317480.0820746,19865806.25,3011615665.251809
2025-05-18,103186.953125,106597.171875,103142.6015625,106446.0078125,49887082058.0,100369.31520730164,94954.8447207938,88404.28737128875,73.29125072434893,3774.137862328193,3765.217302158637,8.920560169555756,86.62097624686156,83.58445625870257,108828.9019552382,91480.43163851176,100154.66679687498,0.1732167942998713,2637.759629377505,41891292735.05,1.190869958908191,1,1,1,1,0,1,0,4.9107,-0.9522,9.7966,1,HOLD,74,Greed,0.0073846666666666,0.0,0.0,66497049293.0,0.75,,2050318521477.805,60.9,18950056010.479057,103212.36483885496,639.5979769763185,25,,,,,979723251.2998108,19866200.0,4277222751.359123
2025-05-19,106430.53125,107068.71875,102112.6875,105606.1796875,61761126647.0,100868.06420541578,95372.54413125286,88575.45047891274,69.8063316421036,3733.055970942121,3758.785035915334,-25.729064973212644,89.15047753595822,85.7891599997096,109258.65204707164,92182.82060917834,100720.736328125,0.1695364039264384,2803.3504594219694,43689042571.35,1.4136525547827214,1,1,1,0,0,0,0,1.5923,-0.8278,9.2496,1,SELL,74,Greed,0.0065356666666666,0.0,0.0,70868436320.0,0.631,667400000.0,2104889720872.8303,60.488621709449895,30744060179.802963,106030.6376831359,649.3806686821907,25,5963.60009765625,100.43000030517578,18.13999938964844,3228.89990234375,852722089.09428,19866790.625,11066325015.853483
2025-05-20,105605.40625,107307.1171875,104206.515625,106791.0859375,36515726122.0,101432.16151323332,95820.33008443902,88756.70058297829,71.84074843529628,3752.8497914123873,3757.597987014745,-4.748195602357555,94.5529604010576,90.10813806129244,109719.83237082814,92980.01762917184,101349.925,0.1651684965889842,2824.5826810704,44097594885.9,0.8280661613514829,1,1,1,0,0,1,0,0.9365,-4.8835,6.2434,1,SELL,71,Greed,0.0048493333333333,0.0,0.0,72459489780.0,0.605,329200000.0,2098485415895.0496,58.9,43339734153.75087,105629.41580436694,651.0389804540937,50,5940.4599609375,100.12000274658205,18.09000015258789,3280.300048828125,895055809.829457,19867184.375,10861017407.833977
2025-05-21,106791.3125,110724.4609375,106127.234375,109678.078125,78086364051.0,102217.48690483016,96363.77118406886,88964.87349384418,76.07123763041581,3955.891622505471,3797.25671411289,158.63490839258066,92.40920819766248,92.03754871155942,110833.00390385668,93185.4203148933,102009.212109375,0.1729999009309229,2951.200101172514,46358118607.3,1.6844161583102677,1,1,1,1,0,1,1,-0.586,-4.8211,0.4069,0,HOLD,70,Greed,0.0100506666666666,0.0,0.0,75014429251.0,0.524,607100000.0,2121778617273.821,60.94548515629933,36393687094.25122,106786.71995834044,650.951301036078,25,5844.60986328125,99.55999755859376,20.8700008392334,3309.300048828125,870865112.2664988,19867581.25,14775186534.55395
2025-05-22,109673.4921875,111970.171875,109285.0703125,111673.28125,70157575642.0,103118.03874722729,96964.14412783086,89190.82779987558,78.47772631202031,4229.050097037034,3883.6153906977192,345.43470633931474,95.08869773426018,94.01695544432674,112221.18196273838,93273.56334976158,102747.37265624998,0.1844097627329864,2932.193062695906,48544901155.55,1.4452099802860363,1,1,1,1,0,1,0,-1.9995,-5.4244,0.1159,0,HOLD,72,Greed,0.0084736666666666,0.0,0.0,78815541163.0,0.494,934800000.0,2178838967665.505,59.27,60722883113.84,109665.86371625264,674.7138326551593,50,5842.009765625,99.95999908447266,20.280000686645508,3292.300048828125,907151158.610936,19868175.0,16043204929.738068
2025-05-23,111679.359375,111798.90625,106841.3046875,107287.796875,67548133399.0,103515.15856891991,97368.99325517083,89370.89714390667,63.38787629267303,4045.029634381848,3915.898239434545,129.13139494730285,82.59643905764499,90.03144832985588,112418.35985675306,94215.98545574694,103317.17265625,0.1761795636971972,3076.8650983961984,51133550081.05,1.3210139583880216,1,1,1,1,0,0,0,1.5909,-1.3927,3.667,0,HOLD,78,Extreme Greed,0.0082913333333333,0.0,0.0,81088443420.0,0.464,211700000.0,2214712145787.249,60.74585513900814,52218408239.45193,111560.356938144,686.0302393255067,25,5802.81982421875,99.11000061035156,22.290000915527344,3363.60009765625,937389530.5646338,19868568.75,15409133940.94576
2025-05-24,107278.5078125,109454.5234375,106895.2890625,107791.15625,45903627163.0,103922.39644330848,97777.70552947788,89554.1833041663,64.23785366494829,3894.910878633397,3911.700767274316,-16.789888640919344,72.63513308467641,83.44008995886053,112241.81503673331,95740.04824451669,103990.931640625,0.1586846711715588,3039.8914752964697,52518797018.4,0.8740418625148179,1,1,1,0,0,0,0,0.0104,2.322,4.4101,0,SELL,66,Greed,0.0051696666666666,0.0,0.0,77240158909.0,0.712,,2131595896624.441,62.89,49251745837.96465,107216.66856870624,655.3681110510369,25,,,,,852722089.09428,19869162.5,5446155680.062743
2025-05-25,107802.2734375,109313.3046875,106683.375,109035.390625,47518041841.0,104409.34827013628,98219.18337636108,89748.02616308008,66.31933182823953,3832.1651839172846,3895.7936506029096,-63.62846668562497,64.75313820814816,73.32823678348984,112005.99066915955,97404.60620584046,104705.2984375,0.139452202335633,3010.6084904538648,53603886094.100006,0.8864663609944904,1,1,1,0,0,0,0,-3.1124,1.1206,-0.5728,0,SELL,74,Greed,0.0054323333333333,0.0,0.0,75635288220.0,0.711,,2142540077685.22,60.99013858622968,27128230116.51716,107831.36374380375,667.9647953294073,50,,,,,913198833.0016756,19869556.25,3288796413.167732
2025-05-26,109023.78125,110376.8828125,108735.640625,109440.3671875,45950461571.0,104888.4929289328,98659.22980032732,89943.96985486535,66.99272746746544,3771.639876132104,3870.962895708749,-99.32301957664504,70.73530257801065,69.37452462361173,111909.15858112264,98765.22735637738,105337.19296875,0.1247795850098703,2912.7966116714456,54573845381.30001,0.8419868757634796,1,1,1,0,0,0,0,-4.9724,-0.6887,-0.5778,0,SELL,73,Greed,0.007965,0.0,0.0,76461435392.0,0.749,0.0,2163072841533.6133,62.06,29652659665.048733,108861.81037744328,670.0121393931087,25,,98.93000030517578,,,925294181.7831548,19869962.5,9216183401.120417
2025-05-27,109440.40625,110744.2109375,107609.5546875,108994.640625,57450176272.0,105279.55461427254,99064.54002874585,90133.52876800102,65.44188142062248,3645.6815772846458,3825.906632023928,-180.2250547392823,73.8023739394237,69.7636049085275,111410.74956183636,100459.86840691362,105935.308984375,0.1033732875271827,2928.643728694913,53597163071.8,1.0718883795218492,1,1,1,0,0,0,0,-3.997,-2.8126,-0.6954,0,SELL,74,Greed,0.004058,0.0,0.0,78439347244.0,0.608,385400000.0,2173059855839.4187,61.196495028445774,27950577137.918888,109377.71513263127,673.7837605333261,25,5921.5400390625,99.5199966430664,18.959999084472656,3299.10009765625,852722089.09428,19870553.125,12251387161.35873
2025-05-28,108992.171875,109298.2890625,106812.9296875,107802.328125,49155377493.0,105519.81875815136,99407.1983854617,90309.33771682688,61.35054036072992,3410.33682374566,3742.792670368274,-332.4558466226149,69.37711864197182,71.30493171980206,111545.50614671053,100781.1985407895,106163.35234375,0.1013938178126374,2896.9805605738484,52560161726.600006,0.935221199445494,1,1,1,0,0,0,0,-1.9946,-1.5875,1.3434,0,SELL,71,Greed,0.0052013333333333,0.0,0.0,78337719770.0,0.648,432700000.0,2167551887130.0076,60.83,38978783508.88622,109068.45694901443,687.4363026293119,50,5888.5498046875,99.87999725341795,19.309999465942383,3293.60009765625,991818600.08129,19870950.0,10535083488.500374
2025-05-29,107795.5703125,108910.046875,105374.3984375,105641.7578125,56022752042.0,105531.43200142264,99651.6909120122,90461.8991108137,54.67944708772856,3014.732483950196,3597.18063308466,-582.4481491344632,55.98615857091595,66.38855038410382,111474.16203266928,101119.63327983076,106296.89765625002,0.0974113918763997,2942.5996946400023,52451369630.8,1.068089402361437,1,1,1,0,0,0,0,0.227,-0.1603,5.262,0,HOLD,74,Greed,0.0064713333333333,0.0,0.0,78606323862.0,1.052,-346800000.0,2143342706888.307,60.67058099035597,29794278037.284943,107838.18431100152,687.631059296252,25,5912.169921875,99.27999877929688,19.18000030517578,3317.10009765625,961580228.1275918,19871343.75,10341416369.58704
2025-05-30,105646.2109375,106308.9453125,103685.7890625,103998.5703125,57655287183.0,105385.4451739062,99822.15677085488,90596.59235660164,50.20793525789401,2539.3496538090258,3385.614437229533,-846.2647834205072,38.44977776177016,54.6043516582193,111493.80442535058,101030.21510589942,106262.009765625,0.098469710318203,2919.782305737145,53220298290.25001,1.0833326575616449,1,1,1,0,0,0,0,1.3788,1.4937,7.4276,0,HOLD,60,Greed,0.0070913333333333,0.0,0.0,77483783604.0,1.187,-616100000.0,2101348752694.3137,61.81,38279231892.56757,105745.41660358038,675.4110812815895,25,5911.68994140625,99.33000183105467,18.56999969482422,3288.89990234375,937389530.5646338,19871934.375,12038234757.004648
2025-05-31,103994.71875,104927.1015625,103136.1171875,104638.09375,38997843858.0,105314.2688478199,100011.01704454684,90736.30878837674,51.85802733037142,2188.976375592334,3146.286824902093,-957.310449309759,26.85052654048293,40.42882095772301,111479.51153430816,101097.68143444188,106288.596484375,0.0976758602828335,2839.1538821130634,52855914612.850006,0.7378141905904904,1,1,1,0,0,0,0,0.0897,2.063,5.8158,0,HOLD,50,Neutral,0.0061849999999999,0.0,0.0,72585863755.0,1.203,,2066830946978.064,61.24990976696093,39680060337.61021,104010.91956242644,656.2031380761879,75,,,,,1016284104.8877772,19872328.125,3219514300.973329
2025-06-01,104637.296875,105884.546875,103826.953125,105652.1015625,37397056873.0,105346.44339207516,100232.23604525087,90884.7246368755,54.43634326479734,1970.411309318937,2911.111721785462,-940.700412466525,26.88550419335562,30.72860283186957,111370.4790355719,101490.6287769281,106430.55390625,0.0928290786435869,2783.328158390702,51563243686.30001,0.7252657939930209,1,1,1,0,0,0,0,-3.8581,-0.9948,4.7315,0,HOLD,56,Greed,0.0054023333333333,0.0,0.0,72478707990.0,1.191,,2080467809295.7693,62.94,20432694555.09522,104687.50742934884,658.5726942750157,25,,,,,839539043.1681639,19872934.375,2705917037.3142548
2025-06-02,105649.8125,105958.3125,103727.546875,105881.53125,45819706290.0,105397.40414044894,100453.77703367242,91033.946593225,55.02328231482076,1795.0181263774575,2687.8930027038614,-892.8748763264039,30.867550754471804,28.201193829436782,111349.3051237468,101682.97456375325,106516.13984375002,0.0907499142775286,2743.859406005652,51223785180.30001,0.8945005943766462,1,1,1,0,0,0,0,-1.4084,-0.9428,4.1019,0,HOLD,64,Greed,0.006227,0.0,0.0,73188390669.0,1.136,-267500000.0,2101178071590.9749,61.40179954627695,17721500507.53389,105710.00593822816,661.3452261434389,50,5935.93994140625,98.6999969482422,18.36000061035156,3370.60009765625,839539043.1681639,19873328.125,12666100367.852962
2025-06-03,105888.4765625,106813.578125,104920.84375,105432.46875,46196508367.0,105400.74362707284,100649.01984607744,91177.21547040684,53.56873555113194,1601.3231183591852,2470.579025834926,-869.255907475741,30.992595498354955,29.5818834820608,111269.49864024972,101952.08651600032,106610.79257812502,0.0873965186725495,2683.06476093382,51235807040.90001,0.901644982972996,1,1,1,0,0,0,0,0.1737,-0.7096,5.4396,0,HOLD,64,Greed,0.0042883333333333,0.0,0.0,72991658027.0,1.072,375100000.0,2104229403094.936,62.26,26313843058.73954,105884.74263221148,666.0561104906627,25,5970.3701171875,99.25,17.690000534057617,3350.199951171875,908974603.1294404,19873721.875,11439289120.522951
2025-06-04,105434.3671875,105997.6953125,104232.703125,104731.984375,44544857105.0,105337.05226973258,100809.1361021136,91312.08879284062,51.29102306713635,1375.439978249604,2251.551216317862,-876.111238068258,25.045625696250628,28.968590649692462,111210.65253673782,102109.6669945122,106660.159765625,0.0853269445894711,2617.488148545689,50942637804.15001,0.8744120647276569,1,1,1,0,0,0,0,1.0137,-1.3581,7.0078,0,HOLD,62,Greed,0.0037793333333333,0.0,0.0,71481184649.0,0.921,87000000.0,2095294001281.48,61.03965800165885,25925661121.080395,105434.47745144973,661.17332497159,50,5970.81005859375,98.79000091552734,17.610000610351562,3373.5,795352777.73826,19874115.625,13646987293.23523
2025-06-05,104750.78125,105936.6875,100436.8828125,101575.953125,57479298400.0,104978.85235118662,100839.20735791308,91414.21679614569,42.51902830631655,931.0283017734472,1987.4466334089789,-1056.4183316355316,18.028165827321267,24.688795673975616,111462.82500737434,101666.16093012568,106564.49296875,0.0919317851971718,2823.3679013281403,51597277755.950005,1.1139986623300433,1,1,1,0,0,0,0,8.5829,0.6709,9.8001,1,BUY,57,Greed,0.004983,0.0,0.0,70665771756.0,1.032,-278400000.0,2083148839111.2068,61.51,25812143562.79796,104812.9182188067,663.70338541173,50,5939.2998046875,98.73999786376952,18.479999542236328,3350.699951171875,845851366.801007,19874509.375,10550534159.238892
2025-06-06,101574.3671875,105376.7734375,101169.5703125,104390.34375,48856653697.0,104922.80391297836,100978.46760858316,91543.33248722882,50.62799521771434,796.7422996707901,1749.305766661341,-952.563466990551,22.14867146762211,21.740820997064667,111376.07626940416,101872.83544934586,106624.455859375,0.0891281530439128,2922.213274447559,52145182803.700005,0.9369351313029308,1,1,1,0,0,0,0,5.6201,-3.2601,9.1627,1,HOLD,45,Fear,-0.00293,0.0,0.0,71155973683.0,1.427,-47800000.0,2020294099992.368,61.468200984141575,39711941132.0234,101650.7387545425,634.1479715861758,50,6000.35986328125,99.19000244140624,16.770000457763672,3322.699951171875,845851366.801007,19874912.5,11455561872.615784
2025-06-07,104390.6484375,105972.7578125,103987.3125,105615.625,38365033776.0,104988.7868736471,101160.31691805048,91683.35529830118,53.69096858333992,780.1960182550538,1555.4838169800837,-775.2877987250299,32.87479082797907,24.350542707640813,111355.58748152888,101810.28595597112,106582.93671875,0.0895575015984576,2855.3012771655904,51569080389.600006,0.743954196703828,1,1,1,0,0,0,0,2.9077,-0.0358,9.366,1,HOLD,52,Neutral,0.0003896666666666,0.0,0.0,71756639361.0,0.735,,2075175500201.4253,61.76,29897390978.090103,104409.74967959142,643.7566841456504,50,,,,,902662279.4965968,19875503.125,3677820071.5810657
2025-06-08,105617.5078125,106497.0625,105075.328125,105793.6484375,36626232328.0,105065.4403559188,101342.016193323,91823.75622505938,54.13617235307627,772.5425846016587,1398.8955705043986,-626.3529859027399,46.85652956255333,33.959997286051504,111357.6144135626,101827.00589893742,106592.31015625,0.0894117830888042,2752.90364129662,50312335673.65001,0.7279771816910935,1,1,1,0,0,0,0,0.128,0.2382,9.7434,1,HOLD,62,Greed,-0.0018806666666666,0.0,0.0,72493546208.0,0.682,,2100553336902.508,61.53423609600579,17749731308.73042,105681.4546141758,650.7937997932994,75,,,,,965785515.8250304,19875896.875,2364440624.399593
2025-06-09,105793.0234375,110561.421875,105400.234375,110294.1015625,55903193732.0,105563.40808987893,101693.07836466328,92007.54075578018,63.6501044263081,1116.7529062737594,1342.4670376582708,-225.7141313845113,65.94895824016791,48.5600928769001,111812.8086442251,101722.1132307749,106767.4609375,0.0945109617185438,2924.9239169182893,51281709054.15,1.0901195526258696,1,1,1,0,0,0,0,-3.8108,-2.6591,5.1285,0,SELL,62,Greed,0.0013299999999999,0.0,0.0,72534109193.0,0.668,386200000.0,2100654769399.4705,60.8,16044679696.270103,105692.24740699006,652.274428548494,50,6005.8798828125,98.94000244140624,17.15999984741211,3332.10009765625,883725308.5980667,19876290.625,9265964068.03982
2025-06-10,110295.6875,110380.125,108367.7109375,110257.234375,54700101509.0,106010.43916465236,102028.9276199706,92189.1297470162,63.53383560412733,1370.7658566576138,1348.1268014581394,22.639055199474345,81.53303770569786,64.77950850280637,111918.1750107321,101674.66248926788,106796.41874999998,0.095916254883446,2859.744641602697,50112395927.05,1.0915483184764991,1,1,1,1,0,0,0,-4.3397,-2.9905,4.6713,0,HOLD,71,Greed,0.0083856666666666,0.0,0.0,77742719856.0,0.515,431200000.0,2191877481230.9468,61.47401288383777,38222993297.50514,110261.57485948496,666.3374143222443,50,6038.81005859375,99.0500030517578,16.950000762939453,3320.89990234375,1066782693.950524,19876684.375,11196025800.76702
2025-06-11,110261.796875,110384.21875,108086.328125,108686.625,50842662052.0,106265.31400611404,102290.01379173648,92353.28392863792,58.62102082774952,1428.866812295586,1364.2748036256287,64.5920086699573,91.37043328768672,79.61747641118416,111325.0730264092,101969.09884859076,106647.0859375,0.0877283621542312,2819.612211845362,49146650247.55,1.0345092045115434,1,1,1,1,0,0,0,-2.8841,-1.4705,6.2181,0,HOLD,72,Greed,0.0067723333333333,0.0,0.0,75986179405.0,0.529,164600000.0,2189350055406.3333,60.32,36303839182.734825,110212.73252109604,673.4760595844963,50,6022.240234375,98.62999725341795,17.260000228881836,3321.300048828125,890037632.2309102,19877275.0,8722630197.219322
2025-06-12,108685.9140625,108780.6953125,105785.6875,105929.0546875,54843867968.0,106233.2893091032,102432.72127784486,92488.36622474602,51.14348163299436,1238.1270026125712,1339.0452434230174,-100.91824081044616,77.57477642372092,83.49274913903517,111257.42279172684,101900.87486452314,106579.148828125,0.0877896664599241,2832.140469034979,48511436976.0,1.130534805537359,1,1,1,0,0,0,0,0.8191,1.3204,10.3032,0,HOLD,71,Greed,0.0054743333333333,0.0,0.0,74511406508.0,0.615,86300000.0,2159529375273.496,60.94071061789917,30338936631.626648,108679.9760916168,667.7388930109494,50,6045.259765625,97.91999816894533,18.020000457763672,3380.89990234375,934223897.6608136,19877668.75,6376367919.772322
2025-06-13,105924.59375,106182.546875,102822.0234375,106090.96875,69550440846.0,106219.73497014098,102576.1819630274,92623.71550360428,51.53439597913969,1087.493492859634,1288.7348933103408,-201.2414004507068,63.85805115099118,77.60108695413294,111141.36840661378,101846.9104996362,106494.139453125,0.0872767079456861,2869.882109639624,49693777660.15,1.3995804730654091,1,1,1,0,0,0,0,-1.4043,2.1629,9.7817,0,HOLD,61,Greed,0.0035646666666666,0.0,0.0,71612385294.0,0.935,301700000.0,2107911943768.2988,63.21,35865159511.38857,105979.22902375912,656.4804964003403,25,5976.97021484375,98.18000030517578,20.81999969482422,3431.199951171875,915286926.762284,19878259.375,11515533272.179176
2025-06-14,106108.0859375,106203.7578125,104379.3671875,105472.40625,38007870453.0,106148.56080631804,102689.75938604596,92751.56317272264,49.892015245507935,907.7386804565322,1212.535650739579,-304.7969702830469,53.27577927287327,64.90286894919512,110824.12881234064,101807.8516564094,106315.990234375,0.0848064071646678,2795.204146451079,49218269090.75,0.772230945036284,1,1,1,0,0,0,0,-0.5585,1.5766,11.0596,0,HOLD,63,Greed,0.0017236666666666,0.0,0.0,70645441202.0,0.854,,2107973087547.792,61.53875253738161,49471015505.74361,106045.56440819205,654.9095462616511,50,,,,,949216466.5546212,19878665.625,3885367331.76774
2025-06-15,105464.84375,106157.1015625,104519.8828125,105552.0234375,36744307742.0,106091.74772357346,102802.00503512257,92878.93093655127,50.11239779852584,762.9117662608478,1122.610873843833,-359.6991075829851,52.034467618510405,56.389432680791614,110391.46006366634,101851.68603008366,106121.573046875,0.0804716118353294,2712.4909038474307,48757961399.3,0.7536063175628899,1,1,1,0,0,0,0,-0.8221,0.1386,9.6036,0,HOLD,60,Greed,0.0066133333333333,0.0,0.0,69597799824.0,0.88,,2097486541223.27,64.07,17916412455.866283,105482.90611628916,645.8086677048335,25,,,,,854616743.0404905,19879062.5,3155873881.187292
2025-06-16,105555.59375,108915.375,104997.625,106796.7578125,50366626945.0,106158.89154156648,102958.66200678443,93017.41677611296,53.551879130402845,740.0442848680977,1046.097556048686,-306.0532711805881,54.35815879478052,53.22280189538807,110078.5285757546,101944.8292367454,106011.67890625,0.0767245592459874,2798.5808392869,48403783932.950005,1.040551437358058,1,1,1,0,0,0,0,-3.2652,1.9313,8.3572,0,HOLD,61,Greed,0.0026353333333333,0.0,0.0,69954239564.0,0.882,433900000.0,2098499110552.6216,61.5591375252115,16568441852.649668,105554.49383061715,648.2042600997396,50,6033.10986328125,98.0,19.11000061035156,3396.39990234375,917456209.4405266,19879656.25,11917602155.905172
2025-06-17,106794.1171875,107750.1953125,103396.53125,104601.1171875,55964092176.0,106010.53207927445,103023.07201387132,93132.67747672378,47.35042588922184,538.5437947755418,944.5868037940572,-406.04300901851536,51.48958684590321,52.62740441973138,109873.46362263508,101829.77309611494,105851.618359375,0.0759902460745677,2909.65821237355,48744219667.100006,1.1481175113317703,1,1,1,0,0,0,0,-2.2406,4.8249,10.2341,0,HOLD,68,Greed,0.0047636666666666,0.0,0.0,72875435129.0,0.597,216500000.0,2127895470544.7175,61.0,32095957011.724205,106951.2720181497,651.4813571171453,50,5982.72021484375,98.81999969482422,21.600000381469727,3386.60009765625,741505703.5204258,19880050.0,9427005107.909824
2025-06-18,104602.0703125,105581.8515625,103602.265625,104883.328125,47318089133.0,105903.17932172448,103096.0232339156,93249.59937372156,48.18105019033988,397.0483426258288,835.0791115604115,-438.03076893458274,49.28802057089533,51.71192207052635,109858.11266202088,101769.2810879791,105813.696875,0.0764440881750619,2843.2244784540108,48308986521.65001,0.9794883424390216,1,1,1,0,0,0,0,-3.7148,3.0043,7.499,0,HOLD,52,Neutral,0.0044176666666666,0.0,0.0,70821198092.0,1.153,388300000.0,2080968120976.949,61.73022421961186,38603212010.88944,104683.42479835715,648.799470473488,25,5980.8701171875,98.91000366210938,20.13999938964844,3389.800048828125,879752529.6005048,19880443.75,10252024346.377224
2025-06-19,104886.7734375,105250.890625,103940.7734375,104684.2890625,37333806920.0,105787.09453513168,103158.3081683699,93363.37738057508,47.61054177719535,265.7875549857272,721.2208002454747,-455.43324525974754,40.823562380018814,47.20038993227245,109838.88134174008,101857.08428325992,105847.9828125,0.0754081168709579,2733.7168148144383,47292912508.50001,0.789416530717789,1,1,1,0,0,0,0,0.8535,3.3882,7.0022,0,HOLD,57,Greed,0.0043303333333333,0.0,0.0,69927248990.0,1.035,0.0,2081677732261.6853,61.63,30339326410.154945,104722.695052907,643.7728727892951,50,,,,,798061223.2804582,19880840.625,5255470077.15392
2025-06-20,104681.03125,106539.3828125,102372.2109375,103309.6015625,50951862476.0,105551.14282345248,103164.24124264951,93462.34478537034,43.75680747297835,50.25730763253523,587.0281017228868,-536.7707940903516,30.929075921335468,40.346886290749865,109899.44833325008,101663.6680729999,105781.558203125,0.0778564846287816,2836.10646197055,47890613439.40001,1.0639216918879864,1,1,1,0,0,0,0,2.6484,5.7327,9.6981,0,BUY,54,Neutral,0.0065213333333333,0.0,0.0,69858421965.0,1.037,6400000.0,2081355279873.408,61.7081922673478,18063282658.152294,104690.65002458123,644.3626647131019,75,5967.83984375,98.70999908447266,20.6200008392334,3368.10009765625,948875942.6405448,19881234.375,8671147096.782238
2025-06-21,103315.078125,104015.78125,100973.0625,102257.40625,38360555118.0,105237.4536259808,103128.67908607502,93549.85783476965,41.01995795647838,-203.1139630303078,428.9996887722479,-632.1136518025558,20.75484733254093,30.83582854463173,110021.68155651234,101201.96531848768,105611.8234375,0.0835106899110031,2850.864482544082,47938788351.65001,0.8001986791282694,1,0,1,0,0,0,0,4.9912,5.9091,6.6419,0,BUY,49,Neutral,0.004608,0.0,0.0,70315649534.0,1.276,,2054120245608.2085,63.71,30632751225.407444,103290.105144757,641.4660754156638,25,,,,,886036476.2405084,19881628.125,3272164417.8679485
2025-06-22,102212.03125,103351.6328125,98286.203125,100987.140625,65536997201.0,104832.6619116017,103044.6971856407,93623.8606486028,37.93513797688032,-500.6412595549919,243.0714991068,-743.7127586617919,15.614882888509817,22.432935380795403,110233.52433121052,100500.68348128948,105367.10390625,0.0923707731265045,3009.047711469505,48924652897.20001,1.339549558761422,1,0,1,0,0,0,0,5.9145,7.8853,8.6404,1,BUY,42,Fear,0.0046426666666666,0.0,0.0,68451184221.0,1.218,,2017415966695.528,62.09596577175023,21644463198.71953,101532.5683847329,626.5687672231079,75,,,,,672382290.480386,19882221.875,5215828659.9633255
2025-06-23,100987.4765625,106116.859375,99705.75,105577.7734375,65237759656.0,104903.6249140682,103144.03350924305,93742.80505446246,51.98755754128402,-361.8370508828084,122.08978910887832,-483.92683999168673,31.88959694156517,22.753109054205304,110241.63423760296,100507.10404364704,105374.369140625,0.0923804362801444,3252.0521160073977,49876715461.65002,1.3079802679902013,1,1,1,0,0,0,0,1.4308,5.4451,3.8873,1,HOLD,47,Neutral,0.0005963333333333,0.0,0.0,68280654299.0,1.2,350600000.0,2005179769771.7349,65.56,51287142390.02526,100852.58264648831,615.9200839908369,25,6025.169921875,98.41999816894533,19.82999992370605,3377.699951171875,672382290.480386,19882418.75,9641640710.702703
2025-06-24,105571.515625,106316.828125,104740.2421875,106045.6328125,48822986421.0,105012.3875710617,103257.8217172139,93865.22125105983,53.15175357781387,-211.64170020366143,55.34349124637037,-266.98519145003183,48.80400152826389,32.10282711944629,110306.27096092072,100573.8321640793,105440.0515625,0.0923030542248215,3132.3759603997264,50090621927.45001,0.9746931569688628,1,1,1,0,0,0,0,1.209,9.3748,5.7306,1,HOLD,65,Greed,0.001266,0.0,0.0,69264709917.0,0.772,588600000.0,2097741233586.592,62.20285848568597,50011797128.6837,105511.62437933136,640.2543180324582,25,6092.18017578125,97.86000061035156,17.479999542236328,3317.39990234375,735221756.880422,19882812.5,
2025-06-25,106047.40625,108168.3984375,105881.390625,107361.2578125,51624120283.0,105236.08949881772,103418.74077977412,93999.5101720692,56.35649781105752,13.394733521621674,46.95373970142063,-33.55900617979896,69.92919607933848,50.20759818305584,110307.68061777337,101150.95297597666,105729.316796875,0.0866053798435907,3071.992521264032,49797863021.60001,1.0366734062585743,1,1,1,0,0,0,0,0.9541,9.4594,6.5565,0,HOLD,66,Greed,-0.0001226666666666,0.0,0.0,70167582967.0,0.663,547700000.0,2107110352429.8032,61.7,31704641076.941063,105976.06929808448,643.4133640920619,50,6092.16015625,97.68000030517578,16.760000228881836,3327.10009765625,898604369.5205159,19883206.25,11874525132.589664
2025-06-26,107375.0703125,108305.546875,106666.3515625,106960.0,43891990613.0,105400.27145131127,103557.61369037125,94128.47026985956,55.11807165078901,157.543512981385,69.0716943574135,88.47181862397149,77.04016204073054,65.25778654944429,110422.15344563968,101293.44577311032,105857.799609375,0.0862355698513961,2969.6498634951727,49549629867.40002,0.8858187383126686,1,1,1,1,0,0,0,0.1639,9.7936,6.6343,0,HOLD,74,Greed,0.0011576666666666,0.0,0.0,73883167498.0,0.526,226700000.0,2132141147369.0017,62.56308883763975,30468274982.034847,107238.53045016268,645.8665732235779,50,6141.02001953125,97.1500015258789,16.59000015258789,3333.5,986579622.4805664,19883600.0,11793948204.87055
2025-06-27,106954.921875,107772.46875,106449.9921875,107088.4296875,45353692675.0,105561.0484261864,103696.07706280766,94257.42508993558,55.45547320465387,278.93032651273825,111.04342078847849,167.88690572425978,83.26480631869545,76.74472147958815,110526.76108887124,101336.11859862876,105931.43984375,0.0867602904652177,2851.994627709803,49899062812.35001,0.9089087072748582,1,1,1,1,0,0,0,-1.2981,11.2315,10.7953,0,HOLD,65,Greed,2.1666666666666725e-05,0.0,0.0,73123794842.0,0.538,501200000.0,2127292099754.93,62.98,24320699663.15122,106984.01253775664,642.4572030728536,25,6173.06982421875,97.4000015258789,16.31999969482422,3273.699951171875,722653863.6004148,19884190.625,12887703108.271955
2025-06-28,107090.546875,107567.8828125,106883.9765625,107327.703125,30037708335.0,105729.30125464484,103838.49377112892,94387.47760769742,56.117357517834215,389.9426019118109,166.823257013145,223.119344898666,83.15957802843099,81.15484879595232,110644.8051910184,101371.4799652316,106008.142578125,0.0874774805053547,2697.131172159103,49569636612.70001,0.6059699119784181,1,1,1,1,0,0,0,1.427,11.6671,12.4419,0,HOLD,65,Greed,0.0036193333333333,0.0,0.0,70798994825.0,0.569,,2129020567385.9597,62.687269612742014,25194306261.888832,107078.91560644074,645.9995550778237,75,,,,,911172262.800523,19884387.5,3336314161.126716
2025-06-29,107327.8203125,108526.3046875,107230.109375,108385.5703125,35534874438.0,105982.27926015484,104016.81049824152,94526.76211222282,59.016802788827086,556.8625066898676,244.83110694848952,312.0313997413781,87.63020010280276,84.68486148330973,110246.64906643736,101578.78296481272,105912.71601562505,0.081839711299122,2597.064325040596,48551220648.00001,0.7319048617877294,1,1,1,1,0,0,0,1.1647,8.665,12.807,0,HOLD,68,Greed,0.0048916666666666,0.0,0.0,70858212659.0,0.568,,2134239999929.6584,62.47,8960877693.57604,107331.58548463575,648.766805209224,50,,,,,995260121.1336333,19884984.375,3488152854.034
2025-06-30,108383.4375,108798.7890625,106759.6484375,107135.3359375,42064804590.0,106092.09418180677,104139.10561350656,94652.22055824548,54.43880382255555,581.5604020950123,312.1769659777941,269.38343611721814,88.08506237221623,86.29161350114998,109632.36976106996,101880.87242643013,105756.62109375004,0.0732956221035878,2557.212632180553,47919455802.05,0.8778230863840583,1,1,1,1,0,0,0,0.8391,10.8304,14.2718,0,HOLD,66,Greed,0.004046,0.0,0.0,72677171351.0,0.555,102100000.0,2155183166489.813,62.26730178508225,14881078675.366829,108396.61631317894,655.0764136195659,75,6204.9501953125,96.87999725341795,16.729999542236328,3294.39990234375,843035679.3574839,19885378.125,14136311601.559843
2025-07-01,107144.3828125,107550.6796875,105270.2265625,105698.28125,44110692247.0,106054.58818830136,104200.24975611416,94762.13160990474,49.66948643047899,479.6462949099077,345.6708317642168,133.97546314569092,83.23294097058815,86.31606781520237,109229.46700972912,101984.94080277091,105607.20390625004,0.0685987881412837,2537.444095953371,47582857311.8,0.927029075995843,1,1,1,1,0,0,0,2.3963,12.8588,16.8548,1,HOLD,64,Greed,0.004408,0.0,0.0,71459970787.0,0.604,-342200000.0,2130471589191.581,62.34,22489515582.41552,107132.79910701896,657.0109566115938,50,6198.009765625,96.81999969482422,16.829999923706055,3336.699951171875,779081248.5096745,19885968.75,7525873041.10213
2025-07-02,105703.1015625,109763.65625,105157.3984375,108859.3203125,56248657737.0,106321.70553346311,104382.95840538418,94902.40214425891,58.31958301575658,646.495665549417,405.8357985212568,240.6598670281602,82.26800802187229,84.52867045489222,109656.94399885491,101850.49037614511,105753.71718750002,0.0738172976829653,2685.2165042781303,47653096800.25,1.1803778036248194,1,1,1,1,0,0,0,0.3424,8.3997,14.5998,1,HOLD,63,Greed,0.0020183333333333,0.0,0.0,68893357176.0,0.753,407800000.0,2100087563077.9324,62.3748749081683,25033160828.30909,105613.39974163056,646.1777891600059,50,6227.419921875,96.77999877929688,16.639999389648438,3348.0,889547992.701345,19886365.625,9829934492.062971
2025-07-03,108845.015625,110541.4609375,108605.796875,109647.9765625,50494742270.0,106638.49325051424,104589.42970566323,95049.12427777376,60.15933282858624,832.7633842493087,491.22131566686727,341.54206858244146,85.11228234696253,83.53774377980766,110205.99594996944,101657.13920628058,105931.56757812502,0.0807016920370223,2631.677044151121,46700311871.450005,1.081250643657258,1,1,1,1,0,0,0,-1.2295,7.5624,10.7648,0,HOLD,73,Greed,0.0047669999999999,0.0,0.0,75065656008.0,0.441,601800000.0,2163835371770.0977,61.14,36395184773.06136,108824.44423167944,660.0254823640146,75,6279.35009765625,97.18000030517578,16.3799991607666,3331.60009765625,877919914.3653797,19886762.5,11161785740.783571
2025-07-04,109635.65625,109751.984375,107296.3828125,108034.3359375,42616442656.0,106771.4306492748,104724.52406769604,95178.3303639402,54.82691384408945,840.4859814158845,561.0742488166708,279.4117325992137,88.12419815270029,85.1681628405117,110428.66097291787,101690.66715208215,106059.66406250004,0.0823875306232018,2619.100224033184,46930740481.600006,0.9080709619893704,1,1,1,1,0,0,0,0.8478,8.5773,14.1812,1,HOLD,73,Greed,0.0055856666666666,0.0,0.0,76702728379.0,0.454,0.0,2179664531219.9343,62.92701821691943,29892049537.628605,109602.20483914016,663.0154690088326,50,,,,3332.5,924432227.709241,19887353.125,16598074235.295662
2025-07-05,108015.8359375,108381.34375,107842.2734375,108231.1796875,30615537520.0,106910.454367201,104862.03997435502,95308.20946168706,55.34687701937042,852.6608967866778,619.3915784106722,233.2693183760056,84.46682854446613,85.90110301470963,110660.2825542115,101726.96119578856,106193.62187500004,0.0841229557923763,2470.5266589236708,46624301970.5,0.6566433431940918,1,1,1,1,0,0,0,2.86,8.508,12.4497,1,HOLD,67,Greed,0.0036623333333333,0.0,0.0,73231890662.0,0.673,,2148601712907.3435,63.71,24248906784.57383,108040.8919400104,653.1616270479346,25,,,,,912804149.3732756,19887746.875,2818051738.286806
2025-07-06,108231.1875,109731.625,107847.015625,109232.0703125,36746020463.0,107131.56064770566,105033.4137131058,95446.75534079965,57.99445708382003,932.3258416294556,681.9784310544289,250.3474105750268,82.86902527860912,85.15335065859185,110979.68374205603,101651.091257944,106315.38750000004,0.0877445184885587,2428.6754243576943,45943271646.40001,0.7998128811072452,1,1,1,1,0,0,0,6.1842,9.8536,3.6457,1,HOLD,66,Greed,0.0046526666666666,0.0,0.0,72713775889.0,0.624,,2152344091389.654,63.134714518147504,10042942280.966904,108217.46849992426,655.9253698398683,50,,,,,930246266.8772236,19888337.5,2856385887.529106
2025-07-07,109235.328125,109710.25,107527.0546875,108299.8515625,45415696597.0,107242.82644911464,105161.50931504284,95574.64684549316,54.73901383507995,909.7515722996905,727.5330593034813,182.2185129962092,76.80810125440564,81.38131835916029,111171.73165733616,101828.91678016393,106500.32421875004,0.0877256942240122,2411.1411306535733,45415851867.450005,0.9999965811397646,1,1,1,1,0,0,0,8.5108,9.6539,2.3158,1,HOLD,73,Greed,0.0060396666666666,0.0,0.0,73991321922.0,0.593,216500000.0,2171497503296.0476,62.73,14638669497.351295,109215.19771840284,663.0185149322261,50,6229.97998046875,97.4800033569336,17.790000915527344,3332.199951171875,877919914.3653797,19888734.375,9758779721.625795
2025-07-08,108298.2265625,109198.96875,107499.5546875,108950.2734375,44282204127.0,107405.44044800848,105310.08830023724,95707.73765735397,56.57077039590513,933.5831453627034,768.7430765153258,164.84006884737755,73.24066394655671,77.63926349319048,111432.42558802146,101974.9173807286,106703.67148437504,0.0886333907327429,2360.3034829283183,45264057617.15,0.9783083191866124,1,1,1,1,0,0,0,7.7879,8.6441,5.7086,1,HOLD,65,Greed,0.0043316666666666,0.0,0.0,73779180675.0,0.666,75300000.0,2153777588647.4504,62.98270728358788,25493246475.80407,108300.71675785031,661.2876967099644,50,6225.52001953125,97.51000213623048,16.809999465942383,3307.0,825593561.8535358,19889128.125,8193896030.848373
2025-07-09,108950.2734375,111925.375,108357.6796875,111326.5546875,57927418065.0,107778.87989938864,105546.02815856128,95863.14877208178,62.53621457662288,1131.176379011944,841.2297370146496,289.9466419972944,74.31939131325426,74.78938550473887,112089.2350123768,101982.33451887323,107035.78476562502,0.0944254345930616,2446.545756469153,46293738174.4,1.2513013714030403,1,1,1,1,0,0,0,6.997,5.6674,3.5432,1,HOLD,66,Greed,0.0052469999999999,0.0,0.0,73895446943.0,0.578,215700000.0,2167049398056.7417,62.86,20488865138.27645,108953.19187727802,660.7042150664093,50,6263.259765625,97.47000122070312,15.9399995803833,3311.60009765625,953502423.549154,19889721.875,7732968413.466436
2025-07-10,111329.1953125,116608.78125,110660.75,115987.203125,95911605728.0,108560.62496849448,105955.4860003824,96063.388118877,70.9612504468731,1644.8846125945129,1001.9607121306224,642.9239004638906,85.39017253276262,77.65007593085787,113817.14746837488,101522.18221912516,107669.66484375,0.1141915438029099,2696.6518631499275,48541725337.0,1.9758590174151311,1,1,1,1,0,1,1,3.3301,1.69,-2.4732,1,HOLD,71,Greed,0.004132,0.0,0.0,78698690195.0,0.45,1175600000.0,2215210888568.426,62.71826591846287,37078460440.66385,111327.53054245668,669.2613994307441,25,6280.4599609375,97.6500015258789,15.779999732971191,3317.39990234375,994200697.7250328,19890115.625,11593476507.743671
2025-07-11,115986.234375,118856.4765625,115245.6875,117516.9921875,86928361085.0,109413.6123226855,106408.87839987724,96276.8568160772,73.09964574612225,2150.651904716564,1231.6989506478103,918.9529540687532,91.98208698558112,83.897216943866,115474.53969920792,101390.7485820421,108432.644140625,0.1298851580055607,2761.9473773892187,50970115635.35,1.7054770231816268,1,1,1,1,0,1,1,0.2214,1.6436,-5.7301,0,HOLD,71,Greed,0.0098723333333333,0.0,0.0,81353163223.0,0.459,1029600000.0,2303292356999.744,58.66,56204086624.04028,115879.65030112496,685.1054482111715,75,6259.75,97.8499984741211,16.399999618530273,3356.0,872105875.197397,19890706.25,17966579616.717262
2025-07-12,117530.7109375,118219.8984375,116977.0234375,117435.2265625,45524560304.0,110177.57558362022,106841.28421017616,96487.38785833018,72.79110517027483,2515.8768625931843,1488.5345330368857,1027.3423295562989,91.4731079135781,89.61512247730728,116475.31790523052,102034.7789697695,109255.0484375,0.1321727383949842,2653.4422075757034,49969493790.5,0.9110470579282705,1,1,1,1,0,1,0,1.1098,0.4166,-7.876,0,HOLD,79,Extreme Greed,0.0082113333333333,0.0,0.0,83485448409.0,0.473,,2338612196961.744,62.52244302766531,64185145923.88688,117571.02510036016,689.8418420972016,75,,,,,918141001.6128464,19891100.0,7065294773.538602
2025-07-13,117432.203125,119449.5703125,117265.4375,119116.1171875,49021091807.0,111028.8652601802,107322.6502092869,96712.54934419258,75.11632937497127,2907.438952239041,1772.3154168773167,1135.1235353617244,92.50472696190933,91.98664062035618,118167.73320215664,101696.19804784334,109931.965625,0.1498339000914531,2619.920107927439,49158660398.05,0.9972015390587118,1,1,1,1,0,1,0,0.1458,-1.0024,-10.6185,0,HOLD,74,Greed,0.0074263333333333,0.0,0.0,82389782740.0,0.483,,2335485977830.673,57.99,24351256098.393543,117418.95745007684,685.4703165458919,75,,,,,859946006.057642,19891700.0,4554222640.881363
2025-07-14,119115.7890625,123091.609375,118959.1953125,119849.703125,181746419401.0,111868.94505682967,107813.90718637368,96942.76977982253,76.07719415468668,3239.6048356967367,2065.773300641201,1173.8315350555358,89.73847917598583,91.23877135049108,119751.79342018592,101492.54486106406,110622.169140625,0.1650595780300633,2727.955390396908,55804832047.05,3.256822263128873,1,1,1,1,0,1,1,-1.5407,-1.6842,-10.5561,0,HOLD,74,Greed,0.012468,0.0,0.0,85014637598.0,0.484,297400000.0,2369050366835.5605,62.524697203208845,27310851454.97692,119117.55666327637,692.0429275667424,50,6268.56005859375,98.08000183105467,17.200000762939453,3351.5,910161831.228891,19892103.125,28379995376.52119
2025-07-15,119853.8515625,119935.5625,115765.6875,117777.1875,98321661181.0,112431.6348133221,108204.62406141784,97150.07741882926,68.07899084711819,3297.601306090146,2312.1389017309903,985.4624043591556,83.31911688730902,88.52077434173472,120669.0942695959,101616.83698040408,111142.96562499998,0.171421170760143,2830.9496482257,58139709091.95,1.691127505049962,1,1,1,1,0,0,1,0.1382,-1.7142,-7.7353,0,HOLD,73,Greed,0.011967,0.0,0.0,87885289129.0,0.579,403100000.0,2383825813673.847,64.43,68915956378.80447,119833.67446712356,689.3152771073793,25,6243.759765625,98.62000274658205,17.3799991607666,3329.800048828125,1029424416.010608,19892506.25,25653677929.517857
2025-07-16,117777.1875,120065.515625,117064.8203125,118738.5078125,72162029070.0,113032.28938467236,108617.71754185246,97364.8876715026,69.67171579464744,3382.1471547620167,2526.140552337196,856.0066024248208,74.91028865937054,82.65596157422179,121618.69509098148,101845.08694026848,111731.89101562498,0.1769737178076382,2843.0743385310075,59553211014.8,1.211723563521478,1,1,1,1,0,0,0,-1.2108,-4.5633,-6.8635,0,HOLD,70,Greed,0.012862,0.0,0.0,86128741998.0,0.817,799400000.0,2341223394839.9204,61.61818381807823,80299520980.2335,117678.19493404306,689.863427315096,75,6263.7001953125,98.38999938964844,17.15999984741211,3352.5,822284137.1792051,19893096.875,15318731737.294672
2025-07-17,118738.5078125,120999.609375,117508.21875,119289.84375,72363841798.0,113628.246943275,109036.23229511316,97583.04643845285,70.57841472946293,3453.8250066586334,2711.677443201484,742.1475634571498,72.9128153635489,77.04740697007615,122523.72499887444,102160.19843862552,112341.96171874998,0.1812637615428984,2889.3826447073643,60903718470.950005,1.1881678757023066,1,1,1,1,0,1,0,-1.5511,-5.6693,-9.0644,0,HOLD,74,Greed,0.011561,0.0,0.0,86760887431.0,0.703,522600000.0,2363194640209.576,60.98,50374263848.76278,118748.1627367753,708.5580809732663,75,6297.35986328125,98.7300033569336,16.520000457763672,3340.10009765625,853669027.9112357,19893490.625,29735820375.44461
2025-07-18,119284.109375,120851.9140625,116925.984375,118003.2265625,77945799785.0,114044.91166891548,109387.87912912833,97786.2323103339,65.64619355339593,3367.98690977812,2842.9393365168107,525.0475732613086,71.9122863034542,73.2451301087912,123069.99047097824,102681.48531027176,112875.737890625,0.1806278793097471,2963.421719192552,63299123043.450005,1.2313883042502212,1,1,1,1,0,0,0,1.6882,-3.208,-8.741,0,HOLD,73,Greed,0.0108596666666666,0.0,0.0,86861989727.0,0.639,363500000.0,2376237382764.3013,60.292216113394325,49282617205.72662,119445.36520434044,722.3981283678474,25,6296.7900390625,98.4800033569336,16.40999984741211,3353.0,903884853.0824848,19893887.5,17065964092.484243
2025-07-19,117998.125,118541.3984375,117388.4140625,117939.9765625,47564562765.0,114415.87023020926,109723.25549906449,97986.76707901216,65.40421757019607,3257.307638321552,2925.812996877759,331.4946414437932,70.08544858154232,71.63685008284847,123557.2119649185,103149.70444133149,113353.458203125,0.1800342737406173,2834.1047660359413,63900607459.80001,0.7443522785745496,1,1,1,1,0,0,0,0.691,-2.4318,-6.6731,0,HOLD,74,Greed,0.0102853333333333,0.0,0.0,85774464631.0,0.814,,2347165317624.536,60.36,58896449260.69391,117988.94664455787,729.5149107763856,75,,,,,891330896.7896729,19894287.5,6034792021.890069
2025-07-20,117944.109375,118865.03125,116550.1328125,117300.7890625,57515447231.0,114690.62440471312,110020.41367802273,98178.94640223095,62.881670875280605,3082.483478196649,2957.1470931415374,125.3363850551118,65.72862213310097,69.2421190060325,123769.76439936062,103953.69731938936,113861.730859375,0.1740362361472012,2797.0185997119456,64673139591.850006,0.8893251138568197,1,1,1,1,0,0,0,0.9098,-2.6934,-5.3426,0,HOLD,72,Greed,0.01092,0.0,0.0,84325575950.0,0.818,,2345398337785.541,59.57737644489895,23934511126.349533,117901.62655900871,732.9272514055848,25,,,,,935269743.8145156,19894687.5,3737438458.7072406
2025-07-21,117306.46875,119671.5625,116584.3984375,117439.5390625,69820091744.0,114952.42580069284,110311.35977153164,98370.59409039284,63.2133461876716,2921.4533415951155,2950.008342832253,-28.55500123713773,64.52354790074872,66.77920620513066,123689.08659398774,105208.50090601224,114448.79375,0.1614747091904189,2817.7432756253784,65958609566.700005,1.0585440202979888,1,1,1,0,0,0,0,0.1672,-2.0534,-4.9368,0,SELL,71,Greed,0.0108286666666666,0.0,0.0,84264228164.0,0.894,-131400000.0,2333757287859.664,59.25,36702153882.06748,117256.9208222684,758.1392224608369,75,6305.60009765625,97.8499984741211,16.649999618530273,3401.89990234375,941546721.960922,19895278.125,14562334193.0149
2025-07-22,117426.5,120269.96875,116233.2265625,119995.4140625,79217583118.0,115432.71039705545,110691.12660647156,98585.76642842375,68.75236871601848,2965.884677971757,2953.1836098601543,12.70106811160258,68.53223634985554,66.2614687945684,124169.50315150151,105841.69372349852,115005.59843750004,0.1593644977028077,2904.814626473566,67107055835.75001,1.1804657815996502,1,1,1,1,0,0,0,-1.7068,-2.0822,-4.6026,0,HOLD,72,Greed,0.0141696666666666,0.0,0.0,85425640539.0,1.019,-68000000.0,2337365497467.132,58.54096347193149,46344384345.39471,117482.46977767294,766.3958790528078,75,6309.6201171875,97.38999938964844,16.5,3439.199951171875,941546721.960922,19895671.875,14170292447.359936
2025-07-23,119997.4453125,120113.3515625,117391.390625,118754.9609375,66608604537.0,115749.1152104311,111007.35540376682,98786.45493100164,63.73638942532077,2867.942772819879,2936.135442452099,-68.19266963222026,69.2833720945284,67.44638544837755,124406.37529646784,106515.5200160322,115460.94765625002,0.1549515714499438,2891.75364868974,67912748949.100006,0.9807967659639658,1,1,1,0,0,0,0,0.584,-1.7399,-3.9035,0,SELL,74,Greed,0.011665,0.0,0.0,86813694819.0,0.69,-85800000.0,2387516761560.4927,58.95,58939000420.94166,119955.79570607652,786.4807204757146,75,6358.91015625,97.20999908447266,15.369999885559082,3394.10009765625,878776940.4968604,19896265.625,10879734897.830894
2025-07-24,118770.984375,119535.453125,117247.96875,118368.0,72627318560.0,115998.53280943766,111296.00813303087,98981.2961754693,62.21159650008943,2727.6558746487863,2894.439528891437,-166.7836542426503,61.29838473611495,66.3713310601663,124288.12353557616,107667.13818317384,115977.630859375,0.1433119924009791,2848.5915577119013,69413292744.3,1.0463027424378153,1,1,1,0,0,0,0,-0.3747,-1.5778,-4.572,0,SELL,71,Greed,0.0111609999999999,0.0,0.0,84223342890.0,0.891,226700000.0,2359931875300.5244,59.826752511142175,45225685167.61703,118629.05588130427,776.2226902262614,75,6363.35009765625,97.37999725341795,15.390000343322754,3371.0,922715787.5217032,19896659.375,11261125234.19587
2025-07-25,118368.0,118486.9765625,114759.8203125,117635.8828125,104857024569.0,116154.4709049674,111544.63066948064,99166.9139529522,59.32009508908955,2528.257579077166,2821.2031389285826,-292.9455598514164,46.47611692435768,59.019291251667006,123936.45722898692,108959.2748022631,116447.866015625,0.1286170622028761,2911.346178589623,73125367096.75,1.4339350177930292,1,1,1,0,0,0,0,0.2433,1.4204,-6.4441,0,HOLD,70,Greed,0.0141529999999999,0.0,0.0,83507940443.0,0.825,130800000.0,2354764508342.9937,59.47,51940414419.3327,118354.43517438594,771.2312622168195,50,6388.64013671875,97.6500015258789,14.93000030517578,3334.0,1004316503.4249831,19897062.5,22820893392.68719
2025-07-26,117644.84375,118335.6875,117181.2265625,117947.3671875,48508954046.0,116325.22293187528,111795.71837606964,99353.78413439047,60.16833914359217,2368.069547457475,2730.576420634361,-362.5068731768865,37.52405147328594,48.43285104458619,123576.25395252754,110191.0077662225,116883.630859375,0.1145177137969737,2785.85437565465,73713513775.90001,0.6580740974236339,1,1,1,0,0,0,0,-0.0985,0.6648,-8.1747,0,SELL,72,Greed,0.0116023333333333,0.0,0.0,87361613222.0,1.103,,2338855554998.781,59.39963065806276,91617702596.10349,117540.8083708574,784.7856013546323,50,,,,,970032969.1338756,19897653.125,4964932334.15206
2025-07-27,117944.7265625,119815.59375,117859.6875,119448.4921875,54683390892.0,116622.67714669667,112095.82715298848,99553.73147820254,64.05797311916326,2335.327419579291,2651.526620423348,-316.1992008440566,43.01709660571474,42.33908833445278,122859.1778394556,112022.94794179444,117441.06289062502,0.092269514860855,2726.572366679318,74176898490.65001,0.7372024444900839,1,1,1,0,0,0,0,-3.0894,0.6065,-8.2817,0,SELL,73,Greed,0.0100506666666666,0.0,0.0,84348918710.0,0.867,,2346959472845.027,58.36,25145925063.881348,117959.54234360624,794.2867236239222,75,,,,,869131963.3112651,19898053.125,3373298830.617135
2025-07-28,119457.5234375,119819.7890625,117441.4375,117924.4765625,64822943193.0,116746.65804343986,112324.401639636,99736.52496162838,57.87845648729064,2161.487441388934,2553.518784616465,-392.0313432275311,48.41650082460258,42.98588296786775,121547.61891132752,114231.92718242251,117889.77304687502,0.0620553550984967,2701.699452095081,75203935443.95001,0.8619621142209102,1,1,1,0,0,0,0,-3.9045,4.5958,-6.6657,0,HOLD,75,Greed,0.0114046666666666,0.0,0.0,86008684800.0,0.796,157100000.0,2376524838793.0137,59.06302631496266,30220402191.467663,119418.91405141471,843.449638843771,50,6389.77001953125,98.66000366210938,15.029999732971191,3309.10009765625,919884194.7454996,19898450.0,12934438036.770037
2025-07-29,117938.5859375,119273.8671875,116987.3671875,117922.1484375,68463107433.0,116858.60950954084,112543.92112190518,99917.47643900024,57.8692725080477,2000.46997338922,2442.909022371016,-442.4390489817965,52.55729962731126,47.99696568587619,120182.59778229451,116256.5076864555,118219.552734375,0.0332101585992333,2672.042348374004,75730719912.35,0.9040334954195408,1,1,1,0,0,0,0,-4.5753,0.3709,-6.1757,0,HOLD,73,Greed,0.009807,0.0,0.0,84789339846.0,0.952,80000000.0,2349472897426.4688,59.72,43433742203.62158,118003.30201607826,822.2765976915088,25,6370.85986328125,98.91000366210938,15.979999542236328,3323.39990234375,710531240.0792824,19898856.25,13288768254.758938
2025-07-30,117921.9921875,118780.7265625,115800.828125,117831.1875,68896148592.0,116951.23598482266,112751.2649014383,100095.72232020422,57.48547215292605,1844.2631647183296,2323.1798508404786,-478.9166861221488,50.2065666449228,50.39345569894554,119985.18345401411,116638.32045223589,118311.751953125,0.0282885085084724,2694.032069025861,74379947055.55,0.9262731598954425,1,1,1,0,0,0,0,-3.0667,-0.3673,-9.5761,0,HOLD,74,Greed,0.008859,0.0,0.0,83576288966.0,1.01,47100000.0,2345126504020.1143,59.494069300889954,42860287143.68828,117853.30892863822,805.1438193193468,50,6362.89990234375,99.94000244140624,15.479999542236328,3295.800048828125,869131963.3112651,19899259.375,10499712187.637217
2025-07-31,117833.6328125,118919.984375,115505.21875,115758.203125,69370346018.0,116837.6138076967,112869.18404746034,100251.56790035144,49.43824629785502,1535.4953939395054,2165.642959460284,-630.1475655207787,38.76350420619329,47.17579015947578,120225.71019327124,116221.91480672876,118223.8125,0.0338662347447345,2745.513037309728,73502046302.2,0.9437879556820402,1,1,1,0,0,0,0,-0.5929,1.4972,-12.239,0,HOLD,72,Greed,0.0074473333333333,0.0,0.0,84124892247.0,1.043,-114800000.0,2343717963709.7124,59.74,43054424656.58649,117833.24087995924,793.8734614175534,50,6339.39013671875,100.02999877929688,16.719999313354492,3293.199951171875,976980455.1090132,19899656.25,9759826295.827438
2025-08-01,115738.953125,116060.7734375,112724.4453125,113320.0859375,91294530181.0,116502.61115339224,112886.86647452072,100381.6029056962,41.99257550321745,1081.5911210337072,1948.832591774969,-867.2414707412618,24.501474798271907,37.823848549796,120977.9281750745,115058.18276242552,118018.05546875,0.0501596589533409,2787.71411500189,75790544796.05,1.2045635827882055,1,1,1,0,0,0,0,0.7248,3.6472,-8.32,1,BUY,65,Greed,0.0058163333333333,0.0,0.0,83627213633.0,1.154,-812300000.0,2302199162425.1206,59.74068922944987,45238249453.35885,115700.00243915782,783.0023910772859,50,6238.009765625,98.69000244140624,20.3799991607666,3347.699951171875,957948368.3211752,19900246.875,15497763392.27134
2025-08-02,113320.390625,114021.6015625,112005.765625,112526.9140625,56870866000.0,116123.97333521204,112872.75069365716,100502.45177292808,39.88792663857709,650.3693203692237,1689.13993749382,-1038.7706171245964,10.196075572815804,24.487018192427,121483.05207530926,113894.13854969076,117688.5953125,0.0644829985901994,2732.579959466041,76183033505.7,0.7465030385767578,1,0,1,0,0,0,0,2.2227,3.3107,-9.9759,1,BUY,55,Greed,0.0062926666666666,0.0,0.0,82682804338.0,1.503,,2253609880959.403,61.31,65794680822.25255,113234.6051343189,756.4574114847068,25,,,,,919884194.7454996,19900646.875,3157274637.023201
2025-08-03,112525.8046875,114747.421875,111943.8046875,114217.671875,48099615826.0,115942.42081519184,112925.49270076863,100638.92162469,46.09049118651064,439.98113314925286,1439.3081766249068,-999.327043475654,13.836651949345764,16.17806744014449,121358.83459552286,113455.15290447716,117406.99375,0.067318661679349,2737.6540471827525,69500693326.95001,0.6920738991728677,1,1,1,0,0,0,0,2.871,-1.2139,-9.4953,1,HOLD,53,Neutral,0.0045,0.0,0.0,79685076799.0,1.554,,2240413983638.112,60.55733552009611,33543439044.09785,112554.90232221724,736.6587769385911,25,,,,,983324484.0382924,19901043.75,3752362442.6492014
2025-08-04,114223.921875,115729.46875,114130.40625,115071.8828125,35783028986.0,115859.5124339831,113009.664862013,100782.53317879756,48.95613085174745,338.2752363740874,1219.101588574743,-880.8263522006555,23.72841811516022,15.920381879107262,121353.28484495026,113190.17218629977,117271.728515625,0.06960853022272,2656.3260795268416,66373761717.20002,0.5391140724924022,1,1,1,0,0,0,0,1.4051,-0.6927,-11.1146,1,HOLD,64,Greed,0.0079613333333333,0.0,0.0,79555876721.0,1.494,-323500000.0,2272802075267.0376,60.94,24689273719.085533,114199.10966460756,751.4001548118117,25,6329.93994140625,98.77999877929688,17.520000457763672,3374.39990234375,1084828946.9067616,19901650.0,11845762258.67677
2025-08-05,115072.1875,115117.4375,112701.109375,114141.4453125,61039182286.0,115695.88699384184,113054.04840909092,100915.45767764038,46.0826991754408,180.51320629240945,1011.3839121182764,-830.8707058258668,30.593186037522056,22.71941870067601,121290.00357469788,112793.74720655216,117041.87539062502,0.0725915945877459,2639.18336848921,65817619378.000015,0.927398816044124,1,1,1,0,0,0,0,2.0667,-1.509,-8.2545,1,HOLD,60,Greed,0.0085463333333333,0.0,0.0,79253484852.0,1.404,-196200000.0,2292395156144.1514,59.55850636182743,32488023582.82734,115138.68613070175,768.5544340737234,50,6299.18994140625,98.77999877929688,17.850000381469727,3381.89990234375,875475992.2405444,19902043.75,9313301817.800478
2025-08-06,114140.9140625,115737.8359375,113372.25,115028.0,56379133510.0,115632.27870871406,113131.45827540108,101055.88098433054,49.145549419911134,125.57565686896852,834.2222610684148,-708.6466041994463,34.543048932497115,29.621551028393128,121029.42184658052,112628.1445596695,116828.783203125,0.0719110227511666,2619.6406948471235,65018383963.60001,0.8671260353312285,1,1,1,0,0,0,0,3.7198,1.6049,-7.8515,1,HOLD,54,Neutral,0.0073393333333333,0.0,0.0,79063680968.0,1.468,91600000.0,2271583255077.356,60.13,37316213251.97167,114128.35408881678,754.7878000846929,50,6345.06005859375,98.18000030517578,16.770000457763672,3380.0,913540165.8162204,19902634.375,7655906247.251752
2025-08-07,115030.0546875,117676.90625,114279.7109375,117496.8984375,64051649681.0,115809.86154002702,113302.65200724808,101219.47319779493,56.5482075670658,278.05151878086326,722.9881126109046,-444.9365938300414,45.52218361738214,36.88613952913377,120980.33860960136,112626.59498414869,116803.466796875,0.0715196548059666,2675.1803103937577,64323676458.40002,0.995770969689894,1,1,1,0,0,0,0,1.0507,-1.8065,-12.3403,1,HOLD,62,Greed,0.0051569999999999,0.0,0.0,78403871085.0,1.182,277400000.0,2289295036528.6577,59.69977400399242,32052509631.058872,115022.09576830892,769.8555506826906,50,6340.0,98.4000015258789,16.56999969482422,3400.300048828125,1021388657.6139684,19903121.875,8976136352.994701
2025-08-08,117505.5,117689.203125,115917.4609375,116688.7265625,59713005166.0,115893.56297073874,113435.43924470896,101373.3961168467,53.78807512644543,329.87443459467613,644.3653770076589,-314.4909424129828,56.63719945059778,45.56747733349234,120883.44243850675,112598.36615524326,116740.904296875,0.0709697798998914,2610.649015901347,64931098578.45002,0.9196364526907628,1,1,1,0,0,0,0,2.9859,-2.7683,-12.8766,1,HOLD,74,Greed,0.0083036666666666,0.0,0.0,81189938809.0,1.011,403900000.0,2337732858703.5435,57.8,38289687095.00489,117463.47451085236,787.1948285374559,75,6389.4501953125,98.18000030517578,15.149999618530272,3439.10009765625,870485436.2761792,19903625.0,10640830372.69743
2025-08-09,116678.2734375,117906.609375,116363.8359375,116500.359375,54004312429.0,115951.35310447792,113555.63219099487,101523.91316419152,53.13705448451633,351.6907390403212,585.8304494141914,-234.13971037387023,62.86862951654852,55.00933752817615,120836.10538615928,112565.66023884076,116700.8828125,0.0708687453599335,2534.3721888726795,64755541838.35002,0.8339720569987904,1,1,1,0,0,0,0,5.8744,-5.473,-14.423,1,HOLD,67,Greed,0.009805,0.0,0.0,79271599162.0,1.086,,2323026541073.3213,58.56218544976696,33017415812.97353,116688.36663186055,793.1777287850201,75,,,,,746374213.3917352,19903900.0,3986623481.743232
2025-08-10,116497.71875,119320.7109375,116485.1640625,119306.7578125,64755458694.0,116270.91545762288,113781.16652909313,101700.8568920354,60.757703075195856,588.6476536169212,586.3938902547375,2.2537633621836903,70.52845246196077,63.34476047636902,121081.2119684137,112507.27553158632,116794.24375,0.0734106079335556,2555.8846664532025,64502310185.85001,1.0039246425038202,1,1,1,1,0,0,0,-0.7939,-6.2898,-20.8781,1,HOLD,69,Greed,0.011906,0.0,0.0,79113735440.0,1.248,,2318815857401.68,57.89,27638785406.21056,116510.08393213755,799.1991047067497,75,,,,,868625162.1369333,19904431.25,4258627456.348864
2025-08-11,119306.8125,122321.09375,118159.03125,118731.4453125,90528784177.0,116505.25163427784,113975.29510883456,101870.3154832838,58.65205985576084,721.695547902098,613.4542217842096,108.24132611788843,72.24950759248489,68.54886319033139,120853.4190813017,112608.6715436983,116731.0453125,0.0706302896160265,2670.611654563688,65067870238.80002,1.3912977917481864,1,1,1,1,0,0,0,-1.1228,-6.3247,-19.525,1,HOLD,70,Greed,0.0097213333333333,0.0,0.0,80101314164.0,0.939,178100000.0,2374097296837.8896,58.45806124203661,37157754754.85189,119266.92516880557,804.8956334719561,75,6373.4501953125,98.5199966430664,16.25,3353.10009765625,945836287.6602162,19904681.25,11718980185.323074
2025-08-12,118717.6640625,120302.46875,118228.71875,120172.90625,72803657984.0,116854.55207387042,114218.33868299791,102052.43081429588,62.18793994845658,932.6992373232206,677.3032248920118,255.3960124312088,79.3979627301172,74.05864092818761,121115.2263409016,112488.65881534842,116801.942578125,0.0738563703234913,2627.9786792377104,65377622911.15,1.113586801449514,1,1,1,1,0,0,0,-2.2314,-6.3476,-21.632,0,HOLD,68,Greed,0.0100686666666666,0.0,0.0,80205812880.0,0.989,65900000.0,2364060561672.9995,60.04,61739781527.95854,118773.79960860992,806.8312185132748,50,6445.759765625,98.0999984741211,14.729999542236328,3348.89990234375,881493683.0574806,19905156.25,11498642440.824318
2025-08-13,120168.9765625,123682.453125,118939.6328125,123344.0625,90904808795.0,117472.60068588276,114576.2102052333,102264.28784599443,68.55811871864589,1340.356196415887,809.9138191967869,530.4423772191002,80.6083504432896,77.41860692196389,122231.27030996776,111870.22109628226,117050.745703125,0.0885175839884366,2779.038795899303,66291497422.9,1.371289114425668,1,1,1,1,0,0,0,-4.7761,-12.107,-25.3358,0,HOLD,73,Greed,0.0125543333333333,0.0,0.0,80679637111.0,1.028,86900000.0,2392854421745.616,57.76211914125966,46941089789.57991,120202.53485503166,834.446637547768,75,6466.580078125,97.83999633789062,14.489999771118164,3358.699951171875,1003744631.8026783,19905775.0,12888456394.703356
2025-08-14,123339.3984375,124457.1171875,117254.8828125,118359.578125,104055627395.0,117557.07472770344,114724.57757463591,102424.43998807413,53.34543534601685,1246.8481521560898,897.3006857886476,349.5474663674422,75.89600789744432,78.63410702361703,122294.7017333629,111879.15920413712,117086.93046875,0.088955637384359,3094.9813372636386,66251427564.19999,1.5706171356710223,1,1,1,1,0,0,1,-1.7804,-8.0699,-21.4691,0,HOLD,75,Greed,0.010575,0.0,0.0,84252459881.0,0.74,230800000.0,2458895200752.567,57.49,61818118105.53991,123560.99363577303,849.5528663342336,75,6468.5400390625,98.25,14.829999923706056,3335.199951171875,1042350194.56432,19906050.0,14413520594.360931
2025-08-15,118365.78125,119332.3125,116864.5703125,117398.3515625,68665353159.0,117541.95823577933,114829.43145651296,102573.43413309328,50.99543232563848,1082.6987261445029,934.3802938598188,148.31843228468415,63.99294326621164,73.49910053564852,122253.9250644963,111865.0343105037,117059.4796875,0.0887488205289021,3050.17854085195,67259247519.84999,1.02090575929704,1,1,1,1,0,0,0,-3.8903,-7.8039,-22.0892,0,HOLD,60,Greed,0.0084786666666666,0.0,0.0,82983006396.0,1.329,-14100000.0,2360043737045.272,57.783100034413,73822008367.99681,118405.59579823952,842.2643191559952,50,6449.7998046875,97.8499984741211,15.09000015258789,3336.0,862190901.6766596,19906581.25,14017254389.700182
2025-08-16,117398.421875,117996.0625,117271.953125,117491.3515625,48036922378.0,117537.13855260986,114933.82048027714,102721.8711224406,51.21933574961077,949.1719823901803,937.3386315658912,11.833350824289257,46.3982317165552,62.09572762673705,122038.98958263182,111884.2557298682,116961.62265625,0.0868210753420237,2884.0307432910963,66926924094.14999,0.7177518319895245,1,1,1,1,0,0,0,-2.7377,-7.0139,-26.2653,0,HOLD,56,Greed,0.0059543333333333,0.0,0.0,81773847177.0,1.38,,2335290383260.173,58.58,44268714220.021,117339.79190213275,827.2916811192079,50,,,,,978007589.9615842,19907118.75,5504971480.001399
2025-08-17,117492.7890625,118595.7734375,117279.5234375,117453.0625,45852169525.0,117529.13130950416,115032.61428497217,102868.4501411228,51.11578442221979,830.6858393360453,916.008073119922,-85.32223378387664,42.78153283534902,51.05756927270528,122000.95469268436,111875.14921356566,116938.051953125,0.0865911934566658,2772.04640448459,65978385410.74999,0.6949574355229556,1,1,1,0,0,0,0,-4.286,-5.3234,-27.5535,0,HOLD,64,Greed,0.0062223333333333,0.0,0.0,82149988972.0,1.303,,2339465736068.208,57.696557639066505,23202714236.542347,117501.21653394958,839.0566611983465,50,,,,,978007589.9615842,19907415.625,4633178834.210024
2025-08-18,117453.90625,117614.171875,114723.6796875,116252.3125,72787808090.0,117407.5295181228,115080.44558752228,103001.62290091264,47.84874182668088,632.6019854977931,859.3268555954962,-226.7248700977032,38.32073563395773,42.50016672862065,121904.18859110036,111804.93172139968,116854.56015625,0.0864258686712494,2780.50681755712,66194620443.59999,1.0996030735158853,1,1,1,0,0,0,0,0.5348,-3.8959,-27.1857,0,HOLD,60,Greed,0.0043356666666666,0.0,0.0,82762673070.0,1.338,-121700000.0,2340648324181.828,58.15,20906566026.645443,117542.83687778088,856.9424560582937,50,6449.14990234375,98.16999816894533,14.989999771118164,3331.699951171875,990876110.8821312,19907993.75,10854550547.181856
2025-08-19,116241.859375,116764.5,112730.3984375,112831.1796875,71657600353.0,116971.68667711112,114992.23908163904,103099.42943610255,40.00359900095674,197.2880638524657,726.9190972468901,-529.6310333944244,23.82948743828779,34.97725196919818,121937.72975885436,111271.38977239565,116604.559765625,0.0914744672755342,2870.049299338754,66332693031.65,1.0802757596289552,1,0,1,0,0,0,0,2.2539,-1.8679,-23.0665,1,BUY,56,Greed,0.0064216666666666,0.0,0.0,82068921340.0,1.375,-523300000.0,2313556987528.4634,57.79230818188989,47337926940.98573,116256.41276740946,848.2298792758197,75,6411.3701171875,98.2699966430664,15.56999969482422,3313.39990234375,862190901.6766596,19908550.0,14441863554.129671
2025-08-20,112828.0234375,114625.796875,112387.9609375,114274.7421875,67993811526.0,116714.8348209577,114964.10194853556,103210.6265779075,44.163641431628456,-30.862166084509223,575.3628445806103,-606.2250106651195,15.566686331084057,25.905636467776525,121953.62197196802,111107.151465532,116530.38671875,0.0930784734510006,2824.891202064557,66263866307.05,1.0261069164140508,1,0,1,0,0,0,0,-0.7143,-3.1711,-22.7558,0,BUY,44,Fear,0.0071136666666666,0.0,0.0,80198452878.0,1.65,-315900000.0,2245419916215.7417,58.9,46156885037.403885,112778.34483555844,823.4566682430556,25,6395.77978515625,98.22000122070312,15.6899995803833,3343.39990234375,907230724.8985746,19908809.375,11774848315.666763
2025-08-21,114275.6875,114802.6484375,111986.234375,112419.03125,57817883700.0,116305.71067134268,114864.29525447536,103302.25249504276,40.29561227283232,-357.29456157832465,388.83136334882334,-746.1259249271479,6.654319298807401,15.350164356059748,122034.37184526645,110936.29612348364,116485.33398437504,0.0952744465090469,2824.28569209566,64590033983.0,0.8951517770561567,1,0,1,0,0,0,0,-2.0412,-1.9519,-22.3068,1,BUY,50,Neutral,0.010145,0.0,0.0,80843505048.0,1.625,-194400000.0,2274471285844.184,57.37135223430316,42166369117.006935,114252.39755195397,870.0388548973078,50,6370.169921875,98.62000274658205,16.600000381469727,3336.89990234375,958704808.5807632,19909362.5,14001832264.62955
2025-08-22,112433.734375,117377.3984375,111678.9453125,116874.0859375,82528088240.0,116359.84164907194,114943.11057537828,103437.29561387318,51.31893102697251,-253.58572757399816,260.34794516425904,-513.9336727382572,19.919970214005225,14.04699194796556,121930.11612082648,111475.26903542355,116702.69257812502,0.0895853116534057,3029.5833658745414,65872895095.0,1.2528383354182375,1,1,1,0,0,0,0,-4.3392,-4.8826,-22.5505,0,HOLD,50,Neutral,0.0097556666666666,0.0,0.0,81141390558.0,1.874,-23200000.0,2238121481749.57,58.03,32048202090.65466,112414.39987336512,838.3671602294102,50,6466.91015625,97.72000122070312,14.220000267028809,3374.39990234375,939585701.641628,19909703.125,15328705213.824976
2025-08-23,116866.3671875,116996.25,114536.109375,115374.328125,55377142586.0,116265.98321820794,114960.02106752033,103556.07205676996,48.0993587432917,-289.08130161536974,150.4620958083333,-439.543397423703,24.34877420843081,16.97435457374781,121896.99206051196,111624.05872073806,116760.525390625,0.0879829317777183,2988.9088843835025,66236771433.000015,0.8360483367160373,1,1,1,0,0,0,0,-3.599,-2.8628,-20.879,0,HOLD,60,Greed,0.0111163333333333,0.0,0.0,83926761942.0,1.343,,2326174803320.612,56.40743237318368,50878158870.82928,116834.24948202296,899.0447590707095,75,,,,,980001769.6141684,19910250.0,8101157832.036867
2025-08-24,115387.390625,115615.0859375,111060.546875,113458.4296875,73961489632.0,115998.59716766432,114901.13513104893,103654.60297846876,44.27778293447256,-466.4320534812141,27.083265950423808,-493.5153194316379,29.1583642434185,24.47570288861818,121976.18289418616,111383.52257456385,116679.852734375,0.0907839705946219,3100.739611391824,68145694465.30001,1.0853435453601754,1,0,1,0,0,0,0,-0.8053,-1.6992,-19.8656,0,BUY,53,Neutral,0.0120553333333333,0.0,0.0,83438009198.0,1.67,,2296786080139.701,56.93,27306719885.257973,115359.98346714744,880.2145462822662,50,,,,,1057370330.3731812,19910734.375,11032407922.931696
2025-08-25,113456.8984375,113637.84375,109324.28125,110124.3515625,85706860190.0,115439.14520526772,114713.81028522347,103718.9785862701,38.53932423593948,-866.0329539062368,-151.53997802090834,-714.4929758853284,17.368568796625812,23.625235749491708,122443.22506757108,110514.77102617892,116478.998046875,0.1024086250861443,3187.36981772098,69379078360.5,1.235341578691192,1,0,1,0,0,0,0,-1.556,3.4788,-17.5008,0,BUY,47,Neutral,0.0098423333333333,0.0,0.0,84927840487.0,1.793,219100000.0,2259663171125.389,56.003531353316646,40682656776.69001,113399.54847314973,876.0729413672346,75,6439.31982421875,98.43000030517578,14.789999961853027,3373.800048828125,909080588.918406,19911325.0,11581188386.265312
2025-08-26,110124.1015625,112397.015625,108762.0390625,111802.65625,69396320317.0,115092.81292381366,114599.6473818814,103799.41318988932,42.573904858249136,-1035.3594056192233,-328.30386354057134,-707.0555420786519,14.186424308584597,20.2377857828763,122612.41790794456,110023.04381080548,116317.730859375,0.1082326314666445,3219.3417280623385,70029937700.85,0.9909521926671324,1,0,1,0,0,0,0,-2.6785,3.3138,-19.1483,0,BUY,48,Neutral,0.007168,0.0,0.0,81912813660.0,2.035,88100000.0,2194453712375.598,58.3,52854872363.93656,110185.35443900424,840.2868104582814,50,6465.93994140625,98.2300033569336,14.619999885559082,3388.60009765625,967107009.4876657,19911631.25,12519504863.175749
2025-08-27,111795.7109375,112619.4140625,110398.265625,111222.0625,62137056409.0,114724.1700263076,114467.193072788,103873.27039695508,41.5575685761362,-1202.5387833929854,-503.15084751105417,-699.3879358819312,13.444632196893894,14.999875100701432,122666.00038336124,109341.97774163872,116003.98906249998,0.1148583143511028,3148.0422073078857,69934208037.25002,0.888507329287308,1,0,1,0,0,0,0,-2.6841,4.3872,-22.3881,0,BUY,51,Neutral,0.006798,0.0,0.0,82426916862.0,1.915,81400000.0,2227025695775.593,56.32008559281707,43023800053.0546,111842.70999260596,864.1213024474413,75,6481.39990234375,98.2300033569336,14.850000381469728,3404.60009765625,967107009.4876657,19912115.625,10326963402.219948
2025-08-28,111219.0546875,113450.078125,110900.921875,112544.8046875,58860155962.0,114516.61142261163,114391.8052929728,103959.55432024407,44.79119484774044,-1214.297736396431,-645.3802252881295,-568.9175111083015,23.611247689530547,17.08076806500301,122624.82901462085,108968.75692287913,115796.79296875,0.1179313497518629,3105.264638928751,69891565577.05,0.8421639360347604,1,0,1,0,0,0,0,-2.927,3.0261,-18.8321,0,BUY,48,Neutral,0.0083229999999999,0.0,0.0,80423396965.0,1.803,178900000.0,2215255294289.9937,56.59,36957904262.99581,111216.08479629167,856.0552312979237,50,6501.85986328125,97.80999755859376,14.43000030517578,3431.800048828125,1025133430.0569257,19912653.125,10466099084.99234
2025-08-29,112550.5234375,112619.0546875,107559.625,108410.8359375,77843379644.0,113935.10899545814,114157.25747511112,104003.8456796198,37.75943945720119,-1539.4477253718503,-824.1937253048739,-715.2540000669767,19.7245386959512,18.92680619412521,122962.89973020884,107821.73386354111,115392.316796875,0.1312146795121611,3244.8478566838403,71083518937.8,1.0950974404083045,1,0,0,0,0,0,0,2.5733,6.454,-13.7284,1,BUY,50,Neutral,0.0074293333333333,0.0,0.0,81147876268.0,1.688,-126700000.0,2239422945686.892,56.30276697264911,34222495087.20689,112525.59740669793,874.7487534677291,75,6460.259765625,97.7699966430664,15.359999656677246,3473.699951171875,1063817710.4364324,19913134.375,23005469326.788795
2025-08-30,108409.40625,108929.3515625,107444.4453125,108808.0703125,51486264208.0,113446.81959708118,113947.48542951854,104051.6489097977,38.75441005415915,-1744.9630916588794,-1008.3475985756752,-736.6154930832043,18.57604245723268,20.637276280904807,122744.84567380116,106989.9191699488,114867.38242187498,0.1371575304640357,3119.137741920709,70420059213.5,0.7311306576994433,1,0,0,0,0,0,0,2.6792,6.0996,-15.3173,1,BUY,39,Fear,0.0075543333333333,0.0,0.0,80739560024.0,2.323,,2160278651486.285,57.78,51702115726.38959,108480.30666639366,863.6575485254209,25,,,,,1018686049.9936746,19913656.25,9170965525.438211
2025-08-31,108818.4609375,109491.0,108104.65625,108236.7109375,47986191770.0,112950.61877235916,113723.53348865508,104093.29131803356,37.81796536925079,-1931.6723106397687,-1193.012540988494,-738.6597696512754,9.243910272681724,15.848163808621866,122528.46629905776,106156.8251071922,114342.645703125,0.1431805350592662,2995.3667424978016,68292929593.15,0.70265241300782,1,0,0,0,0,0,0,2.2976,7.9515,-17.4146,1,BUY,48,Neutral,0.007469,0.0,0.0,79823707524.0,2.299,,2166165747945.181,56.179865825486566,27799981330.792213,108781.95727925688,861.923469050824,50,,,,,851054168.3491462,19914290.625,4626001308.177331
2025-09-01,108228.75,109890.5859375,107271.1796875,109250.59375,66870372995.0,112598.23543689636,113548.12408713918,104144.60776014268,40.56259607438632,-1975.0615619992896,-1349.4223451906532,-625.6392168086363,13.201631835051032,13.673861521655144,121799.93184130023,105793.12831494972,113796.53007812498,0.140661613454833,2968.5124216051017,67996265343.7,0.983441850180904,1,0,0,0,0,0,0,1.2818,6.6068,-18.2866,1,BUY,46,Fear,0.0090743333333333,0.0,0.0,79492098925.0,2.155,,2155694976689.5984,57.85,26140904019.246822,108253.36092385623,857.819601972643,25,,,,,1038028190.1834284,19914606.25,9872635249.510498
2025-09-02,109243.0703125,111748.015625,108454.03125,111200.5859375,74776999491.0,112465.12596076338,113456.0637675455,104214.81649822585,45.541297403748935,-1830.993233298068,-1445.7365228121362,-385.25671048593176,22.08586801929569,14.84380337567615,119877.42793262356,106501.28456737642,113189.35625,0.1181749221693903,2991.760418276166,67189874878.49999,1.112920653985736,1,0,0,0,0,0,0,-0.8776,5.3387,-18.7004,1,HOLD,49,Neutral,0.007442,0.0,0.0,79807635482.0,2.016,332800000.0,2174100506466.432,56.60033802457038,42999610648.39302,109162.68557992298,845.916487927506,75,6415.5400390625,98.4000015258789,17.170000076293945,3549.39990234375,1050922950.3099302,19915265.625,11472795453.89586
2025-09-03,111190.6953125,112600.2265625,110582.9609375,111723.2109375,61119643565.0,112394.46738711924,113388.10875460254,104289.52689065645,46.82685223472846,-1655.562283651263,-1487.7016749799616,-167.8606086713014,34.17318853799795,23.153562797448224,119109.8681142482,106605.20766700184,112857.537890625,0.1108004009387938,2922.1536473278684,65043075686.99999,0.9396794803972628,1,0,0,0,0,0,0,-0.4973,3.5495,-18.8707,0,HOLD,55,Greed,0.0047176666666666,0.0,0.0,81865870745.0,1.519,300500000.0,2212595221503.454,55.9,50235464642.84596,111190.18209845416,851.6937445280856,50,6448.259765625,98.13999938964844,16.350000381469727,3593.199951171875,883291068.6654017,19915515.625,10987680372.68799
2025-09-04,111718.1484375,112208.328125,109347.2265625,110723.6015625,60131132901.0,112235.33730858409,113283.61827648088,104353.54753415738,44.65553426226276,-1578.9904950829514,-1505.9594390005595,-73.03105608239184,39.03160904434873,31.76355520054745,118460.1706956361,106587.43008561392,112523.800390625,0.1055131498296903,2917.792784125878,64616364674.1,0.9305867515803192,1,0,0,0,0,0,0,1.2173,4.5143,-16.2855,1,BUY,51,Neutral,0.0065093333333333,0.0,0.0,80726640466.0,1.383,-222900000.0,2225365905592.233,56.29401796788554,36406080683.42747,111711.51977725116,855.1110256828161,50,6502.080078125,98.3499984741211,15.300000190734863,3565.800048828125,902633208.8551546,19916012.5,10787959326.746689
2025-09-05,110723.015625,113357.4921875,110233.3984375,110650.984375,60241647677.0,112084.44655300464,113180.37773132476,104416.20859725034,44.4941263081236,-1506.7969834401883,-1506.1269478884856,-0.6700355517027674,37.65575965414054,36.95351907882908,117685.5354473859,106678.02861511418,112181.78203125004,0.0981220536254755,2932.528567402601,65226600939.05,0.9235748423145932,1,0,0,0,0,0,0,0.7949,4.207,-16.8368,1,BUY,48,Neutral,0.0078436666666666,0.0,0.0,79214545116.0,1.72,-160100000.0,2204051936301.3257,56.57,38708366685.43147,110724.736377486,843.6735934362805,50,6481.5,97.7699966430664,15.18000030517578,3613.199951171875,957592801.73997,19916521.875,12937939673.7636
2025-09-06,110650.5703125,111275.015625,110024.0859375,110224.6953125,21500719036.0,111907.3273872423,113064.46861686106,104474.00448496429,43.50011909048472,-1467.0696048489335,-1498.3154792805751,31.2458744316416,34.7707208946651,37.15269653105145,116790.06151181296,106850.66583193712,111820.36367187503,0.0888871700421394,2812.4143616952724,64009028414.6,0.3359013496773502,1,0,0,1,0,0,0,3.3846,2.2897,-16.0702,1,BUY,48,Neutral,0.0069056666666666,0.0,0.0,79789825345.0,1.775,,2204045604630.5625,56.47714805434105,56020470627.40665,110662.18112628513,849.7184902459278,75,,,,,946761026.3534616,19916834.375,3437337619.624412
2025-09-07,110221.328125,111591.078125,110211.625,111167.6171875,24618007520.0,111836.87879679064,112990.08228629788,104540.6075964323,46.35490208753619,-1344.006584814793,-1467.4537003874188,123.44711557262552,43.783805226345,38.73676192505021,116080.57846022423,107051.6793522758,111566.12890625004,0.0809286760817479,2710.05998764561,61600538386.100006,0.3996394863580443,1,0,0,1,0,0,0,3.9039,0.7618,-18.7979,1,HOLD,44,Fear,0.0082456666666666,0.0,0.0,78817052174.0,1.911,,2195288669199.568,56.63,19340758702.07633,110209.1888247784,861.6639369838142,50,,,,,1041437128.988808,19917418.75,2596166281.3931866
2025-09-08,111163.015625,112869.234375,110630.609375,112071.4296875,40212813407.0,111859.2169768582,112954.05669418816,104615.54114957726,49.01417165900659,-1160.1743715707853,-1405.9978346240923,245.82346305330705,58.0952290098586,45.54991837695623,116010.44167520996,107045.84113729012,111528.14140625004,0.0803797178441769,2676.386059956638,60028299038.8,0.6698975991474949,1,0,0,1,0,0,0,3.5961,1.1218,-19.4275,1,HOLD,51,Neutral,0.007165,0.0,0.0,78768869043.0,1.672,364300000.0,2213764479139.3647,56.30553495114463,22147049159.335133,111131.9923868407,881.3845363246559,75,6495.14990234375,97.4499969482422,15.109999656677246,3638.10009765625,1082012601.5468135,19917696.875,7661404614.42701
2025-09-09,112077.578125,113225.4375,110776.703125,111530.546875,45984480722.0,111827.91506239552,112898.2327797102,104684.3471766959,47.49675183498704,-1046.0722707776586,-1334.0127218548057,287.94045107714715,69.27416540848058,57.05106654822805,115683.2009243581,107098.662356892,111390.93164062504,0.0770667633444522,2660.125225316878,58927832498.60001,0.780352488327014,1,0,0,1,0,0,0,3.963,-2.2247,-20.9408,1,HOLD,48,Neutral,0.0090239999999999,0.0,0.0,80958736770.0,1.4,23000000.0,2231763512226.867,56.17,37159847899.8603,112025.12878118773,878.2339242329539,50,6512.60986328125,97.79000091552734,15.039999961853027,3643.300048828125,1129350652.8644862,19918268.75,10652209784.065067
2025-09-10,111531.25,114275.25,110940.078125,113955.359375,56377473784.0,112030.52880645308,112939.68872462351,104776.59605429096,54.32381025010972,-751.3226502613543,-1217.4747075361154,466.1520572747611,80.68489060876426,69.35142834236781,115890.49474552576,107045.00134822432,111467.74804687504,0.0793547331160012,2708.342843151387,58855812002.80001,0.9578913596726504,1,1,0,1,0,0,0,1.2744,-3.723,-24.1635,0,HOLD,49,Neutral,0.00729,0.0,0.0,82621176529.0,1.796,741500000.0,2222026777598.0474,56.058622154535634,45338021458.38368,111547.43956434788,879.833817211316,50,6532.0400390625,97.77999877929688,15.350000381469728,3643.60009765625,1149638389.1434891,19918909.375,11031790195.23848
2025-09-11,113961.4296875,115522.546875,113453.8359375,115507.5390625,45685065332.0,112361.67264036232,113040.3887378736,104883.37160661149,58.08134736096613,-388.0107770618488,-1051.581921441262,663.5711443794132,88.06166443407906,79.3402401504413,115501.05886767551,107297.78253857455,111399.42070312504,0.0736384110197698,2662.654849890574,57013660857.4,0.8013003312708761,1,1,0,1,0,0,0,-0.0543,-5.0435,-23.9496,0,HOLD,54,Neutral,0.0044633333333333,0.0,0.0,83846635871.0,1.124,552700000.0,2270241314652.7144,55.41,52205187155.05567,113975.32489468766,893.578793274879,50,6587.47021484375,97.54000091552734,14.710000038146973,3636.89990234375,1014386813.9501374,19919421.875,12917697920.895584
2025-09-12,115507.7890625,116769.3828125,114794.484375,116101.578125,54785725894.0,112717.85411508972,113160.435380506,104994.99555206808,59.45601446469232,-51.55521584214876,-851.5765803214393,800.0213644792906,96.07335134223064,88.27330212835798,115695.63914424628,107175.92726200378,111435.78320312504,0.0764540046056191,2613.529391862676,56984090022.8,0.9614214401261756,1,1,0,1,0,0,0,0.6388,-3.4271,-25.8031,0,HOLD,57,Greed,0.0041716666666666,0.0,0.0,85926478409.0,1.023,642400000.0,2299764311655.674,56.09760275889766,43752917632.95067,115503.16663193036,902.876846974473,50,6584.2900390625,97.5500030517578,14.760000228881836,3649.39990234375,811509451.1601102,19919943.75,13838292752.335754
2025-09-13,116093.5625,116334.6328125,115248.2734375,115950.5078125,34549454947.0,113025.72589579546,113269.84998568226,105104.0056243112,58.92677562358398,200.58589939656667,-641.1440843778382,841.7299837744049,94.72196561974464,92.95232713201813,116198.36277632826,106922.41144242178,111560.38710937502,0.0831473569987905,2504.4458192296274,55013488288.55,0.6280178920083278,1,1,0,1,0,0,0,0.4467,-1.3369,-26.294,0,HOLD,52,Neutral,0.0066496666666666,0.0,0.0,85910327924.0,0.987,,2314347371939.946,54.93,51192951485.8644,116160.14344594492,925.1660418381476,75,,,,,953523605.1131293,19920215.625,5789043918.79074
2025-09-14,115950.2890625,116181.5,115222.3984375,115407.65625,32798036057.0,113252.57640571972,113353.68552545944,105206.52951113397,56.96455745800561,352.54207986110123,-442.4068515300504,794.9489313911515,90.00370135798711,93.5996727733208,116713.2073776424,106935.8973098576,111824.55234375,0.0874343770027286,2394.0640866060826,52368047081.89999,0.6262986283545413,1,1,0,1,0,0,0,1.4986,-1.1711,-23.659,0,HOLD,55,Greed,0.007595,0.0,0.0,83852011145.0,1.038,,2310166037871.29,55.36927652736355,30063858747.76022,115970.58488443034,933.8971704994946,75,,,,,1034674550.2291404,19920740.625,3898286436.661168
2025-09-15,115399.6328125,116747.8828125,114461.0625,115444.875,52937859416.0,113461.36674803212,113435.69295583358,105308.40359560028,57.07010783431757,470.5475109388936,-259.8159790362616,730.3634899751551,87.03783085317613,90.58783261030264,117156.27690021922,106857.04966228076,112006.66328125,0.0919519155041427,2386.403817027077,51545124036.84999,1.0270197308702629,1,1,1,1,0,0,0,0.2113,2.7754,-23.4752,0,HOLD,53,Neutral,0.0074053333333333,0.0,0.0,82737081408.0,1.081,259900000.0,2297459118244.424,55.43,26889399414.610912,115373.55555886828,926.8412817390542,50,6615.27978515625,97.3000030517578,15.6899995803833,3682.199951171875,1102300337.8258162,19921012.5,12687401399.611538
2025-09-16,115423.7578125,117005.2734375,114813.09375,116843.1875,45781744593.0,113783.4449148862,113569.32019285973,105423.1775647983,60.945630521468345,669.1858400062483,-74.01561522775961,743.2014552340079,89.20610533717858,88.74921251611394,117853.77242425158,106721.6666382484,112287.71953125,0.0991391207558104,2372.530664918,50727358446.05,0.9025059848462286,1,1,1,1,0,0,0,-0.9596,3.2848,-24.1533,0,HOLD,52,Neutral,0.006213,0.0,0.0,82937829849.0,1.177,292300000.0,2297977599504.5527,55.97902109851828,46947581231.08198,115397.25272727507,919.2250351484704,50,6606.759765625,96.62999725341795,16.360000610351562,3688.89990234375,1082012601.5468135,19921537.5,11014563418.224216
2025-09-17,116840.5078125,117328.609375,114794.9765625,116468.5078125,60528025996.0,114039.16519084942,113683.01382500248,105533.08134835752,59.39829304813055,787.2991331216181,98.24733444211594,689.0517986795021,90.3928812807003,88.87893915701832,118356.27735244464,106611.53202255532,112483.9046875,0.1044126745290207,2384.037961173857,50810751947.75,1.1912444448419603,1,1,1,1,0,0,0,-0.9981,4.9782,-24.0224,0,HOLD,53,Neutral,0.007023,0.0,0.0,84879930302.0,0.909,-51300000.0,2325326932460.9644,55.67,39964451595.09973,116762.8496864193,955.3487499241552,50,6600.35009765625,96.87000274658205,15.720000267028809,3681.800048828125,865610081.2374508,19922084.375,12962249455.147718
2025-09-18,116461.265625,117911.7890625,116188.796875,117137.203125,49457272032.0,114334.21642267329,113818.47222892394,105648.5452466326,61.28736298771892,924.2091839029308,263.43970433427893,660.7694795686518,92.42897906601206,90.67598856129698,118815.06354724133,107025.38254650866,112920.223046875,0.1044071706787063,2336.8204059114387,49391446567.15,1.00133273004589,1,1,1,1,0,0,0,-3.7466,4.5146,-25.3747,0,HOLD,52,Neutral,0.0071383333333333,0.0,0.0,83910842639.0,1.21,163000000.0,2321583680138.891,55.58653016327286,54740952295.37868,116455.9464822532,991.3973181432297,50,6631.9599609375,97.3499984741211,15.699999809265137,3643.699951171875,1087599379.141188,19922668.75,13510976822.137203
2025-09-19,117137.671875,117479.7578125,115141.8203125,115688.859375,38828473971.0,114463.2300371806,113891.82074445634,105748.44886980044,55.287282915478514,905.4052016500792,391.832803797439,513.57239785264,83.74042110153465,88.85409381608233,118947.97367813293,107580.551321867,113264.26249999995,0.1003619509398732,2336.900198346336,48758557055.3,0.7963417360149173,1,1,1,1,0,0,0,-3.1761,6.7635,-24.2693,0,HOLD,53,Neutral,0.0072136666666666,0.0,0.0,85788596987.0,0.941,222600000.0,2333705338232.097,55.71,43642467075.25838,117145.49508952006,982.076570691383,50,6664.35986328125,97.63999938964844,15.449999809265137,3671.5,1188749380.7897809,19922915.625,11918810025.118149
2025-09-20,115691.125,116191.1484375,115473.5234375,115721.9609375,22864449614.0,114583.10917054434,113963.59094810512,105847.68779584722,55.39476435564325,882.9953094103694,490.06530492002514,392.9300044903442,77.85296354549666,84.67412123768112,118898.288434965,108378.76156503498,113638.525,0.0925700757725431,2221.2376841787404,47502469947.5,0.4813318052570723,1,1,1,1,0,0,0,-2.0682,7.8037,-24.617,0,HOLD,48,Neutral,0.0045416666666666,0.0,0.0,84907676644.0,1.252,,2303469041668.8,55.84398180748571,34296721252.33001,115655.81046441344,982.6879738189484,50,,,,,1082611043.2192645,19923459.375,6506869820.089035
2025-09-21,115730.2265625,115901.0859375,115252.578125,115306.09375,22495852193.0,114651.9648447782,114016.23811680688,105941.80128792836,53.64989803305643,822.2004864657647,556.4923412291731,265.7081452365916,69.1974475665527,76.930277404528,118820.9606866456,109061.63931335438,113941.3,0.085652185584079,2108.899836201688,45283743907.4,0.4967754485804311,1,1,1,1,0,0,0,-5.4263,5.3295,-24.2872,0,HOLD,49,Neutral,0.0062836666666666,0.0,0.0,83727565527.0,1.248,,2305371926506.302,56.53,18774953731.290398,115715.51536781774,1042.406078066426,25,,,,,1146294045.7615745,19924065.625,3521336291.7833223
2025-09-22,115309.21875,115431.3125,112037.6484375,112748.5078125,70684158591.0,114470.68322265647,113966.52320291247,106009.52971105842,44.38942407033026,561.1754593842052,557.4289648601796,3.746494524025593,54.46996422403177,67.17345844536038,118762.5365655373,109274.85562196266,114018.69609374998,0.0832116246599904,2200.66870950871,45079101862.4,1.5680028144029396,1,0,1,1,0,0,1,-2.6924,9.4071,-22.1257,0,BUY,45,Fear,0.0053676666666666,0.0,0.0,83110695518.0,1.266,-363100000.0,2297332085237.645,55.77784771015276,18659113982.495464,115304.47999407038,1048.564985104853,50,6693.75,97.33000183105467,16.100000381469727,3740.699951171875,1061383375.7051616,19924562.5,15430507426.449469
2025-09-23,112757.4765625,113351.9140625,111535.5703125,112014.5,47211853279.0,114236.76101097492,113889.97327338652,106069.2806592071,42.14126511879509,291.7201800823095,504.2872079046056,-212.5670278222961,35.753259339742144,53.14022371010886,118749.13327220404,109317.38782154594,114033.260546875,0.0827104776748978,2173.2169266866595,44383712348.1,1.063720242883673,1,0,1,0,0,0,0,-2.0824,8.6516,-21.5853,0,BUY,43,Fear,0.0063823333333333,0.0,0.0,82092473864.0,1.491,-103800000.0,2245929069310.853,56.16,69152342029.46799,112696.74101711863,992.3881905006706,50,6656.919921875,97.26000213623048,16.639999389648438,3780.60009765625,1018928040.676955,19925084.375,13380103763.332315
2025-09-24,112007.6640625,113986.2734375,111229.640625,113328.6328125,48044595085.0,114150.27261112016,113867.9599219792,106141.51301894136,47.28852323878934,182.1151550727518,439.8527973382349,-257.7376422654831,24.81947764770309,38.34756707049233,118631.89842301531,109695.12579573468,114163.512109375,0.0782804633648509,2214.889489959041,43779385457.3,1.0974250685144966,1,0,1,0,0,0,0,-1.0642,-0.1008,-23.1102,0,HOLD,44,Fear,0.004592,0.0,0.0,81673969738.0,1.608,241000000.0,2232693472656.6514,56.329587396714544,46154878824.043465,112022.16587861197,1017.4645009307636,50,6637.97021484375,97.87000274658205,16.18000030517578,3732.10009765625,1082611043.2192645,19925350.0,11030120453.67821
2025-09-25,113330.1640625,113541.0859375,108713.3984375,109049.2890625,75528654284.0,113664.4646541087,113678.99243729374,106170.44611390214,36.04357477448131,-247.2052651492413,302.44118484073965,-549.646449989981,16.82490826031406,25.79921508258643,118863.42771971098,109303.426967789,114083.42734375,0.0837983305245229,2401.517919247681,44543735787.65,1.6956066425156184,1,0,0,0,0,0,1,4.907,1.6127,-18.9081,1,BUY,44,Fear,0.007173,0.0,0.0,81291604909.0,1.24,-253400000.0,2257741194218.8286,56.27,46677543220.334526,113320.56908541008,1018.067792712729,50,6604.72021484375,98.5500030517578,16.739999771118164,3736.89990234375,997700373.1628518,19925881.25,14251956295.883837
2025-09-26,109041.296875,110359.1953125,108728.9765625,109712.828125,57738288949.0,113288.11831800312,113523.45658190968,106205.69369610211,38.48615369755219,-527.818372700378,136.38927333251613,-664.2076460328941,15.309608881972045,18.984664929996395,118929.43031441217,109186.23765433783,114057.833984375,0.085423265721573,2346.425121444276,46355614283.3,1.2455511558133037,1,0,0,0,0,0,0,3.9588,4.9738,-20.2383,1,BUY,28,Fear,0.005061,0.0,0.0,77936909894.0,1.803,-418300000.0,2171950311711.4429,56.90242100979779,74481796351.47305,108963.53013595636,944.4003758447784,25,6643.7001953125,98.1500015258789,15.289999961853027,3775.300048828125,934017370.6205422,19926450.0,16962966523.57071
2025-09-27,109707.140625,109778.5,109144.296875,109681.9453125,26308042910.0,112944.67326985997,113372.80908114852,106240.28326442448,38.41262219982087,-744.1205089845898,-39.71268313090506,-704.4078258536848,8.3488053560094,13.494440832765166,119080.79069253342,108886.31008871656,113983.550390625,0.0894381739196583,2224.1235502696845,46440116052.8,0.5664939097070543,1,0,0,0,0,0,0,8.1754,5.0958,-19.1006,1,BUY,33,Fear,0.0048153333333333,0.0,0.0,78154398112.0,1.792,,2185866776171.5464,56.2,55257214020.568245,109710.20874667744,960.6805874196078,50,,,,,1096762821.5620005,19926693.75,5814233429.462753
2025-09-28,109681.9453125,112375.484375,109236.9453125,112122.640625,33371048505.0,112866.38444653996,113323.78286718192,106298.8141834352,47.02667520004543,-710.4086477088713,-173.85187604649832,-536.556771662373,19.48608537159184,14.38149986985776,119079.35676945846,108892.86510554152,113986.1109375,0.0893660778505051,2289.438944000421,46098027807.7,0.723914885127165,1,0,0,0,0,0,0,7.6333,0.8883,-19.7801,1,HOLD,37,Fear,0.0046936666666666,0.0,0.0,77218259066.0,1.782,,2185203231301.056,56.37774534452663,23294896964.31016,109654.81021075726,968.6806715896132,50,,,,,1167521713.2756777,19927212.5,4533682940.126207
2025-09-29,112117.875,114473.5703125,111589.953125,114400.3828125,60000147466.0,113012.47952901234,113366.00247288067,106379.42680661,53.55537854765278,-494.2001642568503,-237.9215336885688,-256.2786305682815,36.47295071431766,21.4359471473063,119091.5740245948,109167.63144415518,114129.602734375,0.0869532736702552,2331.880247107534,46798811144.9,1.2820870017450998,1,1,0,0,0,0,0,6.876,-3.1619,-20.8017,1,HOLD,50,Neutral,0.0033956666666666,0.0,0.0,80108903075.0,1.49,518000000.0,2235798877396.134,55.02,31274654338.51212,112142.57362752674,993.2079048442276,50,6661.2099609375,97.91000366210938,16.1200008392334,3820.89990234375,990624483.991484,19927771.875,12421806232.98834
2025-09-30,114396.5234375,114836.6171875,112740.5625,114056.0859375,58986330258.0,113111.87061553498,113393.0645695324,106455.81147457904,52.50206115403671,-346.6394203641539,-259.66511102368577,-86.97430934046815,52.32405917928351,36.09436508839767,119096.07014494303,109173.2079800569,114134.63906249998,0.0869399706030734,2315.0355642784248,46929253968.6,1.2569202633706322,1,1,0,0,0,0,0,7.3379,-5.1466,-19.8522,1,HOLD,50,Neutral,0.006206,0.0,0.0,83698368633.0,1.023,429900000.0,2278362523594.313,56.63095192518482,57833295882.65785,114309.15041119448,1030.030963111487,50,6688.4599609375,97.7699966430664,16.280000686645508,3840.800048828125,1139218156.5902066,19928340.625,18752461459.12848
2025-10-01,114057.59375,118648.9296875,113981.3984375,118648.9296875,71328680132.0,113639.20957476972,113599.17692709976,106577.1360339116,62.965903536442,139.30185385790537,-179.87171804736755,319.1735719052729,73.30290455021853,54.033304814606566,119621.3790884868,108962.03809901317,114291.70859374998,0.0932643419249445,2483.0709704013943,48211434708.600006,1.4794971475776535,1,1,1,1,0,0,0,4.1,-10.2665,-20.8737,1,HOLD,49,Neutral,0.0055963333333333,0.0,0.0,81336874953.0,1.068,675800000.0,2272137555069.4507,56.44,57718901820.70616,114024.22783550054,1008.9225311714104,50,6711.2001953125,97.70999908447266,16.290000915527344,3867.5,1076906913.283782,19928631.25,17914942537.91964
2025-10-02,118652.3828125,121086.40625,118383.15625,120681.2578125,71415163912.0,114309.88083550594,113876.90558927233,106717.47555409656,66.48442305760088,680.5606301987427,-7.785248398145512,688.3458785968883,84.93613228842923,70.18769867264376,120528.1901605482,108513.19499570178,114520.692578125,0.1049154951333349,2498.798043944152,49042906609.50001,1.4561772302901457,1,1,1,1,0,0,0,3.3736,-11.1724,-22.3334,1,HOLD,64,Greed,0.0061033333333333,0.0,0.0,87034254188.0,0.784,627200000.0,2359569556068.08,56.85297324043695,69920179085.4708,118503.24451752484,1025.8187850123247,50,6715.35009765625,97.8499984741211,16.6299991607666,3839.699951171875,1019764936.475331,19929200.0,18501831007.64977
2025-10-03,120656.984375,123944.703125,119344.3125,122266.53125,83941392228.0,115067.65706545777,114205.910517144,106872.19252619513,68.96157647782793,1223.3286564749287,238.43753257646927,984.8911238984592,95.2358777513206,84.49163819665611,121755.37207005202,107917.61542994795,114836.49375,0.1204996442178822,2648.911799733856,51512503473.55001,1.6295343182282174,1,1,1,1,0,0,1,-0.6667,-11.1231,-25.3205,0,HOLD,63,Greed,0.0064056666666666,0.0,0.0,89572953069.0,0.672,985100000.0,2399524207991.5527,56.57,71252850672.75252,120611.71911591051,1090.3115640663682,50,6715.7900390625,97.72000122070312,16.649999618530273,3880.800048828125,884796047.8241848,19929743.75,23124603287.08565
2025-10-04,122267.46875,122857.640625,121577.5703125,122425.4296875,36769171735.0,115768.39731517607,114528.244602256,107026.9511049146,69.20724801127665,1647.3088526289212,520.2117965869597,1127.0970560419614,91.91098543541624,90.69433182505534,122895.06733059572,107479.6975131543,115187.382421875,0.1338286320369922,2551.13740778858,51711060257.450005,0.7110504319954003,1,1,1,1,0,0,0,0.7592,-9.6683,-25.6469,0,HOLD,71,Greed,0.0080966666666666,0.0,0.0,90273394516.0,0.62,,2436956902844.716,56.69795696938438,83155430408.51796,122250.15186842805,1190.0540938314143,50,,,,,1004768393.2918702,19929987.5,8476077417.44032
2025-10-05,122419.671875,125559.2109375,122191.9609375,123513.4765625,73689317763.0,116506.0239101593,114880.60663991264,107190.99613434332,70.90541358547065,2047.510080639812,825.6714533975301,1221.8386272422813,88.95451181179662,92.03379166617782,124152.56780760412,107029.05719239588,115590.8125,0.1481390280495538,2609.4311643751103,52748633174.8,1.3969900891802471,1,1,1,1,0,1,0,-1.4637,-12.174,-26.718,0,HOLD,74,Greed,0.0094646666666666,0.0,0.0,90162480707.0,0.628,,2438832157552.7866,55.8,35161626561.80918,122380.93708463266,1149.536376093483,50,,,,,1117242467.1678262,19930309.375,7752284226.2383795
2025-10-06,123510.453125,126198.0703125,123196.046875,124752.53125,72568881188.0,117291.4055615727,115267.74093834744,107365.73777728518,72.7485150850792,2436.566572464435,1147.850477210911,1288.716095253524,89.87132788292863,90.24560837671382,125472.37053158163,106500.18884341838,115986.2796875,0.1635726375505767,2637.473469598317,54087990004.55,1.3416819737966847,1,1,1,1,0,1,0,-9.2488,-13.6782,-27.5472,0,HOLD,71,Greed,0.0067503333333333,0.0,0.0,93380811246.0,0.661,1190100000.0,2461221856764.1885,57.17905085714955,72011486031.26575,123506.18520027678,1165.4778023162069,25,6740.27978515625,98.11000061035156,16.3700008392334,3948.5,922287405.7828364,19930840.625,16874408670.71981
2025-10-07,124752.140625,125184.0234375,120681.96875,121451.3828125,76149412513.0,117687.5938711848,115510.23669811813,107505.89344927736,61.55950980601831,2450.2762952903868,1408.3356408268064,1041.9406544635804,84.14698451412461,87.65760806961661,126031.5179726692,106439.32890233082,116235.4234375,0.1685560949573444,2770.65784230558,54869059330.40001,1.3878388556737966,1,1,1,1,0,0,0,-8.7636,-9.3714,-25.215,0,HOLD,70,Greed,0.0076059999999999,0.0,0.0,95278316508.0,0.56,875600000.0,2486073086655.2866,54.49,69605991064.72382,124773.50823074432,1224.574210222444,75,6714.58984375,98.58000183105467,17.239999771118164,3976.60009765625,1034761479.658792,19931140.625,19430972127.380543
2025-10-08,121448.3515625,124167.09375,121119.1796875,123354.8671875,65354305286.0,118227.33418702436,115817.8692663292,107663.59468050348,64.91078396317018,2584.939061945596,1643.6563250505642,941.2827368950312,82.77457010709082,85.59762750138135,126844.66398597292,106247.94929527713,116546.306640625,0.1767255890330919,2790.461858033753,55663910993.10001,1.1740875572702965,1,1,1,1,0,0,0,-6.6354,-9.9882,-26.0726,0,HOLD,60,Greed,0.0064983333333333,0.0,0.0,91238291983.0,0.786,440700000.0,2421938444026.2783,56.89660654910671,76087884719.80028,121518.75593575073,1311.712914691701,50,6753.72021484375,98.8499984741211,16.299999237060547,4043.300048828125,1109744195.5760958,19931684.375,19009027532.640343
2025-10-09,123337.0703125,123739.34375,119812.03125,121705.5859375,74653009425.0,118558.5962584982,116048.76011617902,107803.31598654324,60.02761015396441,2529.419488106272,1820.8089576617056,708.6105304445664,76.95813934447804,81.29323132189782,127388.68661065832,106305.5993268417,116847.14296875,0.1804330576525534,2871.6654753170565,57455137765.80001,1.2993269588753291,1,1,1,1,0,0,0,-5.2869,-8.269,-21.6784,0,HOLD,70,Greed,0.005977,0.0,0.0,91528529221.0,0.698,197800000.0,2459003621170.118,56.89,62576032795.36722,123352.50487523204,1306.4812320510532,50,6735.10986328125,99.54000091552734,16.43000030517578,3946.300048828125,899792591.007645,19932231.25,15183418026.848043
2025-10-10,121704.7421875,122509.6640625,104582.4140625,113214.3671875,153125018868.0,118049.62206126028,115937.60745230924,107857.1572920254,42.35932642649693,1779.7337736953486,1812.5939208684345,-32.86014717308581,65.9853086546498,75.23933936873955,127378.67406237782,106064.8525001222,116721.76328125,0.1826036633022612,3947.0643699372654,63968166228.500015,2.393769086970912,1,0,1,0,0,0,1,-0.0845,1.1112,-14.3843,0,BUY,64,Greed,0.0013296666666666,0.0,0.0,91264227115.0,0.904,-4500000.0,2423288659157.484,57.14329332336485,72097306668.91356,121698.03066778315,1255.8786646242372,50,6552.509765625,98.9800033569336,21.65999984741211,3975.89990234375,989771850.1084098,19932493.75,15376547532.03535
2025-10-11,113236.4296875,113429.7265625,109760.5625,110807.8828125,110236934340.0,117359.9326089974,115736.44178015988,107886.51774496546,38.86768464181549,980.121041336999,1646.0993449621476,-665.9783036251486,47.67259433623478,63.53868077845421,127464.8873136748,105528.81815507518,116496.852734375,0.188297526016571,3927.214347977462,68355220335.85001,1.612706883225193,1,0,1,0,0,0,1,-0.0223,2.9885,-13.7686,1,BUY,27,Fear,0.00699,0.0,0.0,71248990222.0,1.186,,2265659827789.992,62.31,151002213089.8765,113201.74064138904,1110.8141755974673,25,,,,,1102245923.9843652,19932990.625,13979800173.011082
2025-10-12,110811.515625,115805.0625,109715.5390625,115169.765625,93710414091.0,117151.34527718811,115714.21918583987,107958.987873125,47.340588331586815,690.4308224939741,1454.9656404685131,-764.534817974539,39.238184803356745,50.96536259808044,127464.52472989344,105771.30652010656,116617.915625,0.1860196016497518,4081.664997229072,69506533110.85,1.3482245466271394,1,0,1,0,0,0,0,-6.0639,-1.922,-17.0571,0,HOLD,24,Extreme Fear,0.0022793333333333,0.0,0.0,70489252480.0,1.402,,2211404015103.109,58.38698309791509,108643865752.17674,110853.11663883904,1138.124682344206,25,,,,,1087249380.8009045,19933478.125,5559262421.031401
2025-10-13,115161.6796875,116020.484375,113821.1875,115271.078125,71582026739.0,116972.27221507496,115696.84110502264,108031.74499005907,47.52251992345391,463.6793026312662,1256.7083729010635,-793.0290702697976,42.40982254856746,43.10686722938632,127432.40300240288,106129.08606009708,116780.74453125,0.1824214859034841,3947.210131355567,70725041783.85002,1.0121171360742225,1,0,1,0,0,0,0,-7.637,-4.5248,-17.4989,0,HOLD,38,Fear,0.0036153333333333,0.0,0.0,75561817035.0,1.556,-326400000.0,2294724465036.9785,55.65,93857100744.12454,115189.5714637257,1298.790800597507,75,6654.72021484375,99.2699966430664,19.030000686645508,4108.60009765625,1139737281.943017,19933975.0,9071959222.90638
2025-10-14,115264.8828125,115502.8828125,110029.484375,113118.6640625,92212917403.0,116605.26191482972,115595.73612296292,108082.36110023264,44.04123865171193,109.03833703933924,1027.1743657287188,-918.1360286893796,45.97326012250958,42.540422491477926,127436.63439957915,106103.8577879208,116770.24609375,0.1826901742977501,4056.223581794455,72933457899.75002,1.2643431431668903,1,0,1,0,0,0,0,-5.2338,-4.2549,-17.2246,0,BUY,38,Fear,0.003068,0.0,0.0,75747136524.0,1.33,102700000.0,2296863527017.9863,56.840225430105065,68935270367.04033,115222.28302116522,1293.0722313476615,25,6644.31005859375,99.0500030517578,20.809999465942383,4138.7001953125,1267207899.0024335,19934312.5,19576688920.433247
2025-10-15,113113.96875,113622.3828125,110235.8359375,110783.1640625,72574132855.0,116050.77640508403,115407.00780686634,108109.23476154874,40.56853509107852,-356.3645657695888,750.4665794290573,-1106.831145198646,39.20871638660828,42.53059968589511,127284.61451238452,106429.26517511543,116856.93984375,0.178469069660346,4008.389531309137,72785731828.3,0.9970928509202992,1,0,1,0,0,0,0,-1.9104,-1.1076,-16.4552,0,BUY,34,Fear,0.005007,0.0,0.0,74239429935.0,1.675,-104100000.0,2257545230986.014,56.41,91211854988.91518,113156.56943826911,1212.283351974494,50,6671.06005859375,98.79000091552734,20.63999938964844,4176.89990234375,1079751109.2091742,19934968.75,21854225093.273422
2025-10-16,110782.171875,111990.8125,107537.03125,108186.0390625,87306423067.0,115301.75380102842,115123.83256198924,108109.99898344876,37.06821673423925,-924.113397705136,415.5505840022187,-1339.6639817073549,28.28293342547333,37.82163664486373,127448.08694006628,106113.11384118372,116780.600390625,0.1826927848248612,4040.203225501342,74264138534.20001,1.175620222495327,1,0,1,0,0,0,0,2.2211,1.7359,-18.3713,0,BUY,28,Fear,0.004245,0.0,0.0,72613684409.0,1.976,-530900000.0,2207742082237.0483,57.29253612982793,68877328886.40259,110708.66960879424,1161.734804798178,50,6629.06982421875,98.38999938964844,25.309999465942383,4280.2001953125,1124278123.987008,19935212.5,13182320922.085176
2025-10-17,108179.1328125,109235.8046875,103598.4296875,106467.7890625,99703051669.0,114460.42382593048,114784.37987573475,108093.6585862254,34.921432238543495,-1495.468027880226,33.34686162572973,-1528.8148895059558,19.351410273675683,28.94768669525243,127821.15343425205,105418.63172199794,116619.892578125,0.1920986310053955,4154.286923679818,77933888972.15001,1.2793285820065938,0,0,0,0,0,0,0,1.8871,3.9184,-16.0526,1,HOLD,22,Extreme Fear,0.002206,0.0,0.0,74508058563.0,2.407,-366600000.0,2154964541836.455,58.87,84773160808.27399,108076.72862033188,1143.731369922843,25,6664.009765625,98.43000030517578,20.780000686645508,4189.89990234375,1159633832.2093213,19935806.25,16097643605.953632
2025-10-18,106483.734375,107490.984375,106387.453125,107198.265625,37779905278.0,113768.78971155616,114486.88519923536,108084.74920352663,36.60241812288639,-1867.796539095696,-346.88181851855546,-1520.9147205771403,15.098859477916704,20.91106772568857,128190.730799881,104556.616856369,116373.673828125,0.2030881484279492,3936.375804131259,78154331810.8,0.4834012959058945,0,0,0,0,0,0,0,0.4574,-0.607,-16.5449,1,HOLD,23,Extreme Fear,0.0020466666666666,0.0,0.0,70642390817.0,2.141,,2123017949517.1423,57.42018900518765,94325236794.78165,106443.61194984637,1071.5486432574182,75,,,,,1203393599.4625034,19936425.0,5298430674.653136
2025-10-19,107204.3125,109488.9921875,106157.7890625,108666.7109375,47657008953.0,113282.87744736033,114258.6430713242,108090.53986754628,39.95982667222829,-2021.080543875956,-681.7215635900357,-1339.3589802859206,17.01719768313056,17.15582247824098,128374.45169467176,103799.52877407822,116086.990234375,0.2116940310966607,3893.149184193312,77537174885.15,0.6146343224858367,1,0,0,0,0,0,0,1.2911,-6.5118,-17.6345,1,BUY,29,Fear,0.0027043333333333,0.0,0.0,69966763931.0,2.122,,2135575517405.9185,59.16,34412835719.61292,107156.00337647724,1092.456873698318,50,,,,,1013767941.3653816,19936665.625,5022667331.842184
2025-10-20,108667.4453125,111711.03125,107485.015625,110588.9296875,63507793085.0,113026.3109940403,114114.73274254677,108115.39946774484,44.13076652318111,-1964.803205240824,-938.3378919201932,-1026.4653133206302,23.58004534959161,18.56536750354629,128417.66257048809,103409.60227326196,115913.632421875,0.2157473609851834,3916.9253585366473,77763248026.49998,0.8166813333640328,1,0,0,0,0,0,0,0.4024,-6.0558,-19.4217,0,BUY,29,Fear,0.004896,0.0,0.0,71577771687.0,2.06,-40400000.0,2165367850075.004,57.15262888199507,45373692612.3944,108621.134857428,1109.7463758132928,25,6735.1298828125,98.58999633789062,18.229999542236328,4336.39990234375,1086700886.7873514,19937178.125,11951029124.0078
2025-10-21,110587.6328125,113996.34375,107534.75,108476.890625,101194375480.0,112593.03286365548,113893.64089479984,108118.9963946827,40.77872454954094,-2066.8021021193854,-1164.0307339600315,-902.7713681593536,26.17644439335484,22.257895808692336,128263.08889454394,102546.97204295608,115405.03046875,0.2228335866048007,4098.687386498315,79256532793.9,1.276795387241422,1,0,0,0,0,0,0,2.9175,-6.6149,-20.1929,1,BUY,34,Fear,0.004751,0.0,0.0,73291988712.0,1.708,477200000.0,2205571381112.93,57.68,60452111148.14008,110608.5714932665,1100.594219041398,50,6735.35009765625,98.93000030517578,17.8700008392334,4087.699951171875,1093994181.3295484,19937631.25,14951638311.044374
2025-10-22,108491.53125,109115.1328125,106778.0,107688.5859375,80807013218.0,112125.94268021212,113650.30540627826,108114.71370356646,39.570584480258205,-2186.047171871891,-1368.4340215424036,-817.6131503294873,25.470217521959498,25.075569088301982,127802.52102582726,101708.27272417273,114755.396875,0.2273901621383289,3972.86205978415,79726125259.2,1.0135575127385896,0,0,0,0,0,0,0,6.2995,-4.008,-18.0348,1,HOLD,25,Extreme Fear,0.0064096666666666,0.0,0.0,70810542146.0,1.81,-101400000.0,2162410619417.9116,57.5637683298234,105841401713.00195,108486.1026271664,1057.8502060144851,25,6699.39990234375,98.9000015258789,18.600000381469727,4044.39990234375,1115874064.956139,19938165.625,15261276545.14424
2025-10-23,107679.4375,111288.59375,107548.4296875,110069.7265625,54944076060.0,111930.11257376334,113509.89054965953,108134.16656783449,44.882473456480696,-2064.61203795296,-1507.6696248245148,-556.9424131284454,26.08165096708925,25.909437627467856,126850.14052397088,101440.97275727912,114145.556640625,0.2226032139533014,3956.240774263853,78276259450.79999,0.7019251615431972,1,0,0,0,0,0,0,3.6791,-7.0752,-19.049,1,BUY,27,Fear,0.0049876666666666,0.0,0.0,68948963114.0,2.3,20300000.0,2145773248654.6448,58.01,83996418125.93103,107618.4266715404,1071.3354220022431,50,6738.43994140625,98.94000244140624,17.299999237060547,4125.5,1035647824.9919724,19938521.875,12186213034.972124
2025-10-24,110069.3515625,111842.53125,109770.1484375,111033.921875,48160816980.0,111844.76107864302,113412.79373888856,108163.01985447294,46.91725875983004,-1869.0263435668603,-1579.9409685729838,-289.0853749938765,38.1280697782511,29.89331275576661,125726.94652300813,101425.01597699188,113575.98125,0.2139706853381577,3821.679491280721,78845841713.04999,0.6108225358957488,1,0,0,0,0,0,0,1.7312,-5.6868,-19.6781,1,HOLD,30,Fear,0.0045006666666666,0.0,0.0,70396239324.0,1.776,90600000.0,2193901841033.9053,57.88058135901293,56192643013.57058,110048.51827291628,1127.358071433892,50,6791.68994140625,98.9499969482422,16.3700008392334,4118.39990234375,1305499723.053261,19939037.5,12416172617.763529
2025-10-25,111032.6171875,111947.703125,110704.40625,111641.7265625,24707667305.0,111825.42445805795,113343.34012412824,108197.63385156772,48.21508296503782,-1646.0043988932302,-1593.1536546370332,-52.85074425619701,52.942214216644224,39.05064498732818,124214.4803234576,101750.3071765424,112982.39375,0.1988289714999527,3637.509304403527,76396759190.15,0.3234125055423243,1,0,0,0,0,0,0,-1.421,-5.0565,-24.2563,0,HOLD,37,Fear,0.004501,0.0,0.0,72486189615.0,1.627,,2213306367536.756,58.06,49120903424.344864,110997.80437129698,1109.178393744721,50,,,,,1166927126.751518,19939625.0,4877663200.916018
2025-10-26,111639.0546875,115260.90625,111268.484375,114472.4453125,41708524143.0,112077.52168229056,113387.61875896632,108260.06978650238,53.87159047614443,-1226.7018992327648,-1519.8633035561795,293.1614043234149,70.71509867048044,53.92846088845859,122284.15561423654,102652.62329201348,112468.389453125,0.1745515554875547,3662.860202303275,74853741337.9,0.557200260100855,1,1,0,1,0,0,0,-5.3872,-10.0242,-26.5075,0,HOLD,40,Fear,0.006583,0.0,0.0,72798020605.0,1.454,,2224861052775.001,57.7186074525291,23214874411.21217,111620.3093731354,1116.6415202338756,75,,,,,1072114297.7029574,19940187.5,6847085319.891039
2025-10-27,114479.8515625,116273.3125,113882.2890625,114119.328125,61761358733.0,112271.97943873906,113416.31324390884,108318.37086449738,53.09250498176642,-912.3779284249176,-1398.3662285299274,485.9883001050098,78.43133162312745,67.36288150341737,121010.71172711748,103192.86171038252,112101.78671875,0.1589434971401288,3572.014719103041,74134338648.9,0.8331005558099278,1,1,0,1,0,0,0,-3.9986,-10.915,-31.1062,0,HOLD,51,Neutral,0.0069043333333333,0.0,0.0,75603363413.0,1.275,149300000.0,2283691326423.212,54.37,42483268634.18711,114476.01227508576,1136.879092448019,75,6875.16015625,98.77999877929688,15.789999961853027,4001.89990234375,1072114297.7029574,19940703.125,16107727421.004858
2025-10-28,114129.0859375,116078.984375,112291.6796875,112956.1640625,64528066504.0,112337.13987909725,113398.26817797124,108364.51806049742,50.50168072267544,-748.5032562429697,-1268.393634072536,519.8903778295662,81.45760800236144,76.8680127653231,118773.86434127291,104389.83878372704,111581.8515625,0.1289100813091366,3587.392573988539,74093026709.8,0.8709060672704996,1,0,0,1,0,0,0,-2.5604,-11.7379,-31.8546,0,HOLD,50,Neutral,0.005648,0.0,0.0,76063147034.0,1.174,202400000.0,2276235094681.6714,57.7702966824194,63764801510.65889,114182.79442806762,1140.4846092726004,50,6890.89013671875,98.69000244140624,16.420000076293945,3966.199951171875,1181513715.835912,19940996.875,14459499246.59532
2025-10-29,112921.328125,113642.7265625,109368.71875,110055.3046875,62192043469.0,112119.82224180226,113267.1715705018,108381.3418080298,44.64980983240128,-842.9890528953692,-1183.3127178371026,340.32366494173334,69.25904352748165,76.38266105099018,116403.97239401207,105594.70260598791,110999.3375,0.0973813901188749,3636.4365195965006,73469978412.0,0.8464960084817725,1,0,0,1,0,0,0,0.5309,-14.227,-28.5007,0,BUY,51,Neutral,0.004714,0.0,0.0,74771495125.0,1.442,-470700000.0,2254003248725.492,59.05,66299512352.17796,112950.34863259472,1103.595300080196,25,6890.58984375,99.22000122070312,16.920000076293945,3983.699951171875,929747081.658896,19941578.125,13004147601.963224
2025-10-30,110059.1953125,111612.3515625,106376.6875,108305.546875,69673964814.0,111756.55792115442,113072.59805303114,108380.58762959168,41.52425781388863,-1046.9914934020053,-1156.0484729500831,109.05697954807783,53.96953661841465,68.22872938275258,116180.79242133436,105327.00054741564,110753.896484375,0.0979991875540917,3750.667058375322,69297425709.3,1.0054336665589796,0,0,0,1,0,0,0,-1.6232,-11.7782,-30.1665,0,HOLD,34,Fear,0.0049796666666666,0.0,0.0,75331844735.0,2.042,-488400000.0,2194746293754.542,57.554928133601216,64235327509.05742,110046.66925837284,1106.7871126244677,50,6822.33984375,99.52999877929688,16.90999984741211,4001.300048828125,1240553837.666823,19941850.0,14514069160.323538
2025-10-31,108304.4140625,111031.8203125,108288.2734375,109556.1640625,60090359560.0,111546.99660128258,112934.69868085344,108392.28490753108,44.51392116332337,-1095.1266042729983,-1143.864099214666,48.73749494166759,40.55842992400919,54.59567002330183,116144.39284502943,105238.22824872057,110691.310546875,0.0985277393720113,3678.7299024199424,66790096970.3,0.8996896588834238,1,0,0,1,0,0,0,-7.2708,-14.0376,-33.3495,0,BUY,29,Fear,0.0072893333333333,0.0,0.0,74703979497.0,2.635,-191600000.0,2157803742876.0747,61.81,72648897659.94229,108240.76528725718,1078.7188521029816,25,6840.2001953125,99.8000030517578,17.440000534057617,3982.199951171875,1085484607.9584696,19942462.5,15203643065.771168
2025-11-01,109558.625,110574.8984375,109372.953125,110064.015625,25871668762.0,111405.76031782708,112822.12287474154,108408.91904402332,45.72737827009247,-1079.8468473568355,-1131.0606488431,51.21380148626463,36.449720891381446,43.65922914460176,115468.13071440604,105403.91537934396,110436.023046875,0.0911316349266787,3501.8167174256605,63398159703.85,0.4080823305101217,1,0,0,1,0,0,0,-5.6078,-16.327,-43.0312,0,HOLD,33,Fear,0.0072489999999999,0.0,0.0,72254940295.0,1.971,,2185193896779.3408,57.8738487637413,58800487940.5146,109573.90555629117,1088.7331766998475,50,,,,,1069977684.9876348,19943025.0,7076005652.664974
2025-11-02,110064.4296875,111167.3125,109523.453125,110639.625,34284209459.0,111332.7950494626,112736.5347227909,108431.11512318728,47.13847198252274,-1009.6520238771628,-1106.7789238499126,97.12689997274992,38.42881979266554,38.4789902026854,114697.0452155172,105711.85556573278,110204.450390625,0.0815320036344809,3369.1054786809705,61533268839.85,0.557165418080259,1,0,0,1,0,0,0,-8.4403,-15.9895,-36.2295,0,HOLD,37,Fear,0.0073506666666666,0.0,0.0,71504027808.0,1.875,,2194075979770.0625,60.41,24938475577.84992,110014.13556776088,1094.4541628666802,25,,,,,1201786530.2397344,19943346.875,3304825232.249682
2025-11-03,110646.90625,110764.9140625,105336.359375,106547.5234375,72852006359.0,110877.05489594236,112493.82839787751,108412.37291735956,39.31294094971936,-1269.585525864546,-1139.3402442528393,-130.2452816117068,30.921623826981246,35.26672150367608,114431.80723032168,105319.97948842825,109875.89335937495,0.082928360928917,3516.2089935966155,60565223287.64999,1.202868616747186,0,0,0,0,0,0,0,-2.98,-14.1547,-34.9755,0,HOLD,42,Fear,0.007104,0.0,0.0,71370430230.0,1.919,-186500000.0,2201849942058.28,57.7307523260242,35098774843.7742,110650.2092823146,1083.698416513334,25,6851.97021484375,99.87000274658205,17.170000076293945,4000.300048828125,1100991530.929305,19943978.125,14288895727.776064
2025-11-04,106541.421875,107264.8828125,98962.0625,101590.5234375,110967184773.0,109992.62332847166,112066.24781119608,108344.49381805748,32.314610552657854,-1854.1991182949569,-1282.3120190612628,-571.887099233694,23.11075170870193,30.820398442782903,115259.6858959276,103572.83676032236,109416.26132812498,0.1068108980671338,3858.1098020897134,62484875883.54999,1.7759047001998391,0,0,0,0,0,0,1,0.6808,-14.7244,-30.8354,1,HOLD,21,Extreme Fear,0.0065786666666666,0.0,0.0,70763169442.0,2.221,-566400000.0,2123664079961.7024,59.29,75068433317.86293,106521.0867382576,992.195531851008,25,6771.5498046875,100.22000122070312,19.0,3947.699951171875,1015703454.5897112,19944262.5,17542018755.260174
2025-11-05,101579.234375,104534.703125,98989.9140625,103891.8359375,77584934804.0,109411.59595790291,111745.68263967858,108300.1887645196,37.84641071243076,-2107.518752041928,-1447.353365657396,-660.1653863845318,18.24495919629544,24.09244491065953,115530.68964784304,102872.41269590693,109201.55117187498,0.1159166405247574,3978.586892119021,61998801470.39999,1.2513941070464287,0,0,0,0,0,0,0,0.7968,-18.0968,-32.506,0,HOLD,23,Extreme Fear,0.004061,0.0,0.0,68598013907.0,2.757,-137000000.0,2026091188341.184,58.675555963531366,108965721650.60307,101635.2740227234,938.891751599157,50,6796.2900390625,100.1999969482422,18.010000228881836,3980.300048828125,1069977684.9876348,19944546.875,13419921893.468369
2025-11-06,103893.6640625,104147.3046875,100336.8671875,101301.2890625,63932752861.0,108639.18577738835,111336.09857782844,108230.54797146468,34.43472718186345,-2488.6245548118604,-1655.607603488289,-833.0169513235714,19.057859171540663,20.13785669217934,116108.6625201642,101777.7898235858,108943.226171875,0.1315444126279975,3966.576221253376,60210286529.99999,1.0618244247873705,0,0,0,0,0,0,0,4.635,-16.439,-32.0897,1,HOLD,27,Fear,0.0061886666666666,0.0,0.0,70535867480.0,2.389,239900000.0,2073000557933.8025,57.28,77083907216.62631,103877.9596595516,959.970145877664,50,6720.31982421875,99.7300033569336,19.5,3979.89990234375,1085484607.9584696,19945115.625,15636906418.271948
2025-11-07,101286.2421875,104052.9140625,99257.0546875,103372.40625,92168030081.0,108137.58772716088,111023.7969179136,108182.20825284316,39.15701501359504,-2593.6340029386047,-1843.212883378352,-750.4211195602525,22.488928201795552,19.930582189877214,116307.18662930428,101196.67977694572,108751.933203125,0.1389447194849898,4025.81073223528,62929692770.15,1.4646191014731742,0,0,0,0,0,0,0,-0.3627,-16.0269,-35.1936,0,HOLD,24,Extreme Fear,0.0062746666666666,0.0,0.0,70109102913.0,2.575,-558400000.0,2019147576692.263,58.33085767500389,64118217249.57436,101322.6402945857,948.6793778409456,75,6728.7998046875,99.5999984741211,19.07999992370605,3999.39990234375,1100991530.929305,19945650.0,21461779028.83144
2025-11-08,103371.703125,103373.5625,101458.0390625,102282.1171875,51446691095.0,107579.9238662408,110680.98594809348,108123.50087905864,37.620880646819806,-2733.3239059958723,-2021.2350879018563,-712.088818094016,19.389366259898427,20.312051211078213,116523.65899442157,100341.74803682845,108432.703515625,0.1492345983540042,3875.075925468473,63119176877.25,0.8150722750242786,0,0,0,0,0,0,0,-0.6051,-13.6989,-35.2557,1,HOLD,20,Extreme Fear,0.0048546666666666,0.0,0.0,72014930343.0,2.414,,2063021740892.1372,57.6,93627003785.31018,103396.084215925,990.5899790534176,50,,,,,930415378.2501172,19945871.875,4367137226.846394
2025-11-09,102278.984375,105418.3671875,101468.875,104719.640625,59679243013.0,107307.51593850358,110447.20770012902,108089.63162279937,43.00424718119393,-2617.1722577530454,-2140.422521872094,-476.74973588095145,25.97150516282764,22.61659987484054,116326.09643372711,99952.38169127292,108139.2390625,0.1514132602041972,3880.391372756439,62927749373.65,0.9483772041272104,0,0,0,0,0,0,0,-4.7958,-16.5945,-34.2455,0,HOLD,22,Extreme Fear,0.0056553333333333,0.0,0.0,69656421879.0,2.648,,2039995976869.1487,57.73172348718639,51095924202.31797,102290.13714655169,989.886240398806,75,,,,,1093238069.4438877,19946450.0,3067078992.712991
2025-11-10,104723.7734375,106564.6953125,104350.6484375,105996.59375,69585887229.0,107182.66620626516,110272.6738197318,108068.80537530882,45.65044055493196,-2394.479722716598,-2191.233962040995,-203.24576067560332,31.17823568872232,25.51303570381613,116255.51466340107,99774.93377409891,108015.22421875,0.152576463257865,3761.366765773836,61347324961.1,1.1342937491263725,0,0,0,0,0,0,0,-10.9426,-14.6026,-34.1794,0,HOLD,29,Fear,0.005048,0.0,0.0,69562211123.0,2.181,1200000.0,2086419359800.0503,57.63,59952468437.71812,104709.67861656273,996.308790029525,50,6832.43017578125,99.62000274658205,17.600000381469727,4111.7998046875,1085484607.9584696,19946750.0,11484375771.963436
2025-11-11,105996.859375,107428.2578125,102457.328125,102997.46875,71130078574.0,106784.07597233514,109987.37166013448,108018.34431436048,40.853022437238806,-2431.964434893569,-2239.3800566115096,-192.58437828205933,33.94800369736631,30.36591484963875,116321.68006774622,99239.6566510038,107780.668359375,0.1584887501326817,3847.764117325705,60863478228.9,1.168682445431209,0,0,0,0,0,0,0,-7.2316,-11.3712,-33.2137,0,HOLD,26,Fear,0.0058833333333333,0.0,0.0,70136720460.0,1.762,524000000.0,2112747067951.9028,57.64157234643208,67546556819.52642,105909.07272321742,991.3653787289568,75,6846.60986328125,99.45999908447266,17.280000686645508,4106.7998046875,1186279607.2688992,19947256.25,10951056954.68874
2025-11-12,103011.4375,105297.234375,100836.6171875,101663.1875,64347179408.0,106296.3723083032,109660.9330656194,107955.1089231728,38.894672852388766,-2540.0564950334083,-2299.515344295889,-240.5411507375188,29.97903987895257,31.701759755013725,116247.43997273032,98473.2428397697,107360.34140625,0.1655564512942756,3891.5393366238695,61333633396.3,1.0491336619865372,0,0,0,0,0,0,0,-7.3636,-10.5682,-32.2831,0,HOLD,24,Extreme Fear,0.0048829999999999,0.0,0.0,69122926306.0,2.322,-278100000.0,2053215927640.825,59.02,71008299178.73956,102960.77564500563,957.149279725558,50,6850.919921875,99.4800033569336,17.510000228881836,4204.39990234375,1086613750.3494294,19947821.875,10604955346.718937
2025-11-13,101674.1484375,104005.4921875,97988.71875,99697.4921875,101546815416.0,105667.90753489338,109270.20989392843,107872.94358251937,36.14566636004172,-2752.6050970514334,-2390.133294846998,-362.4718022044353,20.6021531267736,28.176398901030822,116128.86088996685,97458.17895378318,106793.519921875,0.1748297270269041,4043.341772400736,64002933318.100006,1.586596272256831,0,0,0,0,0,0,1,-7.6267,-8.8726,-32.301,0,HOLD,15,Extreme Fear,0.0066563333333333,0.0,0.0,67823061288.0,2.685,-866700000.0,2025837265459.757,57.586504480832026,63332414142.58827,101521.70859453591,952.917011591862,50,6737.490234375,99.18000030517578,20.0,4186.89990234375,,19948137.5,13088012217.04704
2025-11-14,99694.703125,99804.4296875,94000.734375,94397.7890625,114346441890.0,104594.56291847496,108686.97770446066,107738.86244301668,29.9910929166818,-3310.5314009452995,-2574.212916066658,-736.3184848786409,12.210503761245407,20.930565588990525,116486.8122557898,95375.8338379602,105931.323046875,0.1992892924455205,4169.081310979255,68484872047.350006,1.6696598602234607,0,0,0,0,1,0,1,-1.5349,-4.2411,-29.6325,0,HOLD,16,Extreme Fear,0.008216,0.0,0.0,69339145938.0,3.263,-492100000.0,1996168972711.9963,57.96,100463341916.4732,99730.4533956204,927.1219876913324,50,6734.10986328125,99.2699966430664,19.82999992370605,4087.60009765625,,19948728.125,24377100196.130707
2025-11-15,94420.46875,96728.46875,94420.46875,95549.1484375,38500716654.0,103733.09487266785,108171.76871359946,107617.57175639462,32.67318589912438,-3618.079963529424,-2782.986325559212,-835.0936379702125,8.09972222240221,13.63745970347374,115708.19190504991,94262.12450120009,104985.158203125,0.204277135653366,4037.7669093021655,68324481672.90001,0.5634981153361723,0,0,0,0,0,0,0,-4.2734,-9.6574,-29.9235,0,HOLD,10,Extreme Fear,0.006154,0.0,0.0,67600231157.0,3.325,,1891799949910.112,57.4921774936706,113198323665.38872,94456.39368235336,917.7022398201406,50,,,,,,19948978.125,5644973418.0668
2025-11-16,95556.8671875,96564.1875,92971.1640625,94177.078125,71086235862.0,102822.9980395566,107622.95731796812,107483.83550135588,31.142036088462703,-3927.258036482468,-3011.8406677438634,-915.4173687386046,6.036687951077903,8.782304644908507,114842.76346454382,93133.3279417062,103988.045703125,0.2087685692720468,4005.999518459154,68790725529.35,1.033369474082238,0,0,0,0,0,0,0,-8.0117,-3.0017,-27.7898,0,HOLD,10,Extreme Fear,0.007894,0.0,0.0,67445059984.0,3.156,,1905234340631.9912,57.5,39062120798.23745,95508.31019889197,931.9743286141038,50,,,,,1203542966.8475492,19949512.5,4776084095.964514
2025-11-17,94180.875,95928.3671875,91214.7578125,92093.875,94186165724.0,101801.17679769408,107013.97369765565,107330.701566019,28.925631765559043,-4290.917937953011,-3267.656121785693,-1023.2618161673176,7.0730809531840295,7.069830375554714,114174.12870495502,91715.73379504505,102944.93125000002,0.2181593074783852,4056.543079640643,70273630490.35,1.340277499067501,0,0,0,0,1,0,0,-7.6044,1.557,-26.1582,0,HOLD,14,Extreme Fear,0.0093703333333333,0.0,0.0,67795692903.0,3.355,-254600000.0,1883240679702.743,57.37639680935121,72645149972.7847,94411.32947182968,928.5079796470696,50,6672.41015625,99.58999633789062,22.3799991607666,4068.300048828125,938612125.0886546,19950103.125,19283577618.702053
2025-11-18,92094.53125,93745.078125,89300.4609375,92948.875,101333569062.0,100958.10043600891,106462.40119970836,107187.59881411832,31.09325065671611,-4458.732186250985,-3505.871334678752,-952.8608515722336,10.775127988988793,7.961632297750241,113639.80130508068,90539.41822616936,102089.60976562502,0.226275554700862,4084.2626587734544,72230706770.0,1.402915374823488,0,0,0,0,0,0,0,-8.9302,-0.8685,-27.208,0,HOLD,11,Extreme Fear,0.0066669999999999,0.0,0.0,68456256109.0,3.658,-372800000.0,1835458818945.896,59.36,95794596045.06412,92036.7255045672,906.71978118311,25,6617.31982421875,99.5500030517578,24.690000534057617,4061.300048828125,1006737198.683799,19950406.25,21605870788.45369
2025-11-19,92946.1640625,92946.1640625,88526.828125,91465.9921875,80350354656.0,100054.09012662712,105874.30672864136,107031.16491733603,29.41753036085426,-4657.691469119745,-3736.235361566951,-921.4561075527944,13.699387522621054,10.515865488264623,113332.66181398812,89162.60224851192,101247.63203125002,0.2387222207628137,4108.390102789636,72764526262.1,1.1042517389115627,0,0,0,0,1,0,0,-5.0959,-2.2721,-29.3544,0,HOLD,15,Extreme Fear,0.006235,0.0,0.0,67044327588.0,2.656,75400000.0,1851234710246.605,56.6532196732498,103837258806.01602,92819.759215009,932.0597430569884,75,6642.16015625,100.2300033569336,23.65999984741211,4077.699951171875,1037015009.17053,19950928.125,17471565470.769844
2025-11-20,91459.3515625,93025.0703125,86040.796875,86631.8984375,97970645638.0,98775.78615623404,105119.70248192995,106828.18714141728,24.737178668192787,-5146.117856334648,-4018.2118605204905,-1127.905995814157,12.813269312980994,12.429261608196946,113176.42185381618,87026.41564618387,100101.41875000004,0.261235120682366,4313.810340983234,74658540565.99998,1.3122496755932638,0,0,0,0,1,0,0,1.8915,3.0479,-26.0318,0,HOLD,11,Extreme Fear,0.00786,0.0,0.0,68052929516.0,3.433,-903200000.0,1820062799702.324,56.88,82897875507.45229,91363.27838693369,894.7896141305321,50,6538.759765625,100.16000366210938,26.420000076293945,4056.5,991598293.4404336,19951243.75,15177174553.160692
2025-11-21,86528.7734375,87380.8046875,80659.8125,85090.6875,129157506112.0,97472.44342706892,104334.25091401114,106611.89361264696,23.45586508544541,-5593.088486843946,-4333.187185785182,-1259.901301058764,11.622112500588258,12.7115897787301,112670.55142637368,85034.95326112639,98852.75234375003,0.2795632646539513,4485.751901448717,79822832433.5,1.6180521559367174,0,0,0,0,1,0,1,2.6457,6.2462,-20.1321,1,HOLD,14,Extreme Fear,0.0052116666666666,0.0,0.0,66225014093.0,3.993,238400000.0,1731258563683.129,56.703090378785234,99171039191.1295,86649.97257918229,866.7212975475668,75,6602.990234375,100.18000030517578,23.43000030517578,4076.699951171875,1142987345.8740876,19951562.5,21796370449.69496
2025-11-22,85098.5625,85503.0078125,83490.8984375,84648.359375,40793099246.0,96251.10208877664,103562.25516738323,106393.35098341666,23.086269998023628,-5914.825686110853,-4649.514885850316,-1265.3108002605368,11.405520813652252,11.946967542407169,111590.59835056722,83515.77977443283,97553.18906250002,0.2877898595211225,4309.063149559523,80148276922.85,0.5089703835463245,0,0,0,0,1,0,0,6.9346,7.0785,-20.313,1,HOLD,11,Extreme Fear,0.005035,0.0,0.0,59825253721.0,2.606,,1697723941246.048,61.22,135093457122.46468,85051.8019295002,831.1648478578168,25,,,,,1082431724.900626,19952156.25,58388673977.72743
2025-11-23,84648.609375,88038.46875,84641.7734375,86805.0078125,58083435576.0,95351.47406246458,102905.1082122898,106198.44209614386,28.96353859093185,-5927.453238258866,-4905.102556332026,-1022.3506819268396,18.13654972919277,13.721394347811092,110716.52606629352,82415.60049620653,96566.06328125004,0.2930732040681842,4243.894018340985,79409848383.70001,0.7314386912734925,0,0,0,0,1,0,0,5.1614,6.7815,-24.1037,1,HOLD,13,Extreme Fear,0.0013343333333333,0.0,0.0,59100882395.0,2.445,,1690556523055.809,56.75616534360706,42644968955.2184,84682.62429147748,833.4782529297297,50,,,,,1074862272.2789433,19952437.5,17954745701.83514
2025-11-24,86798.7734375,89206.3359375,85272.1953125,88270.5625,74433896110.0,94677.10153270604,102331.20445886666,106020.05523449068,32.72562440686658,-5752.886949477281,-5074.659434961077,-678.2275145162039,22.0962803783178,17.212783640387606,110306.33690427397,81493.79356447607,95900.065234375,0.3004434175240804,4221.768775959486,77583183950.55,0.9594075973659796,0,0,0,0,0,0,0,3.0007,4.2487,-24.1017,0,HOLD,19,Extreme Fear,0.0002386666666666,0.0,0.0,60873439167.0,2.25,-151000000.0,1732233225777.4016,55.05,60446592409.29218,86783.84766839583,843.0327408998495,75,6705.1201171875,100.13999938964844,20.520000457763672,4091.89990234375,1082431724.900626,19952959.375,14112416699.0278
2025-11-25,88269.9609375,88457.3359375,86131.4296875,87341.890625,64837343545.0,93978.51001768642,101743.38823008756,105834.20285031668,31.5841618183546,-5624.640611264069,-5184.655670221675,-439.984941042394,26.17010706953649,22.134312392349017,109447.23186749412,80697.9040700059,95072.56796875,0.3023935127842346,4086.3500241052375,76945804387.6,0.84263650319898,0,0,0,0,0,0,0,4.0185,5.9186,-24.7347,1,HOLD,20,Extreme Fear,0.002097,0.0,0.0,61564591286.0,1.964,128700000.0,1761564072532.238,56.54002460453916,77606296173.43544,88229.35740719768,864.3540154398011,75,6765.8798828125,99.66000366210938,18.559999465942383,4139.2001953125,870487051.4935104,19953518.75,11012928544.071535
2025-11-26,87345.5859375,90581.15625,86316.8984375,90518.3671875,66496301869.0,93648.97260528772,101303.1913264567,105681.80647556228,39.37355917663016,-5206.670100712247,-5189.058556319789,-17.61154439245729,32.59402082990071,26.95346942591833,108732.21558612704,80334.62816387297,94533.421875,0.3003973288918254,4099.057723276292,77073981838.00002,0.8627593940685069,0,0,0,0,0,0,0,-0.137,-0.2739,-24.02,0,HOLD,15,Extreme Fear,0.0017423333333333,0.0,0.0,60268213259.0,2.438,21100000.0,1742162762885.542,56.29,67956444142.18749,87310.33159950442,861.9171451304046,50,6812.60986328125,99.5999984741211,17.190000534057617,4165.2001953125,1241390229.9559624,19953731.25,9204012840.881037
2025-11-27,90517.765625,91897.578125,90089.515625,91285.375,57040622845.0,93423.86807145078,100910.3357842427,105538.55840117855,41.11687812292253,-4758.679247280335,-5102.982694511898,344.30344723156304,41.61727747423913,33.460468457892105,107561.42058321692,80296.72004178308,93929.0703125,0.2902690343971763,3935.415207327985,75317611476.2,0.7573344630428775,0,0,0,1,0,0,0,-5.4377,-1.0809,-25.1866,0,HOLD,22,Extreme Fear,0.0023566666666666,0.0,0.0,61967972369.0,1.749,,1806439309544.997,56.709610520276414,69690430587.90018,90474.22677969698,891.7232823713881,50,,,,,1061465507.6302311,19954234.375,9062460320.883312
2025-11-28,91285.3828125,92969.0859375,90257.1171875,90919.265625,60895830289.0,93185.33450512213,100518.52911133124,105393.0928014156,40.51797272051752,-4382.664605733618,-4958.919076756243,576.2544710226248,53.859260671045405,42.69018632506175,106464.35788731051,80257.4975814395,93360.927734375,0.2807047974119669,3848.0261746617007,75790068435.90001,0.8034803444003099,0,0,0,1,0,0,0,0.474,-3.0182,-20.0273,0,HOLD,25,Extreme Fear,0.0012903333333333,0.0,0.0,60996691225.0,1.525,71400000.0,1821778517479.9224,57.11,59295194347.668594,91279.06057176425,895.3979231885241,50,6849.08984375,99.45999908447266,16.350000381469727,4218.2998046875,1113270480.6428328,19954703.125,9697972473.083769
2025-11-29,90918.7421875,91187.6171875,90260.1875,90851.7578125,37921773455.0,92963.08910582478,100139.44004078885,105248.40290102838,40.40111448824899,-4043.506582661576,-4775.83657793731,732.3299952757343,61.143943310070455,52.20682715178499,104660.813333945,80674.25385355501,92667.53359375,0.2588453425937276,3639.412139864437,74702194958.00002,0.507639346826701,0,0,0,1,0,0,0,2.9455,-4.8783,-22.0256,0,HOLD,28,Fear,0.0047506666666666,0.0,0.0,60576105443.0,1.708,,1814919896425.408,57.01523479327568,62833195066.53989,90950.37695910994,887.5558493593282,75,,,,,1016787038.987121,19955203.125,3552877104.767845
2025-11-30,90838.2109375,91965.046875,90394.3125,90394.3125,38497902869.0,92718.44371479384,99757.27817644418,105100.6010064908,39.56833652040507,-3768.1960016773664,-4574.3084626853215,806.1124610079551,63.89515965866524,59.63278787992703,102132.48237694512,81642.35668555489,91887.41953125,0.2229916325424913,3491.64944237412,73147795740.00002,0.5263029798715845,0,0,0,1,0,0,0,1.933,-2.8213,-24.623,0,HOLD,28,Fear,0.004407,0.0,0.0,59766168568.0,1.693,,1812771321410.944,56.99,39253888201.69327,90841.45258193676,873.7626867754427,50,,,,,1239441135.1156871,19955756.25,3541872047.362618
2025-12-01,90389.109375,90398.15625,83862.25,86321.5703125,87962894424.0,92109.21767648016,99230.38767197578,104913.74497968493,33.038671800282124,-3834.445538636428,-4426.335877875543,591.8903392391148,57.03535324039215,60.69148540304261,100140.42753080226,81966.82168794775,91053.624609375,0.1995923382602314,3709.09635720454,73989436532.5,1.188857471368391,0,0,0,1,0,0,0,3.5521,-0.206,-22.0675,1,HOLD,24,Extreme Fear,0.0030713333333333,0.0,0.0,60201920847.0,1.736,8500000.0,1807818977105.3909,57.25904470566776,40334819409.84348,90406.28448571144,877.7990241108373,25,6812.6298828125,99.41000366210938,17.239999771118164,4239.2998046875,987099826.1699784,19956225.0,13435643673.40069
2025-12-02,86322.5390625,92316.6328125,86202.1953125,91350.203125,78546798211.0,92036.9305763392,98921.36082699634,104778.78436421543,45.0878909355579,-3441.5085635914147,-4229.370415018717,787.8618514273021,64.4928213388404,61.80777807929925,98138.73285399924,82937.2179272508,90537.975390625,0.1679020859607439,3880.906438832787,74699417472.65,1.0515048292010931,0,0,0,1,0,0,0,-2.2746,-6.4452,-27.7837,0,HOLD,23,Extreme Fear,0.0011603333333333,0.0,0.0,58905186843.0,2.137,58500000.0,1723547230444.7913,57.44,92988982967.24596,86281.49519776918,827.4880333310571,50,6829.3701171875,99.36000061035156,16.59000015258789,4186.60009765625,942569006.9442656,19956512.5,10845653512.26919
2025-12-03,91345.09375,94060.7734375,91056.390625,93527.8046875,77650204986.0,92178.91858692592,98709.8488215259,104666.83431768096,49.33917639449438,-2920.7206828456983,-3967.6404685841135,1046.9197857384152,75.24871820922704,65.5922975961532,96678.54269068009,83780.43934056992,90229.491015625,0.1429477569354413,3818.297608380445,73504586951.15,1.0563994467121502,0,0,0,1,0,0,0,-3.3382,-5.7998,-26.8641,0,HOLD,28,Fear,0.0022073333333333,0.0,0.0,59980157280.0,1.427,-14900000.0,1824843161126.1367,57.38466938916911,83138039128.81346,91344.73275150164,876.7469880502844,25,6849.72021484375,98.8499984741211,16.079999923706055,4199.2998046875,979678022.9656932,19957053.125,12509377018.149723
2025-12-04,93454.2578125,94038.2421875,90976.1015625,92141.625,64538402681.0,92175.3668167425,98452.27141676018,104542.20536924632,46.85254656928369,-2589.989860377187,-3692.110346942728,1102.120486565541,89.38566222159693,76.37573392322145,96333.48186385728,83899.8837611427,90116.6828125,0.1379722124102633,3764.286395281842,71014184990.7,0.9088100171740608,0,0,0,1,0,0,0,-1.6295,-4.1215,-24.1093,0,HOLD,26,Fear,0.003271,0.0,0.0,61014606282.0,1.459,-194600000.0,1868050658597.6567,56.76,81429135004.88295,93619.43750817105,922.3452824680272,50,6857.1201171875,98.98999786376952,15.779999732971191,4211.7998046875,979678022.9656932,19957518.75,8105660617.511551
2025-12-05,92133.6484375,92702.640625,88152.140625,89387.7578125,63256398633.0,91909.88024490987,98096.8002950245,104391.41484629364,42.29229653235196,-2521.036429122614,-3457.895563378705,936.8591342560912,79.16374371728871,81.26604138270422,95478.5212315039,84138.7053309961,89808.61328125,0.1262664624939185,3820.444509904568,72251969089.65,0.8754972276881711,0,0,0,1,0,0,0,3.6962,-0.8569,-21.4603,1,HOLD,28,Fear,0.0045613333333333,0.0,0.0,60527499410.0,1.445,54800000.0,1839369557445.9072,57.209969278944975,67878296355.02588,92140.70419795792,900.2311130891073,50,6870.39990234375,98.98999786376952,15.40999984741211,4212.89990234375,883194581.309981,19957762.5,10280986733.847937
2025-12-06,89389.359375,90267.4609375,88951.6640625,89272.375,37994042405.0,91658.68926920416,97750.74440110195,104240.97663886784,42.10737120496177,-2447.4876525941363,-3255.813981221792,808.3263286276556,64.83881505195235,77.79607366361266,94848.98076547342,84277.77548452656,89563.37812499999,0.1180304439409716,3641.541107411384,70597359416.79999,0.5381793698640602,0,0,0,1,0,0,0,3.0789,-0.8764,-21.0355,1,HOLD,23,Extreme Fear,0.0021816666666666,0.0,0.0,58527158013.0,1.897,,1782798987370.1692,58.83,50193142876.74388,89307.09154512963,883.6707054897142,25,,,,,1209753922.2985451,19958265.625,3044783369.686914
2025-12-07,89277.8125,91740.84375,87799.5625,90405.640625,47394898960.0,91539.3513030895,97462.70111576463,104103.31160390396,44.66653606715114,-2271.5694142587745,-3058.9650678291887,787.3956535704142,57.66586593734309,67.22280823552805,94647.0274794171,84310.90533308289,89478.96640625,0.115514545612948,3662.951117596285,68257796078.6,0.6943514394373937,0,0,0,1,0,0,0,2.3292,-3.3091,-21.5002,0,HOLD,20,Extreme Fear,0.0033146666666666,0.0,0.0,57433511585.0,1.921,,1781194798199.8435,56.9151422366806,24818678152.49986,89244.7620814118,890.2442866831284,50,,,,,1187488512.6856885,19958584.375,2501885859.6408043
2025-12-08,90424.5859375,92267.1171875,89644.890625,90640.203125,57394099056.0,91453.71814327146,97195.15217495036,103969.35032550692,45.20643947073876,-2089.143365258031,-2865.000727314957,775.8573620569264,61.222812840809,61.24249794336815,94303.3552947697,84423.71033023029,89363.5328125,0.1105556668766509,3588.613649375122,66060822578.30001,0.868806908784286,0,0,0,1,0,0,0,-0.408,-3.3409,-21.4315,0,HOLD,20,Extreme Fear,0.0038916666666666,0.0,0.0,58232299151.0,2.067,-60400000.0,1799656690088.5503,57.65,33912893266.90874,90162.90714007126,892.8659344513236,50,6846.509765625,99.08999633789062,16.65999984741211,4187.2001953125,1098426874.2342618,19959162.5,13483240526.988363
2025-12-09,90639.703125,94601.5703125,89586.9765625,92691.7109375,66861721440.0,91571.62221891226,97018.54663622682,103857.13500821331,49.81826779457337,-1758.7560271206166,-2643.751787276089,884.9957601554725,70.94550561392037,63.27806146402416,94502.94696148024,84346.69053851975,89424.81874999999,0.1135731284102881,3690.4693708483273,65386390917.50001,1.0225632658692152,0,0,0,1,0,0,0,-2.5817,-5.8872,-21.471,0,HOLD,22,Extreme Fear,0.003497,0.0,0.0,58753923551.0,2.107,151900000.0,1808394676576.639,56.92478888098971,45466493941.40448,90618.0535204608,897.4003709684328,50,6840.509765625,99.22000122070312,16.93000030517578,4206.7001953125,957412613.3528364,19959740.625,9695891171.237087
2025-12-10,92695.234375,94477.15625,91640.1328125,92020.9453125,65420694513.0,91614.41489449205,96822.56227059048,103739.3619764152,48.384328921951465,-1533.3711137409118,-2421.675652569053,888.3045388281416,74.88221799971562,69.016845484815,94720.04596615772,84668.49622134226,89694.27109375,0.1120645680292047,3629.508947037733,63758893361.250015,1.0260638330457592,0,0,0,1,0,0,0,-4.1792,-5.1287,-18.6478,0,HOLD,26,Fear,0.004686,0.0,0.0,59522181176.0,1.496,223500000.0,1852116289106.247,55.52,54575121853.64529,92723.21372069632,899.4035882994448,75,6886.68017578125,98.79000091552734,15.770000457763672,4196.39990234375,1150379496.6642606,19960031.25,11784957025.173037
2025-12-11,92011.3046875,93554.265625,89335.296875,92511.3359375,64532834621.0,91699.8359462071,96653.4945712536,103627.64032428668,49.52812215540347,-1300.1936974036507,-2197.379261535973,897.1855641323223,79.57437851896954,75.13403404420184,94743.74305171848,85386.86397953154,90065.30351562501,0.103889941042209,3671.613218677895,60527659786.70002,1.0661709844460243,0,0,0,1,0,0,0,-6.5847,-5.0904,-20.0936,0,HOLD,29,Fear,0.0051589999999999,0.0,0.0,59879522356.0,1.764,-77500000.0,1837321739746.956,56.75540721842405,52189659395.756485,92005.13714957412,894.4021116794611,50,6901.0,98.3499984741211,14.850000381469728,4285.5,1179902024.3226545,19960546.875,10736904008.783625
2025-12-12,92513.6640625,92747.9296875,89532.6015625,90270.4140625,80275884583.0,91563.70052871118,96403.1776885574,103494.7326002888,44.6580546001637,-1281.4508148328168,-2014.1935721953416,732.742757362525,72.05901502437376,75.5052038476863,94268.9576460476,86423.85485395242,90346.40625,0.0868335899314776,3639.021426272331,62501799053.55002,1.284377182714718,0,0,0,1,0,0,0,-2.688,-2.697,-21.0754,0,HOLD,29,Fear,0.0048553333333333,0.0,0.0,60911976543.0,1.66,49100000.0,1848922166365.7808,55.93,53232377699.4084,92494.17691640416,885.6320356392306,75,6827.41015625,98.4000015258789,15.739999771118164,4300.10009765625,1068190154.384884,19961140.625,10803224575.612886
2025-12-13,90257.796875,90647.5703125,89800.9921875,90298.7109375,64237748110.0,91443.2253295482,96163.78683557476,103363.42890215162,44.73195616941263,-1249.9054915669694,-1861.335956069668,611.430464502698,66.71344278800231,72.78227877711521,94073.2862439285,86968.89656857155,90521.09140625002,0.0784832525214827,3439.5611904671646,62809514680.250015,1.0227391253860314,0,0,0,1,0,0,0,-4.6013,-3.5001,-22.5761,0,HOLD,23,Extreme Fear,0.0069763333333333,0.0,0.0,59716047898.0,2.205,,1803244893514.8884,57.12596936906132,67750393558.62937,90307.26028567804,882.1612967807799,75,,,,,1053456497.083023,19961443.75,4017753379.585289
2025-12-14,90296.4375,90498.109375,87634.9375,88175.1796875,50465972205.0,91131.98288744838,95850.50812388556,103212.3020442944,40.37469712675575,-1380.3450617539493,-1765.137777206524,384.7927154525746,53.25462626509524,64.00902802582377,94081.47186234444,86951.17266890558,90516.322265625,0.078773629053494,3398.390525076653,61611118485.00001,0.8191049512806129,0,0,0,1,0,0,0,-3.0765,0.2891,-20.0199,0,HOLD,21,Extreme Fear,0.0043973333333333,0.0,0.0,60816458558.0,2.183,,1801496999571.6904,56.79,35222775785.402145,90257.4292885891,897.3110444563038,50,,,,,942954067.3190696,19961959.375,2848683491.374594
2025-12-15,88171.078125,89983.921875,85304.078125,86419.78125,45559514323.0,90683.20177911996,95480.67569745866,103045.2122851472,37.15295630240303,-1606.8426623362757,-1733.4787542324743,126.63609189619864,37.36460472577267,52.444224592956736,94226.92316759028,86713.51042615974,90470.216796875,0.0830484661963368,3489.922898285464,60647227023.90002,0.7512217220590447,0,0,0,1,0,0,0,1.9482,1.2602,-20.491,0,HOLD,16,Extreme Fear,0.004306,0.0,0.0,62433801025.0,2.37,-357600000.0,1761380944797.1238,56.75510587648641,33808538697.04244,88230.77409367911,878.3885175348196,50,6816.509765625,98.1500015258789,16.5,4306.7001953125,987155039.2246507,19962490.625,8379084323.59204
2025-12-16,86424.40625,88170.09375,85381.6875,87843.984375,41262178223.0,90412.80012158472,95181.19760638184,102893.95628604126,41.24911387127142,-1652.3748048171838,-1717.2579643494164,64.88315953223264,26.49280126506638,39.03734408531143,94272.1154487786,86400.87986372142,90336.49765625,0.0871323970850512,3439.814566265073,59385520841.60001,0.6948188319011177,0,0,0,1,0,0,0,0.5692,1.0109,-22.7662,0,HOLD,11,Extreme Fear,0.004637,0.0,0.0,62245479578.0,2.986,-277200000.0,1724624039059.303,58.92,50630498834.055145,86413.9190195637,858.4116623377057,25,6800.259765625,98.1500015258789,16.479999542236328,4304.5,1082923811.686744,19962725.0,10531766894.152073
2025-12-17,87847.6171875,90264.5703125,85316.265625,86143.7578125,44243392914.0,90006.22466357666,94826.7882027002,102727.28764451348,38.05993153779991,-1804.8482626889308,-1734.7760240173195,-70.07223867161133,16.11649310676014,26.6579663658664,94406.32289977818,85752.51069397181,90079.416796875,0.0960686970844885,3547.5638606389966,58745659345.05,0.7531346725403298,0,0,0,0,0,0,0,2.8766,4.4123,-17.6785,1,HOLD,16,Extreme Fear,0.0071193333333333,0.0,0.0,59888941810.0,2.184,457300000.0,1751373602587.6565,57.001711404814856,48317754254.70281,87821.88919109134,874.6720838564994,25,6721.43017578125,98.37000274658205,17.6200008392334,4347.5,1016622353.828372,19963256.25,12489831561.278055
2025-12-18,86144.3671875,89412.6640625,84436.3125,85462.5078125,52667115348.0,89573.48972537888,94459.56152073156,102555.4987904636,36.83117811951379,-1958.0841825293028,-1779.4376557197163,-178.64652680958648,15.481519650312514,19.363604674046343,94576.03755887134,85037.12025362869,89806.57890625001,0.1062162418546242,3649.62012505764,58334223598.00001,0.9028510555132458,0,0,0,0,0,0,0,3.5425,6.0151,-17.4868,1,HOLD,17,Extreme Fear,0.0062403333333333,0.0,0.0,58337861703.0,2.452,-161300000.0,1718491930388.8372,57.53,48886793507.656334,86064.94716216,842.7888780335543,50,6774.759765625,98.43000030517578,16.8700008392334,4339.5,1060823325.7339536,19963825.0,9848892393.375822
2025-12-19,85476.1328125,89339.1171875,85107.6640625,88103.3828125,46733310561.0,89433.47954319994,94210.29961060484,102411.69664142915,44.33381927320146,-1845.1583740563365,-1792.5817993870403,-52.57657466929595,18.40030520932418,16.666105988798943,94470.0930692362,84868.22724326384,89669.16015625001,0.1070810277384212,3691.1796250535226,58774800453.30001,0.7951249549223451,0,0,0,0,0,0,0,-0.7825,3.7571,-19.0611,0,HOLD,16,Extreme Fear,0.0086683333333333,0.0,0.0,58056273737.0,2.441,-158300000.0,1704341132953.6216,57.41642264568165,58649139178.511856,85450.3312009302,829.1719378700606,25,6834.5,98.5999984741211,14.90999984741211,4361.39990234375,1068190154.384884,19964084.375,8969389739.72798
2025-12-20,88101.671875,88497.203125,87924.875,88344.0,14688196659.0,89329.71958670471,93980.24864548312,102271.71956041992,44.97507950199881,-1716.461758454374,-1777.357791200507,60.896032746133415,28.20375466989662,20.695193176511104,94389.88998626766,84743.39907623237,89566.64453125001,0.1077018231566061,3468.4045179068426,57584315142.8,0.2550728722322318,0,0,0,1,0,0,0,-0.8286,6.2693,-22.1321,0,HOLD,20,Extreme Fear,0.0048146666666666,0.0,0.0,60157787674.0,1.567,,1759398134896.644,56.14,51932451056.500565,88103.86075721023,855.957117266356,50,,,,,1082923811.686744,19964637.5,4973933952.339513
2025-12-21,88344.703125,89027.953125,87613.203125,88621.75,19845522660.0,89262.29391178046,93770.11144369948,102135.89896777894,45.75193322460213,-1573.9135637980653,-1736.668945720019,162.7553819219538,38.56336136744359,28.3891404155548,94283.72026134183,85079.58676990819,89681.65351562502,0.1026311751692897,3321.7149094849256,54178446554.600006,0.3662992190076927,0,0,0,1,0,0,0,-1.5651,5.763,-25.1444,0,HOLD,20,Extreme Fear,0.0062316666666666,0.0,0.0,59608460549.0,1.565,,1762805314679.9844,57.23870733406123,17103607834.780054,88347.94310567998,853.5635263159346,50,,,,,1016622353.828372,19965187.5,2519189997.1456137
2025-12-22,88621.3984375,90501.9296875,87908.0703125,88490.015625,38047472118.0,89188.74359875376,93563.048862574,102000.11903401994,45.42436750375548,-1454.802893468499,-1680.2957352697151,225.49284180121617,39.83118562280275,35.53276722004765,94099.97466013068,84977.31362111933,89538.64414062501,0.1018851818292417,3269.7252284502883,52153480249.950005,0.7295289199427198,0,0,0,1,0,0,0,-1.3432,3.1846,-25.054,0,HOLD,25,Extreme Fear,0.0055793333333333,0.0,0.0,59207256564.0,1.711,-142200000.0,1768920028841.514,55.29,22541294542.323105,88577.42038358838,857.8618459584029,75,6878.490234375,98.29000091552734,14.079999923706056,4444.60009765625,1023989182.4793022,19965475.0,8820610202.54576
2025-12-23,88490.03125,88898.3828125,86606.9765625,87414.0,43683011533.0,89019.72039887245,93321.90969149268,101854.98352124364,42.73309606367997,-1430.7396216323104,-1630.3845125422342,199.6448909099238,36.9025696992119,38.43237222981941,93477.05884521578,84988.84896728421,89232.95390625,0.0951241610453629,3199.845301418125,50455120577.3,0.8657795488978217,0,0,0,1,0,0,0,0.444,4.1333,-24.5488,1,HOLD,24,Extreme Fear,0.0063493333333333,0.0,0.0,60182869315.0,1.904,-188600000.0,1767081210842.8062,57.32040433787059,41948947368.21024,88491.12020788102,858.018474136862,75,6909.7900390625,97.94000244140624,14.0,4482.7998046875,1068190154.384884,19966040.625,12185261277.52939
2025-12-24,87404.3203125,87956.8828125,86411.796875,87611.9609375,25550297986.0,88885.64806921793,93097.99013251258,101713.26190349492,43.39752667061524,-1379.7901501466113,-1580.26564006311,200.47548991649865,34.787429692369685,37.17372833812812,93076.91319371483,84936.02821253514,89006.47070312499,0.0914639679213106,3081.648203995402,48505715342.55001,0.5267481946315481,0,0,0,1,0,0,0,0.2555,3.3114,-23.8786,1,HOLD,24,Extreme Fear,0.007458,0.0,0.0,59338214031.0,2.263,-175300000.0,1745209464473.6252,57.28,46353794741.51,87406.43636737975,843.9156558740143,50,6932.0498046875,97.9800033569336,13.470000267028809,4480.60009765625,1171325755.4979067,19966303.125,11504123666.75912
2025-12-25,87608.3203125,88501.7890625,86949.2578125,87234.7421875,19953216347.0,88728.41893762574,92868.0588405513,101569.19703069895,42.388296233778384,-1354.239892998041,-1535.0604906500962,180.8205976520553,32.71772282702811,34.802574072869895,93040.06949398611,84757.57034976386,88898.819921875,0.0931677062924006,2972.425564424302,46340556228.25001,0.4305778344291036,0,0,0,1,0,0,0,-0.1107,3.6131,-21.782,1,HOLD,23,Extreme Fear,0.0068026666666666,0.0,0.0,58521282782.0,2.275,,1749379166231.2852,57.45969763820524,29100645180.040016,87642.60888119951,846.6127954902438,50,,,,,1016973817.768314,19966837.5,3024468762.6361117
2025-12-26,87235.5078125,89459.4296875,86628.140625,87301.4296875,42455674908.0,88592.51519951853,92649.75965807868,101427.22919643827,42.64224921888236,-1313.4691514371953,-1490.742222807516,177.27307137032085,38.20840948163854,35.23785400034544,92997.51821873793,84603.02709376207,88800.27265624999,0.0945322674567826,2962.3443857154234,46563637853.40001,0.9117774483528664,0,0,0,1,0,0,0,1.2929,4.0389,-22.019,1,HOLD,20,Extreme Fear,0.007622,0.0,0.0,57582961528.0,2.128,-275900000.0,1741491085115.601,57.35,22773603342.32636,87229.78066010943,828.8695540284072,50,6929.93994140625,98.0199966430664,13.600000381469728,4529.10009765625,1149714808.6043208,19967390.625,9450221823.643654
2025-12-27,87301.4296875,87874.78125,87182.9765625,87802.15625,13741199310.0,88517.242918612,92459.65756364424,101291.6563312996,44.61633127601254,-1226.6139540441072,-1437.9165690548346,211.3026150107273,45.0957484498843,38.67396025285032,92818.91583353902,84521.281041461,88670.09843750001,0.0935787253910256,2800.162978700036,44880952870.90001,0.3061699547584593,0,0,0,1,0,0,0,-0.3341,3.8619,-23.819,1,HOLD,23,Extreme Fear,0.0049256666666666,0.0,0.0,57361303611.0,2.556,,1743187621561.159,57.507756861326655,47130449135.78671,87305.95655961394,834.3408283262127,25,,,,,1002315474.1678696,19967703.125,3357464428.844272
2025-12-28,87799.34375,87986.890625,87394.953125,87835.8359375,15156557929.0,88452.34701564895,92278.33122536408,101157.76757116229,44.75406032841641,-1141.899804900866,-1378.713216224041,236.81341132317493,52.5547153677598,45.28629109976088,92586.88740541604,84472.87275083398,88529.880078125,0.0916528368435794,2642.43258736432,42769075814.55,0.3543812355151184,0,0,0,1,0,0,0,1.0203,8.5227,-23.7998,1,HOLD,24,Extreme Fear,0.0077913333333333,0.0,0.0,57568092104.0,2.396,,1753375412209.345,56.74,15670944599.660688,87807.003210775,844.6780493960856,50,,,,,1142344841.882498,19968246.875,2110737904.6223104
2025-12-29,87835.7890625,90299.15625,86717.9140625,87138.140625,48411625849.0,88327.18450225382,92076.755123389,101018.2687955786,42.40167076740466,-1118.1718234649888,-1326.6049376722308,208.433114207242,52.02655679189008,49.89234020317805,91843.29318945362,84661.10993554637,88252.20156249999,0.0813824825528102,2709.4904159454395,41846571035.0,1.1568839370018886,0,0,0,1,0,0,0,3.2208,11.2364,-22.7772,1,HOLD,24,Extreme Fear,0.0082003333333333,0.0,0.0,58401360043.0,2.253,-19300000.0,1753595375313.038,57.26899517524443,17428479525.19913,87822.90829076794,858.791572988669,25,6905.740234375,98.04000091552734,14.199999809265137,4325.10009765625,1134974875.1606758,19968756.25,17986843413.77039
2025-12-30,87134.3515625,89297.9375,86735.546875,88430.1328125,35586356225.0,88336.98910322964,91933.75032688356,100893.01371116986,47.866452771233625,-983.7739219301438,-1258.0387345238134,274.2648125936696,55.47757446021097,53.35294887328694,91199.42970695022,84945.89216804977,88072.6609375,0.071004298863392,2698.983288020765,40354854120.6,0.8818358286874387,0,0,0,1,0,0,0,2.4574,8.0527,-21.9928,0,HOLD,23,Extreme Fear,0.0072336666666666,0.0,0.0,58792524486.0,2.842,355100000.0,1739794323451.9631,57.03,53957962807.98879,87156.56266080117,851.1900442578194,50,6896.240234375,98.23999786376952,14.329999923706056,4370.10009765625,877026039.8968855,19969043.75,12213235203.81842
2025-12-31,88429.5859375,89080.2890625,87130.5625,87508.828125,33830210616.0,88258.11662911253,91760.2239660254,100759.83773518806,44.61573626061352,-940.7597129278583,-1194.5829302046225,253.82321727676413,53.6805173628508,53.72821620498394,90153.29378888285,85491.77730486714,87822.53554687499,0.0530788191776544,2645.464950483568,38819722920.350006,0.8714696569424917,0,0,0,1,0,0,0,4.462,9.1605,-21.311,1,HOLD,21,Extreme Fear,0.008663,0.0,0.0,57689592044.0,2.043,-348100000.0,1765833387995.6162,57.440506200279785,39734225800.079216,88414.62856073362,860.3384247437768,50,6845.5,98.27999877929688,14.949999809265137,4325.60009765625,980205574.0024016,19969593.75,17317990785.43975
2026-01-01,87508.046875,88803.2265625,87399.40625,88731.984375,18849043990.0,88303.24689062563,91641.46947225968,100640.15760225088,49.51749663633062,-798.7644954710559,-1115.419243257909,316.65474778685325,61.228869887797856,56.79565390361987,89824.11104305396,85667.11708194601,87745.61406249998,0.0473755184862798,2556.776047770456,35748380890.700005,0.5272698656655415,0,0,0,1,0,0,0,5.8046,7.1766,-18.9236,1,HOLD,20,Extreme Fear,0.0075566666666666,0.0,0.0,55535372964.0,2.611,,1747837206254.3645,56.84,37245075349.02766,87520.18048742875,863.1574666286001,50,,,,,1112864974.9952078,19969843.75,5461748379.32022
2026-01-02,88733.0625,90884.4609375,88298.6171875,89944.6953125,46398906171.0,88459.57531175652,91574.92930913184,100533.7350919051,53.87614035892732,-581.671478284421,-1008.6696902632116,426.99821197879055,65.61056644851466,60.1733178997211,89719.05679846217,85736.7697640378,87727.91328124999,0.0453936140217699,2558.852312215424,34856438793.75001,1.3311430477894843,0,0,0,1,0,0,0,4.2074,4.1022,-20.9255,1,HOLD,28,Fear,0.0023746666666666,0.0,0.0,56541819652.0,2.273,471300000.0,1771365149347.3962,57.32182160429928,21163124465.205837,88727.67004249741,862.9202786806326,50,6858.47021484375,98.41999816894533,14.510000228881836,4314.39990234375,1061275207.9424502,19970462.5,8968206910.814333
2026-01-03,89945.0546875,90679.5703125,89328.0703125,90603.1875,20774828592.0,88663.72885349399,91536.82178720512,100434.92367308018,56.09292260087389,-352.42633045119874,-877.421018300809,524.9946878496103,79.96278398580023,68.93407344070424,90215.94542906278,85482.6819146872,87849.31367187499,0.0538793453988125,2472.612861342893,33371881613.1,0.6225249397937731,0,0,0,1,0,0,0,0.778,2.1527,-20.7888,1,HOLD,29,Fear,0.004019,0.0,0.0,57640074523.0,1.393,,1795890115524.7178,56.12,50705395175.73333,89926.27924953419,880.5981987516783,75,,,,,1142344841.882498,19971006.25,2473500733.0217514
2026-01-04,90603.0,91712.5859375,90595.1015625,91413.4921875,26770491368.0,88925.61107578028,91531.98533231473,100345.15818566148,58.72197196927615,-104.162363995536,-722.7692874397545,618.6069234442185,89.01917403071275,78.19750815500922,90852.65481781714,85345.34361968284,88098.99921874999,0.0625127555020191,2375.817969461258,32432430465.35,0.8254235339100141,0,0,0,1,0,0,0,-0.4227,-3.394,-20.166,0,HOLD,25,Extreme Fear,0.0045326666666666,0.0,0.0,57896412769.0,1.382,,1809211438368.9963,56.95112707845179,23480735292.761147,90593.85443180415,878.7329288702774,50,,,,,1068645174.6642728,19971300.0,2506209767.970672
2026-01-05,91414.625,94762.0703125,91414.625,93882.5546875,53376407252.0,89397.7009435631,91624.16452271414,100280.85367324196,65.50063086362475,288.49572783151234,-520.5162843855012,809.0120122170135,92.51202092078104,87.16465964576466,92172.8100152981,84629.04545345186,88400.92773437499,0.0853358076118111,2445.3008377140254,33038141916.800003,1.6155995511617414,0,1,0,1,0,0,1,-3.589,-4.7992,-22.1855,0,HOLD,26,Fear,0.0037936666666666,0.0,0.0,59620439774.0,1.369,697200000.0,1824986876689.233,55.18,31050236622.94897,91373.21588108438,894.4508344273104,75,6902.0498046875,98.2699966430664,14.899999618530272,4436.89990234375,972835607.2805792,19971918.75,11806112633.600658
2026-01-06,93876.9453125,94395.296875,91286.546875,93729.03125,52430605257.0,89810.20859179519,91706.70831594104,100215.66141032414,64.78819137837127,580.5992494586098,-300.29317761667903,880.8924270752889,90.48448840880786,90.67189445343388,93084.30836027968,84476.07445222032,88780.19140625,0.0969612001473265,2492.6900635915954,33447502533.95,1.5675491825968684,0,1,0,1,0,0,1,-3.566,-4.552,-24.5128,0,HOLD,44,Fear,0.0063036666666666,0.0,0.0,63012153138.0,1.05,-243200000.0,1876558232963.0544,56.91171409559482,59451605754.8414,93926.7956485658,910.9079403595276,50,6944.81982421875,98.58000183105467,14.75,4482.2001953125,958095673.836934,19972125.0,11114364069.907026
2026-01-07,93727.46875,93738.7890625,90601.8046875,91308.0546875,43461295053.0,89952.86060090993,91691.07484031592,100127.02850760947,54.68671373446644,609.7124337880086,-118.29205533574152,728.0044891237501,78.21053727833397,87.06901553597429,93219.00327030536,84925.93422969464,89072.46875,0.0931047399605247,2538.711085835053,32987211519.2,1.317519518971879,0,0,0,1,0,0,0,-0.5263,-1.9759,-18.4249,0,HOLD,42,Fear,0.0095883333333333,0.0,0.0,61675606871.0,1.479,-486100000.0,1870043996457.1853,56.47,57439451725.50999,93666.86387314304,917.6345878314794,50,6920.93017578125,98.68000030517578,15.380000114440918,4449.2998046875,1083385108.1079175,19972618.75,9963351045.469955
2026-01-08,91309.640625,91485.8515625,89233.875,91027.125,42386697030.0,90055.17149606136,91665.03759167608,100036.4822040512,53.6415552603662,603.1632734046289,25.999010412332566,577.1642629922962,66.41543207747178,78.37015258820453,93427.02960680694,85010.28211194304,89218.655859375,0.0943384252294748,2518.230048453978,32769880842.65,1.2934650947779374,0,0,0,1,0,0,0,0.1822,-2.1053,-18.506,1,HOLD,28,Fear,0.005911,0.0,0.0,63143360468.0,2.151,-398800000.0,1822220317807.3809,56.66804303725983,47910812257.04945,91257.15544035909,899.3115791273906,50,6921.4599609375,98.93000030517578,15.449999809265137,4449.7001953125,965289669.1289088,19973115.625,9338603708.545889
2026-01-09,91026.2734375,91910.671875,89625.3828125,90513.1015625,38305906684.0,90098.78388334124,91619.8636297476,99941.7221976676,51.69477498202014,550.1537906437879,130.82996645862366,419.3238241851643,52.93235059672403,65.85277331750993,93552.34247441152,85101.87940058847,89327.1109375,0.0946013252318843,2501.5914066001224,33950766343.900005,1.128278115904223,0,0,0,1,0,0,0,5.3127,-4.3539,-17.3544,1,HOLD,27,Fear,0.0062143333333333,0.0,0.0,63126400467.0,2.187,-250000000.0,1817249307661.4592,56.18,48319133568.46919,90983.51578142623,891.5992569838319,75,6966.27978515625,99.12999725341795,14.489999771118164,4490.2998046875,1033929118.9983668,19973390.625,12518853021.095198
2026-01-10,90510.1015625,90713.03125,90283.3984375,90386.6484375,12385895282.0,90126.19955516588,91571.50224965946,99846.64683686991,51.20246597358553,492.2651569634327,203.11700455958547,289.14815240384723,48.95626379738627,56.10134882386069,93652.2639836525,85178.4477350975,89415.355859375,0.0947691385569376,2353.5943641643994,33577784975.000004,0.368871719537837,0,0,0,1,0,0,0,7.2385,-2.3449,-16.8548,1,HOLD,25,Extreme Fear,0.0084083333333333,0.0,0.0,61770208348.0,2.259,,1807784901284.322,56.90287052911051,43664879516.319695,90504.8956034002,895.5121731855866,50,,,,,1179552938.575601,19973850.0,8121569827.731763
2026-01-11,90385.359375,91155.2265625,90212.0234375,90827.4609375,17165568977.0,90192.9863534834,91542.32415898656,99756.9036935926,52.88685441735248,476.4654849123035,257.7867006301291,218.67878428217443,47.95808033523301,49.94889824311443,93790.56257398769,85273.89367601233,89532.22812500001,0.0951240584126293,2252.8521327955136,32533689817.95,0.5276244125106627,0,0,0,1,0,0,0,5.2008,-1.8991,-15.0842,1,HOLD,29,Fear,0.0062599999999999,0.0,0.0,62060935894.0,2.267,,1806483854865.5005,57.26,13961660357.407768,90442.01907847,906.6887224157772,50,,,,,888305299.4211321,19974393.75,4985913693.124658
2026-01-12,90825.859375,92395.5234375,90055.0234375,91192.9921875,41346275358.0,90288.22500434214,91528.62486598708,99671.69064378072,54.29567903648123,487.81620641170593,303.7926017864445,184.02360462526144,50.74291771055515,49.21908728105814,93918.6936943185,85523.6617744315,89721.177734375,0.0935680084889322,2259.1126947386915,32416853009.2,1.2754561754117777,0,0,0,1,0,0,0,4.7505,-2.2024,-16.9605,1,HOLD,27,Fear,0.0056366666666666,0.0,0.0,62868353991.0,2.33,116700000.0,1814078415941.0112,56.8619037800916,19870776213.77465,90819.36598904192,902.766496415222,25,6977.27001953125,98.86000061035156,15.119999885559082,4604.2998046875,1033929118.9983668,19974981.25,10984133269.750414
2026-01-13,91185.3359375,96011.625,90941.9296875,95321.78125,54980674354.0,90767.6113134524,91677.37609673268,99628.4079632456,66.48618160016471,820.5121532398771,407.13651207713104,413.3756411627461,66.28457462609285,54.995190890627,94866.96095447351,85346.37654552647,90106.66875,0.1056590432319923,2459.8685960073567,33888371827.6,1.6224053086321963,0,1,0,1,0,0,1,-0.2327,-11.2883,-22.5189,0,HOLD,26,Fear,0.0058316666666666,0.0,0.0,61024336272.0,1.879,753800000.0,1820530763450.6675,56.71,46923085427.627655,91134.96917951509,905.5295124491012,50,6963.740234375,99.12999725341795,15.979999542236328,4589.2001953125,982960782.146335,19975193.75,14002042935.92521
2026-01-14,95322.90625,97860.6015625,94583.046875,96929.328125,60592490863.0,91354.44148598074,91883.334999802,99601.55144744217,69.85728692849071,1200.0581625412597,565.7208421699568,634.3373203713029,79.6213985870126,65.54963030788687,96044.3216052448,85138.47448850522,90591.398046875,0.1203850183556779,2518.274745399688,35920335553.4,1.686857595551183,0,1,0,1,0,0,1,-3.3993,-13.2062,-21.7239,0,HOLD,48,Neutral,0.0026703333333333,0.0,0.0,64011872545.0,1.117,840600000.0,1902289955573.257,56.99344822157029,66844465446.74208,95260.4422971001,942.4122356291538,50,6926.60009765625,99.12999725341795,16.75,4626.2998046875,902867681.3788556,19975734.375,13059243547.161377
2026-01-15,96931.2890625,97150.171875,95103.2421875,95551.1875,53086363027.0,91754.131582554,92027.17235275096,99561.2493186119,63.92110431887571,1373.8102491729223,727.33872357055,646.4715256023724,86.39273688104961,77.43290336471836,96653.4965854568,85354.27528954318,91003.8859375,0.1241619649481094,2484.6072412639965,36451869959.350006,1.45634128197539,0,1,0,1,0,0,0,-3.1372,-17.7183,-20.0923,0,HOLD,61,Greed,0.003328,0.0,0.0,67207866535.0,0.875,100200000.0,1938292963237.812,56.26,68433627980.994,97007.78078881276,949.0987145957888,50,6944.47021484375,99.31999969482422,15.84000015258789,4616.2998046875,1012085546.0617816,19975956.25,13357960101.245293
2026-01-16,95554.1015625,95801.890625,94259.2734375,95525.1171875,33248170537.0,92113.27306873932,92164.346659996,99521.08879989437,63.81063898326306,1492.2051610732742,880.312011071095,611.8931500021793,79.95771055654131,81.99061534153451,97172.38881321155,85607.6791555384,91390.03398437498,0.1265423498983532,2417.322237423711,37427218520.700005,0.8883420102033849,0,1,0,1,0,0,0,-7.5522,-19.4197,-18.1335,0,HOLD,49,Neutral,0.0045746666666666,0.0,0.0,65094660233.0,1.142,-394700000.0,1909227332523.1567,57.467686382928775,59629891835.2242,95584.82797878512,930.8892064404016,25,6940.009765625,99.38999938964844,15.859999656677246,4588.39990234375,946554827.2520258,19976528.125,9372781612.330635
2026-01-17,95525.15625,95598.4765625,95005.6171875,95099.921875,16021715122.0,92397.71581219274,92279.46725666284,99477.09708919891,61.930822265177966,1534.0408060257032,1011.0577700620166,522.9830359636866,72.25794259132019,79.53613000963703,97508.08662019874,85998.38994230123,91753.23828125,0.125441857895162,2287.003461536304,37470476380.35,0.4275823707008431,0,1,1,1,0,0,0,-6.0178,-17.2568,-17.6982,0,HOLD,50,Neutral,0.003067,0.0,0.0,63917443292.0,1.295,,1907673016263.0127,58.04,37208122951.606445,95516.07771987125,937.687896295784,25,,,,,1084897455.850399,19976806.25,2998686754.598215
2026-01-18,95101.1796875,95491.5078125,93588.8671875,93634.4296875,20809781232.0,92515.49808603153,92332.6030382643,99418.96109515216,55.82643557523632,1432.4307145380008,1095.3323589572135,337.09835558078726,63.97885930443272,72.06483748409806,97457.18381899952,86698.92164975045,92078.052734375,0.116838506568816,2259.548973212282,36090384149.5,0.5766018212994916,0,1,1,1,0,0,0,-4.4556,-19.2246,-17.279,0,HOLD,49,Neutral,0.0063549999999999,0.0,0.0,62593132068.0,1.361,,1899912876486.1716,57.33031418468792,17839431205.011776,95099.53192554633,946.9959081738136,50,,,,,1019366737.0406432,19977346.875,2353607702.805856
2026-01-19,93655.671875,93660.828125,92089.25,92553.59375,39195241508.0,92519.12624450472,92341.2693406853,99350.64898226508,51.773206009967225,1250.277141126964,1126.3213153911638,123.95582573580032,52.49700920377352,62.9112703665088,97383.45516198564,87184.99640051433,92284.22578125,0.1105113975344572,2210.408198339976,36270828413.65,1.080627138178334,0,1,1,1,0,0,0,-3.2951,-21.1055,-16.1437,0,HOLD,44,Fear,0.0043543333333333,0.0,0.0,61852929432.0,1.513,,1874976961280.704,58.32,23132534225.645782,93752.70577188236,933.8079144307844,25,,,,,1092178646.8292608,19977934.375,5014634720.103577
2026-01-20,92553.6015625,92798.4296875,87814.9296875,88310.90625,53072968031.0,92118.34338788522,92183.21588614864,99240.80079587438,39.61462692920964,754.868049239376,1052.0306621608063,-297.1626129214303,31.47657279523129,49.31748043447917,97275.90243442892,87372.7569405711,92324.3296875,0.107264742970548,2408.4861841728352,37232966284.4,1.425429487019859,0,0,0,0,0,0,0,0.9057,-28.9985,-10.9311,0,HOLD,32,Fear,0.0066903333333333,0.0,0.0,62273173789.0,2.01,-479700000.0,1849232162887.1968,57.454365768763246,43338958368.50777,92558.46334372148,922.3076030339912,50,6796.85986328125,98.63999938964844,20.09000015258789,4759.60009765625,968398400.1886111,19978193.75,9822935837.808208
2026-01-21,88326.5078125,90430.40625,87231.5703125,89376.9609375,56330422434.0,91857.2593449914,92073.16667247616,99142.65313559206,43.22270234002863,443.1659375127638,930.2577172311978,-487.09177971843405,21.20108649254917,35.05822283051799,97217.20622339976,87495.95080785028,92356.57851562502,0.1052578557130591,2464.9397379819184,39107035206.6,1.4404165934955164,0,0,0,0,0,0,0,-3.1381,-21.0586,-13.4378,0,HOLD,24,Extreme Fear,0.0051406666666666,0.0,0.0,61312764921.0,2.536,-708700000.0,1764030499464.2656,59.1,60578606228.98298,88312.84053255555,884.4648847958442,25,6875.6201171875,98.76000213623048,16.899999618530273,4831.7998046875,997523164.104058,19978700.0,13390535599.00566
2026-01-22,89378.5234375,90258.9609375,88438.4453125,89462.453125,35549685694.0,91629.18256213509,91970.78574904572,99046.33273747673,43.51418643975197,200.72444684359647,784.3510631536776,-583.6266163100811,15.370016952137908,22.68255874663945,97247.94649640376,87416.98631609627,92332.46640625,0.1064734926179987,2418.909444197496,38564574182.75,0.9218223316958452,0,0,0,0,0,0,0,-1.3361,-22.5575,-14.6562,0,HOLD,20,Extreme Fear,0.0066563333333333,0.0,0.0,61032402957.0,2.32,-32200000.0,1785123532735.0352,57.41267016847159,62357735672.95213,89354.34377512129,882.3554922284878,25,6913.35009765625,98.36000061035156,15.640000343322754,4908.7998046875,1163912656.954194,19979287.5,10568754612.948172
2026-01-23,89462.046875,91100.25,88486.359375,89503.875,38997586037.0,91426.7723181222,91874.04415104393,98951.38290924313,43.665092175325405,11.794261027665923,629.8397027284752,-618.0454417008093,20.85037343674508,19.14049229381072,97297.86637631623,87257.13518618379,92277.50078125,0.1088101769675651,2432.8366713976743,39475712054.99999,0.987888096424104,0,0,0,0,0,0,0,-0.4484,-21.4953,-15.7377,0,HOLD,24,Extreme Fear,0.004728,0.0,0.0,60554827237.0,2.483,-103500000.0,1787014846080.977,57.71,39301750755.698135,89443.39744146909,886.8801866366052,50,6915.60986328125,97.5999984741211,16.09000015258789,4976.2001953125,985930374.4704596,19979559.375,6994781333.942334
2026-01-24,89506.1484375,89811.609375,89044.2890625,89110.734375,14558687712.0,91206.19727592009,91765.67906178728,98853.46600840488,42.50443630405906,-167.72401715892192,470.3269587509959,-638.0509759099177,20.015469620839937,18.74528666990764,97368.35336331218,86956.37241793783,92162.362890625,0.1129743272503865,2313.8712171906977,38865121872.2,0.3745951899976865,0,0,0,0,0,0,0,0.0829,-21.3105,-15.366,0,HOLD,25,Extreme Fear,0.0052923333333333,0.0,0.0,59578891607.0,2.301,,1786292506432.339,57.46801367215666,43393369570.58639,89412.39849953113,890.5047011445338,50,,,,,690151262.1293219,19980090.625,2116227259.4964583
2026-01-25,89104.765625,89193.1484375,86003.7109375,86572.21875,36124986722.0,90764.8659877372,91562.01395152112,98731.26454314712,35.87369862190783,-508.9635269386199,274.4688616130728,-783.4323885516926,14.617524752610985,18.494455936731995,97497.34839714112,86096.34379035886,91796.84609375,0.1241982169533218,2376.4116659627907,38002550845.7,0.9505937343173784,0,0,0,0,0,0,0,-2.3225,-20.5358,-12.8843,1,HOLD,25,Extreme Fear,0.006214,0.0,0.0,59742914700.0,2.519,,1781979789713.3386,57.92,16537403154.850498,89170.87364531498,886.0721909071814,50,,,,,760574860.3057833,19980365.625,3966994210.6755815
2026-01-26,86566.5234375,88743.0703125,86429.2890625,88267.140625,45329286974.0,90526.98738176224,91432.80323283403,98627.14390714566,42.3413497447811,-635.30882204308,92.5133248818422,-727.8221469249222,13.854620165329422,16.162538179593447,97356.30214089352,85691.20098410643,91523.75156249998,0.1274543597442157,2371.9380648225915,37647484931.55,1.204045557264102,0,0,0,0,0,0,0,-4.6886,-24.1032,-14.5571,0,HOLD,20,Extreme Fear,0.0051773333333333,0.0,0.0,59201035791.0,2.854,6800000.0,1731460015137.4014,57.612696627775264,39912523619.12114,86548.32213469829,864.4439519225823,50,6950.22998046875,97.04000091552734,16.149999618530273,5079.7001953125,873252617.3881215,19980643.75,7681814789.554701
2026-01-27,88257.4765625,89427.125,87228.921875,89102.5703125,38744942267.0,90391.32861326108,91341.42154968368,98532.37203058202,45.27136519865473,-660.4133508623345,-58.07201026699312,-602.3413405953413,16.673277625571977,15.048474181170793,97345.74335478993,85481.21133271001,91413.47734374995,0.1297897461822253,2359.528426263835,37411667292.24999,1.035637945893585,0,0,0,0,0,0,0,-11.7634,-25.6791,-15.3582,0,HOLD,29,Fear,0.0065276666666666,0.0,0.0,59246192123.0,2.391,-147400000.0,1764540020523.9114,57.1,50644433646.50017,88307.8612070438,878.6274796967367,50,6978.60009765625,96.22000122070312,16.350000381469727,5079.89990234375,859167897.7528292,19981103.125,6067747727.70262
2026-01-28,89104.046875,90439.2890625,88721.4609375,89184.5703125,39807419296.0,90276.39925128382,91256.8391482255,98439.3590781633,45.56376840061683,-666.014752633957,-179.6605587403859,-486.3541938935711,24.587343736699523,18.37174717586697,97335.54270227706,85307.15651647288,91321.34960937496,0.1317149411091199,2313.692690459276,37282703405.55,1.0677181550647468,0,0,0,0,0,0,0,-13.6908,-22.7918,-15.4361,0,HOLD,29,Fear,0.0064403333333333,0.0,0.0,61133528371.0,2.112,-19600000.0,1782508769730.2656,57.29924647119956,43778458930.62677,89204.22239644526,897.6724320123695,75,6978.02978515625,96.4499969482422,16.350000381469727,5301.60009765625,774659579.9410756,19981390.625,8693559628.841545
2026-01-29,89169.8515625,89200.78125,83250.6015625,84561.5859375,64653083162.0,89732.13131663774,90994.28019878529,98301.27178323132,34.403718213209245,-1031.598481912195,-350.0481433747477,-681.5503385374473,21.70582562422973,20.98881566216708,97752.81655720492,84294.73109904502,91023.77382812498,0.1478524224184777,2573.44176167647,38600062229.45,1.674947640697657,0,0,0,0,0,0,1,-6.945,-17.4949,-10.8129,0,HOLD,26,Fear,0.0053476666666666,0.0,0.0,60702664607.0,2.041,-817800000.0,1781310220302.3276,57.37,45893249753.273575,89162.09701574955,901.2090745596356,50,6969.009765625,96.27999877929688,16.8799991607666,5318.39990234375,901422056.658706,19981912.5,9789073414.457756
2026-01-30,84562.7265625,84602.1640625,81071.4765625,84128.65625,72083816087.0,89198.467024577,90725.04004393096,98160.25073314944,33.574375410932134,-1340.804074145446,-548.1993295288875,-792.6047446165586,20.008924424573024,22.10069792850076,98112.9887186156,83308.75971888438,90710.87421875,0.1632023627512474,2641.816457271008,41584958269.7,1.7334108073284362,0,0,0,0,0,0,1,-10.0978,-18.2345,-10.354,0,HOLD,16,Extreme Fear,0.0031739999999999,0.0,0.0,61794385242.0,3.283,-509700000.0,1689639802554.1016,57.0744988700826,70962598615.0189,84570.40906135936,867.7347946909455,50,6939.02978515625,96.98999786376952,17.440000534057617,4713.89990234375,922549136.1116446,19982171.875,14841644208.141388
2026-01-31,84126.5,84136.921875,75815.8828125,78621.1171875,70479259159.0,88191.1003734268,90250.37640250233,97965.83149388924,25.238991651140864,-2007.127194708286,-839.9849025647673,-1167.1422921435187,15.24907932427405,18.98794312435893,99265.22099905062,80935.89306344939,90100.55703125,0.2034319047466486,3047.4752147873646,44250642778.8,1.592728483319701,0,0,0,0,1,0,1,-7.1246,-12.4368,-4.0741,0,HOLD,20,Extreme Fear,0.004561,46039559.20615052,734558114.2372919,59744987991.0,2.522,,1680807873673.8472,56.61,79515463845.849,84141.77856967277,857.3699420639612,50,,,,,971845654.8351676,19982731.25,8589408432.090025
2026-02-01,78626.125,79322.609375,75698.8984375,76974.4453125,53372509744.0,87122.8475104814,89729.75165387477,97756.96197964656,23.37078416883702,-2637.660419426087,-1199.520005937031,-1438.1404134890558,14.134537093218311,16.46418028068846,100247.08506761857,78532.17430738146,89389.62968750001,0.2429242724928041,3088.634909266839,44851954498.09999,1.1899706566022883,0,0,0,0,1,0,0,-18.5417,-12.3161,-2.022,0,HOLD,14,Extreme Fear,0.0022906666666666,31753218.27634721,117179073.7248949,54737748074.0,2.74,,1573735495563.3943,57.388683340939394,78488542272.81866,78725.85853884545,780.3315668159182,50,,,,,838040818.299891,19983053.125,7846770887.604803
2026-02-02,76968.875,79258.609375,74551.3359375,78688.765625,75140589684.0,86319.60161662604,89296.77180960518,97567.2286825854,29.242876339451364,-2964.8542267471494,-1552.586850099055,-1412.2673766480943,14.67775291892852,14.687123112140291,100032.76418260884,77083.19362989116,88557.97890625,0.2591474064354241,3204.251946997779,45859950264.59998,1.6384795284438458,0,0,0,0,1,0,1,-10.3361,-15.5847,-4.1566,0,HOLD,14,Extreme Fear,-0.0020343333333333,92857958.00413772,103662199.65275508,52813228343.0,2.566,561800000.0,1537520318473.685,62.1,58330740751.53287,76937.06406636834,757.9446598202101,25,6976.43994140625,97.61000061035156,16.34000015258789,4622.5,830998458.4822448,19983528.125,15680747255.192636
2026-02-03,78693.5078125,79118.8515625,72897.140625,75633.546875,68249110822.0,85301.88211742355,88760.95906707166,97348.98309246016,25.49347038451699,-3431.1362925770663,-1928.2967385946567,-1502.839553982409,14.93616015170593,14.582816721284257,99630.31646151013,75356.06322598986,87493.18984374999,0.2774416303585517,3419.784732033652,46242781262.54999,1.4758868078134388,0,0,0,0,1,0,0,-8.3978,-11.4711,-0.285,0,HOLD,17,Extreme Fear,0.0017946666666666,48595063.15328665,222464383.20676705,53175593220.0,2.297,-272000000.0,1573216672021.9187,57.63454401536856,84675130404.55545,78767.65815345927,775.3120806273045,50,6917.81005859375,97.44000244140624,18.0,4903.7001953125,929591495.9292908,19983775.0,13344411909.709486
2026-02-04,75640.09375,76864.65625,71779.9296875,73019.703125,67215363944.0,84132.15078481178,88143.65491248062,97106.90070472426,22.80007202348856,-3965.8674832691454,-2335.810887529555,-1630.0565957395916,14.708009917106493,14.77397432924698,99496.64431945284,73236.58693054713,86366.61562499999,0.3040533335580235,3538.709148495534,46949231308.4,1.4316605846531518,0,0,0,0,1,0,0,-3.7729,-6.867,3.2844,0,HOLD,14,Extreme Fear,0.0069996666666666,43901376.7910182,199770286.76217452,51315039651.0,2.848,-544900000.0,1512165605443.8088,59.23,73734215653.24066,75638.95670207398,753.6152462766961,25,6882.72021484375,97.62000274658205,18.63999938964844,4920.39990234375,1000015094.105752,19984259.375,14008595911.570456
2026-02-05,73016.375,73161.5546875,62353.53515625,62702.09765625,125509410908.0,82091.19334399638,87145.94678478531,96764.56435598324,15.733812540690558,-5162.678197321133,-2901.184349487871,-2261.493847833262,7.554033724793321,12.399401264535246,100890.09519574523,68560.83410112975,84725.4646484375,0.3815766750735868,4057.9456044065673,51562293326.95,2.4341316650165394,0,0,0,0,1,0,1,11.8316,8.4553,20.2799,1,HOLD,12,Extreme Fear,0.0027203333333333,130721644.20410094,1011441214.037838,49314318012.0,2.888,-434100000.0,1463518712915.32,57.27514175003061,74109194166.40112,73172.29203248928,699.2319544532423,50,6798.39990234375,97.81999969482422,21.770000457763672,4861.39990234375,894379696.8410602,19984809.375,21139302346.193317
2026-02-06,62704.453125,71681.3046875,60074.203125,70555.390625,114674259489.0,80992.54546599672,86495.33673930354,96503.776557665,32.804503344695235,-5415.042956437959,-3403.956070877888,-2011.086885560071,14.048901121545914,12.103648254481907,100068.29680223188,66928.17936964314,83498.23808593751,0.3968960087335074,4597.171029984669,56494920545.3,2.029815395475233,0,0,0,0,0,0,1,-2.4965,-4.1046,6.8919,0,HOLD,9,Extreme Fear,-0.007345,384454640.1879276,299327334.8766524,47345259519.0,2.588,371100000.0,1262033077144.5305,63.53,142403234254.4544,62853.69038445987,604.901963859174,25,6932.2998046875,97.62999725341795,20.3700008392334,4951.2001953125,1021142173.5586904,19985084.375,18901527089.30478
2026-02-07,70553.796875,71611.1484375,67364.4453125,69281.96875,62347107663.0,79877.2524454256,85820.30270050732,96232.91279838476,31.6836765313486,-5652.638253963247,-3853.69250749496,-1798.9457464682864,22.017763975124023,14.540232940487751,99287.73635743395,65273.49372069107,82280.61503906251,0.413393150021967,4572.13760820005,58571786866.85,1.0644563022250346,0,0,0,0,0,0,0,-3.3053,-6.7337,8.8566,0,HOLD,6,Extreme Fear,0.0005126666666666,76636928.3909287,89483036.7997013,48848237753.0,1.851,,1410203662656.3728,56.99717995817506,128662818793.5602,70523.95417035831,657.306655291851,50,,,,,1116396723.6283798,19985406.25,6122926408.364181
2026-02-08,69283.7265625,72206.90625,68852.8984375,70264.7265625,39721722619.0,78961.77378990888,85210.28010685998,95974.52288558987,33.57005073213207,-5695.974251266962,-4222.148856249361,-1473.8253950176004,32.80025467846029,22.955639925043407,98259.77244023864,64072.570919136415,81166.17167968753,0.4212001233225323,4485.128337078618,58598110922.4,0.6778669481615623,0,0,0,0,0,0,0,-5.7538,-8.802,7.3341,0,HOLD,7,Extreme Fear,0.0003153333333333,174223021.01966682,32296374.81790983,47230149179.0,1.632,,1385532837702.3442,53.12,68978204828.46071,69296.80677355142,647.57171670411,75,,,,,1063649660.9826868,19985946.875,4243821725.8114414
2026-02-09,70243.328125,71369.96875,68291.03125,70120.78125,52081598792.0,78119.77450039376,84618.53505364979,95717.27172503676,33.424470100923095,-5676.498385179933,-4513.018762035476,-1163.479623144457,32.32316137477312,29.04706000945248,97682.10070087128,62831.23015850371,80256.6654296875,0.4342426931866521,4384.686134430145,58548542460.45,0.88954560785491,0,0,0,0,0,0,0,-1.8011,-3.0813,7.5544,0,HOLD,14,Extreme Fear,0.0012876666666666,57718983.09581933,67914352.27511287,46642589994.0,1.689,144900000.0,1411671712614.3147,57.29140730566984,42782981463.70375,70542.37329463876,641.3063396421284,75,6964.81982421875,96.81999969482422,17.360000610351562,5050.89990234375,1019852322.0010468,19986543.75,11888159988.016224
2026-02-10,70137.390625,70464.265625,67913.09375,68793.9609375,40593063077.0,77231.60178011817,83997.96351968314,95449.3780853598,32.04500349410768,-5702.393291263536,-4750.893667881088,-951.4996233824476,31.78744983037588,32.30362196120309,96815.4798134354,61639.55104593963,79227.51542968751,0.4439862663459835,4253.720830185135,57761674492.6,0.7027681145601221,0,0,0,0,0,0,0,1.4153,-1.9481,9.6288,0,HOLD,9,Extreme Fear,0.0002499999999999,27175361.87661562,55076262.96334223,46694462034.0,1.614,166500000.0,1400898153463.9268,52.61,56115089203.17752,70096.40692272567,636.158470811873,75,6941.81005859375,96.8000030517578,17.790000915527344,5003.7998046875,900973830.4794524,19987071.875,9547620583.00854
2026-02-11,68791.859375,69242.6796875,65757.3046875,66991.96875,49671946030.0,76256.39863439264,83331.06176400928,95166.21978351542,30.220780946046844,-5801.445448693572,-4961.004024043585,-840.4414246499873,28.51768186104504,30.876097688731345,95809.5172739642,60398.465147910814,78103.9912109375,0.4533833876737209,4198.838985171911,58467787509.4,0.8495608974773353,0,0,0,0,0,0,0,2.6812,-1.6572,12.5777,0,HOLD,11,Extreme Fear,0.0005913333333333,80020543.19860077,114629961.8873286,45354510816.0,1.874,-276300000.0,1374149240710.2896,56.9091882329616,43014177103.90287,68779.90981269129,619.5022534339905,75,6941.47021484375,96.83000183105467,17.649999618530273,5071.60009765625,982311745.73107,19987556.25,8491239760.042006
2026-02-12,66992.1953125,68339.4921875,65092.109375,66221.84375,44651071271.0,75300.72674064097,82660.11203796971,94878.2160418884,29.44919566359992,-5874.371549828851,-5143.677529200638,-730.6940206282134,25.843632900089027,28.71625486383664,94550.78508861734,59328.99420825766,76939.8896484375,0.4577832258572126,4130.87782998106,58750461771.1,0.7600122607540823,0,0,0,0,1,0,0,3.9584,1.1688,13.8869,1,HOLD,5,Extreme Fear,0.0051833333333333,26860902.40136672,80499343.385979,45773859857.0,1.883,-410200000.0,1337566230010.1792,57.14,54917156057.4172,66937.58141157958,607.0100650556328,50,6832.759765625,96.93000030517578,20.81999969482422,4923.7001953125,1107446999.964327,19988128.125,9661389136.315762
2026-02-13,66213.375,69382.8359375,65835.78125,68857.84375,40820775886.0,74687.1188367704,82118.84661491208,94619.30686485468,35.51777628220723,-5654.283776646189,-5245.798778689748,-408.48499795644057,28.439204698428146,27.6001731531874,92909.36145102806,58945.12878334691,75927.24511718749,0.4473260239491126,4089.1761769466975,60063566179.80001,0.6796262440329166,0,0,0,0,0,0,0,-1.9803,-4.5307,9.5271,0,HOLD,9,Extreme Fear,0.001998,109906324.33232176,11137631.29172924,45174651998.0,2.331,15100000.0,1322855090692.983,56.34429774384076,47600564765.981926,66184.57765470445,613.5884218776979,75,6836.169921875,96.87999725341795,20.600000381469727,5022.0,944771169.4610924,19988665.625,9201319258.50435
2026-02-14,68856.984375,70481.1640625,68706.6171875,69767.625,36012397645.0,74218.59561422083,81634.48498295475,94372.02644828898,37.5154923734178,-5344.838911313374,-5265.606805214475,-79.23210609889975,37.30884124413591,30.530559614217687,91505.0353428395,58668.99551653549,75087.0154296875,0.437306498845358,3923.8455125219343,60057936725.950005,0.5996276197320588,0,0,0,0,0,0,0,-4.7906,-1.4215,8.0988,0,HOLD,9,Extreme Fear,0.0024293333333333,48901124.21687989,13789839.04116804,46642469181.0,1.581,,1376029371467.4585,56.52,43307347077.16525,68838.87490510389,618.6972942245542,50,,,,,1038622610.1360354,19989109.375,3840029082.300078
2026-02-15,69764.953125,70939.2890625,68052.546875,68788.1875,40191152750.0,73701.41388905693,81130.70861107417,94117.46088661446,36.21471416474592,-5119.618274242777,-5236.409099020135,116.79082477735756,44.09498115534438,36.61434236596948,89518.85682381532,58707.27872305965,74113.06777343749,0.4157374539527387,3849.766703591796,59801030014.75001,0.6720812792034986,0,0,0,1,0,0,0,-2.6613,-0.7189,9.638,0,HOLD,8,Extreme Fear,0.0034999999999999,26638684.36155102,55152368.32737533,45472238079.0,1.685,,1395185595832.6794,56.39178703658906,38886730356.77217,69765.59638824302,633.314654350795,25,,,,,1232582254.1975844,19989706.25,1929666958.9573796
2026-02-16,68782.3984375,70067.234375,67301.5859375,68843.15625,33618145426.0,73238.72268533721,80648.84381260068,93865.97526833968,36.348105540763456,-4880.4351594525215,-5165.2143111066125,284.77915165409104,47.27533952488815,42.89305397478948,86940.70616434814,59259.48797627684,73100.09707031249,0.3786755325570318,3772.32968458524,59544690172.70001,0.564586788989847,0,0,0,1,0,0,0,-1.2169,5.6177,9.5505,0,HOLD,12,Extreme Fear,0.0029,25241757.2753134,63819605.85704544,44090910866.0,1.852,,1373546624939.8215,54.94,44139541277.476685,68716.58337486399,614.2781615559984,75,,,,,1094933474.541001,19990228.125,4693867812.997321
2026-02-17,68843.09375,69201.8671875,66615.28125,67494.21875,34866936040.0,72691.62707244795,80132.97616308693,93603.56973084377,34.44445505055453,-4745.031036360975,-5081.177656157485,336.1466197965101,45.21942776912546,45.52991614978599,83795.25610435396,60235.90288002102,72015.57949218749,0.3271424515425685,3687.63370265058,59297666009.90001,0.5879984556926542,0,0,0,1,0,0,0,0.7549,4.9588,11.7399,0,HOLD,10,Extreme Fear,0.0049243333333333,21040664.85470575,51644861.03935578,43972174318.0,2.025,-104900000.0,1377439978226.675,56.55937313929287,36789211960.55089,68907.78353606178,626.9455367382164,25,6843.22021484375,97.16000366210938,20.290000915527344,4882.89990234375,1032365847.4243728,19990793.75,6373218850.178365
2026-02-18,67488.0234375,68434.4296875,65845.8984375,66425.3203125,33094301643.0,72094.83595245291,79595.42103169137,93333.1393883727,32.97090269903732,-4670.139008595681,-4998.969926645124,328.8309180494434,46.25490790089202,46.24989173163521,81536.62589539046,60680.90652648453,71108.7662109375,0.2932932250158777,3609.1263846041097,57719726933.95001,0.5733620618280221,0,0,0,1,0,0,0,1.8578,2.5761,13.538,0,HOLD,8,Extreme Fear,0.002866,17336213.58609905,61573418.32588665,44611045337.0,2.128,-133300000.0,1349284955301.9707,57.25,38338996657.38213,67489.45540267964,617.5002211755236,50,6881.31005859375,97.6999969482422,19.6200008392334,4986.5,957284694.8844184,19991334.375,5723969492.006945
2026-02-19,66425.625,67277.125,65637.4296875,66957.5234375,31492987019.0,71605.56809388596,79099.81720446817,93070.695448563,34.473994842680725,-4515.787010960805,-4902.33334350826,386.5463325474557,49.81804918530865,47.09746161844204,78827.89314211128,61672.52599851375,70250.20957031251,0.244203785989093,3468.4527365966733,55690185480.55001,0.5655033601925968,0,0,0,1,0,0,0,-3.4959,0.4706,12.6356,0,HOLD,9,Extreme Fear,0.004242,19919851.48880732,27245144.9376921,44830811451.0,2.663,-165800000.0,1327723958117.1118,56.15181444931429,36348385076.441895,66456.3537620677,604.7780192707222,50,6861.89013671875,97.93000030517578,20.229999542236328,4975.89990234375,1020622252.4872998,19991653.125,5598066692.030261
2026-02-20,66958.578125,68269.03125,66452.484375,68005.421875,47507867304.0,71262.69702542062,78664.74287782237,92821.28974136338,37.448314926252685,-4259.800960694614,-4773.826866945531,514.0259062509167,48.736502925535305,48.26982000391199,77380.96843832612,62057.88117104888,69719.4248046875,0.2197821813677242,3350.45946076834,54541615887.80001,0.8710388669402562,0,0,0,1,0,0,0,-5.7722,-2.9934,10.9,0,HOLD,7,Extreme Fear,0.005071,48171251.00625186,24446219.9138153,45392250426.0,2.213,88100000.0,1338094580095.8176,56.33,34180839195.07364,66918.68417467622,607.1450788289527,50,6909.509765625,97.8000030517578,19.09000015258789,5059.2998046875,983397435.876668,19992184.375,10586854048.32113
2026-02-21,68000.25,68657.703125,67533.0703125,68003.765625,18357635642.0,70952.32260633295,78246.66533849601,92574.3492028921,37.44542182175095,-4010.829471617748,-4621.227387879974,610.3979162622263,46.20159900678023,48.25205037254139,76154.98309602495,62386.79854460006,69270.8908203125,0.198758589479372,3191.471843034887,52790872182.700005,0.3477426093372245,0,0,0,1,0,0,0,-0.0642,0.5862,10.9027,0,HOLD,8,Extreme Fear,0.0034833333333333,15244027.32883354,4225782.56615604,46159592695.0,2.012,,1358591334156.9714,56.42704137649937,53528257484.904335,67970.29403133177,625.1658113899997,50,,,,,854191933.352726,19992712.5,2476187168.520625
2026-02-22,67998.828125,68235.2265625,67185.6015625,67659.390625,17893536012.0,70638.7100366822,77831.4780948295,92326.4391672912,36.80866686057692,-3797.530390755608,-4456.487988455101,658.9575976994929,40.92180079579416,45.28663424270323,74009.41584377784,63429.42829684717,68719.4220703125,0.1539592043731889,3038.4827828181096,49928519499.1,0.3583830682646727,0,0,0,1,0,0,0,-0.3039,3.3514,11.4671,0,HOLD,9,Extreme Fear,0.0050063333333333,2174724.84828582,14528560.76352728,45802524874.0,1.763,,1359065859647.3735,56.32,20679811587.41801,67977.90904199042,625.9459360696097,50,,,,,1177205689.6625805,19993009.375,1845861126.4781623
2026-02-23,67668.4296875,67668.4296875,63924.4375,64616.73828125,50953457309.0,70065.18891711722,77313.25300410089,92050.72075051468,31.68244194302036,-3829.857732137054,-4331.161937191491,501.30420505443726,30.562413721592296,39.228604508055554,72661.44266707837,63675.72061417161,68168.581640625,0.1318161803670524,3088.8763117239587,49063736823.44999,1.0385156249380258,0,0,0,1,0,0,0,1.9578,8.6481,16.7159,1,HOLD,5,Extreme Fear,0.0008889999999999,34540406.48277244,250341560.95919308,45643172733.0,1.932,-203800000.0,1350654423261.9363,56.52279038942717,20354767532.065254,67585.11718938159,614.0943323849417,25,6837.75,97.6999969482422,21.01000022888184,5204.7001953125,1062356354.0857432,19993556.25,6005967073.087472
2026-02-24,64616.015625,64992.15625,62553.1875,64080.04296875,40849331086.0,69495.17501727273,76794.30359094987,91772.40554870608,30.86588503660665,-3854.353620175083,-4235.80027378821,381.4466536131267,22.990087369307453,31.4914339622313,71953.54340397127,63489.65386165373,67721.5986328125,0.1249806518627664,3042.45434302939,47745435180.55,0.855565164115223,0,0,0,1,0,0,0,4.5503,10.0084,17.6934,1,HOLD,8,Extreme Fear,0.000782,33831004.8132494,94289217.22904596,44995258986.0,2.423,257700000.0,1291178509392.7466,57.34,56724400502.91585,64577.553200674425,595.841177275929,50,6890.06982421875,97.87999725341795,19.549999237060547,5155.7998046875,1184383773.1361327,19994075.0,7724802994.709144
2026-02-25,64077.76953125,69953.53125,63942.484375,67960.125,53629234355.0,69348.97977753247,76447.8652148342,91535.46743379356,42.42001270467066,-3520.099084148765,-4092.660035860321,572.5609517115554,30.85034346329404,28.1342815180646,71495.34352709852,64473.65647290151,67984.50000000001,0.1032836463340469,3254.4966667415765,44151426352.9,1.214665952722442,0,0,0,1,0,0,0,-3.2696,4.4263,10.9739,0,HOLD,11,Extreme Fear,0.0015296666666666,268444383.80580664,42054004.38261359,44165220171.0,2.131,506600000.0,1281148417170.2805,56.01200636719859,44864477921.16241,64074.11098528222,583.919821904656,75,6946.1298828125,97.6999969482422,17.93000030517578,5206.39990234375,1119781021.874162,19994581.25,6898606940.395969
2026-02-26,67954.8671875,68843.3515625,66523.734375,67453.7734375,42988597523.0,69168.48393562461,76095.15573337012,91295.8485880593,41.44652863959757,-3258.4963776136283,-3925.827304210983,667.3309265973544,47.03965173030898,33.62669418763683,71129.81134731631,64529.0269339337,67829.419140625,0.097314476476612,3187.719561081464,40567143254.600006,1.0596900366684168,0,0,0,1,0,0,0,1.96,5.5755,11.8069,0,HOLD,11,Extreme Fear,0.002871,23744911.06235864,49474733.65305165,45699986055.0,1.487,254400000.0,1358175414542.9243,54.04,54747624390.78176,67947.39185585188,628.2228200794851,75,6908.85986328125,97.79000091552734,18.6299991607666,5176.5,1004931686.2973248,19994878.125,7443589778.407508
2026-02-27,67456.515625,68220.40625,64946.03515625,65881.796875,40283655942.0,68855.46612032702,75694.63185657129,91042.97245161096,38.49314386874071,-3141.80297004206,-3769.022437377198,627.2194673351387,54.20131833952693,44.03043784437665,70994.86822377422,64323.9528699758,67659.410546875,0.098595528691116,3193.908956272074,39463970668.55,1.0207704713834898,0,0,0,1,0,0,0,3.6609,10.4856,14.4747,1,HOLD,13,Extreme Fear,0.0006636666666666,19870706.20769788,78070311.43932185,44897928842.0,1.818,-27500000.0,1348944333913.3765,56.14332431432009,45543276394.82464,67469.06040327046,625.9211039706134,50,6878.8798828125,97.61000061035156,19.86000061035156,5230.5,1012109769.7708768,19995418.75,5797244770.140323
2026-02-28,65878.9296875,67714.5234375,63062.21875,66995.859375,42041497112.0,68678.36071601017,75353.50352396065,90803.69769462977,41.66566340377047,-2925.7014060467627,-3600.358231111111,674.6568250643481,50.36852580053244,50.53649862345611,70606.67616322216,64385.25821177784,67495.9671875,0.0921746618455228,3298.080079931212,39579959393.2,1.0621915170338174,0,0,0,1,0,0,0,8.53,11.7399,12.5711,0,HOLD,11,Extreme Fear,-0.0019553333333333,145881530.77842706,122524407.22850464,43998642616.0,2.329,,1317715385672.9202,57.64,43031961580.21165,65883.99096235317,613.9686612193877,25,,,,,1026465936.7179816,19995968.75,2721602956.984004
2026-03-01,67005.8828125,68162.8203125,65076.73046875,65738.1015625,40733141929.0,68398.33603472348,74976.4289372367,90554.28877789216,39.20690697038484,-2823.383693873271,-3444.9633236635427,621.5796297902716,45.018238436459264,49.86269419217287,70222.06923891608,64331.59716733392,67276.833203125,0.0875557274492603,3282.9379202039827,39012536550.05,1.0441039094379982,0,0,0,1,0,0,0,7.7627,12.45,14.7249,1,HOLD,14,Extreme Fear,0.0030889999999999,54310326.97435218,126802678.3553138,43700664157.0,2.329,,1340289147460.5789,56.31856096705729,46319353202.33809,67008.45435746174,617.5322050027751,50,,,,,1069534437.5592957,19996215.625,1947434580.0901265
2026-03-02,65734.078125,70044.0,65303.13671875,68775.8515625,56698092052.0,68434.28989451172,74733.26904018821,90337.58791007732,47.29633336859537,-2468.7172960863827,-3249.714118148111,780.9968220617284,59.47778517038564,51.62151646912578,70219.21039111055,64332.64507763944,67275.927734375,0.0874988351957477,3387.075445992984,39817787998.8,1.423938769619968,0,0,0,1,0,0,0,-0.9296,3.591,9.6577,1,HOLD,10,Extreme Fear,-7.26666666666667e-05,108412682.18977016,42855228.68593337,43036358700.0,1.74,458200000.0,1314048555375.68,57.76,43467491553.81901,65713.4989891121,616.8269097979393,25,6881.6201171875,98.37999725341795,21.440000534057617,5294.39990234375,976219352.4031156,19996743.75,7000359941.529199
2026-03-03,68785.078125,69232.890625,66237.6171875,68293.6484375,47947999049.0,68420.89547003442,74480.73489890633,90118.24522875814,46.24440691603219,-2201.1775779218733,-3040.006810102864,838.8292321809904,67.36336861061406,57.28646407248631,70315.26049651453,64366.76294098547,67341.01171875,0.0883339499022227,3359.089588243485,39731590649.74999,1.2067978720429535,0,0,0,1,0,0,0,-1.4951,2.3709,10.4319,1,HOLD,14,Extreme Fear,0.001472,58128423.18667008,86100155.16862611,45588363798.0,1.054,225200000.0,1377737947309.8953,56.714102820050186,60995565405.364334,68864.03691918531,637.4936332653224,50,6816.6298828125,99.0500030517578,23.56999969482422,5107.39990234375,961863185.4560106,19997300.0,8081339725.646691
2026-03-04,68290.5625,74051.8046875,67437.40625,72710.578125,75073101274.0,68829.43667526923,74411.31698620412,89945.0346108103,55.916292743453,-1614.134375480484,-2754.832323178388,1140.697947697904,82.67990948726282,69.84035442275417,71434.95944226735,63895.937432732615,67665.44843749999,0.1114161242350776,3591.611648904665,41252692149.9,1.8198352001175275,0,0,0,1,0,0,1,-9.2707,-3.0092,3.7235,0,HOLD,10,Extreme Fear,0.0008253333333333,274471905.3262613,40802498.54799319,43961251121.0,1.429,461900000.0,1367228918356.8262,56.6,52704039830.20494,68321.6178484252,633.9153172943332,50,6869.5,98.7699966430664,21.149999618530277,5120.2001953125,933150851.5618018,19997568.75,12288634029.364828
2026-03-05,72712.65625,73555.7890625,70654.8828125,70841.125,51172841727.0,69021.0260395293,74271.30945733337,89754.94595796643,51.678171111258514,-1284.9357125935785,-2460.8530010614263,1175.9172884678478,79.01560049346458,76.35295953044715,71763.56519431635,63765.659805683645,67764.6125,0.1180248081346692,3542.275548982904,41770295441.95,1.2251012636029144,0,0,0,1,0,0,0,-3.4426,-3.0062,6.4607,0,HOLD,22,Extreme Fear,0.0019713333333333,30111963.03006192,61791074.79227885,49659862127.0,0.805,-227900000.0,1453089991035.7456,57.33645501508441,81081561357.69708,72669.7701652216,657.5355575822484,25,6830.7099609375,99.31999969482422,23.75,5065.2998046875,1192841923.7049837,19998065.625,9278661021.10245
2026-03-06,70842.15625,71378.5703125,67757.8203125,68136.4921875,43776962871.0,68936.78472028841,74030.72838792813,89539.83696522546,46.220042070316325,-1228.1275747181498,-2214.3079157927714,986.1803410746217,69.65658687672816,77.11736561915185,71575.11020281218,63791.00151593783,67683.055859375,0.1150082334203021,3547.880866912696,42158523703.25001,1.0383893700629092,0,0,0,1,0,0,0,2.6277,-0.4275,10.6866,0,HOLD,18,Extreme Fear,0.00144,24582597.75333759,133412164.32065012,46780707247.0,1.167,-348900000.0,1417652016603.2668,58.26,55313274475.72516,70874.98687140146,647.8545990969939,25,6740.02001953125,98.98999786376952,29.489999771118164,5146.10009765625,1052672432.0364788,19998656.25,7534725006.097888
2026-03-07,68136.6875,68515.1640625,66969.2578125,67272.59375,23258701211.0,68778.29034216571,73765.70350016624,89318.27235611874,44.59969657230784,-1238.5389936223946,-2019.1541313586963,780.6151377363017,53.8924177703433,67.52153504684534,71467.62045124873,63746.931892501256,67607.276171875,0.1141990773170554,3404.882679990361,41311901126.30001,0.5630024418361379,0,0,0,1,0,0,0,4.3588,5.4142,12.108,0,HOLD,12,Extreme Fear,0.000258,3752859.7591115,37262943.80425501,45019480864.0,1.829,,1364073902597.7644,56.701685926683865,46427994894.47989,68148.28339966535,627.3743722428251,50,,,,,951731239.9233916,19998903.125,2032123513.9378915
2026-03-08,67272.5,68177.7890625,65639.1953125,65969.78125,33195080116.0,68510.81328576898,73459.98105898326,89085.9490615305,42.19718922029222,-1336.5097463978163,-1882.6252543665205,546.1155079687042,39.77088277598597,54.43996247435247,71344.10931954844,63583.10552420156,67463.607421875,0.11503985766451,3343.004899276764,41290747860.80001,0.8039350662261616,0,0,0,1,0,0,0,6.8572,6.8942,14.322,1,HOLD,12,Extreme Fear,-0.000297,25427423.5599549,120844848.18581024,43829702027.0,1.91,,1345067153653.0642,58.79,24588849466.218872,67271.1907777184,620.1335218839806,25,,,,,966151410.2252612,19999437.5,1488615216.0636604
2026-03-09,65969.5859375,69474.9453125,65858.0078125,68402.3828125,49499875378.0,68500.48657402907,73261.64387284666,88880.14243218691,47.8464361701802,-1203.982892487984,-1746.8967819908132,542.9138895028293,40.5416729230802,44.73499115646982,71412.2133754871,63605.81787451287,67509.01562499999,0.1156348589696124,3362.571513614138,42022394827.70001,1.1779403715794663,0,0,0,1,0,0,0,3.7512,4.2506,10.2564,1,HOLD,8,Extreme Fear,-0.0021663333333333,76416410.91560996,23010052.49183983,43065130173.0,2.139,167100000.0,1321622467264.5437,56.34380014835318,35845854760.95391,66036.15782362667,611.9500451871007,75,6795.990234375,99.18000030517578,25.5,5091.5,994991750.8290006,20000006.25,6914157660.480911
2026-03-10,68402.71875,71770.8984375,68402.71875,69926.921875,54003996096.0,68636.33755507391,73130.8704611664,88691.55317291142,51.07371229968289,-964.8150573166058,-1590.4804370559718,625.665379739366,47.68243284849424,42.66499618252013,71695.26011355208,63672.93129269792,67684.095703125,0.1185260545703614,3362.996092998843,43067879550.35001,1.2539274433714511,0,0,0,1,0,0,0,1.8415,-1.6235,7.8526,1,HOLD,13,Extreme Fear,-0.0009043333333333,86342609.89026451,38515140.77336208,44574942172.0,1.483,246900000.0,1369955697970.065,56.19,52419546997.01177,68459.31537095344,634.3477951671313,50,6781.47998046875,98.83000183105467,24.93000030517578,5229.7001953125,994991750.8290006,20000265.625,7287177982.124621
2026-03-11,69931.25,71337.6640625,68998.8671875,70204.8828125,45236859848.0,68785.72281768592,73016.12584749321,88507.60620415112,51.661038460905424,-744.2642848054966,-1421.237206605877,676.9729218003804,59.44301908578991,49.22237495245479,71994.36188165001,63698.56546209999,67846.463671875,0.1222730850007287,3289.839005998926,43755073191.80001,1.0338654822882958,0,0,0,1,0,0,0,3.6821,-5.5075,7.4256,1,HOLD,15,Extreme Fear,-0.003816,36609246.23267132,23379319.36038399,46053309264.0,1.223,115200000.0,1397516391202.649,56.84971958554673,57031319359.51854,69883.00887579883,641.6585289358178,50,6775.7998046875,99.2300033569336,24.229999542236328,5167.39990234375,1002201835.9799352,20000793.75,8029010340.4647455
2026-03-12,70209.765625,70775.828125,69230.15625,70493.4609375,40871848129.0,68948.3645433825,72917.1978118072,88328.36097761728,52.30122804235487,-539.9659740369098,-1244.9829600920837,705.0169860551739,65.02704620212175,57.38416604546863,72284.75610987663,63656.97514012336,67970.86562499999,0.1269335161531316,3165.255639499003,43423272233.05,0.9412429332741976,0,0,0,1,0,0,0,6.1958,-5.9208,6.9858,1,HOLD,18,Extreme Fear,-0.002548,25160127.67478431,30203422.05004388,46922958376.0,1.124,53800000.0,1405229147518.9685,56.77,48188681300.73879,70226.818790692,651.4385570212381,50,6672.6201171875,99.73999786376952,27.290000915527344,5115.7998046875,930100984.4705876,20001121.875,6108416530.594537
2026-03-13,70497.046875,73927.328125,70410.7265625,70968.265625,61167226505.0,69140.73607496511,72840.76909859908,88155.62371042707,53.39488505780511,-335.87357914372114,-1063.1610839024113,727.2875047586901,68.18562365269581,64.21856298020249,72636.65294242572,63601.52830757428,68119.090625,0.1326371880768401,3190.3517768562174,45563751776.2,1.342453685671916,0,0,0,1,0,0,0,4.1627,-7.0642,6.27,1,HOLD,15,Extreme Fear,0.0009113333333333,138590781.41310927,71806140.84305634,47530730828.0,1.126,180400000.0,1411413242207.7595,56.91048151388382,43093376170.49169,70544.42535461926,652.3204295577726,75,6632.18994140625,100.36000061035156,27.190000534057617,5052.5,872420303.2631093,20001637.5,7726566054.216646
2026-03-14,70965.3828125,71291.203125,70339.5859375,71214.625,22283546496.0,69338.24930592082,72776.99874179128,87987.05655907954,53.98443082105028,-152.49191130268446,-881.027249382466,728.5353380797816,69.31675333632992,67.50980773038249,73013.64827988502,63580.05640761497,68296.85234375,0.1381263052181253,3030.4421633307734,45783252300.4,0.486718294929985,0,0,0,1,0,0,0,0.0435,-6.3515,5.9024,1,HOLD,16,Extreme Fear,-0.0020776666666666,7230618.31006871,8273646.9554589,47258964162.0,1.107,,1419133420991.5525,57.4,62328257621.5837,70965.28228600459,656.0082976549179,50,,,,,922890899.3196526,20001881.25,2145316489.773932
2026-03-15,71213.6796875,73173.0078125,70882.421875,72789.9140625,27991268669.0,69666.97928273788,72777.50522495632,87835.84121085487,57.67158886610505,118.5850689009967,-681.1047857257736,799.6898546267703,75.30189704435483,70.93475801112686,73495.48097158884,63915.54129403614,68705.51113281249,0.1394348068968443,2977.595290057147,44635142868.4,0.6271127831163897,0,1,0,1,0,0,0,-3.9526,-6.2599,3.6105,0,HOLD,15,Extreme Fear,-0.00014,50276035.16662643,6474810.39618459,46592909521.0,1.297,,1424666372555.8494,56.89953476342239,23763781398.02588,71217.1010283798,657.9077116578025,75,,,,,901260643.8668482,20002403.125,3517233731.097687
2026-03-16,72798.171875,74901.859375,72300.6328125,74861.0859375,55572438409.0,70161.65610700095,72859.21427250704,87706.73916833392,61.9846580301962,494.8376095859276,-445.9163066634334,940.7539162493608,84.50807910049443,76.37557649372638,74263.84617367665,64225.28038882335,69244.56328125,0.1449726203641396,2950.7118095173505,45371298234.55,1.2248368587937362,0,1,0,1,0,0,0,-5.7954,-9.0602,0.7439,0,HOLD,23,Extreme Fear,0.0008219999999999,123452348.86403544,40339389.07033691,47909778268.0,1.086,199400000.0,1453818980888.097,56.04,29137209887.5333,72681.9132538886,673.7790391797466,50,6699.3798828125,99.70999908447266,23.51000022888184,4994.0,901260643.8668482,20002653.125,10195572100.645723
2026-03-17,74855.296875,75988.3984375,73444.2265625,73922.4765625,49500721728.0,70519.82948371515,72900.91083289892,87569.58232648483,59.04825956688608,709.1083667084749,-214.91137198905173,924.0197386975268,88.39129035549544,82.7337555001149,74935.13782781553,64150.22389093448,69542.680859375,0.1550833790645727,2921.673242766112,45164872603.200005,1.0960004728208357,0,1,0,1,0,0,0,-7.0492,-9.5152,2.0231,0,HOLD,28,Fear,-0.0008913333333333,91992371.8759953,57509849.67499078,51301086365.0,0.85,199400000.0,1496606935787.3132,56.71584173767607,56424669615.78771,74858.14870100339,679.6057646827234,50,6716.08984375,99.58000183105467,22.3700008392334,5001.0,915680814.1687176,20003203.125,7906826040.114284
2026-03-18,73936.8515625,74658.9765625,70503.859375,71245.578125,46229011155.0,70588.94840193275,72835.99582474603,87407.1544239825,51.54803023252366,655.3615532949916,-40.85678693224307,696.2183402272346,77.92326490524698,83.60754478707895,75081.95378938707,64382.58839811294,69732.27109375001,0.1534349193487418,3009.7763816756747,45326893284.8,1.0199024862465595,0,0,0,1,0,0,0,-4.7727,-6.0558,5.8564,0,HOLD,26,Fear,9.766666666666662e-05,12050234.33714147,146017569.88386342,50541812229.0,0.9,-163500000.0,1479034380091.9211,56.64,47796151709.5938,73926.27899152413,668.4582026519276,50,6624.7001953125,100.08999633789062,25.09000015258789,4889.89990234375,1002201835.9799352,20003475.0,6375312014.41345
2026-03-19,71250.3515625,71598.84375,68805.5234375,69912.7890625,44631433398.0,70524.55227436773,72721.36026544227,87233.08113680356,48.26118232752607,499.4643634035601,67.20744313491758,432.25692026864255,58.501308725963696,74.93862132890203,74967.07304939789,64900.56835685213,69933.820703125,0.1439432965528786,2994.3152338774125,45544282157.6,0.9799568965333298,0,0,0,1,0,0,0,1.4333,-3.7508,7.8744,0,HOLD,23,Extreme Fear,0.0018336666666666,34643034.16126085,111581783.58316256,48553023278.0,1.389,-90200000.0,1425248408811.2256,56.42527518626189,46235388353.26782,71255.86350265636,651.889478852474,50,6606.490234375,99.2300033569336,24.059999465942383,4600.7001953125,966151410.2252612,20003962.5,5718618497.256258
2026-03-20,69911.53125,71346.796875,69398.8828125,70522.5859375,38299078407.0,70524.36500418985,72635.13382120924,87066.8075527309,49.83718831286233,420.275553791711,137.82106526627626,282.4544885254347,47.55073735045019,61.325103660553616,74953.55462807264,65266.759434427375,70110.15703125001,0.1381653615370965,2919.5722930647403,45357161222.350006,0.8443887883381888,0,0,0,1,0,0,0,-0.0067,-2.1847,6.9416,0,HOLD,11,Extreme Fear,0.0015613333333333,30734852.77217257,42019254.79658696,47961391613.0,1.55,-52000000.0,1397132369157.6367,57.09,46069506172.99344,69871.4514796119,638.9476995490274,50,6506.47998046875,99.6500015258789,26.780000686645508,4570.39990234375,958881917.8174204,20004484.375,5101822416.933103
2026-03-21,70522.46875,71051.2734375,68602.9140625,68711.5234375,21109354718.0,70351.71342640987,72481.26674733829,86884.16790979328,45.41280619245049,208.97135191586852,152.05112259619474,56.92022931967384,39.38890222526191,48.4803161005586,74703.27164258373,65814.38460741627,70258.828125,0.1265163008320167,2885.914227488688,44375971861.8,0.4756933500801023,0,0,0,1,0,0,0,3.7815,0.2158,9.7603,0,HOLD,12,Extreme Fear,0.0003313333333333,4651021.85194704,85900218.29242565,47314053314.0,1.537,,1411553294477.2244,56.53469884881,39288514955.56232,70552.62530009366,642.2798347520329,50,,,,,917823292.9611512,20004703.125,1218707789.7153096
2026-03-22,68737.4453125,69561.7734375,67372.875,67845.2109375,30108051508.0,70112.99890365655,72299.46063714856,86694.72555186001,43.42679058743024,-28.06936296596541,116.02702548376271,-144.09638844972812,32.16300672138307,39.70088209903172,74740.80567089598,65683.78651660403,70212.29609375,0.1289947723999609,2836.1273853466387,43046469834.600006,0.6994313732040268,0,0,0,0,0,0,0,1.395,6.0365,11.1619,1,HOLD,10,Extreme Fear,-0.0024716666666666,16534630.1516679,107124821.76196362,45729906681.0,1.567,,1381324607061.9844,58.04,22788052215.99816,68733.54779458739,629.5885290033027,25,,,,,1077444735.2152646,20005196.875,3563696747.3545766
2026-03-23,67843.0,71782.2578125,67458.84375,70914.859375,51508669357.0,70189.36656759403,72245.16254843686,86537.71195806042,51.51752334310968,31.40709603506548,99.10303959402329,-67.69594355895781,30.138175083738155,33.896694676794375,74789.02855598435,65897.68472526563,70343.35664062499,0.1263991975268315,2942.3621480004504,43224503350.00001,1.1916543942661633,0,0,0,0,0,0,0,-6.4535,0.294,6.3501,0,HOLD,8,Extreme Fear,0.000363,158418845.58897725,51168180.26090904,45720230476.0,1.792,167200000.0,1357220326650.4958,56.15198564885085,30380203636.611057,67848.87605821833,626.2400112141628,50,6581.0,98.9499969482422,26.149999618530277,4404.10009765625,1064142948.360755,20005728.125,6351371463.8087845
2026-03-24,70912.671875,71371.3046875,68920.6953125,70517.859375,40181522399.0,70220.65159687078,72177.42516908639,86378.31043982101,50.51139597786353,45.97803005541209,88.47803768630105,-42.50000763088896,32.41053487220473,31.570572225775315,74539.5382383773,65927.9031678727,70233.720703125,0.1226139664009203,2907.23694992899,41479924406.25,0.9686980623558136,0,0,0,0,0,0,0,-5.9533,1.7726,6.9488,0,HOLD,11,Extreme Fear,0.0042326666666666,24110419.52284508,47809309.09705477,47584123523.0,1.387,-66600000.0,1417921177640.1455,54.9,52502731112.03615,70892.82823994374,638.7006153893446,75,6556.3701171875,99.43000030517578,26.950000762939453,4399.2998046875,831361678.4068401,20006181.25,6967432240.095557
2026-03-25,70520.046875,71985.7421875,70383.59375,71309.8828125,35409791747.0,70324.38790312118,72143.40390020066,86228.3758365641,52.50429164953494,120.05139468610288,94.79270908626142,25.25868559984144,41.10400890350237,34.55090628648175,74581.9586873147,65932.35850018528,70257.15859374999,0.1231134358442285,2814.0163418983475,40691771907.25001,0.8701953758049813,0,0,0,1,0,0,0,-7.5094,2.3407,5.7609,0,HOLD,14,Extreme Fear,0.0028243333333333,51680208.90258448,14282939.72058648,48654036696.0,1.703,7800000.0,1410852097506.246,56.48974301549915,40395077210.95709,70524.51175942823,638.2722605721722,50,6591.89990234375,99.5999984741211,25.32999992370605,4549.7998046875,1017586694.3699718,20006750.0,8326071521.44758
2026-03-26,71310.1171875,71410.390625,68118.3515625,68791.625,38962070215.0,70178.41048377632,72011.96159038886,86054.87582824008,46.14188358886855,-24.16868809254084,71.00042965050098,-95.1691177430418,32.889246367007715,35.4679300475716,74556.61883173947,66023.2116370105,70289.91523437499,0.1214030087570191,2848.1608219413224,40451027274.450005,0.9631911187484112,0,0,0,0,0,0,0,-3.053,6.1965,9.6325,0,HOLD,10,Extreme Fear,0.003955,9388964.17384377,89506130.34631278,49983102158.0,1.341,-171300000.0,1426722276575.147,56.55,36566429238.80042,71309.26403856269,647.3180223384383,50,6477.16015625,99.9000015258789,27.440000534057617,4375.5,1097397415.4970288,20007018.75,6233836622.328477
2026-03-27,68790.8359375,69117.53125,65532.5703125,66338.375,46483453594.0,69812.69281865476,71789.4679986089,85858.6917403969,40.93744646237849,-332.58705849639955,-9.717067978879136,-322.8699905175204,23.290265279690807,32.42784018340029,74666.57312717296,65819.83546657702,70243.20429687499,0.1259443920468975,2900.7894016240853,41612264893.6,1.1170613691144986,0,0,0,0,0,0,0,2.8565,6.6553,13.6868,1,HOLD,13,Extreme Fear,0.0004193333333333,13469197.08285799,171992045.66249257,49642052567.0,2.158,-225500000.0,1375963897395.8403,56.44431621003402,52234708975.603966,68791.11093800364,628.9190223638835,50,6368.85009765625,100.1500015258789,31.049999237060547,4492.0,1010935800.9427172,20007525.0,8652009474.541578
2026-03-28,66338.5,67232.859375,65906.7421875,66319.6953125,20924883455.0,69480.02638949716,71574.96710895759,85664.27386549246,40.89961874034776,-571.925334499465,-122.1587212829963,-449.7666132164687,10.567406056074237,22.24897256759092,74615.13070935915,65906.26929064085,70260.7,0.1239506782414393,2788.312814900936,40998755060.55,0.5103785084229162,0,0,0,0,0,0,0,2.6521,12.3115,13.7188,1,HOLD,12,Extreme Fear,-0.0007499999999999,23433680.52699014,12467486.84147764,49697322156.0,2.731,,1326110397917.7085,58.08,48874426380.128494,66321.016242762,613.1713620815611,25,,,,,1157255456.3423212,20008112.5,2709136323.610358
2026-03-29,66319.6953125,67052.953125,64971.70703125,65954.921875,21645889785.0,69144.30215002123,71354.57317821415,85468.16091036319,40.11998877105165,-782.0221459320746,-254.131406212812,-527.8907397192627,8.053207962252316,13.970293099339118,74836.63452193134,65440.01938431866,70138.326953125,0.1339726159121623,2737.808049104441,39606055780.9,0.5465298010169122,0,0,0,0,0,0,0,1.4156,12.4732,14.3478,1,HOLD,9,Extreme Fear,0.002093,15259607.74716524,88823746.17272662,48798724018.0,2.393,,1326978316239.483,55.98924442262059,23637115348.524387,66321.06539994745,610.4645237576061,75,,,,,957728653.5246795,20008681.25,1979365473.9460344
2026-03-30,65958.3515625,68087.2890625,65759.8046875,66691.4453125,37694994180.0,68910.69673692397,71171.70541877439,85281.32791933967,42.50319184703056,-878.9619701777701,-379.0975190058036,-499.8644511719665,10.687723239968772,9.769445752765108,74921.82906452761,65031.2771854724,69976.553125,0.1413409411776484,2708.4992152398386,38790605685.1,0.9717557515344278,0,0,0,0,0,0,0,0.3594,12.1659,13.085,1,HOLD,8,Extreme Fear,0.0017,50318954.12770243,38594283.77340231,48285614765.0,2.139,69400000.0,1320068534523.2778,58.44,25095464001.8946,65970.42899513361,605.6869270198512,25,6343.72021484375,100.51000213623048,30.61000061035156,4526.0,904521506.1066417,20008934.375,7311067757.215472
2026-03-31,66694.5859375,68495.2734375,65950.4375,68233.3125,42997691338.0,68846.18395245502,71056.4743239205,85111.69592511738,47.237430961972784,-821.8973620206671,-467.6574876087764,-354.2398744118907,19.401352694896826,12.714094632372635,74882.33546590879,64873.613752841215,69877.974609375,0.1432314226194641,2696.8089811155646,38678647259.6,1.1116648172675692,0,0,0,0,0,0,0,-1.3817,10.1399,10.5296,0,HOLD,11,Extreme Fear,0.001915,96064408.25605494,44496150.51912817,49234184517.0,1.974,117500000.0,1334537611576.0498,56.09150020370883,37098483334.61913,66699.27436893585,608.6013327334239,25,6528.52001953125,99.95999908447266,25.25,4647.60009765625,904521506.1066417,20009421.875,7319725452.480144
2026-04-01,68232.890625,69230.359375,67555.359375,68078.5546875,36465393617.0,68773.07640341169,70939.69316170794,84942.21193270329,46.82072008052918,-780.1676242961985,-530.1595149462609,-250.00810934993763,31.191336604313022,20.426804179726204,74815.30738084395,64699.15121290604,69757.229296875,0.1450194663679267,2623.822625321596,38458324534.0,0.9481794659245204,0,0,0,0,0,0,0,1.3269,13.291,10.7808,0,HOLD,8,Extreme Fear,0.0013393333333333,40551014.27158971,17718135.55928951,48035880963.0,1.63,-173700000.0,1364706648348.3545,55.65,56210727882.161446,68231.83047993251,616.7739614216982,50,6575.31982421875,99.6500015258789,24.540000915527344,4783.2001953125,1077444735.2152646,20009981.25,6475233191.952339
2026-04-02,68077.8984375,68633.1484375,65725.2578125,66888.5703125,39323384518.0,68593.59963284867,70780.8255989939,84762.57370762664,43.633295303142525,-833.5101146910456,-590.8296348952179,-242.6804797958277,35.09755949528271,28.56341626483085,74733.269540948,64373.219521552,69553.24453124999,0.1489513550261665,2644.1131967271967,37366132434.65,1.0523803764484605,0,0,0,0,0,0,0,2.9471,13.2125,12.7517,1,HOLD,12,Extreme Fear,-0.000978,23771990.3393465,77676594.33122306,47637613602.0,1.539,9000000.0,1362124061745.4397,56.15391789719464,46822039842.98501,68089.0553821667,610.7257387079188,50,6582.68994140625,100.02999877929688,23.8700008392334,4651.5,964379546.951934,20010296.875,6704823313.014916
2026-04-03,66889.015625,67296.234375,66281.5390625,66931.1015625,22815543346.0,68435.26648329165,70629.85602893532,84585.14612409305,43.78060779403824,-862.4111671121791,-645.1459413386101,-217.265225773569,33.186343824389304,33.15841330799501,74583.67763717736,64094.45908157263,69339.068359375,0.1512742931768354,2527.7262049966826,37392732277.15,0.6101598347212019,0,0,0,0,0,0,0,7.4847,10.3468,12.68,1,HOLD,9,Extreme Fear,0.001184,8054629.7181339,8545018.97395518,46969223342.0,1.823,,1338643103490.4976,55.56,47198627198.56218,66891.6645686824,583.2343462184504,50,,,,,898750099.8899364,20010831.25,3007067104.088623
2026-04-04,66938.6484375,67515.015625,66769.640625,67290.515625,15878814963.0,68326.24259202578,70498.90150329079,84413.0602484802,45.08667718883116,-846.5551870476775,-685.4277904804236,-161.12739656725387,29.441285785067475,32.57506303491316,74120.18833187222,64008.00854312779,69064.09843750001,0.1464173140245291,2400.415404639777,36787109591.850006,0.4316407333757439,0,0,0,0,0,0,0,5.696,12.7537,12.0782,1,HOLD,11,Extreme Fear,0.0013336666666666,7805446.21357631,1010861.56901648,46400506727.0,1.734,,1339404819037.8704,56.13905242410827,26755680223.76058,66939.69121715311,588.1023061457563,75,,,,,828969681.6295495,20011315.625,1443412965.6513567
2026-04-05,67291.1953125,69087.65625,66610.6328125,68981.8984375,22972648674.0,68388.68600588047,70439.41118698526,84259.51634986348,50.87096472860807,-689.5599334410363,-686.2542190725462,-3.305714368490044,39.38956842298524,34.005732677480665,73027.70605555594,64512.57206944403,68770.13906249999,0.1238202234602601,2405.887406986936,35157120105.1,0.6534280568295899,0,0,0,0,0,0,0,4.0386,10.6852,9.3301,1,HOLD,12,Extreme Fear,0.0016603333333333,76667622.06083894,8394085.94282664,46938988373.0,1.551,,1346790078680.91,56.06,21516550336.856277,67304.24955635444,593.3737522068442,50,,,,,1098384828.1591525,20011618.75,1458245965.5939348
2026-04-06,68982.9140625,70305.421875,68347.078125,68859.828125,39542143229.0,68433.55668389186,70377.46675318193,84106.28562125788,50.457866002351885,-568.4375239664369,-662.6908800513244,94.25335608488751,48.55560252239789,39.1288189101502,72019.86581205529,65014.14746919471,68517.006640625,0.1022478751823749,2373.9200029164404,34659191180.15,1.140884766279444,0,0,0,1,0,0,0,5.982,13.5685,9.5239,1,HOLD,13,Extreme Fear,-0.001759,92289401.91881308,42757342.3182133,48909002661.0,1.307,471400000.0,1380583534920.1562,56.59999328974445,26416194024.766064,68985.52642694542,601.5319277415803,75,6611.830078125,99.9800033569336,24.170000076293945,4656.7998046875,884234327.0715194,20012146.875,4355593806.902083
2026-04-07,68859.375,72732.4296875,67740.5078125,71940.703125,44650511480.0,68767.57063066406,70438.77014031206,83985.23504915582,59.41549110452053,-221.2953225379897,-574.4117685486575,353.1164460106678,67.46851460263065,51.80456184933792,72180.16087303641,64923.36490821359,68551.762890625,0.1058586338093319,2560.9201366366947,34580266196.40001,1.2912136426713905,0,1,0,1,0,0,0,1.5479,8.7965,4.8335,0,HOLD,11,Extreme Fear,0.003694,218021571.41149652,29138517.38434444,48603598688.0,1.135,-159100000.0,1378430433268.2437,56.58,45398732027.77202,68864.23452757328,600.2118425663355,50,6616.85009765625,99.63999938964844,25.780000686645508,4657.10009765625,953315133.8739818,20012684.375,5575967620.145627
2026-04-08,71950.1484375,72825.1875,70707.46875,71123.359375,42444631703.0,68991.93146345796,70465.61677696649,83857.2561867264,56.49699656650321,-11.997141105006447,-461.9288430599273,449.93170195492087,74.52066616546908,63.5149277634992,72374.2193506057,64850.36346189432,68612.29140625,0.1096575516500825,2529.2628947340736,34470926111.65,1.2313168368474776,0,1,0,1,0,0,0,-0.5202,8.9028,6.0383,1,HOLD,17,Extreme Fear,0.0013713333333333,51820912.42419443,27183805.58201493,51443272926.0,1.03,-93900000.0,1439691204997.3042,56.82482199151783,54821363017.72348,71975.62171045873,620.4758823184727,25,6782.81005859375,99.12999725341795,21.040000915527344,4749.5,1022395940.676444,20012971.875,5936286348.016992
2026-04-09,71120.5703125,73107.265625,70486.359375,71767.828125,38799581473.0,69256.30257408103,70516.68388865408,83736.9633701918,58.238857065461296,203.5302476656216,-328.8370249148176,532.3672725804391,83.88818912877103,75.29245663229025,72606.95974858798,64742.14728266201,68674.553515625,0.1145229501075176,2535.80884868164,34495951264.950005,1.1247575454578853,0,1,0,1,0,0,0,3.7856,8.1432,5.0861,0,HOLD,14,Extreme Fear,0.0006883333333333,138871894.60457647,20196173.78107761,50811676499.0,0.957,358100000.0,1423286125223.942,57.12,42583999503.6708,71117.07713411814,601.1825872790433,50,6824.66015625,98.81999969482422,19.489999771118164,4792.2001953125,994763617.9554594,20013353.125,5196240368.168461
2026-04-10,71774.3671875,73440.1171875,71434.828125,72979.046875,37722595732.0,69610.84965035903,70613.24714302058,83629.91942496602,61.36947550431005,466.69274316779047,-169.73107129829594,636.4238144660865,85.47389601700579,81.29425043708196,73266.58239307697,64509.27698192304,68887.9296875,0.1271239453831776,2497.9145782400938,35326613315.65001,1.0678237224423817,0,1,0,1,0,0,0,1.6478,7.781,3.342,0,HOLD,16,Extreme Fear,-0.0031413333333333,43429421.14376532,10349171.09986383,52592120368.0,0.883,256700000.0,1436399827130.5452,57.10253355417936,39293023566.96442,71770.7468500515,602.7816776325137,25,6816.89013671875,98.6500015258789,19.229999542236328,4761.89990234375,863510085.0307804,20013871.875,6491981313.769409
2026-04-11,72976.125,73784.234375,72556.3359375,73054.2734375,23287073965.0,69938.79477294389,70708.97366437272,83524.68911663303,61.56220560017331,673.5567290379258,-1.0735112310516115,674.6302402689774,89.93606683182,86.43271732586561,73871.99180176335,64424.773823236654,69148.3828125,0.1366223994586163,2407.1991396158014,34985564438.5,0.6656195016071729,0,1,0,1,0,0,0,2.3966,5.9029,3.2356,0,HOLD,15,Extreme Fear,-0.0031393333333333,36932974.81595953,5556049.01494289,55047074256.0,0.725,,1460609915845.4644,56.33,38358391003.667854,72972.70823557042,605.8959543933561,50,,,,,849693923.6702881,20014393.75,1987525971.380788
2026-04-12,73056.046875,73154.03125,70540.5703125,70753.40625,29882740487.0,70016.3768183778,70710.71611871105,83397.61167517399,52.87338096914286,644.4088314542751,128.02295730601372,516.3858741482613,82.88802928325612,86.09933071069396,73851.74409552825,64428.87621697177,69140.31015625001,0.1362861673206523,2421.9321251789584,33904267995.000004,0.8813858034453634,0,1,0,1,0,0,0,6.217,7.9109,6.5927,1,HOLD,16,Extreme Fear,0.0005806666666666,7745823.231573,74614851.34296948,54822029047.0,0.742,,1462802384989.1692,57.17833437998245,23868132454.73879,73053.88808483821,607.4205594243359,25,,,,,1070752505.4381678,20014728.125,1576299770.494101
2026-04-13,70757.6171875,74896.3125,70588.5234375,74484.640625,52278211554.0,70441.92575234182,70858.71315817336,83308.92539606779,62.19242468977814,911.8767953821372,284.79372492123844,627.0830704608986,83.20662062912945,85.34357224806851,74596.54763851574,64080.75079898425,69338.64921875,0.1516585188493676,2556.636192130461,34509102452.75,1.514910786960615,0,1,0,1,0,0,1,3.5474,1.2531,1.2531,1,HOLD,12,Extreme Fear,-0.0031906666666666,218498387.47664848,8150859.83602157,51389887905.0,1.168,-291000000.0,1415861769817.8752,57.75,30101377740.87357,70756.75105500016,592.4016532719136,25,6886.240234375,98.37000274658205,19.1200008392334,4742.39990234375,1022395940.676444,20015271.875,6633310041.043966
2026-04-14,74478.3984375,76061.7578125,73877.203125,74181.609375,53540826530.0,70798.08609735689,70989.0228137352,83218.10633118155,61.13508351130149,1086.8662765748304,445.2082352519568,641.6580413228736,79.90455672065934,81.9997355443483,75110.58980827495,63853.88128547506,69482.235546875,0.1620084390521048,2530.0589417997144,35415654191.9,1.5117842025418649,0,1,0,1,0,0,1,2.0822,1.6667,1.6667,1,HOLD,21,Extreme Fear,-0.0072856666666666,95864939.83157654,37739576.67999384,56354492910.0,0.743,411400000.0,1491650187280.6667,57.22576900061803,53329034805.473694,74514.63006655,615.0582235280093,50,6967.3798828125,98.12000274658205,18.36000061035156,4825.0,1132925231.560384,20015556.25,12370994758.47783
2026-04-15,74182.0234375,75409.2734375,73549.203125,74805.078125,38090174312.0,71179.70438570385,71138.67204162793,83134.39460773696,62.54595776898204,1261.3157558389066,608.4297393693467,652.8860164695599,88.38802718851005,83.83306817943294,75878.97932434046,63686.83708190955,69782.908203125,0.1747153071772511,2482.2026111354494,35372059396.75,1.0768435584923772,0,1,1,1,0,0,0,-1.2683,0.8193,0.8193,1,HOLD,23,Extreme Fear,-0.0064713333333333,49838468.55947857,20612882.61040338,56829006167.0,0.678,186100000.0,1484804385765.1338,57.52,57684799834.52557,74181.10807228928,614.3018457281473,50,7022.9501953125,98.05999755859376,18.170000076293945,4800.0,863510085.0307804,20016121.875,8799963363.243324
2026-04-16,74810.875,75506.5703125,73346.265625,75152.1328125,41312783855.0,71558.03090254158,71296.0626600935,83054.9691172371,63.343672173389685,1411.3040037712926,769.0045922497359,642.2994115215567,86.78407920546542,85.02555437154493,76541.48285529284,63905.709332207145,70223.59609374999,0.1799362924424529,2459.209902304346,35113525909.8,1.1765490016902522,0,1,1,1,0,0,0,0.9586,0.3538,0.3538,0,HOLD,23,Extreme Fear,-0.0030513333333333,54061808.44603726,68575672.3042833,56699385878.0,0.761,26100000.0,1497468161198.8457,57.28707298761812,33592871494.555107,74833.50639132406,622.8075892645858,50,7041.27978515625,98.22000122070312,17.940000534057617,4785.39990234375,1050028263.3974292,20016396.875,6827305647.032912
2026-04-17,75164.0390625,78320.6796875,74558.6015625,77126.875,54137194839.0,72088.39700706143,71524.72196754081,82995.98310612031,67.57542423197064,1670.2622186325898,949.2561175263068,721.006101106283,89.44898124018785,88.20702921138778,77510.09789938852,64017.81225686144,70763.95507812499,0.1906660760782985,2552.2719182111787,36774141479.0,1.4721538739365332,0,1,1,1,0,0,0,-1.0037,-2.2157,-2.2157,0,HOLD,21,Extreme Fear,-0.0075143333333333,344151319.097518,37096878.08464125,56636749733.0,0.739,663900000.0,1503597305333.8933,56.83,44500754086.97624,75149.1930221427,635.8470780970079,50,7126.06005859375,98.0999984741211,17.479999542236328,4857.60009765625,968172577.6598403,20016984.375,7922347197.329179
2026-04-18,77136.046875,77416.703125,75504.9453125,75726.2109375,26014416776.0,72434.85547662701,71689.48624087255,82923.6470646415,62.09938185419454,1742.38149630306,1107.8811932816575,634.5003030214025,86.11623772551982,87.44976605705769,77947.33893373069,64557.700128769306,71252.51953125,0.1879181100268172,2506.52091066038,36992567828.55,0.7032336034786609,0,1,1,1,0,0,0,3.2708,-0.407,-0.407,0,HOLD,26,Fear,-0.0052793333333333,6893232.45219849,46864823.83336433,61692410495.0,0.601,,1543927908120.292,57.30144405788546,64762179077.35212,77128.44334858148,643.5219619509379,50,,,,,1031290054.5634866,20017515.625,2768806279.2658143
2026-04-19,75723.6953125,76243.09375,73802.3828125,73856.3515625,30931515195.0,72570.23605623396,71774.4613515246,82833.42521884905,55.61953132472125,1629.866433266492,1212.2782412786244,417.5881919878677,75.15138057869024,83.57219984813264,78039.44452469054,65182.08516280948,71610.76484375,0.1795450640687189,2501.8201982917817,36654393879.3,0.8438692315266489,0,1,1,1,0,0,0,5.9746,2.1144,2.1144,1,HOLD,27,Fear,-0.0027396666666666,17156512.97698455,105643214.34383851,56601500925.0,0.795,,1515912560791.0652,56.89,66292316931.16393,75728.45681761758,630.3120339001613,50,,,,,1064992343.928306,20018050.0,2883140409.3545456
2026-04-20,73854.25,76575.359375,73775.5703125,75872.5234375,39674447916.0,72884.73961635453,71935.16966862167,82764.16251455703,60.41579378817848,1683.9738533003256,1306.6173636829649,377.3564896173609,70.83658305842714,77.36806712087906,78483.93655618321,65501.51422506679,71992.725390625,0.1803296410946405,2523.1036885923686,36488231708.2,1.087321748921145,0,1,1,1,0,0,0,2.0861,-0.5991,-0.5991,1,HOLD,29,Fear,-0.0046316666666666,82847250.58940779,13589333.5283377,54406242001.0,0.993,238400000.0,1478753744436.9175,57.359356677717535,62221359441.72641,73856.05501487634,616.3721959028703,50,7109.14013671875,98.0500030517578,18.8700008392334,4806.60009765625,876259523.4853154,20018306.25,11266757285.351542
2026-04-21,75872.828125,76881.4765625,74852.671875,76352.7734375,36453522626.0,73215.02855170172,72108.4090321071,82700.36759836742,61.48357322124921,1745.4856626909311,1394.391023484558,351.09463920637336,69.84887593059452,71.94561318923729,78901.96204749253,65910.91060875746,72406.436328125,0.1794184619149517,2487.796617085771,36487638158.65,0.9990650112100524,0,1,1,1,0,0,0,1.6492,-1.2243,-1.2243,1,HOLD,33,Fear,-0.00371,67266254.20721485,43021344.88566151,56551125280.0,0.817,11800000.0,1518784350281.418,56.69,48152404105.554855,75874.54629352967,629.4702714172033,50,7064.009765625,98.41000366210938,19.5,4698.39990234375,909961812.8501352,20018815.625,7894718144.329737
2026-04-22,76354.21875,79468.0,76159.578125,78203.1015625,48336654537.0,73690.0831241587,72347.41658231859,82655.61868258764,65.36057777083832,1921.3916240346728,1499.7911435945812,421.6004804400922,79.21956819376138,73.30167572759434,79414.8635316972,66529.46224955279,72972.162890625,0.1765796815075609,2546.412706936788,36938301659.6,1.308578152359034,0,1,1,1,0,0,0,0.5811,-3.5614,-3.5614,0,HOLD,32,Fear,-0.0071203333333333,187938966.75387087,13975113.67646268,56488640687.0,0.861,335800000.0,1528459815743.431,57.64316812261603,41231756234.27609,76350.25202878818,631.9080331573377,50,7137.89990234375,98.58999633789062,18.920000076293945,4732.5,882999981.3582796,20019115.625,8975032613.917759
2026-04-23,78203.875,78676.9375,77014.453125,78268.953125,40354900916.0,74126.16598138168,72579.63370163942,82611.9702690793,65.49370004587314,2042.566600169696,1608.3462349096042,434.2203652600913,82.4555864160437,77.17467684679985,79734.11429399013,67343.99664350989,73539.05546875001,0.1684835026980371,2483.274968941302,37815269538.1,1.0671588860510766,0,1,1,1,0,0,0,-1.1529,-3.6425,-3.6425,0,HOLD,46,Fear,-0.0051023333333333,26271156.4848437,44711182.47913456,62271470601.0,0.512,223300000.0,1566077005143.7695,58.0,49815267208.00008,78194.78334884858,637.7284506868011,50,7108.39990234375,98.8000030517578,19.309999465942383,4705.10009765625,815595402.6286399,20019609.375,8141917393.593581
2026-04-24,78263.8203125,78554.09375,77318.4453125,77455.3125,32784213526.0,74443.22755458343,72770.8367917712,82560.66024152628,62.30750975745975,2049.3213424387795,1696.5412564154394,352.7800860233401,83.31360627423177,81.66292029467894,79730.6180055669,68363.97261943315,74047.29531250002,0.1535052068838351,2394.158788124067,38660539466.25,0.8480019673450254,0,1,1,1,0,0,0,-1.4262,-2.6303,-2.6303,0,HOLD,39,Fear,-0.001296,13210030.95959445,20431808.4212604,59630136334.0,0.668,14400000.0,1566737928291.1943,58.16158085647262,41704798844.82768,78260.61998045091,638.77992299001,25,7165.080078125,98.51000213623048,18.709999084472656,4722.2998046875,1004328223.0716304,20019928.125,10786366687.21436
2026-04-25,77457.2109375,77882.640625,77184.6640625,77612.015625,16702933134.0,74745.0168946231,72960.6869420939,82511.41999658571,62.68403712793476,2043.7599642457496,1765.9849979815017,277.7749662642484,81.07809702832415,82.28242990619987,79844.39888186433,69113.20346188569,74478.801171875,0.1440838903302729,2273.002914865205,38347053689.25,0.4355727892253273,0,1,1,1,0,0,0,-2.8269,-2.8269,-2.8269,0,HOLD,31,Fear,-0.0013576666666666,3154552.05759153,5740075.88309957,56949288728.0,0.766,,1550504073873.627,58.36,33584952477.909107,77444.79563692068,636.4798355140537,25,,,,,943664102.2149549,20020437.5,2316698937.9770403
2026-04-26,77613.1171875,78923.5625,77334.890625,78657.5390625,21482934750.0,75117.63805346852,73184.09290760003,82473.07292261471,65.18307550132172,2099.5156263253302,1832.691123650268,266.82450267506283,82.51266106752163,82.30145479002584,79949.49239247385,69987.88104502615,74968.68671875,0.132876962148468,2224.122126303405,37444093265.3,0.5737336086038585,0,1,1,1,0,0,0,-4.1185,-4.1185,-4.1185,0,HOLD,33,Fear,-0.001585,40569384.02760745,4496441.84977908,55982052959.0,0.804,,1553988530840.653,58.142699430138165,17276677148.502968,77619.14219872655,628.7041266428481,25,,,,,1004328223.0716304,20020921.875,1645733890.632024
2026-04-27,78661.015625,79488.171875,76481.34375,77366.625,38135631927.0,75331.82728647151,73348.11377396867,82422.26249552402,59.85323578080852,2016.293833779986,1869.4116656762112,146.8821681037748,78.51360318129652,80.70145375904742,80116.33631322448,70363.62931177553,75239.9828125,0.129621334786226,2280.029697638876,37118349287.65,1.027406462271976,0,1,1,1,0,0,0,-2.5187,-2.5187,-2.5187,0,HOLD,47,Neutral,-0.001626,33596659.78114106,109741741.19814049,57213274047.0,0.737,-263200000.0,1575064891879.2925,57.52,22944408006.92362,78645.12560170851,636.1188584264361,50,7173.91015625,98.4800033569336,18.020000457763672,4675.39990234375,930183186.4690272,20021503.125,6652309884.766558
2026-04-28,77368.1171875,77483.8671875,75673.6015625,76350.671875,32056900880.0,75428.8601044266,73465.8611504797,82361.84865850388,55.9741629706034,1847.0691734236025,1864.9431672256896,-17.87399380208717,68.41566802780864,76.48064409220892,79993.92039628013,71008.77647871993,75501.34843750003,0.1190064032432228,2246.4751210218133,36598962746.5,0.8758964318753989,0,1,1,0,0,0,0,-1.2216,-1.2216,-1.2216,0,HOLD,33,Fear,0.0004223333333333,6704976.76451571,40336158.80421926,57136271631.0,0.918,-89700000.0,1549702864531.718,58.21470272796213,39453767786.252846,77361.29911038803,626.6375245547653,25,7138.7998046875,98.62000274658205,17.829999923706055,4591.5,936923644.3419912,20021809.375,6877226670.65858
2026-04-30,75752.125,76357.734375,75448.84375,75417.9921875,40389558272.0,75427.8250647193,73542.41530879422,82292.7555592899,52.60362297475203,1619.0347302848531,1815.7614798375223,-196.7267495526694,49.36845238398095,65.4325745310287,79820.26247379612,71547.45080745389,75683.856640625,0.1093074802678806,2150.9333713059696,36678461586.45,1.1011791805063325,0,1,1,0,0,0,0,0.0,0.0,0.0,0,HOLD,29,Fear,-0.002486,3761666.41495812,6790602.47708589,54262876798.0,1.027,,1517194764796.4153,58.0153804772641,42001093008.39979,75429.0264249668,614.5160911633812,50,,99.06700134277344,,4554.89990234375,,,
