date,funding_rate,long_liquidations,short_liquidations,open_interest,long_short_ratio,etf_flow
2020-02-28,,0.0,0.0,3391169438.0,,
2020-02-29,,0.0,0.0,2955134394.0,,
2020-03-01,,0.0,0.0,2927926667.0,,
2020-03-02,,0.0,0.0,2994902711.0,,
2020-03-03,,0.0,0.0,2954106180.0,,
2020-03-04,,0.0,0.0,2931545149.0,,
2020-03-05,,0.0,0.0,3235702530.0,,
2020-03-06,,0.0,0.0,3321210256.0,,
2020-03-07,,0.0,0.0,3626666590.0,,
2020-03-08,,0.0,0.0,3634176361.0,,
2020-03-09,,0.0,0.0,3317542607.0,,
2020-03-10,,0.0,0.0,3178278133.0,,
2020-03-11,,0.0,0.0,3066750971.0,,
2020-03-12,,0.0,0.0,3118446102.0,,
2020-03-13,,0.0,0.0,2087688765.0,,
2020-03-14,,0.0,0.0,1688404101.0,,
2020-03-15,,0.0,0.0,1670251469.0,,
2020-03-16,,0.0,0.0,1478801166.0,,
2020-03-17,,0.0,0.0,1449444589.0,,
2020-03-18,,0.0,0.0,1454859551.0,,
2020-03-19,,0.0,0.0,1506557032.0,,
2020-03-20,,0.0,0.0,1501791262.0,,
2020-03-21,,0.0,0.0,1391115148.0,,
2020-03-22,,0.0,0.0,1536819811.0,,
2020-03-23,,0.0,0.0,1578708407.0,,
2020-03-24,,0.0,0.0,1434364303.0,,
2020-03-25,,0.0,0.0,1416774521.0,,
2020-03-26,,0.0,0.0,1470544782.0,,
2020-03-27,,0.0,0.0,1486356512.0,,
2020-03-28,,0.0,0.0,1508986079.0,,
2020-03-29,,0.0,0.0,1583503970.0,,
2020-03-30,,0.0,0.0,1624629014.0,,
2020-03-31,,0.0,0.0,1570268486.0,,
2020-04-01,,0.0,0.0,1615067030.0,,
2020-04-02,,0.0,0.0,1634211203.0,,
2020-04-03,,0.0,0.0,1573251022.0,,
2020-04-04,,0.0,0.0,1618993812.0,,
2020-04-05,,0.0,0.0,1647760406.0,,
2020-04-06,,0.0,0.0,1652247770.0,,
2020-04-07,,0.0,0.0,1777332052.0,,
2020-04-08,,0.0,0.0,1770852343.0,,
2020-04-09,,0.0,0.0,1781095668.0,,
2020-04-10,,0.0,0.0,1839607077.0,,
2020-04-11,,0.0,0.0,1848908887.0,,
2020-04-12,,0.0,0.0,1915177920.0,,
2020-04-13,,0.0,0.0,1930883201.0,,
2020-04-14,,0.0,0.0,1964788781.0,,
2020-04-15,,0.0,0.0,1972845098.0,,
2020-04-16,,0.0,0.0,2108132638.0,,
2020-04-17,,0.0,0.0,1875030941.0,,
2020-04-18,,0.0,0.0,1992015156.0,,
2020-04-19,,0.0,0.0,2051950305.0,,
2020-04-20,,0.0,0.0,2025330399.0,,
2020-04-21,,0.0,0.0,2108910210.0,,
2020-04-22,,0.0,0.0,2172423536.0,,
2020-04-23,,0.0,0.0,2196128787.0,,
2020-04-24,,0.0,0.0,2042882829.0,,
2020-04-25,,0.0,0.0,2019767547.0,,
2020-04-26,,0.0,0.0,2072496828.0,,
2020-04-27,,0.0,0.0,2127921253.0,,
2020-04-28,,0.0,0.0,2154783817.0,,
2020-04-29,,0.0,0.0,2212795358.0,,
2020-04-30,,0.0,0.0,1698792699.0,,
2020-05-01,,0.0,0.0,2257119386.0,,
2020-05-02,,0.0,0.0,2295965500.0,,
2020-05-03,,0.0,0.0,2370638887.0,,
2020-05-04,,0.0,0.0,2441366827.0,,
2020-05-05,,0.0,0.0,2414169976.0,,
2020-05-06,,0.0,0.0,2432278804.0,,
2020-05-07,,0.0,0.0,2595638553.0,,
2020-05-08,,0.0,0.0,2709489347.0,,
2020-05-09,,0.0,0.0,2912050989.0,,
2020-05-10,,0.0,0.0,3044197944.0,,
2020-05-11,,0.0,0.0,2458922009.0,,
2020-05-12,,0.0,0.0,2420337737.0,,
2020-05-13,,0.0,0.0,2519831447.0,,
2020-05-14,,0.0,0.0,2738992454.0,,
2020-05-15,,0.0,0.0,2676799695.0,,
2020-05-16,,0.0,0.0,2651157206.0,,
2020-05-17,,0.0,0.0,2640357824.0,,
2020-05-18,,0.0,0.0,2799760507.0,,
2020-05-19,,0.0,0.0,2832317405.0,,
2020-05-20,,0.0,0.0,2789149324.0,,
2020-05-21,,0.0,0.0,2844923548.0,,
2020-05-22,,0.0,0.0,2765490978.0,,
2020-05-23,,0.0,0.0,2822657467.0,,
2020-05-24,,0.0,0.0,2792551665.0,,
2020-05-25,,0.0,0.0,2884977623.0,,
2020-05-26,,0.0,0.0,2870465430.0,,
2020-05-27,,0.0,0.0,2883860886.0,,
2020-05-28,,0.0,0.0,2934561117.0,,
2020-05-29,,0.0,0.0,2965552625.0,,
2020-05-30,,0.0,0.0,2991433453.0,,
2020-05-31,,0.0,0.0,3068722437.0,,
2020-06-01,,0.0,0.0,3016287079.0,,
2020-06-02,,0.0,0.0,3380288170.0,,
2020-06-03,,0.0,0.0,2857962666.0,,
2020-06-04,,0.0,0.0,2865878247.0,,
2020-06-05,,0.0,0.0,3431921508.0,,
2020-06-06,,0.0,0.0,3426619539.0,,
2020-06-07,,0.0,0.0,3415855284.0,,
2020-06-08,,0.0,0.0,3447608823.0,,
2020-06-09,,0.0,0.0,3508823968.0,,
2020-06-10,,0.0,0.0,3510935851.0,,
2020-06-11,,0.0,0.0,3559142462.0,,
2020-06-12,,0.0,0.0,3476745275.0,,
2020-06-13,,0.0,0.0,3454234983.0,,
2020-06-14,,0.0,0.0,3425094466.0,,
2020-06-15,,0.0,0.0,3465042233.0,,
2020-06-16,,0.0,0.0,3529922526.0,,
2020-06-17,,0.0,0.0,3554197719.0,,
2020-06-18,,0.0,0.0,3565117078.0,,
2020-06-19,,0.0,0.0,3556455370.0,,
2020-06-20,,0.0,0.0,3494296704.0,,
2020-06-21,,0.0,0.0,3515992447.0,,
2020-06-22,,0.0,0.0,3507168329.0,,
2020-06-23,,0.0,0.0,3709499572.0,,
2020-06-24,,0.0,0.0,3791589867.0,,
2020-06-25,,0.0,0.0,3707612771.0,,
2020-06-26,,0.0,0.0,3513251848.0,,
2020-06-27,,0.0,0.0,3316506334.0,,
2020-06-28,,0.0,0.0,3407313520.0,,
2020-06-29,,0.0,0.0,3369685999.0,,
2020-06-30,,0.0,0.0,3361700166.0,,
2020-07-01,,0.0,0.0,3351099423.0,,
2020-07-02,,0.0,0.0,3427557676.0,,
2020-07-03,,0.0,0.0,3458296144.0,,
2020-07-04,,0.0,0.0,3390854162.0,,
2020-07-05,,0.0,0.0,3330952574.0,,
2020-07-06,,0.0,0.0,3373831250.0,,
2020-07-07,,0.0,0.0,3614886618.0,,
2020-07-08,,0.0,0.0,3576410285.0,,
2020-07-09,,0.0,0.0,3762053430.0,,
2020-07-10,,0.0,0.0,3661217148.0,,
2020-07-11,,0.0,0.0,3530891409.0,,
2020-07-12,,0.0,0.0,3527141825.0,,
2020-07-13,,0.0,0.0,3524482492.0,,
2020-07-14,,0.0,0.0,3656797952.0,,
2020-07-15,,0.0,0.0,3656608269.0,,
2020-07-16,,0.0,0.0,3754046481.0,,
2020-07-17,,0.0,0.0,3842774732.0,,
2020-07-18,,0.0,0.0,3780702317.0,,
2020-07-19,,0.0,0.0,3735868069.0,,
2020-07-20,,0.0,0.0,3809856045.0,,
2020-07-21,,0.0,0.0,3754546215.0,,
2020-07-22,,0.0,0.0,4124179700.0,,
2020-07-23,,0.0,0.0,4223018182.0,,
2020-07-24,,0.0,0.0,4310515244.0,,
2020-07-25,,0.0,0.0,4235796313.0,,
2020-07-26,,0.0,0.0,4466288918.0,,
2020-07-27,,0.0,0.0,4439105964.0,,
2020-07-28,,0.0,0.0,4643946246.0,,
2020-07-29,,0.0,0.0,4763673005.0,,
2020-07-30,,0.0,0.0,4912446128.0,,
2020-07-31,,0.0,0.0,4945814109.0,,
2020-08-01,,0.0,0.0,5142436362.0,,
2020-08-02,,0.0,0.0,5404630458.0,,
2020-08-03,,0.0,0.0,4772127159.0,,
2020-08-04,,0.0,0.0,4789340395.0,,
2020-08-05,,0.0,0.0,4823070390.0,,
2020-08-06,,0.0,0.0,4957328736.0,,
2020-08-07,,0.0,0.0,5114008490.0,,
2020-08-08,,0.0,0.0,5004004145.0,,
2020-08-09,,0.0,0.0,4925314198.0,,
2020-08-10,,0.0,0.0,5011063067.0,,
2020-08-11,,0.0,0.0,5160762496.0,,
2020-08-12,,0.0,0.0,5101501682.0,,
2020-08-13,,0.0,0.0,4962723181.0,,
2020-08-14,,0.0,0.0,5036599694.0,,
2020-08-15,,0.0,0.0,5041465685.0,,
2020-08-16,,0.0,0.0,5201256838.0,,
2020-08-17,,0.0,0.0,5238022882.0,,
2020-08-18,,0.0,0.0,5489325762.0,,
2020-08-19,,0.0,0.0,5311235663.0,,
2020-08-20,,0.0,0.0,5073210388.0,,
2020-08-21,,0.0,0.0,4977041710.0,,
2020-08-22,,0.0,0.0,4979649905.0,,
2020-08-23,,0.0,0.0,4850412607.0,,
2020-08-24,,0.0,0.0,4854844902.0,,
2020-08-25,,0.0,0.0,4912603791.0,,
2020-08-26,,0.0,0.0,4836949502.0,,
2020-08-27,,0.0,0.0,4631141886.0,,
2020-08-28,,0.0,0.0,4652508318.0,,
2020-08-29,,0.0,0.0,4554807187.0,,
2020-08-30,,0.0,0.0,4586375618.0,,
2020-08-31,,0.0,0.0,4675746747.0,,
2020-09-01,,0.0,0.0,4707069185.0,,
2020-09-02,,0.0,0.0,4951867076.0,,
2020-09-03,,0.0,0.0,4577512180.0,,
2020-09-04,,0.0,0.0,3913627528.0,,
2020-09-05,,0.0,0.0,3560381786.0,,
2020-09-06,,0.0,0.0,3527017647.0,,
2020-09-07,,0.0,0.0,3540958867.0,,
2020-09-08,,0.0,0.0,3554233590.0,,
2020-09-09,,0.0,0.0,3577027011.0,,
2020-09-10,,0.0,0.0,3525693945.0,,
2020-09-11,,0.0,0.0,3590015644.0,,
2020-09-12,,0.0,0.0,3639929121.0,,
2020-09-13,,0.0,0.0,3656996601.0,,
2020-09-14,,0.0,0.0,3676560053.0,,
2020-09-15,,0.0,0.0,3755046663.0,,
2020-09-16,,0.0,0.0,3772539345.0,,
2020-09-17,,0.0,0.0,3929859787.0,,
2020-09-18,,0.0,0.0,3904051220.0,,
2020-09-19,,0.0,0.0,3851229833.0,,
2020-09-20,,0.0,0.0,3948081965.0,,
2020-09-21,,0.0,0.0,3889563389.0,,
2020-09-22,,0.0,0.0,3729393112.0,,
2020-09-23,,0.0,0.0,3676365195.0,,
2020-09-24,,0.0,0.0,3653754718.0,,
2020-09-25,,0.0,0.0,3612029740.0,,
2020-09-26,,0.0,0.0,3450864843.0,,
2020-09-27,,0.0,0.0,3548747365.0,,
2020-09-28,,0.0,0.0,3549710737.0,,
2020-09-29,,0.0,0.0,3504626337.0,,
2020-09-30,,0.0,0.0,3567871789.0,,
2020-10-01,,0.0,0.0,3471352655.0,,
2020-10-02,,0.0,0.0,3477070142.0,,
2020-10-03,,0.0,0.0,3421367794.0,,
2020-10-04,,0.0,0.0,3429736670.0,,
2020-10-05,,0.0,0.0,3455412433.0,,
2020-10-06,,0.0,0.0,3565556590.0,,
2020-10-07,,0.0,0.0,3566383273.0,,
2020-10-08,,0.0,0.0,3578881290.0,,
2020-10-09,,0.0,0.0,3719825211.0,,
2020-10-10,,0.0,0.0,3857914446.0,,
2020-10-11,,0.0,0.0,3872475342.0,,
2020-10-12,,0.0,0.0,3900428379.0,,
2020-10-13,,0.0,0.0,3935373794.0,,
2020-10-14,,0.0,0.0,3917618404.0,,
2020-10-15,,0.0,0.0,3851858245.0,,
2020-10-16,,0.0,0.0,3947567924.0,,
2020-10-17,,0.0,0.0,3834842662.0,1.389,
2020-10-18,,0.0,0.0,3770340728.0,1.389,
2020-10-19,,0.0,0.0,3868744041.0,1.259,
2020-10-20,,0.0,0.0,4101924138.0,1.235,
2020-10-21,,0.0,0.0,4365620746.0,0.936,
2020-10-22,,0.0,0.0,4528150126.0,1.438,
2020-10-23,,0.0,0.0,4688338856.0,1.438,
2020-10-24,,0.0,0.0,4721847894.0,1.298,
2020-10-25,,0.0,0.0,4908716451.0,1.32,
2020-10-26,,0.0,0.0,4820919331.0,1.32,
2020-10-27,,0.0,0.0,4809547042.0,1.297,
2020-10-28,,0.0,0.0,5021303323.0,1.201,
2020-10-29,,0.0,0.0,4735155029.0,1.491,
2020-10-30,,0.0,0.0,4885266790.0,1.12,
2020-10-31,,0.0,0.0,4926494122.0,1.1,
2020-11-01,,0.0,0.0,5160902987.0,1.1,
2020-11-02,,0.0,0.0,5105930028.0,1.227,
2020-11-03,,0.0,0.0,4888866772.0,1.227,
2020-11-04,,0.0,0.0,5051244300.0,1.063,
2020-11-05,,0.0,0.0,5038926123.0,1.051,
2020-11-06,,0.0,0.0,5251694025.0,1.346,
2020-11-07,,0.0,0.0,5348552141.0,1.521,
2020-11-08,,0.0,0.0,5037843458.0,1.42,
2020-11-09,,0.0,0.0,5261414433.0,1.438,
2020-11-10,,0.0,0.0,5183311522.0,1.548,
2020-11-11,,0.0,0.0,5156649926.0,1.628,
2020-11-12,,0.0,0.0,5472660592.0,1.423,
2020-11-13,,0.0,0.0,5700412285.0,1.347,
2020-11-14,,0.0,0.0,5573038058.0,1.496,
2020-11-15,,0.0,0.0,5429108232.0,1.523,
2020-11-16,,0.0,0.0,5431687176.0,1.419,
2020-11-17,,0.0,0.0,5828571633.0,1.251,
2020-11-18,,0.0,0.0,5930935152.0,1.37,
2020-11-19,,0.0,0.0,5889958905.0,1.685,
2020-11-20,,0.0,0.0,6101778805.0,1.685,
2020-11-21,,0.0,0.0,6402413238.0,1.763,
2020-11-22,,0.0,0.0,6494110990.0,1.885,
2020-11-23,,0.0,0.0,6536044539.0,1.608,
2020-11-24,,0.0,0.0,6677041913.0,1.608,
2020-11-25,,0.0,0.0,6770713702.0,1.799,
2020-11-26,,0.0,0.0,6812245090.0,2.226,
2020-11-27,,0.0,0.0,5708146502.0,1.717,
2020-11-28,,0.0,0.0,5686235976.0,1.724,
2020-11-29,,0.0,0.0,5834074954.0,1.536,
2020-11-30,,0.0,0.0,6002661590.0,1.382,
2020-12-01,,0.0,0.0,6504467239.0,1.481,
2020-12-02,,0.0,0.0,6692586966.0,1.523,
2020-12-03,,0.0,0.0,6253143619.0,1.625,
2020-12-04,,0.0,0.0,6602035967.0,1.542,
2020-12-05,,0.0,0.0,6391435549.0,1.47,
2020-12-06,,0.0,0.0,6423334967.0,1.32,
2020-12-07,,0.0,0.0,6437900023.0,1.181,
2020-12-08,,0.0,0.0,6592204530.0,1.497,
2020-12-09,,0.0,0.0,6662321866.0,1.368,
2020-12-10,,0.0,0.0,6436564460.0,1.205,
2020-12-11,,0.0,0.0,6392184167.0,1.344,
2020-12-12,,0.0,0.0,6378054011.0,1.344,
2020-12-13,,0.0,0.0,6357824651.0,1.142,
2020-12-14,,0.0,0.0,6700853241.0,1.126,
2020-12-15,,0.0,0.0,6776982273.0,1.155,
2020-12-16,,0.0,0.0,6950932745.0,0.947,
2020-12-17,,0.0,0.0,7383288744.0,1.153,
2020-12-18,,0.0,0.0,7661454381.0,1.421,
2020-12-19,,0.0,0.0,7822021062.0,1.532,
2020-12-20,,0.0,0.0,8199080927.0,1.601,
2020-12-21,,0.0,0.0,8158408164.0,1.587,
2020-12-22,,0.0,0.0,7819997002.0,1.335,
2020-12-23,,0.0,0.0,8038156963.0,1.434,
2020-12-24,,0.0,0.0,7943314969.0,1.402,
2020-12-25,,0.0,0.0,7560880724.0,1.388,
2020-12-26,,0.0,0.0,7933395109.0,1.412,
2020-12-27,,0.0,0.0,8475673813.0,1.575,
2020-12-28,,0.0,0.0,8673522058.0,1.66,
2020-12-29,,0.0,0.0,8731421466.0,1.819,
2020-12-30,,0.0,0.0,8349835140.0,1.982,
2020-12-31,,0.0,0.0,8668825296.0,1.605,
2021-01-01,,0.0,0.0,8778911180.0,1.601,
2021-01-02,,0.0,0.0,8908144716.0,1.565,
2021-01-03,,0.0,0.0,9666597250.0,1.554,
2021-01-04,,0.0,0.0,9806494694.0,2.013,
2021-01-05,,0.0,0.0,9200972545.0,1.894,
2021-01-06,,0.0,0.0,9176691377.0,1.903,
2021-01-07,,0.0,0.0,10066039176.0,1.915,
2021-01-08,,0.0,0.0,10871103257.0,2.118,
2021-01-09,,0.0,0.0,11052007530.0,2.508,
2021-01-10,,0.0,0.0,11327787335.0,2.893,
2021-01-11,,0.0,0.0,11517858103.0,2.613,
2021-01-12,,0.0,0.0,10148737346.0,2.447,
2021-01-13,,0.0,0.0,10628075326.0,2.097,
2021-01-14,,0.0,0.0,10626329872.0,2.487,
2021-01-15,,0.0,0.0,12029327443.0,1.935,
2021-01-16,,0.0,0.0,11561605717.0,2.282,
2021-01-17,,0.0,0.0,11494138239.0,2.14,
2021-01-18,,0.0,0.0,11122446691.0,2.235,
2021-01-19,,0.0,0.0,11495921983.0,2.817,
2021-01-20,,0.0,0.0,11667541719.0,2.342,
2021-01-21,,0.0,0.0,10991945496.0,2.405,
2021-01-22,,0.0,0.0,10152444708.0,2.04,
2021-01-23,,0.0,0.0,9968331854.0,1.955,
2021-01-24,,0.0,0.0,9703185269.0,1.726,
2021-01-25,,0.0,0.0,9800225457.0,1.804,
2021-01-26,,0.0,0.0,9996148769.0,2.067,
2021-01-27,,0.0,0.0,9871784710.0,1.908,
2021-01-28,,0.0,0.0,9552132116.0,1.932,
2021-01-29,,0.0,0.0,10091219321.0,1.472,
2021-01-30,,0.0,0.0,10313125884.0,2.733,
2021-01-31,,0.0,0.0,10236667727.0,2.893,
2021-02-01,,0.0,0.0,10044423148.0,2.475,
2021-02-02,,0.0,0.0,9919622240.0,2.595,
2021-02-03,,0.0,0.0,10562471004.0,2.329,
2021-02-04,,0.0,0.0,10886823761.0,1.899,
2021-02-05,,0.0,0.0,11006014298.0,1.792,
2021-02-06,,0.0,0.0,11624579157.0,1.984,
2021-02-07,,0.0,0.0,12483725425.0,2.106,
2021-02-08,,0.0,0.0,12255712395.0,2.255,
2021-02-09,,0.0,0.0,14056278654.0,2.222,
2021-02-10,,0.0,0.0,14124881256.0,2.227,
2021-02-11,,0.0,0.0,14068157984.0,2.571,
2021-02-12,,0.0,0.0,15031089499.0,2.595,
2021-02-13,,0.0,0.0,14894124673.0,2.766,
2021-02-14,,0.0,0.0,14948274197.0,2.775,
2021-02-15,,0.0,0.0,15836635103.0,2.514,
2021-02-16,,0.0,0.0,15310562778.0,2.003,
2021-02-17,,0.0,0.0,15795600630.0,2.364,
2021-02-18,,0.0,0.0,17188375684.0,1.884,
2021-02-19,,0.0,0.0,16940446389.0,2.224,
2021-02-20,,0.0,0.0,17403914977.0,2.224,
2021-02-21,,0.0,0.0,16696622119.0,2.199,
2021-02-22,,0.0,0.0,17385770927.0,2.271,
2021-02-23,,0.0,0.0,15933537232.0,2.483,
2021-02-24,,0.0,0.0,14888551400.0,1.934,
2021-02-25,,0.0,0.0,14825766208.0,2.119,
2021-02-26,,0.0,0.0,14456366945.0,2.431,
2021-02-27,,0.0,0.0,13696600968.0,2.406,
2021-02-28,,0.0,0.0,13847063048.0,2.133,
2021-03-01,,0.0,0.0,13805950611.0,1.906,
2021-03-02,,0.0,0.0,14589916466.0,2.155,
2021-03-03,,0.0,0.0,14347837330.0,2.113,
2021-03-04,,0.0,0.0,14616699510.0,2.285,
2021-03-05,,0.0,0.0,14256725928.0,2.663,
2021-03-06,,0.0,0.0,13934450912.0,2.245,
2021-03-07,,0.0,0.0,13845843187.0,2.122,
2021-03-08,,0.0,0.0,14750851037.0,1.946,
2021-03-09,,0.0,0.0,15221919292.0,1.93,
2021-03-10,,0.0,0.0,16946227562.0,2.019,
2021-03-11,,0.0,0.0,17987367752.0,2.0,
2021-03-12,,0.0,0.0,18285439439.0,1.933,
2021-03-13,,0.0,0.0,18963330019.0,1.904,
2021-03-14,,0.0,0.0,20716365168.0,2.11,
2021-03-15,,0.0,0.0,20930989732.0,2.482,
2021-03-16,,0.0,0.0,19151302819.0,3.161,
2021-03-17,,0.0,0.0,18324241121.0,3.019,
2021-03-18,,0.0,0.0,18431264210.0,2.72,
2021-03-19,,0.0,0.0,19491162111.0,3.114,
2021-03-20,,0.0,0.0,19140891706.0,2.655,
2021-03-21,,0.0,0.0,19688399734.0,2.834,
2021-03-22,,0.0,0.0,19548030827.0,2.964,
2021-03-23,,0.0,0.0,19401085410.0,3.405,
2021-03-24,,0.0,0.0,19079049304.0,2.768,
2021-03-25,,0.0,0.0,18867525703.0,3.102,
2021-03-26,,0.0,0.0,17701890680.0,2.534,
2021-03-27,,0.0,0.0,17142992683.0,2.556,
2021-03-28,,0.0,0.0,17430884412.0,2.1,
2021-03-29,,0.0,0.0,17860200901.0,2.215,
2021-03-30,,0.0,0.0,19268840541.0,2.097,
2021-03-31,,0.0,0.0,20456251365.0,2.241,
2021-04-01,,0.0,0.0,20280890287.0,2.279,
2021-04-02,,0.0,0.0,20432032302.0,2.228,
2021-04-03,,0.0,0.0,21126453018.0,2.711,
2021-04-04,,0.0,0.0,21321461388.0,2.318,
2021-04-05,,0.0,0.0,20835172866.0,2.483,
2021-04-06,,0.0,0.0,21282426452.0,2.475,
2021-04-07,,0.0,0.0,21274338267.0,3.075,
2021-04-08,,0.0,0.0,20889284714.0,3.179,
2021-04-09,,0.0,0.0,20345455844.0,2.527,
2021-04-10,,0.0,0.0,20464639694.0,2.564,
2021-04-11,,0.0,0.0,22085916394.0,2.987,
2021-04-12,,0.0,0.0,21998280360.0,2.97,
2021-04-13,,0.0,0.0,22682686993.0,3.296,
2021-04-14,,0.0,0.0,24618632839.0,2.218,
2021-04-15,,0.0,0.0,24181356991.0,3.156,
2021-04-16,,0.0,0.0,23937700430.0,3.078,
2021-04-17,,0.0,0.0,23277998843.0,3.792,
2021-04-18,,0.0,0.0,23191667968.0,4.552,
2021-04-19,,0.0,0.0,19926066338.0,2.896,
2021-04-20,,0.0,0.0,19023003859.0,2.546,
2021-04-21,,0.0,0.0,18755343437.0,2.671,
2021-04-22,,0.0,0.0,18302152395.0,2.511,
2021-04-23,,0.0,0.0,17727468090.0,2.492,
2021-04-24,,0.0,0.0,17097240249.0,2.101,
2021-04-25,,0.0,0.0,16863314531.0,1.543,
2021-04-26,,0.0,0.0,16849763066.0,1.587,
2021-04-27,,0.0,0.0,16578126858.0,1.591,
2021-04-28,,0.0,0.0,16814209515.0,1.786,
2021-04-29,,0.0,0.0,16511610983.0,2.131,
2021-04-30,,0.0,0.0,16632172935.0,2.376,
2021-05-01,,0.0,0.0,17642490227.0,2.128,
2021-05-02,,0.0,0.0,17756377025.0,2.219,
2021-05-03,,0.0,0.0,17811768850.0,2.789,
2021-05-04,,0.0,0.0,17822946103.0,3.058,
2021-05-05,,0.0,0.0,17424204779.0,2.733,
2021-05-06,,0.0,0.0,17610912166.0,2.381,
2021-05-07,,0.0,0.0,17628350978.0,3.218,
2021-05-08,,0.0,0.0,17540443109.0,2.667,
2021-05-09,,0.0,0.0,18067382144.0,2.338,
2021-05-10,,0.0,0.0,17972111504.0,2.882,
2021-05-11,,0.0,0.0,18120853084.0,3.29,
2021-05-12,,0.0,0.0,18173733691.0,2.429,
2021-05-13,,0.0,0.0,,2.429,
2021-05-14,,0.0,0.0,16822365948.0,2.86,
2021-05-15,,0.0,0.0,16789488112.0,3.252,
2021-05-16,,0.0,0.0,17075336331.0,2.784,
2021-05-17,,0.0,0.0,16838012099.0,3.107,
2021-05-18,,0.0,0.0,15967647431.0,3.031,
2021-05-19,,0.0,0.0,15897945370.0,3.941,
2021-05-20,,0.0,0.0,11492269455.0,1.708,
2021-05-21,,0.0,0.0,11705667565.0,1.593,
2021-05-22,,0.0,0.0,11247490659.0,1.26,
2021-05-23,,0.0,0.0,11004050024.0,1.373,
2021-05-24,,0.0,0.0,10302780098.0,1.641,
2021-05-25,,0.0,0.0,10682828988.0,1.753,
2021-05-26,,0.0,0.0,10702410084.0,1.612,
2021-05-27,,0.0,0.0,10923522416.0,2.262,
2021-05-28,,0.0,0.0,10767381736.0,1.585,
2021-05-29,,0.0,0.0,10522234804.0,1.692,
2021-05-30,,0.0,0.0,10334364557.0,1.865,
2021-05-31,,0.0,0.0,10402409658.0,1.448,
2021-06-01,,0.0,0.0,10651024112.0,1.41,
2021-06-02,,0.0,0.0,10440392749.0,2.014,
2021-06-03,,0.0,0.0,11023241056.0,1.242,
2021-06-04,,0.0,0.0,10996545144.0,1.666,
2021-06-05,,0.0,0.0,10725323409.0,1.584,
2021-06-06,,0.0,0.0,10606537929.0,1.615,
2021-06-07,,0.0,0.0,10775242984.0,1.775,
2021-06-08,,0.0,0.0,10908757216.0,1.585,
2021-06-09,,0.0,0.0,10474413998.0,1.427,
2021-06-10,,0.0,0.0,11301123877.0,0.925,
2021-06-11,,0.0,0.0,10956807128.0,1.031,
2021-06-12,,0.0,0.0,11193976024.0,0.853,
2021-06-13,,0.0,0.0,10691957127.0,1.105,
2021-06-14,,0.0,0.0,11153587107.0,0.987,
2021-06-15,,0.0,0.0,12328211988.0,1.092,
2021-06-16,,0.0,0.0,12101843659.0,1.256,
2021-06-17,,0.0,0.0,11907680054.0,1.61,
2021-06-18,,0.0,0.0,12102266123.0,2.25,
2021-06-19,,0.0,0.0,11659675581.0,1.997,
2021-06-20,,0.0,0.0,11593874876.0,1.807,
2021-06-21,,0.0,0.0,11386782767.0,2.0,
2021-06-22,,0.0,0.0,10577870842.0,1.982,
2021-06-23,,0.0,0.0,10521302626.0,1.313,
2021-06-24,,0.0,0.0,10525112498.0,1.609,
2021-06-25,,0.0,0.0,10603409845.0,1.224,
2021-06-26,,0.0,0.0,9719242640.0,1.743,
2021-06-27,,0.0,0.0,9912961603.0,1.599,
2021-06-28,,0.0,0.0,10372534819.0,1.211,
2021-06-29,,0.0,0.0,10216209990.0,1.179,
2021-06-30,,0.0,0.0,10858805885.0,1.077,
2021-07-01,,0.0,0.0,10280548965.0,1.518,
2021-07-02,,0.0,0.0,10160322332.0,1.263,
2021-07-03,,0.0,0.0,10363918067.0,1.353,
2021-07-04,,0.0,0.0,10513780700.0,1.306,
2021-07-05,,0.0,0.0,10669441445.0,1.458,
2021-07-06,,0.0,0.0,10328510552.0,1.375,
2021-07-07,,0.0,0.0,10365113680.0,1.375,
2021-07-08,,0.0,0.0,10349224143.0,1.375,
2021-07-09,,0.0,0.0,10447531820.0,1.799,
2021-07-10,,0.0,0.0,10421474688.0,1.276,
2021-07-11,,0.0,0.0,10367175648.0,1.146,
2021-07-12,,0.0,0.0,10579321621.0,0.956,
2021-07-13,,0.0,0.0,10469478446.0,2.114,
2021-07-14,,0.0,0.0,10472885909.0,2.121,
2021-07-15,,0.0,0.0,10414618860.0,2.045,
2021-07-16,,0.0,0.0,10743985278.0,2.698,
2021-07-17,,0.0,0.0,10518302220.0,1.733,
2021-07-18,,0.0,0.0,10675221009.0,1.771,
2021-07-19,,0.0,0.0,10708973698.0,2.076,
2021-07-20,,0.0,0.0,11151840784.0,2.018,
2021-07-21,,0.0,0.0,10885767637.0,1.429,
2021-07-22,,0.0,0.0,10967935390.0,1.432,
2021-07-23,,0.0,0.0,10939035290.0,1.241,
2021-07-24,,0.0,0.0,11442802733.0,1.192,
2021-07-25,,0.0,0.0,11755529213.0,1.085,
2021-07-26,,0.0,0.0,12276491240.0,0.943,
2021-07-27,,0.0,0.0,11126134023.0,1.32,
2021-07-28,,0.0,0.0,11633481903.0,1.36,
2021-07-29,,0.0,0.0,11746374102.0,0.918,
2021-07-30,,0.0,0.0,11733963733.0,0.952,
2021-07-31,,0.0,0.0,12034966341.0,1.004,
2021-08-01,,0.0,0.0,11860878064.0,1.002,
2021-08-02,,0.0,0.0,11434158123.0,1.188,
2021-08-03,,0.0,0.0,11476459241.0,1.518,
2021-08-04,,0.0,0.0,11451842268.0,1.675,
2021-08-05,,0.0,0.0,11540308343.0,1.545,
2021-08-06,,0.0,0.0,11522054467.0,1.041,
2021-08-07,,0.0,0.0,12244895222.0,0.918,
2021-08-08,,0.0,0.0,12621481149.0,0.926,
2021-08-09,,0.0,0.0,12333568181.0,0.926,
2021-08-10,,0.0,0.0,13117339481.0,0.863,
2021-08-11,,0.0,0.0,13148965574.0,1.238,
2021-08-12,,0.0,0.0,13235122622.0,1.128,
2021-08-13,,0.0,0.0,13386544390.0,1.341,
2021-08-14,,0.0,0.0,14057353629.0,1.034,
2021-08-15,,0.0,0.0,13856956916.0,1.444,
2021-08-16,,0.0,0.0,13663236119.0,1.506,
2021-08-17,,0.0,0.0,13927360400.0,1.895,
2021-08-18,,0.0,0.0,13720840944.0,2.029,
2021-08-19,,0.0,0.0,13392245399.0,1.946,
2021-08-20,,0.0,0.0,13793236296.0,1.362,
2021-08-21,,0.0,0.0,14703999019.0,1.029,
2021-08-22,,0.0,0.0,14570342066.0,0.99,
2021-08-23,,0.0,0.0,14614535746.0,1.096,
2021-08-24,,0.0,0.0,15146679215.0,1.332,
2021-08-25,,0.0,0.0,15258547946.0,1.706,
2021-08-26,,0.0,0.0,15248011362.0,1.69,
2021-08-27,,0.0,0.0,14884081564.0,1.894,
2021-08-28,,0.0,0.0,14844588630.0,1.414,
2021-08-29,,0.0,0.0,14954377004.0,1.345,
2021-08-30,,0.0,0.0,14797681007.0,1.309,
2021-08-31,,0.0,0.0,14834658068.0,1.875,
2021-09-01,,0.0,0.0,14975068916.0,2.126,
2021-09-02,,0.0,0.0,,1.607,
2021-09-03,,0.0,0.0,15599073900.0,1.289,
2021-09-04,,0.0,0.0,15620322142.0,1.277,
2021-09-05,,0.0,0.0,15277356546.0,1.436,
2021-09-06,,0.0,0.0,16536148559.0,0.943,
2021-09-07,,0.0,0.0,16932466440.0,1.046,
2021-09-08,,0.0,0.0,12983571441.0,1.971,
2021-09-09,,0.0,0.0,12744931044.0,1.849,
2021-09-10,,0.0,0.0,12670703823.0,1.935,
2021-09-11,,0.0,0.0,12726640431.0,2.182,
2021-09-12,,0.0,0.0,12624455602.0,1.937,
2021-09-13,,0.0,0.0,12674238253.0,1.91,
2021-09-14,,0.0,0.0,12573232407.0,2.202,
2021-09-15,,0.0,0.0,12774611465.0,1.238,
2021-09-16,,0.0,0.0,13515057486.0,1.192,
2021-09-17,,0.0,0.0,13175451737.0,1.364,
2021-09-18,,0.0,0.0,13373100797.0,1.657,
2021-09-19,,0.0,0.0,13697630133.0,1.431,
2021-09-20,,0.0,0.0,13603271590.0,1.851,
2021-09-21,,0.0,0.0,12752682707.0,2.122,
2021-09-22,,0.0,0.0,11899876347.0,1.792,
2021-09-23,,0.0,0.0,12377477362.0,1.518,
2021-09-24,,0.0,0.0,12396456464.0,1.17,
2021-09-25,,0.0,0.0,11731952337.0,1.481,
2021-09-26,,0.0,0.0,11844640439.0,1.307,
2021-09-27,,0.0,0.0,11934647873.0,1.248,
2021-09-28,,0.0,0.0,11675887145.0,1.441,
2021-09-29,,0.0,0.0,11796379370.0,1.832,
2021-09-30,,0.0,0.0,11833740757.0,2.067,
2021-10-01,,0.0,0.0,12117010191.0,1.025,
2021-10-02,,0.0,0.0,13299621946.0,0.784,
2021-10-03,,0.0,0.0,13488673968.0,0.909,
2021-10-04,,0.0,0.0,13654840617.0,0.986,
2021-10-05,,0.0,0.0,13960125862.0,0.802,
2021-10-06,,0.0,0.0,14950416294.0,0.73,
2021-10-07,,0.0,0.0,15555438365.0,0.944,
2021-10-08,,0.0,0.0,15850734074.0,1.123,
2021-10-09,,0.0,0.0,15875398948.0,1.358,
2021-10-10,,0.0,0.0,16253270489.0,1.194,
2021-10-11,,0.0,0.0,16576555186.0,1.217,
2021-10-12,,0.0,0.0,17578388296.0,0.962,
2021-10-13,,0.0,0.0,17149005183.0,1.228,
2021-10-14,,0.0,0.0,17515748431.0,0.979,
2021-10-15,,0.0,0.0,17712974457.0,1.118,
2021-10-16,,0.0,0.0,19246373544.0,1.032,
2021-10-17,,0.0,0.0,19538201014.0,1.305,
2021-10-18,,0.0,0.0,19837100984.0,1.428,
2021-10-19,,0.0,0.0,19898927398.0,1.388,
2021-10-20,,0.0,0.0,21166581601.0,0.99,
2021-10-21,,0.0,0.0,22595280743.0,1.131,
2021-10-22,,0.0,0.0,22532951094.0,1.96,
2021-10-23,,0.0,0.0,22319325925.0,2.294,
2021-10-24,,0.0,0.0,22286213257.0,2.179,
2021-10-25,,0.0,0.0,22345117779.0,2.408,
2021-10-26,,0.0,0.0,23255656242.0,1.971,
2021-10-27,,0.0,0.0,23103715285.0,2.846,
2021-10-28,,0.0,0.0,21335052031.0,2.779,
2021-10-29,,0.0,0.0,20685490394.0,2.656,
2021-10-30,,0.0,0.0,21158468243.0,2.369,
2021-10-31,,0.0,0.0,21005385420.0,2.769,
2021-11-01,,0.0,0.0,21601718839.0,3.348,
2021-11-02,,0.0,0.0,,3.268,
2021-11-03,,0.0,0.0,22459669486.0,2.238,
2021-11-04,,0.0,0.0,21836636431.0,2.908,
2021-11-05,,0.0,0.0,21683247050.0,3.579,
2021-11-06,,0.0,0.0,21685524673.0,3.764,
2021-11-07,,0.0,0.0,21744825186.0,3.243,
2021-11-08,,0.0,0.0,,2.565,
2021-11-09,,0.0,0.0,24369187245.0,1.849,
2021-11-10,,0.0,0.0,24292358367.0,2.024,
2021-11-11,,0.0,0.0,24083431167.0,2.431,
2021-11-12,,0.0,0.0,22480715604.0,2.781,
2021-11-13,,0.0,0.0,22296937618.0,3.399,
2021-11-14,,0.0,0.0,22322249960.0,3.338,
2021-11-15,,0.0,0.0,22814670254.0,3.35,
2021-11-16,,0.0,0.0,23222913687.0,3.943,
2021-11-17,,0.0,0.0,21614375231.0,4.056,
2021-11-18,,0.0,0.0,21619072989.0,4.211,
2021-11-19,,0.0,0.0,21105560959.0,4.225,
2021-11-20,,0.0,0.0,21088219403.0,3.878,
2021-11-21,,0.0,0.0,21294878069.0,3.521,
2021-11-22,,0.0,0.0,20985211594.0,3.57,
2021-11-23,,0.0,0.0,20953032541.0,4.516,
2021-11-24,,0.0,0.0,,3.936,
2021-11-25,,0.0,0.0,21340644164.0,4.118,
2021-11-26,,0.0,0.0,22382574911.0,3.34,
2021-11-27,,0.0,0.0,21942871712.0,5.693,
2021-11-28,,0.0,0.0,21674249887.0,5.09,
2021-11-29,,0.0,0.0,21506243227.0,4.328,
2021-11-30,,0.0,0.0,22010591912.0,3.102,
2021-12-01,,0.0,0.0,22080732526.0,4.023,
2021-12-02,,0.0,0.0,22331501983.0,4.313,
2021-12-03,,0.0,0.0,21714726893.0,4.634,
2021-12-04,,0.0,0.0,22117721433.0,5.784,
2021-12-05,,0.0,0.0,15871131131.0,2.81,
2021-12-06,,0.0,0.0,15279773380.0,2.025,
2021-12-07,,0.0,0.0,15276500732.0,1.807,
2021-12-08,,0.0,0.0,16027099184.0,1.632,
2021-12-09,,0.0,0.0,15616670416.0,1.91,
2021-12-10,,0.0,0.0,15469402732.0,2.362,
2021-12-11,,0.0,0.0,15294367574.0,2.283,
2021-12-12,,0.0,0.0,15428719664.0,1.738,
2021-12-13,,0.0,0.0,16040812004.0,1.422,
2021-12-14,,0.0,0.0,15566760992.0,2.461,
2021-12-15,,0.0,0.0,15416280388.0,1.998,
2021-12-16,,0.0,0.0,15491856358.0,1.862,
2021-12-17,,0.0,0.0,16023546456.0,2.228,
2021-12-18,,0.0,0.0,15976600110.0,3.232,
2021-12-19,,0.0,0.0,16033217718.0,2.868,
2021-12-20,,0.0,0.0,16085700600.0,2.821,
2021-12-21,,0.0,0.0,16787805910.0,2.489,
2021-12-22,,0.0,0.0,18087274295.0,1.327,
2021-12-23,,0.0,0.0,17894194192.0,1.662,
2021-12-24,,0.0,0.0,18541574893.0,1.662,
2021-12-25,,0.0,0.0,18509550202.0,1.7,
2021-12-26,,0.0,0.0,18500290062.0,2.012,
2021-12-27,,0.0,0.0,18489937390.0,2.171,
2021-12-28,,0.0,0.0,18722850609.0,1.944,
2021-12-29,,0.0,0.0,17862772610.0,3.098,
2021-12-30,,0.0,0.0,17253683916.0,3.207,
2021-12-31,,0.0,0.0,17011613033.0,2.879,
2022-01-01,,0.0,0.0,16806531625.0,3.719,
2022-01-02,,0.0,0.0,16906596553.0,2.843,
2022-01-03,,0.0,0.0,16878819830.0,2.891,
2022-01-04,,0.0,0.0,17358304178.0,4.368,
2022-01-05,,0.0,0.0,17238205603.0,4.168,
2022-01-06,,0.0,0.0,16121748716.0,3.782,
2022-01-07,,0.0,0.0,16284069298.0,3.735,
2022-01-08,,0.0,0.0,15528022703.0,3.167,
2022-01-09,,0.0,0.0,15490682893.0,2.979,
2022-01-10,,0.0,0.0,15603219622.0,2.833,
2022-01-11,,0.0,0.0,15594806639.0,2.642,
2022-01-12,,0.0,0.0,15878489874.0,1.967,
2022-01-13,,0.0,0.0,16112621708.0,2.36,
2022-01-14,,0.0,0.0,15962635589.0,2.786,
2022-01-15,,0.0,0.0,15915124935.0,2.228,
2022-01-16,,0.0,0.0,,2.228,
2022-01-17,,0.0,0.0,15865512303.0,2.386,
2022-01-18,,0.0,0.0,15960189355.0,3.179,
2022-01-19,,0.0,0.0,15970713133.0,2.682,
2022-01-20,,0.0,0.0,16161812759.0,2.731,
2022-01-21,,0.0,0.0,15909562840.0,3.193,
2022-01-22,,0.0,0.0,14026484412.0,2.547,
2022-01-23,,0.0,0.0,13677700199.0,1.89,
2022-01-24,,0.0,0.0,14249371179.0,1.822,
2022-01-25,,0.0,0.0,14132335692.0,1.293,
2022-01-26,,0.0,0.0,14283288641.0,1.19,
2022-01-27,,0.0,0.0,14001409891.0,1.255,
2022-01-28,,0.0,0.0,13919168424.0,1.266,
2022-01-29,,0.0,0.0,14461463717.0,0.955,
2022-01-30,,0.0,0.0,14813571469.0,0.949,
2022-01-31,,0.0,0.0,14638572255.0,0.947,
2022-02-01,,0.0,0.0,15341465504.0,0.729,
2022-02-02,,0.0,0.0,14982456901.0,0.832,
2022-02-03,,0.0,0.0,14252654625.0,1.247,
2022-02-04,,0.0,0.0,14713872683.0,1.249,
2022-02-05,,0.0,0.0,15649860679.0,0.76,
2022-02-06,,0.0,0.0,15651737684.0,0.732,
2022-02-07,,0.0,0.0,16133470057.0,0.819,
2022-02-08,,0.0,0.0,16577863633.0,0.894,
2022-02-09,,0.0,0.0,16171838798.0,1.107,
2022-02-10,,0.0,0.0,16248848925.0,1.105,
2022-02-11,,0.0,0.0,16044398650.0,1.291,
2022-02-12,,0.0,0.0,15547682350.0,1.523,
2022-02-13,,0.0,0.0,15720900302.0,1.672,
2022-02-14,,0.0,0.0,15742321467.0,1.715,
2022-02-15,,0.0,0.0,16076082920.0,1.341,
2022-02-16,,0.0,0.0,16891745974.0,1.189,
2022-02-17,,0.0,0.0,16718016186.0,1.361,
2022-02-18,,0.0,0.0,16119283930.0,1.986,
2022-02-19,,0.0,0.0,15743783113.0,1.889,
2022-02-20,,0.0,0.0,15948605165.0,2.084,
2022-02-21,,0.0,0.0,15358558058.0,2.02,
2022-02-22,,0.0,0.0,14852010137.0,1.924,
2022-02-23,,0.0,0.0,15375177885.0,1.924,
2022-02-24,,0.0,0.0,15091562949.0,1.645,
2022-02-25,,0.0,0.0,14960731572.0,1.231,
2022-02-26,,0.0,0.0,15670329368.0,1.095,
2022-02-27,,0.0,0.0,15577558660.0,1.137,
2022-02-28,,0.0,0.0,15086260664.0,1.427,
2022-03-01,,0.0,0.0,16225993056.0,1.042,
2022-03-02,,0.0,0.0,16897929031.0,0.943,
2022-03-03,,0.0,0.0,16896536350.0,0.989,
2022-03-04,,0.0,0.0,16774699078.0,1.418,
2022-03-05,,0.0,0.0,15636772306.0,1.818,
2022-03-06,,0.0,0.0,15926661535.0,2.197,
2022-03-07,,0.0,0.0,15546718851.0,2.11,
2022-03-08,,0.0,0.0,15187825015.0,2.186,
2022-03-09,,0.0,0.0,15279650293.0,1.832,
2022-03-10,,0.0,0.0,16559295462.0,1.242,
2022-03-11,,0.0,0.0,15920655485.0,1.242,
2022-03-12,,0.0,0.0,15892631156.0,1.242,
2022-03-13,,0.0,0.0,16186747290.0,1.242,
2022-03-14,,0.0,0.0,16352808478.0,1.242,
2022-03-15,,0.0,0.0,16484463798.0,1.849,
2022-03-16,,0.0,0.0,16327957864.0,1.289,
2022-03-17,,0.0,0.0,16779730672.0,1.21,
2022-03-18,,0.0,0.0,16566337090.0,1.369,
2022-03-19,,0.0,0.0,17400904035.0,1.369,
2022-03-20,,0.0,0.0,17927061849.0,1.054,
2022-03-21,,0.0,0.0,17478620301.0,1.3,
2022-03-22,,0.0,0.0,17438089191.0,1.65,
2022-03-23,,0.0,0.0,17905046348.0,1.29,
2022-03-24,,0.0,0.0,18485422867.0,1.371,
2022-03-25,,0.0,0.0,19676495042.0,0.757,
2022-03-26,,0.0,0.0,19683896528.0,0.747,
2022-03-27,,0.0,0.0,19915451801.0,0.823,
2022-03-28,,0.0,0.0,20619333975.0,0.853,
2022-03-29,,0.0,0.0,20331892517.0,0.879,
2022-03-30,,0.0,0.0,21467809336.0,1.021,
2022-03-31,,0.0,0.0,20439263744.0,1.197,
2022-04-01,,0.0,0.0,19680013666.0,1.543,
2022-04-02,,0.0,0.0,19917805429.0,1.805,
2022-04-03,,0.0,0.0,19789202811.0,1.805,
2022-04-04,,0.0,0.0,20357066434.0,1.861,
2022-04-05,,0.0,0.0,20451999732.0,1.672,
2022-04-06,,0.0,0.0,20519208751.0,1.672,
2022-04-07,,0.0,0.0,20241201141.0,1.672,
2022-04-08,,0.0,0.0,21932304927.0,1.672,
2022-04-09,,0.0,0.0,20733040917.0,1.672,
2022-04-10,,0.0,0.0,20846748934.0,2.618,
2022-04-11,,0.0,0.0,20579427739.0,2.618,
2022-04-12,,0.0,0.0,19030745584.0,2.577,
2022-04-13,,0.0,0.0,19170565871.0,3.031,
2022-04-14,,0.0,0.0,19356702015.0,2.269,
2022-04-15,,0.0,0.0,18669158296.0,2.893,
2022-04-16,,0.0,0.0,18378100295.0,2.588,
2022-04-17,,0.0,0.0,18472870328.0,2.56,
2022-04-18,,0.0,0.0,18574647198.0,2.879,
2022-04-19,,0.0,0.0,18241587829.0,2.3,
2022-04-20,,0.0,0.0,18622030846.0,2.053,
2022-04-21,,0.0,0.0,18498739233.0,1.952,
2022-04-22,,0.0,0.0,18152848184.0,2.509,
2022-04-23,,0.0,0.0,18481501050.0,3.318,
2022-04-24,,0.0,0.0,18470577115.0,3.122,
2022-04-25,,0.0,0.0,18310040544.0,3.117,
2022-04-26,,0.0,0.0,18482319565.0,2.642,
2022-04-27,,0.0,0.0,18195123540.0,3.386,
2022-04-28,,0.0,0.0,18116590479.0,3.386,
2022-04-29,,0.0,0.0,18088858292.0,3.386,
2022-04-30,,0.0,0.0,17935247393.0,2.706,
2022-05-01,,0.0,0.0,17568219052.0,3.175,
2022-05-02,,0.0,0.0,17576049529.0,3.005,
2022-05-03,,0.0,0.0,17660936094.0,2.453,
2022-05-04,,0.0,0.0,18310807632.0,3.554,
2022-05-05,,0.0,0.0,18595165014.0,1.753,
2022-05-06,,0.0,0.0,18044214963.0,3.843,
2022-05-07,,0.0,0.0,17476873806.0,3.327,
2022-05-08,,0.0,0.0,17349915814.0,3.396,
2022-05-09,,0.0,0.0,16911609018.0,2.925,
2022-05-10,,0.0,0.0,15489763279.0,2.925,
2022-05-11,,0.0,0.0,15211012289.0,2.925,
2022-05-12,,0.0,0.0,14771476085.0,2.413,
2022-05-13,,0.0,0.0,14155198591.0,1.567,
2022-05-14,,0.0,0.0,14263633855.0,1.424,
2022-05-15,,0.0,0.0,14134034563.0,1.743,
2022-05-16,,0.0,0.0,14384645126.0,1.45,
2022-05-17,,0.0,0.0,13959948850.0,1.493,
2022-05-18,,0.0,0.0,14246067696.0,1.492,
2022-05-19,,0.0,0.0,14114266432.0,1.931,
2022-05-20,,0.0,0.0,15771767310.0,1.117,
2022-05-21,,0.0,0.0,15264261175.0,2.357,
2022-05-22,,0.0,0.0,14493292937.0,1.858,
2022-05-23,,0.0,0.0,15149239238.0,1.2,
2022-05-24,,0.0,0.0,14815033945.0,2.191,
2022-05-25,,0.0,0.0,14925078681.0,2.36,
2022-05-26,,0.0,0.0,14973780921.0,1.772,
2022-05-27,,0.0,0.0,14888833953.0,1.518,
2022-05-28,,0.0,0.0,14612502782.0,2.18,
2022-05-29,,0.0,0.0,14699038456.0,1.725,
2022-05-30,,0.0,0.0,15596390999.0,1.431,
2022-05-31,,0.0,0.0,16131693442.0,1.263,
2022-06-01,,0.0,0.0,16358212061.0,1.222,
2022-06-02,,0.0,0.0,15395193713.0,1.963,
2022-06-03,,0.0,0.0,15487939251.0,1.55,
2022-06-04,,0.0,0.0,15309801632.0,2.24,
2022-06-05,,0.0,0.0,15015688198.0,2.011,
2022-06-06,,0.0,0.0,14746924960.0,1.766,
2022-06-07,,0.0,0.0,15868995845.0,0.837,
2022-06-08,,0.0,0.0,15057103302.0,1.007,
2022-06-09,,0.0,0.0,14307178597.0,1.62,
2022-06-10,,0.0,0.0,14619612656.0,2.053,
2022-06-11,,0.0,0.0,14801870017.0,2.719,
2022-06-12,,0.0,0.0,14753233023.0,2.642,
2022-06-13,,0.0,0.0,14117300044.0,2.366,
2022-06-14,,0.0,0.0,11662131682.0,1.713,
2022-06-15,,0.0,0.0,11476469065.0,1.664,
2022-06-16,,0.0,0.0,11498698327.0,1.675,
2022-06-17,,0.0,0.0,10871423472.0,2.403,
2022-06-18,,0.0,0.0,10917622871.0,2.744,
2022-06-19,,0.0,0.0,10369112429.0,1.554,
2022-06-20,,0.0,0.0,10746252091.0,1.23,
2022-06-21,,0.0,0.0,10908327879.0,1.046,
2022-06-22,,0.0,0.0,10994614168.0,1.073,
2022-06-23,,0.0,0.0,10852773596.0,1.256,
2022-06-24,,0.0,0.0,11094267698.0,0.985,
2022-06-25,,0.0,0.0,10643609469.0,0.958,
2022-06-26,,0.0,0.0,11042138010.0,0.886,
2022-06-27,,0.0,0.0,10759335817.0,1.1,
2022-06-28,,0.0,0.0,10799210420.0,1.231,
2022-06-29,,0.0,0.0,10863466714.0,1.585,
2022-06-30,,0.0,0.0,10668471428.0,1.662,
2022-07-01,,0.0,0.0,10670831211.0,1.691,
2022-07-02,,0.0,0.0,10274291894.0,1.61,
2022-07-03,,0.0,0.0,10360159142.0,1.66,
2022-07-04,,0.0,0.0,10422914831.0,1.642,
2022-07-05,,0.0,0.0,11255536930.0,1.134,
2022-07-06,,0.0,0.0,11160146487.0,0.927,
2022-07-07,,0.0,0.0,11436476358.0,0.916,
2022-07-08,,0.0,0.0,12614107785.0,0.648,
2022-07-09,,0.0,0.0,12064371239.0,0.807,
2022-07-10,,0.0,0.0,12101436347.0,0.972,
2022-07-11,,0.0,0.0,11755243220.0,1.268,
2022-07-12,,0.0,0.0,11372791295.0,1.444,
2022-07-13,,0.0,0.0,11260428107.0,1.613,
2022-07-14,,0.0,0.0,11643342051.0,1.329,
2022-07-15,,0.0,0.0,12004058714.0,1.005,
2022-07-16,,0.0,0.0,12063908359.0,0.856,
2022-07-17,,0.0,0.0,12249226713.0,0.824,
2022-07-18,,0.0,0.0,12262278877.0,0.857,
2022-07-19,,0.0,0.0,12735256563.0,0.935,
2022-07-20,,0.0,0.0,13561587956.0,0.646,
2022-07-21,,0.0,0.0,13361179570.0,0.821,
2022-07-22,,0.0,0.0,13190625793.0,0.959,
2022-07-23,,0.0,0.0,12962366153.0,1.119,
2022-07-24,,0.0,0.0,12919610430.0,1.233,
2022-07-25,,0.0,0.0,13049362782.0,1.048,
2022-07-26,,0.0,0.0,12296532638.0,1.53,
2022-07-27,,0.0,0.0,12393958476.0,1.496,
2022-07-28,,0.0,0.0,13663057751.0,0.871,
2022-07-29,,0.0,0.0,13549350575.0,0.742,
2022-07-30,,0.0,0.0,13633885786.0,0.71,
2022-07-31,,0.0,0.0,13652649700.0,0.774,
2022-08-01,,0.0,0.0,13282345241.0,0.91,
2022-08-02,,0.0,0.0,13101061580.0,1.0,
2022-08-03,,0.0,0.0,12844504296.0,1.167,
2022-08-04,,0.0,0.0,13018878044.0,1.332,
2022-08-05,,0.0,0.0,12844636011.0,1.714,
2022-08-06,,0.0,0.0,12773797471.0,1.29,
2022-08-07,,0.0,0.0,12881642082.0,1.377,
2022-08-08,,0.0,0.0,13064943483.0,1.349,
2022-08-09,,0.0,0.0,13841745336.0,1.019,
2022-08-10,,0.0,0.0,13631465323.0,2.078,
2022-08-11,,0.0,0.0,13396725619.0,1.188,
2022-08-12,,0.0,0.0,13641427568.0,1.119,
2022-08-13,,0.0,0.0,13855681303.0,1.225,
2022-08-14,,0.0,0.0,14073796607.0,0.931,
2022-08-15,,0.0,0.0,13842820382.0,1.225,
2022-08-16,,0.0,0.0,13565687629.0,1.579,
2022-08-17,,0.0,0.0,13603944745.0,1.837,
2022-08-18,,0.0,0.0,13928598317.0,2.279,
2022-08-19,,0.0,0.0,13960434689.0,1.993,
2022-08-20,,0.0,0.0,12668814747.0,2.011,
2022-08-21,,0.0,0.0,12772184976.0,2.17,
2022-08-22,,0.0,0.0,12706053475.0,2.039,
2022-08-23,,0.0,0.0,12958721872.0,2.151,
2022-08-24,,0.0,0.0,13096879493.0,2.151,
2022-08-25,,0.0,0.0,12921629830.0,2.151,
2022-08-26,,0.0,0.0,12957278495.0,1.648,
2022-08-27,,0.0,0.0,12833603703.0,1.945,
2022-08-28,,0.0,0.0,13086898042.0,2.008,
2022-08-29,,0.0,0.0,12857983151.0,2.128,
2022-08-30,,0.0,0.0,13142116440.0,1.838,
2022-08-31,,0.0,0.0,12921613696.0,2.403,
2022-09-01,,0.0,0.0,12394561871.0,1.874,
2022-09-02,,0.0,0.0,12766162596.0,2.155,
2022-09-03,,0.0,0.0,12519786495.0,2.384,
2022-09-04,,0.0,0.0,12957695491.0,2.908,
2022-09-05,,0.0,0.0,13096086544.0,2.467,
2022-09-06,,0.0,0.0,13104296826.0,2.909,
2022-09-07,,0.0,0.0,12934544353.0,3.034,
2022-09-08,,0.0,0.0,12746820810.0,1.91,
2022-09-09,,0.0,0.0,12647794955.0,1.723,
2022-09-10,,0.0,0.0,14126769682.0,0.811,
2022-09-11,,0.0,0.0,14274150030.0,0.725,
2022-09-12,,0.0,0.0,14559333552.0,0.67,
2022-09-13,,0.0,0.0,14673932425.0,0.659,
2022-09-14,,0.0,0.0,12609825444.0,1.66,
2022-09-15,,0.0,0.0,12502026995.0,2.139,
2022-09-16,,0.0,0.0,12347010726.0,2.738,
2022-09-17,,0.0,0.0,12631206774.0,2.344,
2022-09-18,,0.0,0.0,12944213715.0,2.193,
2022-09-19,,0.0,0.0,12781527096.0,2.855,
2022-09-20,,0.0,0.0,12350249583.0,1.981,
2022-09-21,,0.0,0.0,12308354716.0,2.343,
2022-09-22,,0.0,0.0,12019918704.0,2.855,
2022-09-23,,0.0,0.0,12498830359.0,1.725,
2022-09-24,,0.0,0.0,12390310627.0,2.09,
2022-09-25,,0.0,0.0,12414381847.0,2.09,
2022-09-26,,0.0,0.0,12471020388.0,2.455,
2022-09-27,,0.0,0.0,12750124165.0,1.648,
2022-09-28,,0.0,0.0,12602511557.0,2.504,
2022-09-29,,0.0,0.0,12907697888.0,1.246,
2022-09-30,,0.0,0.0,12882168502.0,1.392,
2022-10-01,,0.0,0.0,12225752479.0,1.697,
2022-10-02,,0.0,0.0,12336851500.0,2.009,
2022-10-03,,0.0,0.0,12304668704.0,2.606,
2022-10-04,,0.0,0.0,12969956670.0,1.323,
2022-10-05,,0.0,0.0,14620150079.0,0.724,
2022-10-06,,0.0,0.0,14076147278.0,0.92,
2022-10-07,,0.0,0.0,14040470378.0,1.198,
2022-10-08,,0.0,0.0,13633911401.0,2.216,
2022-10-09,,0.0,0.0,13718364962.0,2.23,
2022-10-10,,0.0,0.0,13903831350.0,2.414,
2022-10-11,,0.0,0.0,13991566215.0,3.0,
2022-10-12,,0.0,0.0,14166875747.0,3.073,
2022-10-13,,0.0,0.0,13818887320.0,2.445,
2022-10-14,,0.0,0.0,14103672735.0,1.827,
2022-10-15,,0.0,0.0,13515469675.0,2.012,
2022-10-16,,0.0,0.0,13586177780.0,2.229,
2022-10-17,,0.0,0.0,13448185144.0,2.294,
2022-10-18,,0.0,0.0,14098803818.0,1.423,
2022-10-19,,0.0,0.0,13823459857.0,1.9,
2022-10-20,,0.0,0.0,14040739410.0,2.489,
2022-10-21,,0.0,0.0,14181537970.0,2.893,
2022-10-22,,0.0,0.0,14012265734.0,2.244,
2022-10-23,,0.0,0.0,13951887440.0,1.831,
2022-10-24,,0.0,0.0,14285369486.0,1.32,
2022-10-25,,0.0,0.0,13712449255.0,1.838,
2022-10-26,,0.0,0.0,14847408965.0,0.803,
2022-10-27,,0.0,0.0,15171588672.0,0.75,
2022-10-28,,0.0,0.0,14210805476.0,0.95,
2022-10-29,,0.0,0.0,13980121554.0,0.946,
2022-10-30,,0.0,0.0,14063232091.0,0.741,
2022-10-31,,0.0,0.0,13574700219.0,0.83,
2022-11-01,,0.0,0.0,13215244443.0,1.157,
2022-11-02,,0.0,0.0,13144266472.0,1.16,
2022-11-03,,0.0,0.0,12852151431.0,1.573,
2022-11-04,,0.0,0.0,12792256104.0,1.62,
2022-11-05,,0.0,0.0,13890050927.0,0.811,
2022-11-06,,0.0,0.0,14440602209.0,0.745,
2022-11-07,,0.0,0.0,13660693082.0,0.903,
2022-11-08,,0.0,0.0,13063674763.0,1.69,
2022-11-09,,0.0,0.0,,1.69,
2022-11-10,,0.0,0.0,10713930351.0,2.505,
2022-11-11,,0.0,0.0,10823700111.0,2.013,
2022-11-12,,0.0,0.0,10566726396.0,2.218,
2022-11-13,,0.0,0.0,10613440357.0,1.955,
2022-11-14,,0.0,0.0,10155041508.0,2.44,
2022-11-15,,0.0,0.0,9993186984.0,2.4,
2022-11-16,,0.0,0.0,10219730479.0,1.532,
2022-11-17,,0.0,0.0,10205986853.0,2.285,
2022-11-18,,0.0,0.0,10502964298.0,1.697,
2022-11-19,,0.0,0.0,10485869881.0,2.008,
2022-11-20,,0.0,0.0,10487194110.0,1.915,
2022-11-21,,0.0,0.0,10427784640.0,2.267,
2022-11-22,,0.0,0.0,10320297777.0,2.642,
2022-11-23,,0.0,0.0,10558373953.0,1.992,
2022-11-24,,0.0,0.0,10521546463.0,1.541,
2022-11-25,,0.0,0.0,10487885029.0,1.393,
2022-11-26,,0.0,0.0,10496509456.0,1.441,
2022-11-27,,0.0,0.0,10553763753.0,1.488,
2022-11-28,,0.0,0.0,10640021729.0,1.563,
2022-11-29,,0.0,0.0,10546644644.0,1.914,
2022-11-30,,0.0,0.0,10633787915.0,1.542,
2022-12-01,,0.0,0.0,10913582701.0,1.25,
2022-12-02,,0.0,0.0,10849198356.0,1.21,
2022-12-03,,0.0,0.0,10784192488.0,1.239,
2022-12-04,,0.0,0.0,10583517359.0,1.31,
2022-12-05,,0.0,0.0,10896774820.0,1.196,
2022-12-06,,0.0,0.0,10831473403.0,1.496,
2022-12-07,,0.0,0.0,10578445639.0,1.423,
2022-12-08,,0.0,0.0,10420995540.0,1.606,
2022-12-09,,0.0,0.0,10625061410.0,1.014,
2022-12-10,,0.0,0.0,10311989391.0,1.021,
2022-12-11,,0.0,0.0,10371353792.0,1.061,
2022-12-12,,0.0,0.0,10331156224.0,1.174,
2022-12-13,,0.0,0.0,10350489865.0,1.139,
2022-12-14,,0.0,0.0,10942058996.0,0.853,
2022-12-15,,0.0,0.0,11011148200.0,0.813,
2022-12-16,,0.0,0.0,10839857712.0,1.367,
2022-12-17,,0.0,0.0,10187800402.0,1.801,
2022-12-18,,0.0,0.0,10270443403.0,2.003,
2022-12-19,,0.0,0.0,10028081199.0,1.971,
2022-12-20,,0.0,0.0,10089995827.0,1.999,
2022-12-21,,0.0,0.0,10175375262.0,1.616,
2022-12-22,,0.0,0.0,10105843648.0,1.642,
2022-12-23,,0.0,0.0,10226978722.0,1.948,
2022-12-24,,0.0,0.0,10252023804.0,1.779,
2022-12-25,,0.0,0.0,10193684554.0,1.681,
2022-12-26,,0.0,0.0,10190030218.0,1.714,
2022-12-27,,0.0,0.0,10196260769.0,1.72,
2022-12-28,,0.0,0.0,10330390303.0,2.209,
2022-12-29,,0.0,0.0,10497580321.0,2.319,
2022-12-30,,0.0,0.0,10576302060.0,2.191,
2022-12-31,,0.0,0.0,10231972978.0,2.261,
2023-01-01,,0.0,0.0,9966651356.0,2.222,
2023-01-02,,0.0,0.0,10102465488.0,2.125,
2023-01-03,,0.0,0.0,10342002554.0,1.959,
2023-01-04,,0.0,0.0,10190643874.0,1.959,
2023-01-05,,0.0,0.0,10165283507.0,1.55,
2023-01-06,,0.0,0.0,9895569220.0,1.51,
2023-01-07,,0.0,0.0,10311324149.0,1.428,
2023-01-08,,0.0,0.0,9901372511.0,1.316,
2023-01-09,,0.0,0.0,10015202158.0,1.316,
2023-01-10,,0.0,0.0,9886469988.0,1.044,
2023-01-11,,0.0,0.0,10555777793.0,0.903,
2023-01-12,,0.0,0.0,10566780821.0,0.902,
2023-01-13,,0.0,0.0,10863990709.0,0.792,
2023-01-14,,0.0,0.0,11461770239.0,0.792,
2023-01-15,,0.0,0.0,11089815102.0,0.797,
2023-01-16,,0.0,0.0,11117952543.0,0.901,
2023-01-17,,0.0,0.0,11490999037.0,0.757,
2023-01-18,,0.0,0.0,11662051855.0,0.757,
2023-01-19,,0.0,0.0,11495119159.0,0.804,
2023-01-20,,0.0,0.0,11834350715.0,0.768,
2023-01-21,,0.0,0.0,12029471976.0,0.833,
2023-01-22,,0.0,0.0,11961366794.0,0.836,
2023-01-23,,0.0,0.0,11837144688.0,1.004,
2023-01-24,,0.0,0.0,11924558524.0,0.984,
2023-01-25,,0.0,0.0,11914345768.0,1.038,
2023-01-26,,0.0,0.0,11757605329.0,1.158,
2023-01-27,,0.0,0.0,11411310895.0,1.248,
2023-01-28,,0.0,0.0,11508093674.0,1.082,
2023-01-29,,0.0,0.0,11572542002.0,1.212,
2023-01-30,,0.0,0.0,12421907732.0,0.85,
2023-01-31,,0.0,0.0,11732544154.0,1.247,
2023-02-01,,0.0,0.0,11938085112.0,1.092,
2023-02-02,,0.0,0.0,12098971821.0,0.833,
2023-02-03,,0.0,0.0,11965819696.0,1.008,
2023-02-04,,0.0,0.0,11995441001.0,1.311,
2023-02-05,,0.0,0.0,11977030771.0,1.402,
2023-02-06,,0.0,0.0,12051345462.0,1.589,
2023-02-07,,0.0,0.0,11982160044.0,1.536,
2023-02-08,,0.0,0.0,12017925671.0,1.32,
2023-02-09,,0.0,0.0,12136606445.0,1.614,
2023-02-10,,0.0,0.0,11273086503.0,1.516,
2023-02-11,,0.0,0.0,11233600224.0,1.642,
2023-02-12,,0.0,0.0,11246067457.0,1.758,
2023-02-13,,0.0,0.0,11115921759.0,1.751,
2023-02-14,,0.0,0.0,11132613092.0,1.69,
2023-02-15,,0.0,0.0,11475900445.0,1.332,
2023-02-16,,0.0,0.0,12487104817.0,0.929,
2023-02-17,,0.0,0.0,11867379474.0,0.785,
2023-02-18,,0.0,0.0,12479430791.0,0.896,
2023-02-19,,0.0,0.0,12700120342.0,0.903,
2023-02-20,,0.0,0.0,12624124262.0,0.994,
2023-02-21,,0.0,0.0,13036580455.0,0.936,
2023-02-22,,0.0,0.0,12932982758.0,1.423,
2023-02-23,,0.0,0.0,12760512968.0,1.693,
2023-02-24,,0.0,0.0,12552475458.0,1.772,
2023-02-25,,0.0,0.0,12079079886.0,2.181,
2023-02-26,,0.0,0.0,12234925226.0,2.059,
2023-02-27,,0.0,0.0,12197129935.0,1.847,
2023-02-28,,0.0,0.0,12060408765.0,1.817,
2023-03-01,,0.0,0.0,12123077581.0,1.851,
2023-03-02,,0.0,0.0,12104425022.0,1.654,
2023-03-03,,0.0,0.0,12385378648.0,1.933,
2023-03-04,,0.0,0.0,11366515169.0,2.179,
2023-03-05,,0.0,0.0,11129804481.0,2.097,
2023-03-06,,0.0,0.0,10961335217.0,2.046,
2023-03-07,,0.0,0.0,11101734811.0,1.97,
2023-03-08,,0.0,0.0,10911727096.0,2.166,
2023-03-09,,0.0,0.0,10828914890.0,2.15,
2023-03-10,,0.0,0.0,9871774051.0,2.22,
2023-03-11,,0.0,0.0,9837967693.0,1.952,
2023-03-12,,0.0,0.0,9588697311.0,1.718,
2023-03-13,,0.0,0.0,9493837945.0,1.406,
2023-03-14,,0.0,0.0,10980528430.0,0.853,
2023-03-15,,0.0,0.0,11101274591.0,1.015,
2023-03-16,,0.0,0.0,10983333351.0,1.058,
2023-03-17,,0.0,0.0,11033660609.0,0.95,
2023-03-18,,0.0,0.0,12131486642.0,0.787,
2023-03-19,,0.0,0.0,12197937363.0,0.707,
2023-03-20,,0.0,0.0,13018417887.0,0.756,
2023-03-21,,0.0,0.0,12748033690.0,0.771,
2023-03-22,,0.0,0.0,12841582344.0,0.729,
2023-03-23,,0.0,0.0,12268430844.0,0.855,
2023-03-24,,0.0,0.0,12618424075.0,0.705,
2023-03-25,,0.0,0.0,12120974623.0,0.943,
2023-03-26,,0.0,0.0,12049338567.0,0.936,
2023-03-27,,0.0,0.0,12543455639.0,0.826,
2023-03-28,,0.0,0.0,12216981193.0,1.103,
2023-03-29,,0.0,0.0,12263730723.0,0.97,
2023-03-30,,0.0,0.0,13118844021.0,0.695,
2023-03-31,,0.0,0.0,12455870715.0,0.923,
2023-04-01,,0.0,0.0,12598240122.0,0.721,
2023-04-02,,0.0,0.0,12577816194.0,0.741,
2023-04-03,,0.0,0.0,12470478880.0,0.921,
2023-04-04,,0.0,0.0,11825796465.0,1.097,
2023-04-05,,0.0,0.0,12175938683.0,0.88,
2023-04-06,,0.0,0.0,12118725765.0,1.06,
2023-04-07,,0.0,0.0,12250835142.0,1.144,
2023-04-08,,0.0,0.0,12457000836.0,1.234,
2023-04-09,,0.0,0.0,12450480171.0,1.206,
2023-04-10,,0.0,0.0,12713815216.0,0.903,
2023-04-11,,0.0,0.0,14113480995.0,0.604,
2023-04-12,,0.0,0.0,14251918610.0,0.641,
2023-04-13,,0.0,0.0,14394894181.0,0.803,
2023-04-14,,0.0,0.0,14617709439.0,0.684,
2023-04-15,,0.0,0.0,13996918106.0,0.868,
2023-04-16,,0.0,0.0,13984411107.0,0.871,
2023-04-17,,0.0,0.0,13814597221.0,0.963,
2023-04-18,,0.0,0.0,13511950859.0,1.278,
2023-04-19,,0.0,0.0,13862665679.0,0.974,
2023-04-20,,0.0,0.0,13030187340.0,1.55,
2023-04-21,,0.0,0.0,13038625429.0,1.853,
2023-04-22,,0.0,0.0,12428663905.0,1.761,
2023-04-23,,0.0,0.0,12700324689.0,2.014,
2023-04-24,,0.0,0.0,12388638037.0,1.794,
2023-04-25,,0.0,0.0,12340759694.0,1.817,
2023-04-26,,0.0,0.0,12728678585.0,1.472,
2023-04-27,,0.0,0.0,11804956945.0,1.398,
2023-04-28,,0.0,0.0,12513601691.0,0.935,
2023-04-29,,0.0,0.0,12735837543.0,1.051,
2023-04-30,,0.0,0.0,12669784500.0,1.096,
2023-05-01,,0.0,0.0,12529395629.0,1.096,
2023-05-02,,0.0,0.0,12274446046.0,1.677,
2023-05-03,,0.0,0.0,12585052296.0,1.312,
2023-05-04,,0.0,0.0,12354104249.0,1.157,
2023-05-05,,0.0,0.0,12596635734.0,1.207,
2023-05-06,,0.0,0.0,13182436888.0,0.85,
2023-05-07,,0.0,0.0,12524805806.0,1.4,
2023-05-08,,0.0,0.0,12471489636.0,1.349,
2023-05-09,,0.0,0.0,12652476419.0,2.192,
2023-05-10,,0.0,0.0,12617846614.0,2.111,
2023-05-11,,0.0,0.0,12169345023.0,1.966,
2023-05-12,,0.0,0.0,12640866855.0,2.054,
2023-05-13,,0.0,0.0,12285861128.0,2.074,
2023-05-14,,0.0,0.0,12370098609.0,1.829,
2023-05-15,,0.0,0.0,12467860560.0,1.802,
2023-05-16,,0.0,0.0,12662889926.0,1.58,
2023-05-17,,0.0,0.0,12727297498.0,1.722,
2023-05-18,,0.0,0.0,12777047224.0,1.536,
2023-05-19,,0.0,0.0,12343960142.0,2.085,
2023-05-20,,0.0,0.0,12324618028.0,1.956,
2023-05-21,,0.0,0.0,12498303805.0,1.834,
2023-05-22,,0.0,0.0,12402100999.0,1.99,
2023-05-23,,0.0,0.0,12517757251.0,1.929,
2023-05-24,,0.0,0.0,12867692538.0,1.475,
2023-05-25,,0.0,0.0,12618703489.0,2.611,
2023-05-26,,0.0,0.0,12796778672.0,2.173,
2023-05-27,,0.0,0.0,12463723319.0,1.594,
2023-05-28,,0.0,0.0,12455932157.0,1.677,
2023-05-29,,0.0,0.0,13185485467.0,1.204,
2023-05-30,,0.0,0.0,13058981920.0,1.368,
2023-05-31,,0.0,0.0,13129148654.0,1.44,
2023-06-01,,0.0,0.0,12807680642.0,2.281,
2023-06-02,,0.0,0.0,12606015031.0,2.398,
2023-06-03,,0.0,0.0,12803315383.0,2.05,
2023-06-04,,0.0,0.0,12745843924.0,2.026,
2023-06-05,,0.0,0.0,12565924161.0,1.904,
2023-06-06,,0.0,0.0,12703253361.0,3.221,
2023-06-07,,0.0,0.0,12779883423.0,1.601,
2023-06-08,,0.0,0.0,12009014357.0,2.007,
2023-06-09,,0.0,0.0,12202206839.0,2.091,
2023-06-10,,0.0,0.0,12214698904.0,1.987,
2023-06-11,,0.0,0.0,11998835163.0,2.784,
2023-06-12,,0.0,0.0,11957570872.0,2.327,
2023-06-13,,0.0,0.0,12111495154.0,2.315,
2023-06-14,,0.0,0.0,12377597335.0,2.339,
2023-06-15,,0.0,0.0,12064043378.0,3.034,
2023-06-16,,0.0,0.0,12263573212.0,2.33,
2023-06-17,,0.0,0.0,12752320788.0,1.306,
2023-06-18,,0.0,0.0,12565309542.0,1.412,
2023-06-19,,0.0,0.0,12574255758.0,1.306,
2023-06-20,,0.0,0.0,12869131584.0,1.271,
2023-06-21,,0.0,0.0,14380228243.0,0.809,
2023-06-22,,0.0,0.0,14861363488.0,0.782,
2023-06-23,,0.0,0.0,15118073471.0,0.717,
2023-06-24,,0.0,0.0,15628867592.0,0.77,
2023-06-25,,0.0,0.0,15698684910.0,0.842,
2023-06-26,,0.0,0.0,15777497852.0,0.935,
2023-06-27,,0.0,0.0,15635916184.0,1.025,
2023-06-28,,0.0,0.0,15881871303.0,0.919,
2023-06-29,,0.0,0.0,15565214651.0,1.115,
2023-06-30,,0.0,0.0,15781410503.0,0.9,
2023-07-01,,0.0,0.0,14939236846.0,1.093,
2023-07-02,,0.0,0.0,15044165588.0,0.997,
2023-07-03,,0.0,0.0,14936850755.0,0.986,
2023-07-04,,0.0,0.0,15769030846.0,0.759,
2023-07-05,,0.0,0.0,15528376107.0,0.923,
2023-07-06,,0.0,0.0,15624525311.0,1.099,
2023-07-07,,0.0,0.0,14579227505.0,1.311,
2023-07-08,,0.0,0.0,14724591359.0,1.277,
2023-07-09,,0.0,0.0,14760658904.0,1.322,
2023-07-10,,0.0,0.0,14702672531.0,1.337,
2023-07-11,,0.0,0.0,14577273055.0,1.079,
2023-07-12,,0.0,0.0,14996376014.0,0.98,
2023-07-13,,0.0,0.0,15492533713.0,1.24,
2023-07-14,,0.0,0.0,15317207169.0,0.778,
2023-07-15,,0.0,0.0,15492068362.0,1.652,
2023-07-16,,0.0,0.0,15161171716.0,1.587,
2023-07-17,,0.0,0.0,15101295774.0,1.597,
2023-07-18,,0.0,0.0,15174401101.0,1.771,
2023-07-19,,0.0,0.0,15407576430.0,1.896,
2023-07-20,,0.0,0.0,15182291589.0,1.862,
2023-07-21,,0.0,0.0,14783081889.0,2.103,
2023-07-22,,0.0,0.0,14667969905.0,1.811,
2023-07-23,,0.0,0.0,14557341821.0,1.847,
2023-07-24,,0.0,0.0,14485961039.0,1.51,
2023-07-25,,0.0,0.0,14942664268.0,2.156,
2023-07-26,,0.0,0.0,14904464381.0,1.948,
2023-07-27,,0.0,0.0,14872009067.0,1.548,
2023-07-28,,0.0,0.0,14934119817.0,1.68,
2023-07-29,,0.0,0.0,14973486229.0,1.505,
2023-07-30,,0.0,0.0,14974569462.0,1.556,
2023-07-31,,0.0,0.0,14855681338.0,1.639,
2023-08-01,,0.0,0.0,15063201459.0,1.847,
2023-08-02,,0.0,0.0,15035054955.0,1.694,
2023-08-03,,0.0,0.0,14721541896.0,1.999,
2023-08-04,0.0095185,0.0,0.0,14753394399.0,1.894,
2023-08-05,0.012147,0.0,0.0,14973569806.0,2.178,
2023-08-06,0.011777666666666667,0.0,0.0,14917426294.0,2.168,
2023-08-07,0.011544666666666667,0.0,0.0,14738643580.0,2.134,
2023-08-08,0.007171,0.0,0.0,14842088404.0,2.011,
2023-08-09,0.010496,0.0,0.0,15553396285.0,1.034,
2023-08-10,0.010482,0.0,0.0,15409227421.0,1.4,
2023-08-11,0.010110666666666665,0.0,0.0,15358805438.0,1.643,
2023-08-12,0.010277333333333333,0.0,0.0,15237698380.0,1.824,
2023-08-13,0.010637666666666665,0.0,0.0,15152609975.0,1.86,
2023-08-14,0.011424666666666666,0.0,0.0,15016190825.0,1.98,
2023-08-15,0.012395666666666666,0.0,0.0,14883684788.0,1.931,
2023-08-16,0.011961333333333332,0.0,0.0,15236447738.0,2.189,
2023-08-17,0.0012646666666666674,0.0,0.0,15180769351.0,2.392,
2023-08-18,0.0012213333333333334,0.0,0.0,12469170630.0,2.235,
2023-08-19,-0.001189,0.0,0.0,12135252506.0,2.16,
2023-08-20,-0.00139,0.0,0.0,12003282018.0,2.515,
2023-08-21,0.0013653333333333332,0.0,0.0,12161799442.0,2.51,
2023-08-22,0.0044473333333333335,0.0,0.0,12733718896.0,2.233,
2023-08-23,0.0024343333333333335,0.0,0.0,12249999254.0,2.481,
2023-08-24,0.005027333333333333,0.0,0.0,12200812763.0,1.969,
2023-08-25,0.0048913333333333335,0.0,0.0,12074611225.0,2.482,
2023-08-26,0.005787999999999999,0.0,0.0,11793077963.0,2.38,
2023-08-27,0.002825666666666667,0.0,0.0,11589246182.0,2.334,
2023-08-28,0.004957,0.0,0.0,11901004966.0,2.32,
2023-08-29,0.002368,0.0,0.0,11945284185.0,2.339,
2023-08-30,0.005462666666666667,0.0,0.0,13247229373.0,1.181,
2023-08-31,0.004555666666666667,0.0,0.0,12845606783.0,1.181,
2023-09-01,0.006396,0.0,0.0,11746370226.0,2.241,
2023-09-02,0.004069,0.0,0.0,11673427181.0,2.442,
2023-09-03,0.0030220000000000004,0.0,0.0,11508950629.0,2.328,
2023-09-04,0.003733,0.0,0.0,11669551733.0,2.247,
2023-09-05,0.003963,0.0,0.0,11648818103.0,2.385,
2023-09-06,0.004589666666666666,0.0,0.0,11770121586.0,2.469,
2023-09-07,0.0056883333333333334,0.0,0.0,11827672334.0,2.608,
2023-09-08,0.0015903333333333334,0.0,0.0,12042641890.0,1.991,
2023-09-09,0.0021933333333333336,0.0,0.0,11934007741.0,2.081,
2023-09-10,0.0047339999999999995,0.0,0.0,11548903449.0,1.996,
2023-09-11,0.0033033333333333335,0.0,0.0,11716607944.0,2.142,
2023-09-12,0.003716333333333333,0.0,0.0,12049425246.0,2.608,
2023-09-13,0.0016553333333333333,0.0,0.0,12022924030.0,1.709,
2023-09-14,0.0012503333333333333,0.0,0.0,12401428229.0,1.435,
2023-09-15,0.0027193333333333336,0.0,0.0,12732759529.0,1.269,
2023-09-16,0.0014629999999999999,0.0,0.0,12507938725.0,1.348,
2023-09-17,0.0014186666666666668,0.0,0.0,12295791265.0,1.442,
2023-09-18,0.0023413333333333333,0.0,0.0,12175826625.0,1.399,
2023-09-19,0.0017426666666666665,0.0,0.0,12710895743.0,1.276,
2023-09-20,0.0013496666666666668,0.0,0.0,13140994105.0,1.203,
2023-09-21,0.003507666666666667,0.0,0.0,12961835715.0,1.366,
2023-09-22,0.0041916666666666665,0.0,0.0,13060442650.0,1.701,
2023-09-23,0.002532,0.0,0.0,12497881884.0,1.712,
2023-09-24,0.003009,0.0,0.0,12112114988.0,1.765,
2023-09-25,0.0037073333333333333,0.0,0.0,12200167098.0,1.807,
2023-09-26,0.005746666666666666,0.0,0.0,12540905639.0,1.838,
2023-09-27,0.006051,0.0,0.0,12625680962.0,1.919,
2023-09-28,0.00079,0.0,0.0,12490931891.0,1.816,
2023-09-29,0.003938333333333333,0.0,0.0,13204642884.0,0.991,
2023-09-30,0.0031923333333333335,0.0,0.0,12797923164.0,1.248,
2023-10-01,0.003572,0.0,0.0,12393360208.0,1.237,
2023-10-02,0.0027433333333333337,0.0,0.0,13023819737.0,1.085,
2023-10-03,0.006268666666666666,0.0,0.0,12892322404.0,1.11,
2023-10-04,0.0037893333333333334,0.0,0.0,13064639746.0,1.428,
2023-10-05,0.0011606666666666666,0.0,0.0,13259809386.0,1.344,
2023-10-06,0.001824666666666667,0.0,0.0,13184078951.0,1.388,
2023-10-07,0.002124,0.0,0.0,13743165597.0,0.926,
2023-10-08,0.003531333333333333,0.0,0.0,13504652791.0,0.955,
2023-10-09,0.006393,0.0,0.0,13763597095.0,1.032,
2023-10-10,0.0060223333333333335,0.0,0.0,13493586061.0,1.275,
2023-10-11,0.009309,0.0,0.0,13375698171.0,1.515,
2023-10-12,0.007428666666666667,0.0,0.0,13435568542.0,2.123,
2023-10-13,0.006531666666666667,0.0,0.0,13245585748.0,1.856,
2023-10-14,0.005428666666666666,0.0,0.0,13231409127.0,1.826,
2023-10-15,0.004726333333333333,0.0,0.0,12829423731.0,1.825,
2023-10-16,0.005571666666666667,0.0,0.0,13404376740.0,1.538,
2023-10-17,0.001686,0.0,0.0,13244994788.0,1.128,
2023-10-18,0.0020656666666666666,0.0,0.0,13684428637.0,0.972,
2023-10-19,-0.003916666666666666,0.0,0.0,13432365579.0,1.128,
2023-10-20,0.0028933333333333333,0.0,0.0,13912117711.0,0.908,
2023-10-21,0.0037806666666666666,0.0,0.0,14523870427.0,0.769,
2023-10-22,0.006967999999999999,0.0,0.0,15226737984.0,0.68,
2023-10-23,0.009878666666666666,0.0,0.0,15001607684.0,0.714,
2023-10-24,0.015129666666666666,0.0,0.0,15276913322.0,0.911,
2023-10-25,0.013025,0.0,0.0,15791591375.0,0.866,
2023-10-26,0.012729333333333334,0.0,0.0,16308389897.0,0.799,
2023-10-27,0.012364,0.0,0.0,16427145230.0,0.909,
2023-10-28,0.015109333333333334,0.0,0.0,16093217331.0,0.958,
2023-10-29,0.01569766666666667,0.0,0.0,16193518954.0,0.961,
2023-10-30,0.012058,0.0,0.0,16920567312.0,0.849,
2023-10-31,0.011483333333333333,0.0,0.0,16626662575.0,0.992,
2023-11-01,0.015514666666666668,0.0,0.0,16776344060.0,0.888,
2023-11-02,0.012908333333333332,0.0,0.0,16977546660.0,0.817,
2023-11-03,0.009315333333333333,0.0,0.0,16669744849.0,0.987,
2023-11-04,0.011248,0.0,0.0,16460975373.0,1.051,
2023-11-05,0.015533,0.0,0.0,16586309978.0,0.888,
2023-11-06,0.013799,0.0,0.0,16936031940.0,0.869,
2023-11-07,0.011935666666666666,0.0,0.0,16982051726.0,0.913,
2023-11-08,0.011789666666666665,0.0,0.0,17441042447.0,0.756,
2023-11-09,0.017715333333333333,0.0,0.0,17874687854.0,0.761,
2023-11-10,0.020429,0.0,0.0,17511765234.0,1.0,
2023-11-11,0.019814,0.0,0.0,17558725091.0,0.924,
2023-11-12,0.026617333333333337,0.0,0.0,17593333619.0,0.981,
2023-11-13,0.020048,0.0,0.0,17563078207.0,0.977,
2023-11-14,0.013079333333333332,0.0,0.0,17433119675.0,1.09,
2023-11-15,0.011157666666666668,0.0,0.0,16648516779.0,1.31,
2023-11-16,0.012292666666666667,0.0,0.0,17843190495.0,0.811,
2023-11-17,0.009619333333333334,0.0,0.0,17350033870.0,1.385,
2023-11-18,0.008768,0.0,0.0,16934805115.0,1.212,
2023-11-19,0.009001666666666666,0.0,0.0,16965745159.0,1.117,
2023-11-20,0.010313000000000001,0.0,0.0,17515329939.0,0.94,
2023-11-21,0.008700666666666667,0.0,0.0,17775786709.0,0.835,
2023-11-22,0.00979,0.0,0.0,16834880227.0,1.068,
2023-11-23,0.011153333333333335,0.0,0.0,17550733996.0,0.776,
2023-11-24,0.011004666666666668,0.0,0.0,17808443491.0,0.839,
2023-11-25,0.010536666666666666,0.0,0.0,17860495711.0,0.777,
2023-11-26,0.010460333333333334,0.0,0.0,17786951465.0,0.816,
2023-11-27,0.008701666666666667,0.0,0.0,17877336051.0,0.974,
2023-11-28,0.008398999999999998,0.0,0.0,17941217400.0,1.205,
2023-11-29,0.007690333333333334,0.0,0.0,18287488821.0,0.679,
2023-11-30,0.008111333333333333,0.0,0.0,18310176763.0,0.808,
2023-12-01,0.011189,0.0,0.0,17925283827.0,0.931,
2023-12-02,0.010534000000000002,0.0,0.0,19480416842.0,0.593,
2023-12-03,0.012713333333333333,0.0,0.0,19360102860.0,0.663,
2023-12-04,0.01861233333333333,0.0,0.0,19434610796.0,0.7,
2023-12-05,0.012549333333333334,0.0,0.0,20818299991.0,0.713,
2023-12-06,0.011161333333333334,0.0,0.0,21431595657.0,0.785,
2023-12-07,0.014747333333333333,0.0,0.0,20975083222.0,0.902,
2023-12-08,0.024037000000000003,0.0,0.0,20838694371.0,1.023,
2023-12-09,0.02874233333333333,0.0,0.0,20884444363.0,0.906,
2023-12-10,0.025982333333333333,0.0,0.0,20719548738.0,0.969,
2023-12-11,0.013833,0.0,0.0,20715286118.0,1.065,
2023-12-12,0.015025000000000002,0.0,0.0,19620221947.0,1.347,
2023-12-13,0.014041,0.0,0.0,19681345479.0,1.433,
2023-12-14,0.011223333333333333,0.0,0.0,19503658532.0,1.115,
2023-12-15,0.013568000000000002,0.0,0.0,19581934136.0,1.082,
2023-12-16,0.017303333333333334,0.0,0.0,18902123556.0,1.285,
2023-12-17,0.015193333333333335,0.0,0.0,18942151386.0,1.224,
2023-12-18,0.012483666666666665,0.0,0.0,18651234509.0,1.37,
2023-12-19,0.014858000000000001,0.0,0.0,19047033848.0,1.182,
2023-12-20,0.018001,0.0,0.0,19282499178.0,1.24,
2023-12-21,0.028235333333333335,0.0,0.0,20300430574.0,0.877,
2023-12-22,0.022907333333333335,0.0,0.0,20722220048.0,0.931,
2023-12-23,0.011392333333333332,0.0,0.0,20465697364.0,1.026,
2023-12-24,0.017805333333333336,0.0,0.0,20324747984.0,1.034,
2023-12-25,0.028952333333333333,0.0,0.0,20002798502.0,1.135,
2023-12-26,0.03314366666666666,0.0,0.0,20282774999.0,1.142,
2023-12-27,0.03449633333333333,0.0,0.0,20247637069.0,1.653,
2023-12-28,0.04810766666666667,0.0,0.0,20315339248.0,1.257,
2023-12-29,0.03790833333333333,0.0,0.0,20051125151.0,1.552,
2023-12-30,0.034035666666666665,0.0,0.0,19177401763.0,1.885,
2023-12-31,0.03796066666666666,0.0,0.0,19253248935.0,1.444,
2024-01-01,0.044338666666666665,0.0,0.0,19122087819.0,1.507,
2024-01-02,0.04233866666666666,0.0,0.0,20136269862.0,1.083,
2024-01-03,0.014701666666666668,0.0,0.0,20789028091.0,1.028,
2024-01-04,0.009323666666666666,0.0,0.0,19484584230.0,1.645,
2024-01-05,0.008264333333333334,0.0,0.0,19448737096.0,1.174,
2024-01-06,0.007542666666666666,0.0,0.0,19113013718.0,1.222,
2024-01-07,0.007892666666666668,0.0,0.0,19223405512.0,1.239,
2024-01-08,0.012081333333333333,0.0,0.0,19369579076.0,1.157,
2024-01-09,0.01213,0.0,0.0,21078177325.0,0.79,
2024-01-10,0.011395999999999998,0.0,0.0,20789721693.0,1.163,
2024-01-11,0.011375666666666666,0.0,0.0,21147626957.0,1.608,655300000.0
2024-01-12,0.010310666666666668,0.0,0.0,21681612042.0,1.711,203000000.0
2024-01-13,0.007819000000000001,0.0,0.0,20474671912.0,2.701,
2024-01-14,0.009372333333333333,0.0,0.0,19650522175.0,2.833,
2024-01-15,0.010632333333333334,0.0,0.0,19398689976.0,2.654,0.0
2024-01-16,0.009677,0.0,0.0,19268205589.0,2.617,-52700000.0
2024-01-17,0.010032666666666667,0.0,0.0,19480127232.0,2.156,453800000.0
2024-01-18,0.011832666666666667,0.0,0.0,19351696566.0,2.512,-126600000.0
2024-01-19,0.011369333333333334,0.0,0.0,19032788954.0,2.906,43600000.0
2024-01-20,0.009822666666666667,0.0,0.0,18814107191.0,2.441,
2024-01-21,0.009691666666666666,0.0,0.0,18708952822.0,2.361,
2024-01-22,0.009955333333333333,0.0,0.0,18533327503.0,2.394,-87400000.0
2024-01-23,0.010642666666666667,0.0,0.0,18040041002.0,2.619,-106100000.0
2024-01-24,0.010504,0.0,0.0,17952497121.0,2.352,-158300000.0
2024-01-25,0.010715999999999998,0.0,0.0,18240229169.0,2.108,-79800000.0
2024-01-26,0.009714,0.0,0.0,18273622462.0,2.031,14800000.0
2024-01-27,0.008524666666666667,0.0,0.0,18805094756.0,1.462,
2024-01-28,0.008076999999999999,0.0,0.0,18925383551.0,1.501,
2024-01-29,0.009147666666666667,0.0,0.0,18606691288.0,1.567,255100000.0
2024-01-30,0.006779333333333334,0.0,0.0,19297850449.0,1.336,247300000.0
2024-01-31,0.008645,0.0,0.0,19035794576.0,1.185,197600000.0
2024-02-01,0.008619333333333333,0.0,0.0,18208183800.0,1.418,38500000.0
2024-02-02,0.009206333333333332,0.0,0.0,18475351297.0,1.375,80000000.0
2024-02-03,0.007938333333333334,0.0,0.0,18421180007.0,1.302,
2024-02-04,0.007646666666666667,0.0,0.0,18346263327.0,1.339,
2024-02-05,0.010228,0.0,0.0,18348458935.0,1.547,68100000.0
2024-02-06,0.009797666666666668,0.0,0.0,18885352551.0,1.782,33600000.0
2024-02-07,0.009850333333333334,0.0,0.0,19043561993.0,1.251,146000000.0
2024-02-08,0.006168666666666666,0.0,0.0,20107128266.0,1.046,405000000.0
2024-02-09,0.010707,0.0,0.0,21126957555.0,0.807,541500000.0
2024-02-10,0.010263666666666666,0.0,0.0,21621415614.0,0.721,
2024-02-11,0.012618333333333334,0.0,0.0,22453150347.0,0.649,
2024-02-12,0.013805,0.0,0.0,23045767390.0,0.679,493400000.0
2024-02-13,0.011066666666666667,0.0,0.0,24368338210.0,0.609,636300000.0
2024-02-14,0.013204,0.0,0.0,23934953156.0,0.792,339700000.0
2024-02-15,0.013489666666666665,0.0,0.0,25217894694.0,0.588,477400000.0
2024-02-16,0.014509333333333332,0.0,0.0,25163747010.0,0.691,330300000.0
2024-02-17,0.013988333333333334,0.0,0.0,25181050282.0,0.671,
2024-02-18,0.017845333333333335,0.0,0.0,25119085665.0,0.759,
2024-02-19,0.015965,0.0,0.0,25045306856.0,0.73,0.0
2024-02-20,0.013656000000000001,0.0,0.0,25275304086.0,0.799,135600000.0
2024-02-21,0.011746,0.0,0.0,25070552318.0,0.789,-35600000.0
2024-02-22,0.015116333333333334,0.0,0.0,24948680480.0,1.02,251400000.0
2024-02-23,0.010566333333333332,0.0,0.0,24566591317.0,0.964,232500000.0
2024-02-24,0.014328,0.0,0.0,24561165826.0,1.186,
2024-02-25,0.017988333333333332,0.0,0.0,24851562141.0,0.989,
2024-02-26,0.019758,0.0,0.0,24730301497.0,0.936,519900000.0
2024-02-27,0.04096366666666667,0.0,0.0,26194817812.0,0.68,576900000.0
2024-02-28,0.046731,0.0,0.0,27024556560.0,0.756,673400000.0
2024-02-29,0.062172666666666675,0.0,0.0,28248068705.0,0.998,92300000.0
2024-03-01,0.043766,0.0,0.0,27333883353.0,1.153,-139600000.0
2024-03-02,0.048895,0.0,0.0,28343430184.0,1.071,
2024-03-03,0.04967366666666667,0.0,0.0,28618600040.0,1.293,
2024-03-04,0.06082166666666666,0.0,0.0,29853623953.0,1.158,562700000.0
2024-03-05,0.07154866666666666,0.0,0.0,33451048816.0,1.113,648300000.0
2024-03-06,0.037005,0.0,0.0,32474758892.0,1.616,332000000.0
2024-03-07,0.037650666666666666,0.0,0.0,31966927016.0,1.234,472500000.0
2024-03-08,0.039742,0.0,0.0,32660159683.0,1.196,223000000.0
2024-03-09,0.027745333333333334,0.0,0.0,33190703038.0,1.213,
2024-03-10,0.05377033333333334,0.0,0.0,33504694688.0,1.239,
2024-03-11,0.07009133333333332,0.0,0.0,34729929216.0,1.089,505400000.0
2024-03-12,0.04629366666666667,0.0,0.0,37113612822.0,0.887,1045000000.0
2024-03-13,0.040711333333333335,0.0,0.0,37221773142.0,1.341,683700000.0
2024-03-14,0.04242833333333334,0.0,0.0,37922514494.0,1.019,132700000.0
2024-03-15,0.016571,0.0,0.0,38651617262.0,1.614,198800000.0
2024-03-16,0.02129866666666667,0.0,0.0,37344745812.0,1.682,
2024-03-17,0.022597000000000003,0.0,0.0,35653994483.0,2.047,
2024-03-18,0.021746333333333336,0.0,0.0,37047827128.0,1.538,-154300000.0
2024-03-19,0.017383,0.0,0.0,35809406573.0,1.588,-326200000.0
2024-03-20,0.012846999999999999,0.0,0.0,34115725379.0,2.251,-261500000.0
2024-03-21,0.015261666666666666,0.0,0.0,37502500100.0,1.32,-94000000.0
2024-03-22,0.011246,0.0,0.0,36410916575.0,1.874,-51600000.0
2024-03-23,0.012403666666666667,0.0,0.0,35031625667.0,2.362,
2024-03-24,0.018803666666666666,0.0,0.0,35033919713.0,1.615,
2024-03-25,0.022731666666666667,0.0,0.0,36688829693.0,1.41,15400000.0
2024-03-26,0.03126333333333333,0.0,0.0,38844308376.0,1.054,418000000.0
2024-03-27,0.03816666666666666,0.0,0.0,39388629362.0,1.177,243500000.0
2024-03-28,0.03993,0.0,0.0,39407495515.0,1.527,182800000.0
2024-03-29,0.031594333333333335,0.0,0.0,40409790521.0,1.087,0.0
2024-03-30,0.03721966666666667,0.0,0.0,38789082879.0,1.522,
2024-03-31,0.05867266666666667,0.0,0.0,38387612604.0,1.397,
2024-04-01,0.02397166666666667,0.0,0.0,40067912882.0,1.157,-85700000.0
2024-04-02,0.009354,0.0,0.0,39573424755.0,1.514,39500000.0
2024-04-03,0.009630999999999999,0.0,0.0,36873300758.0,2.204,113500000.0
2024-04-04,0.009533,0.0,0.0,35987442131.0,2.141,213400000.0
2024-04-05,0.008749333333333333,0.0,0.0,36736258552.0,1.482,203000000.0
2024-04-06,0.010277,0.0,0.0,35708001381.0,1.628,
2024-04-07,0.011188666666666666,0.0,0.0,36268880712.0,1.336,
2024-04-08,0.020232333333333335,0.0,0.0,37118834666.0,1.246,-223800000.0
2024-04-09,0.014045,0.0,0.0,39186528062.0,1.06,-19400000.0
2024-04-10,0.010965,0.0,0.0,38109097372.0,1.77,123700000.0
2024-04-11,0.011537,0.0,0.0,38074858001.0,1.402,91300000.0
2024-04-12,0.009656666666666666,0.0,0.0,37975704940.0,1.305,-55100000.0
2024-04-13,0.0028263333333333335,0.0,0.0,36994833337.0,2.008,
2024-04-14,0.0071716666666666665,0.0,0.0,32888961880.0,1.924,
2024-04-15,0.0013586666666666667,0.0,0.0,33609334349.0,1.717,-36700000.0
2024-04-16,0.004320999999999999,0.0,0.0,32522879841.0,2.156,-58000000.0
2024-04-17,0.002672666666666667,0.0,0.0,32242950706.0,1.926,-165000000.0
2024-04-18,-0.0033959999999999997,0.0,0.0,31794465058.0,2.415,-4300000.0
2024-04-19,0.004622333333333333,0.0,0.0,32628738622.0,1.602,59700000.0
2024-04-20,-0.0021436666666666666,0.0,0.0,32759892286.0,1.42,
2024-04-21,0.004260666666666667,0.0,0.0,32364925716.0,1.459,
2024-04-22,-0.0003016666666666665,0.0,0.0,31706001589.0,1.411,62200000.0
2024-04-23,0.004107,0.0,0.0,33008058038.0,1.206,31600000.0
2024-04-24,0.008546666666666666,0.0,0.0,32488084576.0,1.355,-120600000.0
2024-04-25,0.0029283333333333336,0.0,0.0,32350644889.0,1.904,-217600000.0
2024-04-26,0.005735333333333333,0.0,0.0,32407604581.0,1.68,-83600000.0
2024-04-27,0.006781333333333334,0.0,0.0,31660489604.0,2.017,
2024-04-28,0.005659666666666667,0.0,0.0,31805904028.0,2.179,
2024-04-29,0.004261999999999999,0.0,0.0,31013842765.0,2.196,-51600000.0
2024-04-30,0.008054666666666667,0.0,0.0,31722070564.0,1.889,-161600000.0
2024-05-01,0.007168333333333333,0.0,0.0,31328255115.0,3.46,-563700000.0
2024-05-02,-0.002276,0.0,0.0,29178880131.0,2.959,-34400000.0
2024-05-03,-0.003501,0.0,0.0,29004486281.0,1.932,378300000.0
2024-05-04,0.005242,0.0,0.0,31068172121.0,1.25,
2024-05-05,0.006725666666666667,0.0,0.0,31657121479.0,1.136,
2024-05-06,0.007790999999999999,0.0,0.0,31416278432.0,1.128,217000000.0
2024-05-07,0.0070220000000000005,0.0,0.0,30961639724.0,1.334,-15700000.0
2024-05-08,0.008637666666666667,0.0,0.0,30877129109.0,1.558,11500000.0
2024-05-09,0.004275999999999999,0.0,0.0,30490226231.0,1.907,-11300000.0
2024-05-10,0.004742333333333334,0.0,0.0,30919205735.0,1.774,-84700000.0
2024-05-11,0.006117333333333333,0.0,0.0,30820221346.0,2.445,
2024-05-12,0.0049366666666666665,0.0,0.0,30293069765.0,2.257,
2024-05-13,0.005600333333333333,0.0,0.0,30368291061.0,1.974,66000000.0
2024-05-14,0.009183,0.0,0.0,31333298233.0,1.25,100500000.0
2024-05-15,0.0009729999999999999,0.0,0.0,30649246719.0,1.924,303000000.0
2024-05-16,0.006324666666666667,0.0,0.0,33671647374.0,0.949,257300000.0
2024-05-17,0.0042316666666666666,0.0,0.0,33213664250.0,1.042,221500000.0
2024-05-18,0.0051463333333333335,0.0,0.0,34009781590.0,0.947,
2024-05-19,0.005897,0.0,0.0,34538542787.0,0.939,
2024-05-20,0.010209666666666667,0.0,0.0,33956500634.0,1.011,237200000.0
2024-05-21,0.015826,0.0,0.0,36138577551.0,0.896,305700000.0
2024-05-22,0.013745,0.0,0.0,36503436519.0,1.192,154000000.0
2024-05-23,0.012257333333333334,0.0,0.0,36041221873.0,1.314,107900000.0
2024-05-24,0.010912333333333335,0.0,0.0,35361056034.0,1.874,251900000.0
2024-05-25,0.010437666666666666,0.0,0.0,34919700656.0,1.417,
2024-05-26,0.011755,0.0,0.0,35643141171.0,1.399,
2024-05-27,0.016201000000000004,0.0,0.0,35366042739.0,1.476,0.0
2024-05-28,0.013306333333333331,0.0,0.0,36267520156.0,1.378,45000000.0
2024-05-29,0.013697333333333334,0.0,0.0,36219692977.0,1.744,28300000.0
2024-05-30,0.011111999999999999,0.0,0.0,36241025865.0,2.089,48800000.0
2024-05-31,0.010978333333333333,0.0,0.0,35697189460.0,1.559,48800000.0
2024-06-01,0.011626999999999998,0.0,0.0,36004739121.0,2.175,
2024-06-02,0.011299333333333333,0.0,0.0,35770381011.0,2.068,
2024-06-03,0.012881666666666666,0.0,0.0,35756637763.0,1.941,105100000.0
2024-06-04,0.011910666666666667,0.0,0.0,36686981019.0,1.395,886600000.0
2024-06-05,0.013964333333333334,0.0,0.0,38762800351.0,0.97,488100000.0
2024-06-06,0.012914,0.0,0.0,39561027053.0,0.933,217700000.0
2024-06-07,0.013499666666666667,0.0,0.0,39547751407.0,1.076,131000000.0
2024-06-08,0.010283333333333334,0.0,0.0,38737829873.0,1.522,
2024-06-09,0.009591666666666667,0.0,0.0,38219275369.0,1.469,
2024-06-10,0.009636,0.0,0.0,38523586606.0,1.496,-64900000.0
2024-06-11,0.008121666666666668,0.0,0.0,38761655068.0,1.405,-200400000.0
2024-06-12,0.008175,0.0,0.0,37680374506.0,2.185,100800000.0
2024-06-13,0.007425666666666667,0.0,0.0,37491018074.0,1.685,-226200000.0
2024-06-14,0.007711666666666666,0.0,0.0,36672558379.0,2.221,-189900000.0
2024-06-15,0.006981333333333333,0.0,0.0,36415052890.0,2.312,
2024-06-16,0.0045049999999999995,0.0,0.0,36321516131.0,2.157,
2024-06-17,0.005642,0.0,0.0,36801535616.0,2.165,-145900000.0
2024-06-18,0.006216333333333333,0.0,0.0,36342873749.0,2.089,-152400000.0
2024-06-19,0.005260666666666667,0.0,0.0,35856813412.0,2.364,0.0
2024-06-20,0.008755666666666667,0.0,0.0,35803242423.0,2.539,-139900000.0
2024-06-21,0.006484333333333332,0.0,0.0,35668768030.0,2.427,-105900000.0
2024-06-22,0.0038200000000000005,0.0,0.0,35894260861.0,2.769,
2024-06-23,0.0051779999999999994,0.0,0.0,35687187467.0,2.455,
2024-06-24,-0.001123,0.0,0.0,35501564658.0,2.532,-174500000.0
2024-06-25,0.0014169999999999999,0.0,0.0,34293790135.0,3.29,31000000.0
2024-06-26,0.003582333333333333,0.0,0.0,34274835896.0,2.596,21400000.0
2024-06-27,0.009673333333333334,0.0,0.0,33770948233.0,2.598,11800000.0
2024-06-28,0.008844,0.0,0.0,34013651453.0,2.579,73000000.0
2024-06-29,0.005958000000000001,0.0,0.0,33350555885.0,3.12,
2024-06-30,0.005807333333333334,0.0,0.0,33363319633.0,2.521,
2024-07-01,0.0035930000000000003,0.0,0.0,34676493654.0,2.183,129500000.0
2024-07-02,0.008497333333333334,0.0,0.0,34299067108.0,1.856,-13700000.0
2024-07-03,0.007161666666666667,0.0,0.0,35123908056.0,2.63,-20500000.0
2024-07-04,0.005782,0.0,0.0,33433915214.0,3.25,0.0
2024-07-05,0.004731666666666666,0.0,0.0,31068316729.0,3.198,143100000.0
2024-07-06,0.004979,0.0,0.0,29365299166.0,2.351,
2024-07-07,0.007539666666666667,0.0,0.0,29903089003.0,2.231,
2024-07-08,0.008793333333333334,0.0,0.0,28978097272.0,2.124,294800000.0
2024-07-09,0.006869666666666666,0.0,0.0,28870493622.0,2.408,216400000.0
2024-07-10,0.007933,0.0,0.0,30159683335.0,1.693,147400000.0
2024-07-11,0.005894,0.0,0.0,30183578051.0,2.077,78900000.0
2024-07-12,0.003934,0.0,0.0,30413054320.0,1.947,310100000.0
2024-07-13,0.006029,0.0,0.0,30397536621.0,1.915,
2024-07-14,0.007071000000000001,0.0,0.0,31640353874.0,1.408,
2024-07-15,0.004033333333333333,0.0,0.0,32702197511.0,1.295,300900000.0
2024-07-16,0.008777666666666668,0.0,0.0,34738942676.0,1.139,422500000.0
2024-07-17,0.005809666666666667,0.0,0.0,35605092728.0,1.079,53300000.0
2024-07-18,0.004851,0.0,0.0,35107525937.0,1.191,37200000.0
2024-07-19,0.006258,0.0,0.0,35413681453.0,1.382,383600000.0
2024-07-20,0.004811333333333333,0.0,0.0,38009984746.0,0.884,
2024-07-21,0.008317666666666666,0.0,0.0,38463301782.0,0.975,
2024-07-22,0.007009666666666667,0.0,0.0,38910764955.0,1.003,530200000.0
2024-07-23,0.007807666666666667,0.0,0.0,38485572969.0,1.054,-77800000.0
2024-07-24,0.009696999999999999,0.0,0.0,37600340252.0,1.364,44500000.0
2024-07-25,0.009006333333333333,0.0,0.0,37026782181.0,1.455,31100000.0
2024-07-26,0.007957,0.0,0.0,37105431093.0,1.339,51800000.0
2024-07-27,0.011206666666666665,0.0,0.0,38059523670.0,0.929,
2024-07-28,0.009130666666666667,0.0,0.0,38983633004.0,0.921,
2024-07-29,0.00962,0.0,0.0,39232996091.0,1.032,122100000.0
2024-07-30,0.007013666666666667,0.0,0.0,39152357935.0,1.491,-18300000.0
2024-07-31,0.008446666666666667,0.0,0.0,38718928593.0,1.779,300000.0
2024-08-01,0.009571000000000001,0.0,0.0,36914080355.0,2.109,50600000.0
2024-08-02,0.008983,0.0,0.0,36992038993.0,2.012,-237400000.0
2024-08-03,0.006187333333333334,0.0,0.0,34792536637.0,2.35,
2024-08-04,0.005660666666666667,0.0,0.0,33973152074.0,2.532,
2024-08-05,0.0021393333333333334,0.0,0.0,32831368485.0,2.552,-168400000.0
2024-08-06,0.001014,0.0,0.0,27900210107.0,1.894,-148600000.0
2024-08-07,0.0032093333333333336,0.0,0.0,28361474736.0,1.595,45100000.0
2024-08-08,0.0029860000000000004,0.0,0.0,28221650562.0,1.679,201500000.0
2024-08-09,0.004141,0.0,0.0,30633290017.0,1.063,-89700000.0
2024-08-10,0.0063753333333333335,0.0,0.0,29827074529.0,1.375,
2024-08-11,0.0038496666666666666,0.0,0.0,29880522172.0,1.339,
2024-08-12,0.005942,0.0,0.0,29068743016.0,1.498,27800000.0
2024-08-13,0.003351,0.0,0.0,29767863196.0,1.798,39000000.0
2024-08-14,-0.002137,0.0,0.0,31002068116.0,1.36,-81400000.0
2024-08-15,-0.0004976666666666665,0.0,0.0,30856137550.0,2.125,11100000.0
2024-08-16,0.0011563333333333332,0.0,0.0,30755695277.0,2.349,35900000.0
2024-08-17,0.004655333333333333,0.0,0.0,31296053991.0,1.432,
2024-08-18,0.0013573333333333334,0.0,0.0,31713862351.0,1.431,
2024-08-19,-0.0023986666666666666,0.0,0.0,31315650086.0,1.516,62100000.0
2024-08-20,-6.299999999999997e-05,0.0,0.0,31852966173.0,1.811,88000000.0
2024-08-21,0.0008243333333333333,0.0,0.0,31696876863.0,1.926,39500000.0
2024-08-22,0.002005,0.0,0.0,33541024306.0,1.129,64800000.0
2024-08-23,-0.000646,0.0,0.0,33435054912.0,1.567,252000000.0
2024-08-24,0.004676666666666667,0.0,0.0,35827022535.0,0.903,
2024-08-25,0.0051136666666666665,0.0,0.0,36270188491.0,0.963,
2024-08-26,0.004553666666666667,0.0,0.0,36495334138.0,0.939,200400000.0
2024-08-27,0.002677666666666667,0.0,0.0,35215001677.0,1.131,-127100000.0
2024-08-28,0.0016693333333333334,0.0,0.0,32796745394.0,2.086,-105300000.0
2024-08-29,0.0004026666666666666,0.0,0.0,32085576249.0,2.384,-71800000.0
2024-08-30,0.003872,0.0,0.0,32290489955.0,2.012,-175600000.0
2024-08-31,0.005496333333333333,0.0,0.0,31853828227.0,2.339,
2024-09-01,0.000535,0.0,0.0,31705915005.0,2.091,
2024-09-02,0.004206333333333334,0.0,0.0,30973176020.0,2.467,0.0
2024-09-03,0.006619666666666667,0.0,0.0,31975619461.0,2.016,-287800000.0
2024-09-04,0.002392,0.0,0.0,31667116322.0,2.413,-37200000.0
2024-09-05,0.003962,0.0,0.0,31530701585.0,1.946,-211100000.0
2024-09-06,0.001547,0.0,0.0,30693855251.0,2.909,-170000000.0
2024-09-07,-0.000801,0.0,0.0,29944680921.0,3.66,
2024-09-08,-0.0008653333333333333,0.0,0.0,29908428284.0,2.812,
2024-09-09,-0.001333,0.0,0.0,30316505222.0,2.738,28600000.0
2024-09-10,1.4000000000000123e-05,0.0,0.0,31747276164.0,1.63,117000000.0
2024-09-11,0.0013099999999999997,0.0,0.0,32076551320.0,1.575,-43900000.0
2024-09-12,0.0019500000000000001,0.0,0.0,31905498576.0,1.577,39000000.0
2024-09-13,-0.0012873333333333333,0.0,0.0,32182247414.0,1.438,263200000.0
2024-09-14,0.003934333333333334,0.0,0.0,33920880281.0,0.998,
2024-09-15,0.004430666666666667,0.0,0.0,33823802610.0,1.097,
2024-09-16,0.007517,0.0,0.0,32881044866.0,1.212,12800000.0
2024-09-17,0.004985666666666667,0.0,0.0,32768336630.0,1.902,186800000.0
2024-09-18,0.006470666666666666,0.0,0.0,33527958163.0,1.088,-52700000.0
2024-09-19,0.006875333333333333,0.0,0.0,34969961583.0,1.281,158300000.0
2024-09-20,0.005606,0.0,0.0,36561343717.0,0.838,92000000.0
2024-09-21,0.006053,0.0,0.0,36695808376.0,0.909,
2024-09-22,0.006953000000000001,0.0,0.0,36484320215.0,0.932,
2024-09-23,0.0055709999999999996,0.0,0.0,36331070103.0,0.876,4500000.0
2024-09-24,0.004266666666666667,0.0,0.0,36739695841.0,1.021,136700000.0
2024-09-25,0.005931,0.0,0.0,37395846124.0,0.803,105700000.0
2024-09-26,0.00709,0.0,0.0,36427726801.0,1.107,365700000.0
2024-09-27,0.00599,0.0,0.0,37432382707.0,0.722,494800000.0
2024-09-28,0.007376333333333333,0.0,0.0,37515229280.0,0.784,
2024-09-29,0.008324333333333335,0.0,0.0,37152373722.0,0.823,
2024-09-30,0.010356333333333334,0.0,0.0,37119506874.0,0.861,61300000.0
2024-10-01,0.007993333333333333,0.0,0.0,36426714546.0,1.281,-242600000.0
2024-10-02,0.007113,0.0,0.0,34397729718.0,1.578,-52900000.0
2024-10-03,0.007678666666666667,0.0,0.0,33545118571.0,1.672,-54200000.0
2024-10-04,0.0034073333333333334,0.0,0.0,33931245550.0,1.625,25600000.0
2024-10-05,0.005815666666666667,0.0,0.0,34543013365.0,1.319,
2024-10-06,0.006900666666666667,0.0,0.0,34152348597.0,1.347,
2024-10-07,0.004453666666666666,0.0,0.0,35287741828.0,1.289,233800000.0
2024-10-08,0.008443666666666667,0.0,0.0,34757573773.0,1.376,-18600000.0
2024-10-09,0.00795,0.0,0.0,35063849842.0,1.519,-30600000.0
2024-10-10,0.006083666666666667,0.0,0.0,34839524376.0,1.824,-81100000.0
2024-10-11,0.004325333333333334,0.0,0.0,34748960272.0,2.097,253600000.0
2024-10-12,0.007095,0.0,0.0,36366005414.0,1.1,
2024-10-13,0.007418666666666667,0.0,0.0,36960552703.0,1.054,
2024-10-14,0.011446,0.0,0.0,36545082670.0,1.259,555900000.0
2024-10-15,0.010880666666666665,0.0,0.0,39224985583.0,0.708,373300000.0
2024-10-16,0.009716333333333334,0.0,0.0,39511832720.0,0.721,456900000.0
2024-10-17,0.010019666666666666,0.0,0.0,41261963649.0,0.647,473200000.0
2024-10-18,0.009151666666666667,0.0,0.0,40853496048.0,0.708,273700000.0
2024-10-19,0.010059,0.0,0.0,42466274971.0,0.623,
2024-10-20,0.010948666666666667,0.0,0.0,41641127855.0,0.704,
2024-10-21,0.011445333333333333,0.0,0.0,42391731749.0,0.673,297600000.0
2024-10-22,0.010973666666666666,0.0,0.0,41904079390.0,0.827,-79100000.0
2024-10-23,0.011209000000000002,0.0,0.0,41648909359.0,0.829,198500000.0
2024-10-24,0.011082666666666666,0.0,0.0,41036131900.0,1.07,187800000.0
2024-10-25,0.009483,0.0,0.0,41610025357.0,0.842,401200000.0
2024-10-26,0.008571,0.0,0.0,39664113291.0,1.032,
2024-10-27,0.009355,0.0,0.0,39313905967.0,0.929,
2024-10-28,0.010098333333333332,0.0,0.0,40493519401.0,0.812,472600000.0
2024-10-29,0.012922666666666666,0.0,0.0,43307158841.0,0.57,827000000.0
2024-10-30,0.012935999999999998,0.0,0.0,46000222965.0,0.562,896300000.0
2024-10-31,0.011163333333333332,0.0,0.0,45722452537.0,0.618,31300000.0
2024-11-01,0.010688000000000001,0.0,0.0,44543248465.0,0.904,-54900000.0
2024-11-02,0.009701333333333333,0.0,0.0,42610182197.0,1.105,
2024-11-03,0.010481666666666667,0.0,0.0,41523174466.0,1.118,
2024-11-04,0.010224666666666667,0.0,0.0,42017073842.0,1.241,-541100000.0
2024-11-05,0.009166,0.0,0.0,41504803761.0,1.474,-116800000.0
2024-11-06,0.012725666666666668,0.0,0.0,42081807487.0,1.239,621900000.0
2024-11-07,0.0118,0.0,0.0,47818738924.0,0.658,1359400000.0
2024-11-08,0.009587666666666666,0.0,0.0,48848068526.0,0.65,292400000.0
2024-11-09,0.011338666666666665,0.0,0.0,49230279414.0,0.595,
2024-11-10,0.030737333333333335,0.0,0.0,48424272542.0,0.608,
2024-11-11,0.024130000000000002,0.0,0.0,51038060700.0,0.661,1121200000.0
2024-11-12,0.039613,0.0,0.0,55460400684.0,0.811,801700000.0
2024-11-13,0.018373999999999998,0.0,0.0,55783379889.0,0.764,509400000.0
2024-11-14,0.015032666666666666,0.0,0.0,57221655690.0,0.902,-402000000.0
2024-11-15,0.014396333333333336,0.0,0.0,56692634557.0,1.139,-370000000.0
2024-11-16,0.019871333333333335,0.0,0.0,57823670375.0,0.788,
2024-11-17,0.020326333333333335,0.0,0.0,57055049451.0,0.811,
2024-11-18,0.033104,0.0,0.0,57302094791.0,0.992,254800000.0
2024-11-19,0.022646333333333334,0.0,0.0,58754772148.0,0.912,813800000.0
2024-11-20,0.009938,0.0,0.0,60553675748.0,0.791,774600000.0
2024-11-21,0.014104666666666668,0.0,0.0,63459317575.0,0.607,1004900000.0
2024-11-22,0.014969000000000001,0.0,0.0,67097593723.0,0.713,485800000.0
2024-11-23,0.015799999999999998,0.0,0.0,66686805670.0,0.738,
2024-11-24,0.025272666666666666,0.0,0.0,65614507813.0,0.894,
2024-11-25,0.025402333333333332,0.0,0.0,65679370224.0,0.95,-435300000.0
2024-11-26,0.028926999999999998,0.0,0.0,64554127932.0,1.31,-122800000.0
2024-11-27,0.016770666666666666,0.0,0.0,61776561979.0,1.45,103000000.0
2024-11-28,0.018952333333333335,0.0,0.0,63730592012.0,0.966,0.0
2024-11-29,0.018899,0.0,0.0,63247421915.0,1.073,318600000.0
2024-11-30,0.016624,0.0,0.0,64504234822.0,0.864,
2024-12-01,0.018949666666666667,0.0,0.0,62140995210.0,0.981,
2024-12-02,0.017944,0.0,0.0,62841542422.0,0.911,353100000.0
2024-12-03,0.023803666666666667,0.0,0.0,62446485702.0,1.116,676000000.0
2024-12-04,0.029030333333333335,0.0,0.0,60646960955.0,1.07,682800000.0
2024-12-05,0.05349299999999999,0.0,0.0,63851348334.0,0.824,747800000.0
2024-12-06,0.017136666666666665,0.0,0.0,62765681443.0,1.355,372800000.0
2024-12-07,0.015527333333333332,0.0,0.0,63568054640.0,0.96,
2024-12-08,0.021838,0.0,0.0,63506860839.0,1.096,
2024-12-09,0.016622666666666668,0.0,0.0,64237297413.0,1.031,483600000.0
2024-12-10,0.009474666666666666,0.0,0.0,62514659944.0,1.405,438900000.0
2024-12-11,0.009895000000000001,0.0,0.0,61050424561.0,1.376,223100000.0
2024-12-12,0.010327666666666667,0.0,0.0,64150882454.0,0.743,596600000.0
2024-12-13,0.009283666666666667,0.0,0.0,65863239411.0,0.846,430700000.0
2024-12-14,0.009595666666666667,0.0,0.0,66291060624.0,0.707,
2024-12-15,0.009843666666666667,0.0,0.0,66668137660.0,0.764,
2024-12-16,0.010070666666666667,0.0,0.0,70375033548.0,0.628,637500000.0
2024-12-17,0.009675333333333333,0.0,0.0,71368047830.0,0.624,486100000.0
2024-12-18,0.008935666666666666,0.0,0.0,72443597581.0,0.677,272300000.0
2024-12-19,0.0076549999999999995,0.0,0.0,70885374377.0,1.195,-671900000.0
2024-12-20,0.007857999999999999,0.0,0.0,68551496026.0,1.549,-277000000.0
2024-12-21,0.005726666666666667,0.0,0.0,66493011469.0,1.417,
2024-12-22,0.007990666666666667,0.0,0.0,64656079693.0,1.374,
2024-12-23,0.008612666666666666,0.0,0.0,64515938650.0,1.535,-226500000.0
2024-12-24,0.009638333333333334,0.0,0.0,66100515719.0,2.006,-338400000.0
2024-12-25,0.010114666666666666,0.0,0.0,66810081836.0,1.102,0.0
2024-12-26,0.008807666666666667,0.0,0.0,66671680917.0,1.101,475200000.0
2024-12-27,0.009998666666666668,0.0,0.0,66853802361.0,1.536,-287900000.0
2024-12-28,0.0069489999999999994,0.0,0.0,65040938332.0,1.78,
2024-12-29,0.006318666666666667,0.0,0.0,64515869411.0,1.734,
2024-12-30,0.009356333333333333,0.0,0.0,64267370765.0,1.856,-415100000.0
2024-12-31,0.011359666666666665,0.0,0.0,64898317717.0,2.04,5300000.0
2025-01-01,0.012746333333333333,0.0,0.0,62447660878.0,1.822,0.0
2025-01-02,0.011927666666666665,0.0,0.0,63319534320.0,1.682,-242300000.0
2025-01-03,0.008471,0.0,0.0,64858506484.0,1.146,907300000.0
2025-01-04,0.009006666666666668,0.0,0.0,64251622580.0,1.088,
2025-01-05,0.009611,0.0,0.0,62778458171.0,1.128,
2025-01-06,0.008319,0.0,0.0,62804137338.0,1.128,978600000.0
2025-01-07,0.008522,0.0,0.0,66928818654.0,0.762,52400000.0
2025-01-08,0.007902333333333332,0.0,0.0,63880515502.0,1.554,-568800000.0
2025-01-09,0.0048913333333333335,0.0,0.0,62208145280.0,1.814,0.0
2025-01-10,0.0066096666666666665,0.0,0.0,60228538355.0,2.153,-149400000.0
2025-01-11,0.007300000000000001,0.0,0.0,61552105034.0,1.693,
2025-01-12,0.008810666666666666,0.0,0.0,60351976186.0,1.736,
2025-01-13,0.008646333333333334,0.0,0.0,60733186391.0,1.743,-284100000.0
2025-01-14,0.00796,0.0,0.0,60589116602.0,1.689,-209800000.0
2025-01-15,0.005588,0.0,0.0,61605121759.0,1.244,755100000.0
2025-01-16,0.009412666666666666,0.0,0.0,64639286109.0,0.87,626100000.0
2025-01-17,0.008253,0.0,0.0,64333801849.0,0.904,975600000.0
2025-01-18,0.011658666666666666,0.0,0.0,68747691576.0,0.717,
2025-01-19,0.013651666666666666,0.0,0.0,68229778116.0,0.79,
2025-01-20,0.01975733333333333,0.0,0.0,66694767269.0,1.017,0.0
2025-01-21,0.009911999999999999,0.0,0.0,67355252501.0,1.121,802600000.0
2025-01-22,0.007097333333333333,0.0,0.0,70121204638.0,0.786,248700000.0
2025-01-23,0.007187666666666666,0.0,0.0,68173727491.0,1.098,188700000.0
2025-01-24,0.006168,0.0,0.0,68138934870.0,1.121,517700000.0
2025-01-25,0.009325333333333333,0.0,0.0,67758197575.0,0.835,
2025-01-26,0.009605333333333334,0.0,0.0,66134927961.0,0.963,
2025-01-27,0.005229666666666667,0.0,0.0,65639745122.0,1.152,-457600000.0
2025-01-28,0.007747666666666667,0.0,0.0,66795604450.0,1.519,18400000.0
2025-01-29,0.008258333333333333,0.0,0.0,63549099252.0,1.319,92000000.0
2025-01-30,0.008086666666666667,0.0,0.0,65138045417.0,1.009,588100000.0
2025-01-31,0.007390000000000001,0.0,0.0,65836689561.0,0.818,318600000.0
2025-02-01,0.005933333333333333,0.0,0.0,66243120624.0,1.518,
2025-02-02,0.004512666666666667,0.0,0.0,64339670516.0,1.637,
2025-02-03,3.166666666666668e-05,0.0,0.0,63462914276.0,2.16,-234400000.0
2025-02-04,0.005941666666666667,0.0,0.0,63470296442.0,1.334,340700000.0
2025-02-05,0.005718666666666667,0.0,0.0,59369717258.0,1.67,66400000.0
2025-02-06,0.005654333333333333,0.0,0.0,59189886991.0,1.754,-140200000.0
2025-02-07,0.0039003333333333338,0.0,0.0,59204664597.0,1.975,171300000.0
2025-02-08,0.003597666666666667,0.0,0.0,58986307372.0,2.028,
2025-02-09,0.005317666666666668,0.0,0.0,58711101847.0,1.939,
2025-02-10,0.0074923333333333335,0.0,0.0,59010363024.0,2.028,-186300000.0
2025-02-11,0.004728666666666667,0.0,0.0,60238735403.0,1.587,-56700000.0
2025-02-12,0.006868,0.0,0.0,61416653190.0,2.306,-251000000.0
2025-02-13,0.0075120000000000004,0.0,0.0,62040623898.0,1.478,-156800000.0
2025-02-14,0.005125333333333333,0.0,0.0,61381188152.0,2.087,70600000.0
2025-02-15,0.005964666666666667,0.0,0.0,61698197741.0,1.424,
2025-02-16,0.00586,0.0,0.0,61044768021.0,1.449,
2025-02-17,0.006855,0.0,0.0,60566116759.0,1.753,0.0
2025-02-18,0.009258333333333334,0.0,0.0,61490903664.0,2.223,-60700000.0
2025-02-19,0.006206666666666667,0.0,0.0,63056842362.0,2.374,-64100000.0
2025-02-20,0.0019050000000000002,0.0,0.0,62076108751.0,1.585,-364800000.0
2025-02-21,0.010105333333333332,0.0,0.0,65084181137.0,1.063,-62900000.0
2025-02-22,0.007695333333333333,0.0,0.0,61103269551.0,1.937,
2025-02-23,0.007406666666666666,0.0,0.0,59143508903.0,1.603,
2025-02-24,0.009031333333333334,0.0,0.0,59460450533.0,2.004,-516400000.0
2025-02-25,0.008664,0.0,0.0,59761077511.0,2.582,-1012700000.0
2025-02-26,0.008453666666666667,0.0,0.0,57909441763.0,2.942,-754600000.0
2025-02-27,0.007745666666666667,0.0,0.0,53921805432.0,2.827,-275900000.0
2025-02-28,0.005354666666666667,0.0,0.0,53383234648.0,2.668,94300000.0
2025-03-01,0.0015113333333333333,0.0,0.0,51263510257.0,1.795,
2025-03-02,0.0010256666666666667,0.0,0.0,51822562829.0,1.727,
2025-03-03,0.006495666666666667,0.0,0.0,56352723926.0,1.273,-74200000.0
2025-03-04,0.0020473333333333333,0.0,0.0,50307283804.0,2.286,-143500000.0
2025-03-05,0.0037396666666666667,0.0,0.0,47857665857.0,1.769,22100000.0
2025-03-06,0.005508333333333333,0.0,0.0,50657943341.0,1.293,-134300000.0
2025-03-07,0.004046666666666666,0.0,0.0,50490778606.0,1.416,-409300000.0
2025-03-08,0.0012963333333333334,0.0,0.0,49199429026.0,2.167,
2025-03-09,0.004112333333333333,0.0,0.0,48583993947.0,2.324,
2025-03-10,0.0033996666666666667,0.0,0.0,47549565351.0,2.704,-278400000.0
2025-03-11,0.0037373333333333334,0.0,0.0,46356220729.0,2.704,-371000000.0
2025-03-12,0.003764333333333333,0.0,0.0,47220582468.0,1.796,13300000.0
2025-03-13,0.003446,0.0,0.0,47733913890.0,1.842,-135200000.0
2025-03-14,0.0017243333333333331,0.0,0.0,47848315416.0,2.415,-59200000.0
2025-03-15,0.0008326666666666666,0.0,0.0,50047173021.0,1.219,
2025-03-16,0.0007196666666666666,0.0,0.0,50352132244.0,1.327,
2025-03-17,0.00191,0.0,0.0,48800354264.0,1.677,274600000.0
2025-03-18,0.004489,0.0,0.0,49971123687.0,1.308,209100000.0
2025-03-19,0.001993,0.0,0.0,49333822762.0,2.114,11800000.0
2025-03-20,0.004275,0.0,0.0,57041434160.0,1.048,165700000.0
2025-03-21,0.0028020000000000002,0.0,0.0,55941851594.0,1.643,83100000.0
2025-03-22,0.0013156666666666666,0.0,0.0,56136691417.0,1.571,
2025-03-23,0.000889,0.0,0.0,54877061441.0,1.55,
2025-03-24,-0.001268,0.0,0.0,58007242765.0,1.192,84200000.0
2025-03-25,-0.00028633333333333316,0.0,0.0,61867126606.0,0.822,26800000.0
2025-03-26,0.0020703333333333333,0.0,0.0,59755829804.0,0.918,89600000.0
2025-03-27,0.00024766666666666665,0.0,0.0,57900140059.0,1.093,89000000.0
2025-03-28,0.006476333333333334,0.0,0.0,58013423548.0,1.028,-93200000.0
2025-03-29,0.003649333333333333,0.0,0.0,57280281712.0,2.067,
2025-03-30,0.002364,0.0,0.0,54748543233.0,2.008,
2025-03-31,0.004362666666666667,0.0,0.0,53848167348.0,1.999,-60600000.0
2025-04-01,0.003155,0.0,0.0,52875838379.0,1.966,-157800000.0
2025-04-02,0.0038816666666666665,0.0,0.0,55812287887.0,1.12,218100000.0
2025-04-03,0.007275333333333334,0.0,0.0,53319080406.0,1.474,-99800000.0
2025-04-04,0.007885666666666666,0.0,0.0,54152287914.0,1.952,-64900000.0
2025-04-05,0.006374666666666667,0.0,0.0,55156162904.0,1.21,
2025-04-06,0.004800333333333333,0.0,0.0,53922049657.0,1.618,
2025-04-07,0.004042666666666667,0.0,0.0,53346878913.0,2.206,-103900000.0
2025-04-08,0.006797333333333333,0.0,0.0,51516340061.0,1.61,-326300000.0
2025-04-09,0.005634,0.0,0.0,51390033544.0,2.14,-127200000.0
2025-04-10,0.004248333333333333,0.0,0.0,56240134012.0,0.894,-149500000.0
2025-04-11,0.0029276666666666665,0.0,0.0,52262682106.0,1.75,-1000000.0
2025-04-12,0.0037199999999999998,0.0,0.0,56864537323.0,0.78,
2025-04-13,0.006213666666666666,0.0,0.0,59563231426.0,0.737,
2025-04-14,0.0027346666666666665,0.0,0.0,56329433309.0,0.955,1500000.0
2025-04-15,0.003481,0.0,0.0,56740381379.0,0.919,76400000.0
2025-04-16,0.0017033333333333334,0.0,0.0,53649562200.0,1.039,-171100000.0
2025-04-17,0.002494,0.0,0.0,53067619321.0,0.981,106900000.0
2025-04-18,0.0036416666666666667,0.0,0.0,55536886031.0,0.837,0.0
2025-04-19,0.0034326666666666668,0.0,0.0,57705216142.0,1.001,
2025-04-20,0.002193,0.0,0.0,57414123240.0,0.843,
2025-04-21,0.0016279999999999999,0.0,0.0,56489435104.0,1.012,381300000.0
2025-04-22,-0.006061666666666667,0.0,0.0,59109229592.0,0.741,912700000.0
2025-04-23,0.0009986666666666666,0.0,0.0,67926506951.0,0.604,917000000.0
2025-04-24,0.0005073333333333333,0.0,0.0,65244618499.0,0.613,442000000.0
2025-04-25,-0.0033766666666666667,0.0,0.0,66058230141.0,0.648,380000000.0
2025-04-26,0.0020366666666666667,0.0,0.0,68049919862.0,0.579,
2025-04-27,0.0029063333333333333,0.0,0.0,65970483044.0,0.665,
2025-04-28,0.0009216666666666667,0.0,0.0,63706744594.0,0.711,591200000.0
2025-04-29,0.0013713333333333331,0.0,0.0,64296226684.0,0.689,172800000.0
2025-04-30,0.004095666666666667,0.0,0.0,62636090931.0,0.689,-56300000.0
2025-05-01,-0.004345333333333334,0.0,0.0,62215578761.0,0.775,422500000.0
2025-05-02,-0.004046333333333333,0.0,0.0,66915118495.0,0.571,674900000.0
2025-05-03,0.0017373333333333331,0.0,0.0,66957347043.0,0.616,
2025-05-04,0.003124333333333333,0.0,0.0,64966094706.0,0.713,
2025-05-05,0.004185,0.0,0.0,63271330908.0,0.802,425500000.0
2025-05-06,0.0034909999999999997,0.0,0.0,63717495575.0,0.857,-85700000.0
2025-05-07,0.0015276666666666668,0.0,0.0,65705426314.0,0.721,142300000.0
2025-05-08,0.0048983333333333335,0.0,0.0,65567739276.0,0.721,117400000.0
2025-05-09,0.00781,0.0,0.0,68165926148.0,0.584,321400000.0
2025-05-10,0.008551000000000001,0.0,0.0,66718520937.0,0.602,
2025-05-11,0.009675999999999999,0.0,0.0,66745975957.0,0.625,
2025-05-12,0.009374333333333333,0.0,0.0,67746369621.0,0.618,5200000.0
2025-05-13,0.007271333333333334,0.0,0.0,67791431995.0,0.806,-91400000.0
2025-05-14,0.004824,0.0,0.0,68146708048.0,0.681,319500000.0
2025-05-15,0.004660666666666666,0.0,0.0,66806221283.0,0.748,114900000.0
2025-05-16,0.004044,0.0,0.0,67474847024.0,0.762,260200000.0
2025-05-17,0.004437666666666667,0.0,0.0,67346171136.0,0.69,
2025-05-18,0.007384666666666667,0.0,0.0,66497049293.0,0.75,
2025-05-19,0.006535666666666666,0.0,0.0,70868436320.0,0.631,667400000.0
2025-05-20,0.004849333333333333,0.0,0.0,72459489780.0,0.605,329200000.0
2025-05-21,0.010050666666666668,0.0,0.0,75014429251.0,0.524,607100000.0
2025-05-22,0.008473666666666666,0.0,0.0,78815541163.0,0.494,934800000.0
2025-05-23,0.008291333333333333,0.0,0.0,81088443420.0,0.464,211700000.0
2025-05-24,0.005169666666666667,0.0,0.0,77240158909.0,0.712,
2025-05-25,0.005432333333333333,0.0,0.0,75635288220.0,0.711,
2025-05-26,0.007965,0.0,0.0,76461435392.0,0.749,0.0
2025-05-27,0.004058,0.0,0.0,78439347244.0,0.608,385400000.0
2025-05-28,0.005201333333333333,0.0,0.0,78337719770.0,0.648,432700000.0
2025-05-29,0.006471333333333333,0.0,0.0,78606323862.0,1.052,-346800000.0
2025-05-30,0.007091333333333334,0.0,0.0,77483783604.0,1.187,-616100000.0
2025-05-31,0.0061849999999999995,0.0,0.0,72585863755.0,1.203,
2025-06-01,0.005402333333333333,0.0,0.0,72478707990.0,1.191,
2025-06-02,0.006227,0.0,0.0,73188390669.0,1.136,-267500000.0
2025-06-03,0.004288333333333333,0.0,0.0,72991658027.0,1.072,375100000.0
2025-06-04,0.003779333333333333,0.0,0.0,71481184649.0,0.921,87000000.0
2025-06-05,0.0049830000000000004,0.0,0.0,70665771756.0,1.032,-278400000.0
2025-06-06,-0.00293,0.0,0.0,71155973683.0,1.427,-47800000.0
2025-06-07,0.0003896666666666667,0.0,0.0,71756639361.0,0.735,
2025-06-08,-0.0018806666666666666,0.0,0.0,72493546208.0,0.682,
2025-06-09,0.0013299999999999998,0.0,0.0,72534109193.0,0.668,386200000.0
2025-06-10,0.008385666666666666,0.0,0.0,77742719856.0,0.515,431200000.0
2025-06-11,0.006772333333333334,0.0,0.0,75986179405.0,0.529,164600000.0
2025-06-12,0.005474333333333334,0.0,0.0,74511406508.0,0.615,86300000.0
2025-06-13,0.003564666666666667,0.0,0.0,71612385294.0,0.935,301700000.0
2025-06-14,0.0017236666666666667,0.0,0.0,70645441202.0,0.854,
2025-06-15,0.006613333333333333,0.0,0.0,69597799824.0,0.88,
2025-06-16,0.0026353333333333333,0.0,0.0,69954239564.0,0.882,433900000.0
2025-06-17,0.004763666666666667,0.0,0.0,72875435129.0,0.597,216500000.0
2025-06-18,0.004417666666666666,0.0,0.0,70821198092.0,1.153,388300000.0
2025-06-19,0.004330333333333333,0.0,0.0,69927248990.0,1.035,0.0
2025-06-20,0.006521333333333333,0.0,0.0,69858421965.0,1.037,6400000.0
2025-06-21,0.004608,0.0,0.0,70315649534.0,1.276,
2025-06-22,0.0046426666666666665,0.0,0.0,68451184221.0,1.218,
2025-06-23,0.0005963333333333334,0.0,0.0,68280654299.0,1.2,350600000.0
2025-06-24,0.001266,0.0,0.0,69264709917.0,0.772,588600000.0
2025-06-25,-0.00012266666666666676,0.0,0.0,70167582967.0,0.663,547700000.0
2025-06-26,0.0011576666666666667,0.0,0.0,73883167498.0,0.526,226700000.0
2025-06-27,2.1666666666666725e-05,0.0,0.0,73123794842.0,0.538,501200000.0
2025-06-28,0.0036193333333333333,0.0,0.0,70798994825.0,0.569,
2025-06-29,0.0048916666666666666,0.0,0.0,70858212659.0,0.568,
2025-06-30,0.004046,0.0,0.0,72677171351.0,0.555,102100000.0
2025-07-01,0.004408,0.0,0.0,71459970787.0,0.604,-342200000.0
2025-07-02,0.0020183333333333334,0.0,0.0,68893357176.0,0.753,407800000.0
2025-07-03,0.0047669999999999995,0.0,0.0,75065656008.0,0.441,601800000.0
2025-07-04,0.005585666666666667,0.0,0.0,76702728379.0,0.454,0.0
2025-07-05,0.0036623333333333334,0.0,0.0,73231890662.0,0.673,
2025-07-06,0.004652666666666667,0.0,0.0,72713775889.0,0.624,
2025-07-07,0.006039666666666666,0.0,0.0,73991321922.0,0.593,216500000.0
2025-07-08,0.004331666666666667,0.0,0.0,73779180675.0,0.666,75300000.0
2025-07-09,0.005246999999999999,0.0,0.0,73895446943.0,0.578,215700000.0
2025-07-10,0.004132,0.0,0.0,78698690195.0,0.45,1175600000.0
2025-07-11,0.009872333333333334,0.0,0.0,81353163223.0,0.459,1029600000.0
2025-07-12,0.008211333333333333,0.0,0.0,83485448409.0,0.473,
2025-07-13,0.007426333333333333,0.0,0.0,82389782740.0,0.483,
2025-07-14,0.012468,0.0,0.0,85014637598.0,0.484,297400000.0
2025-07-15,0.011967,0.0,0.0,87885289129.0,0.579,403100000.0
2025-07-16,0.012862,0.0,0.0,86128741998.0,0.817,799400000.0
2025-07-17,0.011561,0.0,0.0,86760887431.0,0.703,522600000.0
2025-07-18,0.010859666666666665,0.0,0.0,86861989727.0,0.639,363500000.0
2025-07-19,0.010285333333333334,0.0,0.0,85774464631.0,0.814,
2025-07-20,0.01092,0.0,0.0,84325575950.0,0.818,
2025-07-21,0.010828666666666667,0.0,0.0,84264228164.0,0.894,-131400000.0
2025-07-22,0.014169666666666665,0.0,0.0,85425640539.0,1.019,-68000000.0
2025-07-23,0.011665,0.0,0.0,86813694819.0,0.69,-85800000.0
2025-07-24,0.011160999999999999,0.0,0.0,84223342890.0,0.891,226700000.0
2025-07-25,0.014152999999999999,0.0,0.0,83507940443.0,0.825,130800000.0
2025-07-26,0.011602333333333334,0.0,0.0,87361613222.0,1.103,
2025-07-27,0.010050666666666668,0.0,0.0,84348918710.0,0.867,
2025-07-28,0.011404666666666667,0.0,0.0,86008684800.0,0.796,157100000.0
2025-07-29,0.009807000000000001,0.0,0.0,84789339846.0,0.952,80000000.0
2025-07-30,0.008859,0.0,0.0,83576288966.0,1.01,47100000.0
2025-07-31,0.007447333333333334,0.0,0.0,84124892247.0,1.043,-114800000.0
2025-08-01,0.005816333333333333,0.0,0.0,83627213633.0,1.154,-812300000.0
2025-08-02,0.006292666666666666,0.0,0.0,82682804338.0,1.503,
2025-08-03,0.0045,0.0,0.0,79685076799.0,1.554,
2025-08-04,0.007961333333333332,0.0,0.0,79555876721.0,1.494,-323500000.0
2025-08-05,0.008546333333333335,0.0,0.0,79253484852.0,1.404,-196200000.0
2025-08-06,0.007339333333333333,0.0,0.0,79063680968.0,1.468,91600000.0
2025-08-07,0.005156999999999999,0.0,0.0,78403871085.0,1.182,277400000.0
2025-08-08,0.008303666666666666,0.0,0.0,81189938809.0,1.011,403900000.0
2025-08-09,0.009805000000000001,0.0,0.0,79271599162.0,1.086,
2025-08-10,0.011906,0.0,0.0,79113735440.0,1.248,
2025-08-11,0.009721333333333334,0.0,0.0,80101314164.0,0.939,178100000.0
2025-08-12,0.010068666666666665,0.0,0.0,80205812880.0,0.989,65900000.0
2025-08-13,0.012554333333333334,0.0,0.0,80679637111.0,1.028,86900000.0
2025-08-14,0.010575000000000001,0.0,0.0,84252459881.0,0.74,230800000.0
2025-08-15,0.008478666666666667,0.0,0.0,82983006396.0,1.329,-14100000.0
2025-08-16,0.005954333333333333,0.0,0.0,81773847177.0,1.38,
2025-08-17,0.006222333333333333,0.0,0.0,82149988972.0,1.303,
2025-08-18,0.0043356666666666665,0.0,0.0,82762673070.0,1.338,-121700000.0
2025-08-19,0.006421666666666667,0.0,0.0,82068921340.0,1.375,-523300000.0
2025-08-20,0.007113666666666667,0.0,0.0,80198452878.0,1.65,-315900000.0
2025-08-21,0.010145000000000001,0.0,0.0,80843505048.0,1.625,-194400000.0
2025-08-22,0.009755666666666668,0.0,0.0,81141390558.0,1.874,-23200000.0
2025-08-23,0.011116333333333334,0.0,0.0,83926761942.0,1.343,
2025-08-24,0.012055333333333335,0.0,0.0,83438009198.0,1.67,
2025-08-25,0.009842333333333333,0.0,0.0,84927840487.0,1.793,219100000.0
2025-08-26,0.007168000000000001,0.0,0.0,81912813660.0,2.035,88100000.0
2025-08-27,0.006798000000000001,0.0,0.0,82426916862.0,1.915,81400000.0
2025-08-28,0.008322999999999999,0.0,0.0,80423396965.0,1.803,178900000.0
2025-08-29,0.007429333333333334,0.0,0.0,81147876268.0,1.688,-126700000.0
2025-08-30,0.007554333333333333,0.0,0.0,80739560024.0,2.323,
2025-08-31,0.007469,0.0,0.0,79823707524.0,2.299,
2025-09-01,0.009074333333333334,0.0,0.0,79492098925.0,2.155,
2025-09-02,0.007442,0.0,0.0,79807635482.0,2.016,332800000.0
2025-09-03,0.004717666666666666,0.0,0.0,81865870745.0,1.519,300500000.0
2025-09-04,0.006509333333333333,0.0,0.0,80726640466.0,1.383,-222900000.0
2025-09-05,0.007843666666666667,0.0,0.0,79214545116.0,1.72,-160100000.0
2025-09-06,0.006905666666666667,0.0,0.0,79789825345.0,1.775,
2025-09-07,0.008245666666666667,0.0,0.0,78817052174.0,1.911,
2025-09-08,0.007165,0.0,0.0,78768869043.0,1.672,364300000.0
2025-09-09,0.009023999999999999,0.0,0.0,80958736770.0,1.4,23000000.0
2025-09-10,0.0072900000000000005,0.0,0.0,82621176529.0,1.796,741500000.0
2025-09-11,0.004463333333333333,0.0,0.0,83846635871.0,1.124,552700000.0
2025-09-12,0.004171666666666667,0.0,0.0,85926478409.0,1.023,642400000.0
2025-09-13,0.0066496666666666674,0.0,0.0,85910327924.0,0.987,
2025-09-14,0.007595,0.0,0.0,83852011145.0,1.038,
2025-09-15,0.007405333333333333,0.0,0.0,82737081408.0,1.081,259900000.0
2025-09-16,0.006213,0.0,0.0,82937829849.0,1.177,292300000.0
2025-09-17,0.007023000000000001,0.0,0.0,84879930302.0,0.909,-51300000.0
2025-09-18,0.007138333333333333,0.0,0.0,83910842639.0,1.21,163000000.0
2025-09-19,0.007213666666666667,0.0,0.0,85788596987.0,0.941,222600000.0
2025-09-20,0.004541666666666667,0.0,0.0,84907676644.0,1.252,
2025-09-21,0.006283666666666667,0.0,0.0,83727565527.0,1.248,
2025-09-22,0.005367666666666666,0.0,0.0,83110695518.0,1.266,-363100000.0
2025-09-23,0.006382333333333334,0.0,0.0,82092473864.0,1.491,-103800000.0
2025-09-24,0.004592,0.0,0.0,81673969738.0,1.608,241000000.0
2025-09-25,0.007173,0.0,0.0,81291604909.0,1.24,-253400000.0
2025-09-26,0.005061,0.0,0.0,77936909894.0,1.803,-418300000.0
2025-09-27,0.004815333333333334,0.0,0.0,78154398112.0,1.792,
2025-09-28,0.004693666666666666,0.0,0.0,77218259066.0,1.782,
2025-09-29,0.0033956666666666666,0.0,0.0,80108903075.0,1.49,518000000.0
2025-09-30,0.006206,0.0,0.0,83698368633.0,1.023,429900000.0
2025-10-01,0.0055963333333333325,0.0,0.0,81336874953.0,1.068,675800000.0
2025-10-02,0.006103333333333333,0.0,0.0,87034254188.0,0.784,627200000.0
2025-10-03,0.006405666666666667,0.0,0.0,89572953069.0,0.672,985100000.0
2025-10-04,0.008096666666666667,0.0,0.0,90273394516.0,0.62,
2025-10-05,0.009464666666666666,0.0,0.0,90162480707.0,0.628,
2025-10-06,0.006750333333333333,0.0,0.0,93380811246.0,0.661,1190100000.0
2025-10-07,0.007605999999999999,0.0,0.0,95278316508.0,0.56,875600000.0
2025-10-08,0.006498333333333334,0.0,0.0,91238291983.0,0.786,440700000.0
2025-10-09,0.0059770000000000005,0.0,0.0,91528529221.0,0.698,197800000.0
2025-10-10,0.0013296666666666665,0.0,0.0,91264227115.0,0.904,-4500000.0
2025-10-11,0.00699,0.0,0.0,71248990222.0,1.186,
2025-10-12,0.0022793333333333333,0.0,0.0,70489252480.0,1.402,
2025-10-13,0.0036153333333333332,0.0,0.0,75561817035.0,1.556,-326400000.0
2025-10-14,0.003068,0.0,0.0,75747136524.0,1.33,102700000.0
2025-10-15,0.005007,0.0,0.0,74239429935.0,1.675,-104100000.0
2025-10-16,0.004245,0.0,0.0,72613684409.0,1.976,-530900000.0
2025-10-17,0.002206,0.0,0.0,74508058563.0,2.407,-366600000.0
2025-10-18,0.0020466666666666667,0.0,0.0,70642390817.0,2.141,
2025-10-19,0.0027043333333333333,0.0,0.0,69966763931.0,2.122,
2025-10-20,0.004896,0.0,0.0,71577771687.0,2.06,-40400000.0
2025-10-21,0.004751,0.0,0.0,73291988712.0,1.708,477200000.0
2025-10-22,0.006409666666666667,0.0,0.0,70810542146.0,1.81,-101400000.0
2025-10-23,0.004987666666666667,0.0,0.0,68948963114.0,2.3,20300000.0
2025-10-24,0.004500666666666667,0.0,0.0,70396239324.0,1.776,90600000.0
2025-10-25,0.004501000000000001,0.0,0.0,72486189615.0,1.627,
2025-10-26,0.006583000000000001,0.0,0.0,72798020605.0,1.454,
2025-10-27,0.006904333333333334,0.0,0.0,75603363413.0,1.275,149300000.0
2025-10-28,0.005648,0.0,0.0,76063147034.0,1.174,202400000.0
2025-10-29,0.004714,0.0,0.0,74771495125.0,1.442,-470700000.0
2025-10-30,0.004979666666666667,0.0,0.0,75331844735.0,2.042,-488400000.0
2025-10-31,0.007289333333333334,0.0,0.0,74703979497.0,2.635,-191600000.0
2025-11-01,0.007248999999999999,0.0,0.0,72254940295.0,1.971,
2025-11-02,0.007350666666666668,0.0,0.0,71504027808.0,1.875,
2025-11-03,0.007104,0.0,0.0,71370430230.0,1.919,-186500000.0
2025-11-04,0.006578666666666667,0.0,0.0,70763169442.0,2.221,-566400000.0
2025-11-05,0.004061,0.0,0.0,68598013907.0,2.757,-137000000.0
2025-11-06,0.006188666666666666,0.0,0.0,70535867480.0,2.389,239900000.0
2025-11-07,0.006274666666666667,0.0,0.0,70109102913.0,2.575,-558400000.0
2025-11-08,0.004854666666666667,0.0,0.0,72014930343.0,2.414,
2025-11-09,0.0056553333333333325,0.0,0.0,69656421879.0,2.648,
2025-11-10,0.005048,0.0,0.0,69562211123.0,2.181,1200000.0
2025-11-11,0.005883333333333333,0.0,0.0,70136720460.0,1.762,524000000.0
2025-11-12,0.004882999999999999,0.0,0.0,69122926306.0,2.322,-278100000.0
2025-11-13,0.0066563333333333335,0.0,0.0,67823061288.0,2.685,-866700000.0
2025-11-14,0.008216,0.0,0.0,69339145938.0,3.263,-492100000.0
2025-11-15,0.006154,0.0,0.0,67600231157.0,3.325,
2025-11-16,0.007894,0.0,0.0,67445059984.0,3.156,
2025-11-17,0.009370333333333333,0.0,0.0,67795692903.0,3.355,-254600000.0
2025-11-18,0.006666999999999999,0.0,0.0,68456256109.0,3.658,-372800000.0
2025-11-19,0.006235,0.0,0.0,67044327588.0,2.656,75400000.0
2025-11-20,0.00786,0.0,0.0,68052929516.0,3.433,-903200000.0
2025-11-21,0.0052116666666666665,0.0,0.0,66225014093.0,3.993,238400000.0
2025-11-22,0.005035,0.0,0.0,59825253721.0,2.606,
2025-11-23,0.0013343333333333332,0.0,0.0,59100882395.0,2.445,
2025-11-24,0.00023866666666666654,0.0,0.0,60873439167.0,2.25,-151000000.0
2025-11-25,0.002097,0.0,0.0,61564591286.0,1.964,128700000.0
2025-11-26,0.0017423333333333334,0.0,0.0,60268213259.0,2.438,21100000.0
2025-11-27,0.0023566666666666666,0.0,0.0,61967972369.0,1.749,
2025-11-28,0.0012903333333333332,0.0,0.0,60996691225.0,1.525,71400000.0
2025-11-29,0.004750666666666667,0.0,0.0,60576105443.0,1.708,
2025-11-30,0.004407,0.0,0.0,59766168568.0,1.693,
2025-12-01,0.0030713333333333335,0.0,0.0,60201920847.0,1.736,8500000.0
2025-12-02,0.0011603333333333333,0.0,0.0,58905186843.0,2.137,58500000.0
2025-12-03,0.0022073333333333333,0.0,0.0,59980157280.0,1.427,-14900000.0
2025-12-04,0.003271,0.0,0.0,61014606282.0,1.459,-194600000.0
2025-12-05,0.004561333333333333,0.0,0.0,60527499410.0,1.445,54800000.0
2025-12-06,0.002181666666666667,0.0,0.0,58527158013.0,1.897,
2025-12-07,0.0033146666666666667,0.0,0.0,57433511585.0,1.921,
2025-12-08,0.0038916666666666665,0.0,0.0,58232299151.0,2.067,-60400000.0
2025-12-09,0.003497,0.0,0.0,58753923551.0,2.107,151900000.0
2025-12-10,0.004686,0.0,0.0,59522181176.0,1.496,223500000.0
2025-12-11,0.0051589999999999995,0.0,0.0,59879522356.0,1.764,-77500000.0
2025-12-12,0.004855333333333333,0.0,0.0,60911976543.0,1.66,49100000.0
2025-12-13,0.0069763333333333335,0.0,0.0,59716047898.0,2.205,
2025-12-14,0.004397333333333333,0.0,0.0,60816458558.0,2.183,
2025-12-15,0.004306,0.0,0.0,62433801025.0,2.37,-357600000.0
2025-12-16,0.004637,0.0,0.0,62245479578.0,2.986,-277200000.0
2025-12-17,0.0071193333333333325,0.0,0.0,59888941810.0,2.184,457300000.0
2025-12-18,0.006240333333333334,0.0,0.0,58337861703.0,2.452,-161300000.0
2025-12-19,0.008668333333333333,0.0,0.0,58056273737.0,2.441,-158300000.0
2025-12-20,0.004814666666666667,0.0,0.0,60157787674.0,1.567,
2025-12-21,0.006231666666666667,0.0,0.0,59608460549.0,1.565,
2025-12-22,0.005579333333333333,0.0,0.0,59207256564.0,1.711,-142200000.0
2025-12-23,0.006349333333333334,0.0,0.0,60182869315.0,1.904,-188600000.0
2025-12-24,0.007458,0.0,0.0,59338214031.0,2.263,-175300000.0
2025-12-25,0.006802666666666666,0.0,0.0,58521282782.0,2.275,
2025-12-26,0.007622,0.0,0.0,57582961528.0,2.128,-275900000.0
2025-12-27,0.004925666666666667,0.0,0.0,57361303611.0,2.556,
2025-12-28,0.007791333333333333,0.0,0.0,57568092104.0,2.396,
2025-12-29,0.008200333333333332,0.0,0.0,58401360043.0,2.253,-19300000.0
2025-12-30,0.007233666666666666,0.0,0.0,58792524486.0,2.842,355100000.0
2025-12-31,0.008663,0.0,0.0,57689592044.0,2.043,-348100000.0
2026-01-01,0.007556666666666667,0.0,0.0,55535372964.0,2.611,
2026-01-02,0.002374666666666667,0.0,0.0,56541819652.0,2.273,471300000.0
2026-01-03,0.004019000000000001,0.0,0.0,57640074523.0,1.393,
2026-01-04,0.004532666666666667,0.0,0.0,57896412769.0,1.382,
2026-01-05,0.003793666666666666,0.0,0.0,59620439774.0,1.369,697200000.0
2026-01-06,0.006303666666666666,0.0,0.0,63012153138.0,1.05,-243200000.0
2026-01-07,0.009588333333333332,0.0,0.0,61675606871.0,1.479,-486100000.0
2026-01-08,0.005911,0.0,0.0,63143360468.0,2.151,-398800000.0
2026-01-09,0.006214333333333333,0.0,0.0,63126400467.0,2.187,-250000000.0
2026-01-10,0.008408333333333334,0.0,0.0,61770208348.0,2.259,
2026-01-11,0.006259999999999999,0.0,0.0,62060935894.0,2.267,
2026-01-12,0.005636666666666667,0.0,0.0,62868353991.0,2.33,116700000.0
2026-01-13,0.005831666666666666,0.0,0.0,61024336272.0,1.879,753800000.0
2026-01-14,0.0026703333333333336,0.0,0.0,64011872545.0,1.117,840600000.0
2026-01-15,0.003328,0.0,0.0,67207866535.0,0.875,100200000.0
2026-01-16,0.004574666666666667,0.0,0.0,65094660233.0,1.142,-394700000.0
2026-01-17,0.0030670000000000003,0.0,0.0,63917443292.0,1.295,
2026-01-18,0.0063549999999999995,0.0,0.0,62593132068.0,1.361,
2026-01-19,0.004354333333333333,0.0,0.0,61852929432.0,1.513,
2026-01-20,0.006690333333333333,0.0,0.0,62273173789.0,2.01,-479700000.0
2026-01-21,0.005140666666666667,0.0,0.0,61312764921.0,2.536,-708700000.0
2026-01-22,0.0066563333333333335,0.0,0.0,61032402957.0,2.32,-32200000.0
2026-01-23,0.004728,0.0,0.0,60554827237.0,2.483,-103500000.0
2026-01-24,0.005292333333333333,0.0,0.0,59578891607.0,2.301,
2026-01-25,0.006214,0.0,0.0,59742914700.0,2.519,
2026-01-26,0.005177333333333333,0.0,0.0,59201035791.0,2.854,6800000.0
2026-01-27,0.006527666666666667,0.0,0.0,59246192123.0,2.391,-147400000.0
2026-01-28,0.006440333333333333,0.0,0.0,61133528371.0,2.112,-19600000.0
2026-01-29,0.005347666666666667,0.0,0.0,60702664607.0,2.041,-817800000.0
2026-01-30,0.0031739999999999997,0.0,0.0,61794385242.0,3.283,-509700000.0
2026-01-31,0.004561,46039559.20615052,734558114.2372919,59744987991.0,2.522,
2026-02-01,0.0022906666666666665,31753218.27634721,117179073.7248949,54737748074.0,2.74,
2026-02-02,-0.0020343333333333333,92857958.00413771,103662199.65275508,52813228343.0,2.566,561800000.0
2026-02-03,0.0017946666666666666,48595063.15328665,222464383.20676702,53175593220.0,2.297,-272000000.0
2026-02-04,0.006999666666666667,43901376.7910182,199770286.76217455,51315039651.0,2.848,-544900000.0
2026-02-05,0.0027203333333333333,130721644.20410094,1011441214.037838,49314318012.0,2.888,-434100000.0
2026-02-06,-0.007345,384454640.1879276,299327334.87665236,47345259519.0,2.588,371100000.0
2026-02-07,0.0005126666666666666,76636928.3909287,89483036.7997013,48848237753.0,1.851,
2026-02-08,0.0003153333333333333,174223021.01966682,32296374.81790983,47230149179.0,1.632,
2026-02-09,0.0012876666666666668,57718983.09581933,67914352.27511287,46642589994.0,1.689,144900000.0
2026-02-10,0.00024999999999999995,27175361.87661562,55076262.96334223,46694462034.0,1.614,166500000.0
2026-02-11,0.0005913333333333334,80020543.19860077,114629961.8873286,45354510816.0,1.874,-276300000.0
2026-02-12,0.005183333333333334,26860902.40136672,80499343.385979,45773859857.0,1.883,-410200000.0
2026-02-13,0.001998,109906324.33232176,11137631.29172924,45174651998.0,2.331,15100000.0
2026-02-14,0.0024293333333333333,48901124.21687989,13789839.04116804,46642469181.0,1.581,
2026-02-15,0.0034999999999999996,26638684.36155102,55152368.32737533,45472238079.0,1.685,
2026-02-16,0.0029,25241757.2753134,63819605.85704544,44090910866.0,1.852,
2026-02-17,0.0049243333333333335,21040664.85470575,51644861.03935578,43972174318.0,2.025,-104900000.0
2026-02-18,0.002866,17336213.58609905,61573418.32588665,44611045337.0,2.128,-133300000.0
2026-02-19,0.004242,19919851.48880732,27245144.9376921,44830811451.0,2.663,-165800000.0
2026-02-20,0.005071,48171251.00625186,24446219.9138153,45392250426.0,2.213,88100000.0
2026-02-21,0.003483333333333333,15244027.32883354,4225782.56615604,46159592695.0,2.012,
2026-02-22,0.005006333333333334,2174724.84828582,14528560.76352728,45802524874.0,1.763,
2026-02-23,0.0008889999999999997,34540406.48277244,250341560.95919308,45643172733.0,1.932,-203800000.0
2026-02-24,0.000782,33831004.8132494,94289217.22904596,44995258986.0,2.423,257700000.0
2026-02-25,0.0015296666666666668,268444383.80580664,42054004.38261359,44165220171.0,2.131,506600000.0
2026-02-26,0.002871,23744911.06235864,49474733.65305165,45699986055.0,1.487,254400000.0
2026-02-27,0.0006636666666666667,19870706.20769788,78070311.43932185,44897928842.0,1.818,-27500000.0
2026-02-28,-0.0019553333333333332,145881530.77842706,122524407.22850463,43998642616.0,2.329,
2026-03-01,0.0030889999999999997,54310326.97435218,126802678.3553138,43700664157.0,2.329,
2026-03-02,-7.26666666666667e-05,108412682.18977015,42855228.68593337,43036358700.0,1.74,458200000.0
2026-03-03,0.001472,58128423.18667008,86100155.16862611,45588363798.0,1.054,225200000.0
2026-03-04,0.0008253333333333333,274471905.3262613,40802498.54799319,43961251121.0,1.429,461900000.0
2026-03-05,0.001971333333333333,30111963.03006192,61791074.79227885,49659862127.0,0.805,-227900000.0
2026-03-06,0.00144,24582597.75333759,133412164.32065012,46780707247.0,1.167,-348900000.0
2026-03-07,0.000258,3752859.7591115,37262943.80425501,45019480864.0,1.829,
2026-03-08,-0.000297,25427423.5599549,120844848.18581025,43829702027.0,1.91,
2026-03-09,-0.002166333333333333,76416410.91560996,23010052.49183983,43065130173.0,2.139,167100000.0
2026-03-10,-0.0009043333333333334,86342609.89026451,38515140.77336208,44574942172.0,1.483,246900000.0
2026-03-11,-0.003816,36609246.23267132,23379319.36038399,46053309264.0,1.223,115200000.0
2026-03-12,-0.002548,25160127.67478431,30203422.05004388,46922958376.0,1.124,53800000.0
2026-03-13,0.0009113333333333333,138590781.41310927,71806140.84305634,47530730828.0,1.126,180400000.0
2026-03-14,-0.0020776666666666665,7230618.31006871,8273646.9554589,47258964162.0,1.107,
2026-03-15,-0.00014000000000000001,50276035.16662643,6474810.39618459,46592909521.0,1.297,
2026-03-16,0.0008219999999999999,123452348.86403543,40339389.07033691,47909778268.0,1.086,199400000.0
2026-03-17,-0.0008913333333333333,91992371.8759953,57509849.67499078,51301086365.0,0.85,199400000.0
2026-03-18,9.766666666666662e-05,12050234.33714147,146017569.88386342,50541812229.0,0.9,-163500000.0
2026-03-19,0.0018336666666666668,34643034.16126085,111581783.58316256,48553023278.0,1.389,-90200000.0
2026-03-20,0.0015613333333333332,30734852.77217257,42019254.79658696,47961391613.0,1.55,-52000000.0
2026-03-21,0.0003313333333333334,4651021.85194704,85900218.29242565,47314053314.0,1.537,
2026-03-22,-0.0024716666666666667,16534630.1516679,107124821.76196362,45729906681.0,1.567,
2026-03-23,0.000363,158418845.58897725,51168180.26090904,45720230476.0,1.792,167200000.0
2026-03-24,0.004232666666666667,24110419.52284508,47809309.09705477,47584123523.0,1.387,-66600000.0
2026-03-25,0.002824333333333333,51680208.90258448,14282939.72058648,48654036696.0,1.703,7800000.0
2026-03-26,0.003955,9388964.17384377,89506130.34631278,49983102158.0,1.341,-171300000.0
2026-03-27,0.00041933333333333335,13469197.08285799,171992045.66249257,49642052567.0,2.158,-225500000.0
2026-03-28,-0.0007499999999999999,23433680.52699014,12467486.84147764,49697322156.0,2.731,
2026-03-29,0.002093,15259607.74716524,88823746.17272662,48798724018.0,2.393,
2026-03-30,0.0017000000000000001,50318954.12770243,38594283.77340231,48285614765.0,2.139,69400000.0
2026-03-31,0.001915,96064408.25605494,44496150.51912817,49234184517.0,1.974,117500000.0
2026-04-01,0.0013393333333333332,40551014.27158971,17718135.55928951,48035880963.0,1.63,-173700000.0
2026-04-02,-0.000978,23771990.3393465,77676594.33122306,47637613602.0,1.539,9000000.0
2026-04-03,0.001184,8054629.7181339,8545018.97395518,46969223342.0,1.823,
2026-04-04,0.0013336666666666668,7805446.21357631,1010861.56901648,46400506727.0,1.734,
2026-04-05,0.0016603333333333333,76667622.06083894,8394085.94282664,46938988373.0,1.551,
2026-04-06,-0.0017590000000000001,92289401.91881308,42757342.3182133,48909002661.0,1.307,471400000.0
2026-04-07,0.003694,218021571.41149655,29138517.38434444,48603598688.0,1.135,-159100000.0
2026-04-08,0.0013713333333333331,51820912.42419443,27183805.58201493,51443272926.0,1.03,-93900000.0
2026-04-09,0.0006883333333333333,138871894.60457647,20196173.78107761,50811676499.0,0.957,358100000.0
2026-04-10,-0.003141333333333333,43429421.14376532,10349171.09986383,52592120368.0,0.883,256700000.0
2026-04-11,-0.003139333333333333,36932974.81595953,5556049.01494289,55047074256.0,0.725,
2026-04-12,0.0005806666666666667,7745823.231573,74614851.34296948,54822029047.0,0.742,
2026-04-13,-0.0031906666666666663,218498387.47664848,8150859.83602157,51389887905.0,1.168,-291000000.0
2026-04-14,-0.007285666666666667,95864939.83157654,37739576.67999384,56354492910.0,0.743,411400000.0
2026-04-15,-0.006471333333333333,49838468.55947857,20612882.61040338,56829006167.0,0.678,186100000.0
2026-04-16,-0.003051333333333333,54061808.44603726,68575672.3042833,56699385878.0,0.761,26100000.0
2026-04-17,-0.007514333333333334,344151319.097518,37096878.08464125,56636749733.0,0.739,663900000.0
2026-04-18,-0.005279333333333334,6893232.45219849,46864823.83336433,61692410495.0,0.601,
2026-04-19,-0.0027396666666666667,17156512.97698455,105643214.34383853,56601500925.0,0.795,
2026-04-20,-0.004631666666666667,82847250.58940779,13589333.5283377,54406242001.0,0.993,238400000.0
2026-04-21,-0.00371,67266254.20721485,43021344.88566151,56551125280.0,0.817,11800000.0
2026-04-22,-0.007120333333333333,187938966.75387087,13975113.67646268,56488640687.0,0.861,335800000.0
2026-04-23,-0.005102333333333333,26271156.4848437,44711182.47913456,62271470601.0,0.512,223300000.0
2026-04-24,-0.001296,13210030.95959445,20431808.4212604,59630136334.0,0.668,14400000.0
2026-04-25,-0.0013576666666666667,3154552.05759153,5740075.88309957,56949288728.0,0.766,
2026-04-26,-0.0015850000000000003,40569384.02760745,4496441.84977908,55982052959.0,0.804,
2026-04-27,-0.001626,33596659.78114106,109741741.19814047,57213274047.0,0.737,-263200000.0
2026-04-28,0.00042233333333333353,6704976.76451571,40336158.80421926,57136271631.0,0.918,-89700000.0
2026-04-29,-0.0015723333333333336,51442000.1427365,105081138.44224623,54996423536.0,0.946,-137600000.0
2026-04-30,-0.002486,3761666.41495812,6790602.47708589,54262876798.0,1.027,
